id,2015,2016,2017,2018,2019,2020,2021,2022,2023,2024
1,E,E,E,E,E,E,E,E,E,E
3,E,E,E,E,E,E,E,E,E,E
4,E,E,E,E,E,E,E,E,E,E
5,E,E,E,E,E,E,E,E,E,E
6,J,J,J,J,J,J,J,J,J,J
7,E,E,E,E,E,E,E,E,E,E
8,E,E,E,E,E,E,E,E,E,E
9,I,I,I,O,O,O,O,O,O,O
10,E,E,E,E,E,E,E,E,E,E
11,E,E,E,E,E,E,E,E,E,E
12,E,E,O,O,O,O,O,O,O,O
13,E,E,E,E,E,E,E,E,E,E
14,E,E,E,E,E,E,E,E,E,E
15,E,E,E,E,E,E,E,E,E,E
16,E,E,E,E,E,E,E,E,E,E
17,E,E,E,E,E,E,E,E,E,E
18,E,E,E,E,E,E,E,E,E,E
19,E,E,E,E,E,E,E,E,E,E
20,E,E,E,E,E,E,E,E,E,E
21,E,E,E,E,E,E,E,E,E,E
22,C,C,C,C,C,C,C,C,C,C
23,C,C,C,C,C,C,C,C,C,C
24,C,C,C,C,C,C,C,C,C,C
25,C,C,C,C,C,C,C,C,C,C
26,C,C,C,C,C,C,C,C,C,C
27,C,C,C,C,C,C,C,C,C,C
28,C,C,C,C,C,C,C,C,C,C
29,C,C,C,C,C,C,C,C,C,C
30,C,C,C,C,C,C,C,C,C,C
31,C,C,C,C,C,C,C,C,C,C
32,C,C,C,C,C,C,C,C,C,C
33,C,C,C,C,C,C,C,C,C,C
34,C,C,C,C,C,C,C,C,C,C
35,E,E,E,E,E,E,E,E,E,E
36,C,C,C,C,C,C,C,C,C,C
37,C,C,C,C,C,C,C,C,C,C
38,E,E,E,E,E,E,E,E,E,E
39,E,E,E,E,E,E,E,E,E,E
40,E,E,E,E,E,E,E,E,E,E
41,E,E,E,E,E,E,E,E,E,E
42,E,E,E,E,E,E,E,E,E,E
43,E,E,E,E,E,E,E,E,E,E
44,E,E,E,E,E,E,E,E,E,E
45,E,E,E,E,E,E,E,E,E,E
46,E,E,E,E,E,E,E,E,E,E
47,E,E,E,E,E,E,E,E,E,E
48,E,E,E,E,E,E,E,E,E,E
49,E,E,E,E,E,E,E,E,E,E
50,C,C,C,C,C,C,C,C,C,C
51,C,C,C,C,C,C,C,C,C,C
52,C,C,C,C,C,C,C,C,C,C
53,E,E,E,E,E,E,E,E,E,E
54,E,E,E,E,E,E,E,E,E,E
55,E,E,E,E,E,E,E,E,E,E
56,E,E,E,E,E,E,E,E,E,E
57,E,E,E,E,E,E,E,E,E,E
58,E,E,E,E,E,E,E,E,E,E
59,E,E,E,E,E,E,E,E,E,E
60,E,E,E,E,E,E,E,E,E,E
61,E,E,E,E,E,E,E,E,E,E
62,E,E,E,E,E,E,E,E,E,E
63,E,E,E,E,E,E,E,E,E,E
64,E,E,E,E,E,E,E,E,E,E
65,E,E,E,E,E,E,E,E,E,E
66,E,E,E,E,E,E,E,E,E,E
67,E,E,E,E,E,E,E,E,E,E
68,E,E,E,E,E,E,E,E,E,E
69,C,C,C,C,C,C,C,C,C,C
70,C,C,C,C,C,C,C,C,C,C
71,C,C,C,C,C,C,C,C,C,C
72,C,C,C,C,C,C,C,C,C,C
73,C,C,C,C,C,C,C,C,C,C
74,C,C,C,C,C,C,C,C,C,C
75,C,C,C,C,C,C,C,C,C,C
76,C,C,C,C,C,C,C,C,C,C
77,C,C,C,C,C,C,C,C,C,C
78,C,C,C,C,C,C,C,C,C,C
79,C,C,C,C,C,C,C,C,C,C
80,C,C,C,C,C,C,C,C,C,C
81,I,I,I,O,O,O,O,O,O,O
82,E,E,E,E,E,E,E,E,E,E
83,C,C,C,C,C,C,C,C,C,C
84,C,C,C,C,C,C,C,C,C,C
85,C,C,C,C,C,C,C,C,C,C
86,E,E,E,E,E,E,E,E,E,E
87,E,E,E,E,E,E,E,E,E,E
88,C,C,C,C,C,C,C,C,C,C
89,C,C,C,C,C,C,C,C,C,C
90,E,E,E,E,E,E,E,E,E,E
91,E,E,E,E,E,E,E,E,E,E
92,E,E,E,E,E,E,E,E,E,E
93,E,E,E,E,E,E,E,E,E,E
94,D,D,D,D,D,D,D,D,D,D
95,D,D,D,D,D,D,D,D,D,D
96,D,D,D,D,D,D,D,D,D,D
97,I,I,I,I,I,I,I,I,I,I
98,D,D,D,D,D,D,D,D,D,D
99,D,D,D,D,D,D,D,D,D,D
100,D,D,D,D,D,D,D,D,D,D
101,D,D,D,D,D,D,D,D,D,D
102,D,D,D,D,D,D,D,D,D,D
103,I,I,I,I,I,I,I,I,I,I
104,D,D,D,D,D,D,D,D,D,D
105,D,D,D,D,D,D,D,D,D,D
106,D,D,D,D,D,D,D,D,D,D
107,D,D,D,D,D,D,D,D,D,D
108,D,D,D,D,D,D,D,D,D,D
109,E,E,E,E,E,E,E,E,E,E
110,E,E,E,E,E,E,E,E,E,E
111,E,E,E,E,E,E,E,E,E,E
112,E,E,E,E,E,E,E,E,E,E
113,D,D,D,D,D,D,D,D,D,D
114,E,E,E,E,E,E,E,E,E,E
115,C,C,C,C,C,C,C,C,C,C
116,I,I,I,I,I,I,I,I,I,I
117,C,C,C,C,C,C,C,C,C,C
118,I,I,I,I,I,I,I,I,I,I
119,C,C,C,C,C,C,C,C,C,C
120,D,D,D,D,D,D,D,D,D,D
121,D,D,D,D,D,D,D,D,D,D
122,B,B,B,B,B,B,B,B,B,B
123,B,B,B,B,B,B,B,B,B,B
124,B,B,B,B,B,B,B,B,B,B
125,B,B,B,B,B,B,B,B,B,B
126,D,D,D,D,D,D,D,D,D,D
127,E,E,E,E,E,E,E,E,E,E
128,B,B,B,B,B,B,B,B,B,B
129,I,I,I,I,I,I,I,I,I,I
130,D,D,D,D,D,D,D,D,D,D
131,D,D,D,D,D,D,D,D,D,D
132,D,D,D,D,D,D,D,D,D,D
133,D,D,D,D,D,D,D,D,D,D
134,D,D,D,D,D,D,D,D,D,D
135,E,E,E,E,E,E,E,E,E,E
136,D,D,D,D,D,D,D,D,D,D
137,B,B,B,B,B,B,B,B,B,B
138,D,D,D,D,D,D,D,D,D,D
139,E,E,E,E,E,E,E,E,E,E
140,E,E,E,E,E,E,E,E,E,E
141,E,E,E,E,E,E,E,E,E,E
142,E,E,E,E,E,E,E,E,E,E
143,E,E,E,E,E,E,E,E,E,E
144,E,E,E,E,E,E,E,E,E,E
146,C,C,C,C,C,C,C,C,C,C
148,C,C,C,C,C,C,C,C,C,C
151,I,I,I,I,I,I,I,I,I,I
153,J,J,J,J,J,J,J,J,J,J
154,J,J,J,J,J,J,J,J,J,J
155,J,J,J,J,J,J,J,J,J,J
156,C,C,C,C,C,C,C,C,C,C
157,E,E,E,E,E,E,E,E,E,E
158,C,C,C,C,C,C,C,C,C,C
159,C,C,C,C,C,C,C,C,C,C
160,C,C,C,C,C,C,C,C,C,C
161,C,C,C,C,C,C,C,C,C,C
162,J,J,J,J,J,J,J,J,J,J
163,J,J,J,J,J,J,J,J,J,J
164,E,E,E,E,E,E,E,E,E,E
168,E,E,E,E,E,E,E,E,E,E
169,C,C,C,C,C,C,C,C,C,C
170,C,C,C,C,C,C,C,C,C,C
172,L,L,L,H,H,H,H,H,H,H
173,E,E,E,E,E,E,E,E,E,E
174,I,I,I,O,E,E,E,E,E,E
175,E,E,E,E,E,E,E,E,E,E
176,E,E,E,E,E,E,E,E,E,E
177,D,D,D,D,D,D,D,D,D,D
178,D,D,D,D,D,D,D,D,D,D
179,E,E,E,E,E,E,E,E,E,E
180,E,E,E,E,E,E,E,E,E,E
181,E,E,E,E,E,E,E,E,E,E
182,O,O,O,O,O,O,O,O,O,O
183,E,E,E,E,E,E,E,E,E,E
185,I,I,I,I,I,I,I,I,I,I
186,I,I,I,O,O,O,O,O,O,O
187,I,I,I,O,O,O,O,O,O,O
188,E,E,E,E,E,E,E,E,E,E
189,E,E,E,E,E,E,E,E,E,E
190,O,O,O,O,O,O,O,O,O,O
191,L,L,L,L,L,L,L,L,L,L
192,H,H,H,H,H,H,H,H,H,H
193,L,L,L,L,L,L,L,L,L,L
194,I,I,I,O,O,O,O,O,O,O
196,I,I,I,O,O,O,O,O,O,O
197,O,O,O,O,O,O,O,O,O,O
198,I,I,I,O,O,O,O,O,O,O
199,I,I,I,O,O,O,O,O,O,O
200,O,O,O,O,O,O,O,O,O,O
201,I,I,I,O,O,O,O,O,O,O
202,E,E,E,E,E,E,E,E,E,E
203,E,E,E,E,E,E,E,E,E,E
204,E,E,E,E,E,E,E,E,E,E
205,I,I,I,O,O,O,O,O,O,O
206,E,E,E,E,E,E,E,E,E,E
207,I,I,I,O,O,O,O,O,O,O
210,E,E,E,E,E,E,E,E,E,E
211,I,I,I,O,O,O,O,O,O,O
212,I,I,I,O,O,O,O,O,O,O
214,C,C,C,C,C,C,C,C,C,C
215,E,E,E,E,E,E,E,E,E,E
216,E,E,E,E,E,E,E,E,E,E
217,E,E,E,E,E,E,E,E,E,E
218,E,E,E,E,E,E,E,E,E,E
219,E,E,E,E,E,E,E,E,E,E
220,I,I,I,I,I,I,I,I,I,I
221,E,E,E,E,E,E,E,E,E,E
222,E,E,E,E,E,E,E,E,E,E
223,E,E,E,E,E,E,E,E,E,E
224,E,E,E,E,E,E,E,E,E,E
225,E,E,E,E,E,E,E,E,E,E
226,E,E,E,E,E,E,E,E,E,E
227,E,E,E,E,E,E,E,E,E,E
230,C,C,C,C,C,C,C,C,C,C
234,C,C,C,C,C,C,C,C,C,C
235,C,C,C,C,C,C,C,C,C,C
236,C,C,C,C,C,C,C,C,C,C
238,E,E,E,E,E,E,E,E,E,E
239,E,E,E,E,E,E,E,E,E,E
240,E,E,E,E,E,E,E,E,E,E
244,E,E,E,E,E,E,E,E,E,E
246,E,E,E,E,E,E,E,E,E,E
247,E,E,E,E,E,E,E,E,E,E
248,E,E,E,E,E,E,E,E,E,E
249,E,E,E,E,E,E,E,E,E,E
250,E,E,E,E,E,E,E,E,E,E
251,E,E,E,E,E,E,E,E,E,E
252,C,C,C,C,C,C,C,C,C,C
253,C,C,C,C,C,C,C,C,C,C
254,C,C,C,C,C,C,C,C,C,C
255,C,C,C,C,C,C,C,C,C,C
256,C,C,C,C,C,C,C,C,C,C
257,C,C,C,C,C,C,C,C,C,C
258,C,C,C,C,C,C,C,C,C,C
259,C,C,C,C,C,C,C,C,C,C
260,C,C,C,C,C,C,C,C,C,C
261,C,C,C,C,C,C,C,C,C,C
262,C,C,C,C,C,C,C,C,C,C
263,C,C,C,C,C,C,C,C,C,C
264,C,C,C,C,C,C,C,C,C,C
265,C,C,C,C,C,C,C,C,C,C
266,C,C,C,C,C,C,C,C,C,C
267,C,C,C,C,C,C,C,C,C,C
268,C,C,C,C,C,C,C,C,C,C
269,C,C,C,C,C,C,C,C,C,C
270,C,C,C,C,C,C,C,C,C,C
271,C,C,C,C,C,C,C,C,C,C
272,C,C,C,C,C,C,C,C,C,C
273,C,C,C,C,C,C,C,C,C,C
274,E,E,E,E,E,E,E,E,E,E
275,C,C,E,E,E,E,E,E,E,E
276,E,E,E,E,E,E,E,E,E,E
277,E,E,E,E,E,E,E,E,E,E
278,E,E,E,E,E,E,E,E,E,E
285,E,E,E,E,E,E,E,E,E,E
286,E,E,E,E,E,E,E,E,E,E
287,E,E,E,E,E,E,E,E,E,E
288,E,E,E,E,E,E,E,E,E,E
291,E,E,E,E,E,E,E,E,E,E
292,E,E,E,E,E,E,E,E,E,E
293,E,E,E,E,E,E,E,E,E,E
294,E,E,E,E,E,E,E,E,E,E
296,E,E,E,E,E,E,E,E,E,E
297,E,E,E,E,E,E,E,E,E,E
298,E,E,E,E,O,O,O,O,O,O
299,E,E,E,E,E,E,E,E,E,E
300,E,E,E,E,E,E,E,E,E,E
301,E,E,E,E,E,E,E,E,E,E
302,E,E,E,E,E,E,E,E,E,E
303,E,E,E,E,E,E,E,E,E,E
304,E,E,E,E,E,E,E,E,E,E
305,E,E,E,E,E,E,E,E,E,E
306,J,J,J,J,J,J,J,J,J,J
307,J,J,J,J,J,J,J,J,J,J
308,I,I,I,I,I,I,I,I,I,I
309,J,J,J,J,J,J,J,J,J,J
310,J,J,J,J,J,J,J,J,J,J
311,C,C,C,C,C,C,C,C,C,C
312,C,C,C,C,C,C,C,C,C,C
313,J,J,J,J,J,J,J,J,J,J
314,E,E,E,E,E,E,E,E,E,E
315,J,J,J,J,J,J,J,J,J,J
316,I,I,I,I,I,I,I,I,I,I
317,E,E,E,E,E,E,E,E,E,E
318,J,J,J,J,J,J,J,J,J,J
319,J,J,J,J,J,J,J,J,J,J
320,C,C,C,C,C,C,C,C,C,C
321,C,C,C,C,C,C,C,C,C,C
322,C,C,C,C,C,C,C,C,C,C
323,D,D,D,D,D,D,D,D,D,D
324,C,C,C,C,C,C,C,C,C,C
325,O,O,O,O,O,O,O,O,O,O
326,E,E,E,E,E,E,E,E,E,E
327,C,C,C,C,C,C,C,C,C,C
328,C,C,C,C,C,C,C,C,C,C
329,C,C,C,C,C,C,C,C,C,C
330,C,C,C,C,C,C,C,C,C,C
331,C,C,C,C,C,C,C,C,C,C
332,J,J,J,J,J,J,J,J,J,J
333,A,A,A,A,A,A,A,A,A,A
334,J,J,J,J,J,J,J,J,J,J
335,C,C,C,C,C,C,C,C,C,C
336,C,C,C,C,C,C,C,C,C,C
337,D,D,D,D,D,D,D,D,D,D
338,E,E,E,E,E,E,E,E,E,E
339,E,E,E,E,E,E,E,E,E,E
340,D,D,D,D,D,D,D,D,D,D
341,I,I,I,I,I,I,I,I,I,I
342,D,D,D,D,D,D,D,D,D,D
343,D,D,D,D,D,D,D,D,D,D
344,D,D,D,D,D,D,D,D,D,D
345,D,D,D,D,D,D,D,D,D,D
347,E,E,E,E,E,E,E,E,E,E
348,E,E,E,E,E,E,E,E,E,E
349,A,A,A,A,A,A,A,A,A,A
350,A,A,A,A,A,A,A,A,A,A
351,A,A,A,A,A,A,A,A,A,A
352,A,A,A,A,A,A,A,A,A,A
353,A,A,A,A,A,A,A,A,A,A
354,A,A,A,A,A,A,A,A,A,A
355,A,A,A,A,A,A,A,A,A,A
356,A,A,A,A,A,A,A,A,A,A
357,A,A,A,A,A,A,A,A,A,A
358,A,A,A,A,A,A,A,A,A,A
359,A,A,A,A,A,A,A,A,A,A
360,A,A,A,A,A,A,A,A,A,A
361,A,A,A,A,A,A,A,A,A,A
362,A,A,A,A,A,A,A,A,A,A
363,A,A,A,A,A,A,A,A,A,A
364,A,A,A,A,A,A,A,A,A,A
365,A,A,A,A,A,A,A,A,A,A
366,A,A,A,A,A,A,A,A,A,A
367,A,A,A,A,A,A,A,A,A,A
368,A,A,A,A,A,A,A,A,A,A
369,A,A,A,A,A,A,A,A,A,A
370,A,A,A,A,A,A,A,A,A,A
371,A,A,A,A,A,A,A,A,A,A
372,A,A,A,A,A,A,A,A,A,A
373,A,A,A,A,A,A,A,A,A,A
374,A,A,A,A,A,A,A,A,A,A
375,A,A,A,A,A,A,A,A,A,A
376,A,A,A,A,A,A,A,A,A,A
377,A,A,A,A,A,A,A,A,A,A
378,A,A,A,A,A,A,A,A,A,A
379,A,A,A,A,A,A,A,A,A,A
380,A,A,A,A,A,A,A,A,A,A
381,A,A,A,A,A,A,A,A,A,A
382,A,A,A,A,A,A,A,A,A,A
383,A,A,A,A,A,A,A,A,A,A
384,A,A,A,A,A,A,A,A,A,A
385,A,A,A,A,A,A,A,A,A,A
386,A,A,A,A,A,A,A,A,A,A
387,A,A,A,A,A,A,A,A,A,A
388,A,A,A,A,A,A,A,A,A,A
389,A,A,A,A,A,A,A,A,A,A
390,A,A,A,A,A,A,A,A,A,A
391,A,A,A,A,A,A,A,A,A,A
392,A,A,A,A,A,A,A,A,A,A
393,A,A,A,A,A,A,A,A,A,A
394,A,A,A,A,A,A,A,A,A,A
395,A,A,A,A,A,A,A,A,A,A
396,A,A,A,A,A,A,A,A,A,A
397,A,A,A,A,A,A,A,A,A,A
398,A,A,A,A,A,A,A,A,A,A
399,A,A,A,A,A,A,A,A,A,A
400,A,A,A,A,A,A,A,A,A,A
401,A,A,A,A,A,A,A,A,A,A
403,A,A,A,A,A,A,A,A,A,A
404,A,A,A,A,A,A,A,A,A,A
405,A,A,A,A,A,A,A,A,A,A
406,A,A,A,A,A,A,A,A,A,A
407,A,A,A,A,A,A,A,A,A,A
408,A,A,A,A,A,A,A,A,A,A
409,A,A,A,A,A,A,A,A,A,A
410,A,A,A,A,A,A,A,A,A,A
411,A,A,A,A,A,A,A,A,A,A
412,A,A,A,A,A,A,A,A,A,A
413,A,A,A,A,A,A,A,A,A,A
414,A,A,A,A,A,A,A,A,A,A
415,L,L,L,L,L,L,L,L,L,L
416,A,A,A,A,A,A,A,A,A,A
417,L,L,L,L,L,L,L,L,L,L
418,A,A,A,A,A,A,A,A,A,A
419,A,A,A,A,A,A,A,A,A,A
420,A,A,A,A,A,A,A,A,A,A
421,A,A,A,A,A,A,A,A,A,A
422,A,A,A,A,A,A,A,A,A,A
423,A,A,A,A,A,A,A,A,A,A
424,A,A,A,A,A,A,A,A,A,A
425,A,A,A,A,A,A,A,A,A,A
426,A,A,A,A,A,A,A,A,A,A
427,A,A,A,A,A,A,A,A,A,A
428,A,A,A,A,A,A,A,A,A,A
429,A,A,A,A,A,A,A,A,A,A
430,A,A,A,A,A,A,A,A,A,A
431,A,A,A,A,A,A,A,A,A,A
432,A,A,A,A,A,A,A,A,A,A
433,A,A,A,A,A,A,A,A,A,A
434,A,A,A,A,A,A,A,A,A,A
435,A,A,A,A,A,A,A,A,A,A
436,A,A,A,A,A,A,A,A,A,A
437,A,A,A,A,A,A,A,A,A,A
438,A,A,A,A,A,A,A,A,A,A
439,A,A,A,A,A,A,A,A,A,A
440,A,A,A,A,A,A,A,A,A,A
441,A,A,A,A,A,A,A,A,A,A
442,A,A,A,A,A,A,A,A,A,A
443,A,A,A,A,A,A,A,A,A,A
444,A,A,A,A,A,A,A,A,A,A
445,A,A,A,A,A,A,A,A,A,A
446,A,A,A,A,A,A,A,A,A,A
447,A,A,A,A,A,A,A,A,A,A
448,A,A,A,A,A,A,A,A,A,A
449,A,A,A,A,A,A,A,A,A,A
450,A,A,A,A,A,A,A,A,A,A
451,A,A,A,A,A,A,A,A,A,A
452,A,A,A,A,A,A,A,A,A,A
453,A,A,A,A,A,A,A,A,A,A
454,A,A,A,A,A,A,A,A,A,A
455,A,A,A,A,A,A,A,A,A,A
456,A,A,A,A,A,A,A,A,A,A
457,A,A,A,A,A,A,A,A,A,A
458,A,A,A,A,A,A,A,A,A,A
459,A,A,A,A,A,A,A,A,A,A
460,A,A,A,A,A,A,A,A,A,A
461,A,A,A,A,A,A,A,A,A,A
462,A,A,A,A,A,A,A,A,A,A
463,A,A,A,A,A,A,A,A,A,A
464,A,A,A,A,A,A,A,A,A,A
465,A,A,A,A,A,A,A,A,A,A
466,A,A,A,A,A,A,A,A,A,A
467,A,A,A,A,A,A,A,A,A,A
468,A,A,A,A,A,A,A,A,A,A
469,A,A,A,A,A,A,A,A,A,A
470,A,A,A,A,A,A,A,A,A,A
471,A,A,A,A,A,A,A,A,A,A
472,A,A,A,A,A,A,A,A,A,A
473,A,A,A,A,A,A,A,A,A,A
474,A,A,A,A,A,A,A,A,A,A
475,A,A,A,A,A,A,A,A,A,A
476,A,A,A,A,A,A,A,A,A,A
477,A,A,A,A,A,A,A,A,A,A
478,A,A,A,A,A,A,A,A,A,A
479,A,A,A,A,A,A,A,A,A,A
480,A,A,A,A,A,A,A,A,A,A
481,A,A,A,A,A,A,A,A,A,A
482,A,A,A,A,A,A,A,A,A,A
483,A,A,A,A,A,A,A,A,A,A
484,A,A,A,A,A,A,A,A,A,A
485,A,A,A,A,A,A,A,A,A,A
486,A,A,A,A,A,A,A,A,A,A
487,A,A,A,A,A,A,A,A,A,A
488,A,A,A,A,A,A,A,A,A,A
489,A,A,A,A,A,A,A,A,A,A
490,A,A,A,A,A,A,A,A,A,A
491,A,A,A,A,A,A,A,A,A,A
492,A,A,A,A,A,A,A,A,A,A
493,A,A,A,A,A,A,A,A,A,A
494,A,A,A,A,A,A,A,A,A,A
495,A,A,A,A,A,A,A,A,A,A
496,A,A,A,A,A,A,A,A,A,A
497,A,A,A,A,A,A,A,A,A,A
498,A,A,A,A,A,A,A,A,A,A
499,A,A,A,A,A,A,A,A,A,A
500,A,A,A,A,A,A,A,A,A,A
501,A,A,A,A,A,A,A,A,A,A
502,A,A,A,A,A,A,A,A,A,A
503,A,A,A,A,A,A,A,A,A,A
504,A,A,A,A,A,A,A,A,A,A
505,A,A,A,A,A,A,A,A,A,A
506,A,A,A,A,A,A,A,A,A,A
507,A,A,A,A,A,A,A,A,A,A
508,A,A,A,A,A,A,A,A,A,A
509,A,A,A,A,A,A,A,A,A,A
510,A,A,A,A,A,A,A,A,A,A
511,A,A,A,A,A,A,A,A,A,A
512,A,A,A,A,A,A,A,A,A,A
513,A,A,A,A,A,A,A,A,A,A
514,A,A,A,A,A,A,A,A,A,A
515,A,A,A,A,A,A,A,A,A,A
516,A,A,A,A,A,A,A,A,A,A
517,A,A,A,A,A,A,A,A,A,A
518,A,A,A,A,A,A,A,A,A,A
519,A,A,A,A,A,A,A,A,A,A
520,A,A,A,A,A,A,A,A,A,A
521,A,A,A,A,A,A,A,A,A,A
522,A,A,A,A,A,A,A,A,A,A
523,A,A,A,A,A,A,A,A,A,A
524,A,A,A,A,A,A,A,A,A,A
525,A,A,A,A,A,A,A,A,A,A
526,A,A,A,A,A,A,A,A,A,A
527,A,A,A,A,A,A,A,A,A,A
528,A,A,A,A,A,A,A,A,A,A
529,A,A,A,A,A,A,A,A,A,A
530,A,A,A,A,A,A,A,A,A,A
531,A,A,A,A,A,A,A,A,A,A
532,A,A,A,A,A,A,A,A,A,A
533,A,A,A,A,A,A,A,A,A,A
534,A,A,A,A,A,A,A,A,A,A
535,A,A,A,A,A,A,A,A,A,A
536,A,A,A,A,A,A,A,A,A,A
537,A,A,A,A,A,A,A,A,A,A
538,A,A,A,A,A,A,A,A,A,A
539,A,A,A,A,A,A,A,A,A,A
540,A,A,A,A,A,A,A,A,A,A
541,A,A,A,A,A,A,A,A,A,A
542,A,A,A,A,A,A,A,A,A,A
543,A,A,A,A,A,A,A,A,A,A
544,A,A,A,A,A,A,A,A,A,A
545,A,A,A,A,A,A,A,A,A,A
546,A,A,A,A,A,A,A,A,A,A
547,A,A,A,A,A,A,A,A,A,A
548,A,A,A,A,A,A,A,A,A,A
549,A,A,A,A,A,A,A,A,A,A
550,A,A,A,A,A,A,A,A,A,A
551,A,A,A,A,A,A,A,A,A,A
552,A,A,A,A,A,A,A,A,A,A
553,A,A,A,A,A,A,A,A,A,A
554,A,A,A,A,A,A,A,A,A,A
555,A,A,A,A,A,A,A,A,A,A
556,A,A,A,A,A,A,A,A,A,A
557,A,A,A,A,A,A,A,A,A,A
558,A,A,A,A,A,A,A,A,A,A
559,A,A,A,A,A,A,A,A,A,A
560,A,A,A,A,A,A,A,A,A,A
561,A,A,A,A,A,A,A,A,A,A
562,A,A,A,A,A,A,A,A,A,A
563,A,A,A,A,A,A,A,A,A,A
564,A,A,A,A,A,A,A,A,A,A
565,A,A,A,A,A,A,A,A,A,A
566,A,A,A,A,A,A,A,A,A,A
567,A,A,A,A,A,A,A,A,A,A
568,A,A,A,A,A,A,A,A,A,A
569,A,A,A,A,A,A,A,A,A,A
570,A,A,A,A,A,A,A,A,A,A
571,A,A,A,A,A,A,A,A,A,A
572,A,A,A,A,A,A,A,A,A,A
573,A,A,A,A,A,A,A,A,A,A
574,A,A,A,A,A,A,A,A,A,A
575,A,A,A,A,A,A,A,A,A,A
576,A,A,A,A,A,A,A,A,A,A
577,A,A,A,A,A,A,A,A,A,A
578,A,A,A,A,A,A,A,A,A,A
579,A,A,A,A,A,A,A,A,A,A
580,A,A,A,A,A,A,A,A,A,A
581,A,A,A,A,A,A,A,A,A,A
582,A,A,A,A,A,A,A,A,A,A
583,A,A,A,A,A,A,A,A,A,A
584,A,A,A,A,A,A,A,A,A,A
585,A,A,A,A,A,A,A,A,A,A
586,A,A,A,A,A,A,A,A,A,A
587,A,A,A,A,A,A,A,A,A,A
588,A,A,A,A,A,A,A,A,A,A
589,A,A,A,A,A,A,A,A,A,A
590,A,A,A,A,A,A,A,A,A,A
591,A,A,A,A,A,A,A,A,A,A
592,A,A,A,A,A,A,A,A,A,A
593,A,A,A,A,A,A,A,A,A,A
594,A,A,A,A,A,A,A,A,A,A
595,A,A,A,A,A,A,A,A,A,A
596,A,A,A,A,A,A,A,A,A,A
597,A,A,A,A,A,A,A,A,A,A
598,A,A,A,A,A,A,A,A,A,A
599,A,A,A,A,A,A,A,A,A,A
600,A,A,A,A,A,A,A,A,A,A
601,A,A,A,A,A,A,A,A,A,A
602,A,A,A,A,A,A,A,A,A,A
603,A,A,A,A,A,A,A,A,A,A
604,A,A,A,A,A,A,A,A,A,A
605,A,A,A,A,A,A,A,A,A,A
606,A,A,A,A,A,A,A,A,A,A
607,A,A,A,A,A,A,A,A,A,A
608,A,A,A,A,A,A,A,A,A,A
609,A,A,A,A,A,A,A,A,A,A
610,A,A,A,A,A,A,A,A,A,A
611,A,A,A,A,A,A,A,A,A,A
612,A,A,A,A,A,A,A,A,A,A
613,A,A,A,A,A,A,A,A,A,A
614,A,A,A,A,A,A,A,A,A,A
615,A,A,A,A,A,A,A,A,A,A
616,A,A,A,A,A,A,A,A,A,A
617,A,A,A,A,A,A,A,A,A,A
618,A,A,A,A,A,A,A,A,A,A
619,A,A,A,A,A,A,A,A,A,A
620,A,A,A,A,A,A,A,A,A,A
621,A,A,A,A,A,A,A,A,A,A
622,A,A,A,A,A,A,A,A,A,A
623,A,A,A,A,A,A,A,A,A,A
624,A,A,A,A,A,A,A,A,A,A
625,A,A,A,A,A,A,A,A,A,A
626,A,A,A,A,A,A,A,A,A,A
627,A,A,A,A,A,A,A,A,A,A
628,A,A,A,A,A,A,A,A,A,A
629,A,A,A,A,A,A,A,A,A,A
630,A,A,A,A,A,A,A,A,A,A
631,A,A,A,A,A,A,A,A,A,A
632,A,A,A,A,A,A,A,A,A,A
633,A,A,A,A,A,A,A,A,A,A
634,A,A,A,A,A,A,A,A,A,A
635,A,A,A,A,A,A,A,A,A,A
636,A,A,A,A,A,A,A,A,A,A
637,A,A,A,A,A,A,A,A,A,A
638,A,A,A,A,A,A,A,A,A,A
639,A,A,A,A,A,A,A,A,A,A
640,A,A,A,A,A,A,A,A,A,A
641,A,A,A,A,A,A,A,A,A,A
642,A,A,A,A,A,A,A,A,A,A
643,A,A,A,A,A,A,A,A,A,A
644,A,A,A,A,A,A,A,A,A,A
645,A,A,A,A,A,A,A,A,A,A
646,A,A,A,A,A,A,A,A,A,A
647,A,A,A,A,A,A,A,A,A,A
648,A,A,A,A,A,A,A,A,A,A
649,A,A,A,A,A,A,A,A,A,A
650,A,A,A,A,A,A,A,A,A,A
651,A,A,A,A,A,A,A,A,A,A
652,L,L,L,L,L,L,L,L,L,L
653,A,A,A,A,A,A,A,A,A,A
654,A,A,A,A,A,A,A,A,A,A
655,A,A,A,A,A,A,A,A,A,A
656,A,A,A,A,A,A,A,A,A,A
657,A,A,A,A,A,A,A,A,A,A
658,A,A,A,A,A,A,A,A,A,A
659,A,A,A,A,A,A,A,A,A,A
660,A,A,A,A,A,A,A,A,A,A
661,A,A,A,A,A,A,A,A,A,A
662,A,A,A,A,A,A,A,A,A,A
663,A,A,A,A,A,A,A,A,A,A
664,A,A,A,A,A,A,A,A,A,A
665,A,A,A,A,A,A,A,A,A,A
666,A,A,A,A,A,A,A,A,A,A
667,A,A,A,A,A,A,A,A,A,A
668,A,A,A,A,A,A,A,A,A,A
669,A,A,A,A,A,A,A,A,A,A
670,A,A,A,A,A,A,A,A,A,A
671,A,A,A,A,A,A,A,A,A,A
672,A,A,A,A,A,A,A,A,A,A
673,A,A,A,A,A,A,A,A,A,A
674,A,A,A,A,A,A,A,A,A,A
675,A,A,A,A,A,A,A,A,A,A
676,A,A,A,A,A,A,A,A,A,A
677,A,A,A,A,A,A,A,A,A,A
678,A,A,A,A,A,A,A,A,A,A
679,A,A,A,A,A,A,A,A,A,A
680,A,A,A,A,A,A,A,A,A,A
681,A,A,A,A,A,A,A,A,A,A
682,A,A,A,A,A,A,A,A,A,A
683,A,A,A,A,A,A,A,A,A,A
684,A,A,A,A,A,A,A,A,A,A
685,A,A,A,A,A,A,A,A,A,A
686,A,A,A,A,A,A,A,A,A,A
687,A,A,A,A,A,A,A,A,A,A
688,A,A,A,A,A,A,A,A,A,A
689,A,A,A,A,A,A,A,A,A,A
690,A,A,A,A,A,A,A,A,A,A
691,A,A,A,A,A,A,A,A,A,A
692,A,A,A,A,A,A,A,A,A,A
693,A,A,A,A,A,A,A,A,A,A
694,A,A,A,A,A,A,A,A,A,A
695,A,A,A,A,A,A,A,A,A,A
696,A,A,A,A,A,A,A,A,A,A
697,A,A,A,A,A,A,A,A,A,A
698,A,A,A,A,A,A,A,A,A,A
699,A,A,A,A,A,A,A,A,A,A
700,A,A,A,A,A,A,A,A,A,A
701,A,A,A,A,A,A,A,A,A,A
702,A,A,A,A,A,A,A,A,A,A
703,A,A,A,A,A,A,A,A,A,A
704,A,A,A,A,A,A,A,A,A,A
705,A,A,A,A,A,A,A,A,A,A
706,A,A,A,A,A,A,A,A,A,A
707,A,A,A,A,A,A,A,A,A,A
708,A,A,A,A,A,A,A,A,A,A
709,A,A,A,A,A,A,A,A,A,A
710,A,A,A,A,A,A,A,A,A,A
711,A,A,A,A,A,A,A,A,A,A
712,A,A,A,A,A,A,A,A,A,A
713,A,A,A,A,A,A,A,A,A,A
714,A,A,A,A,A,A,A,A,A,A
715,A,A,A,A,A,A,A,A,A,A
716,A,A,A,A,A,A,A,A,A,A
717,A,A,A,A,A,A,A,A,A,A
719,A,A,A,A,A,A,A,A,A,A
721,A,A,A,A,A,A,A,A,A,A
722,A,A,A,A,A,A,A,A,A,A
723,A,A,A,A,A,A,A,A,A,A
724,A,A,A,A,A,A,A,A,A,A
725,A,A,A,A,A,A,A,A,A,A
726,A,A,A,A,A,A,A,A,A,A
727,A,A,A,A,A,A,A,A,A,A
728,A,A,A,A,A,A,A,A,A,A
729,A,A,A,A,A,A,A,A,A,A
730,A,A,A,A,A,A,A,A,A,A
731,A,A,A,A,A,A,A,A,A,A
732,A,A,A,A,A,A,A,A,A,A
733,A,A,A,A,A,A,A,A,A,A
734,A,A,A,A,A,A,A,A,A,A
735,A,A,A,A,A,A,A,A,A,A
736,A,A,A,A,A,A,A,A,A,A
737,A,A,A,A,A,A,A,A,A,A
738,A,A,A,A,A,A,A,A,A,A
739,A,A,A,A,A,A,A,A,A,A
740,A,A,A,A,A,A,A,A,A,A
741,A,A,A,A,A,A,A,A,A,A
742,A,A,A,A,A,A,A,A,A,A
743,A,A,A,A,A,A,A,A,A,A
744,A,A,A,A,A,A,A,A,A,A
745,A,A,A,A,A,A,A,A,A,A
746,A,A,A,A,A,A,A,A,A,A
747,A,A,A,A,A,A,A,A,A,A
748,A,A,A,A,A,A,A,A,A,A
749,A,A,A,A,A,A,A,A,A,A
750,A,A,A,A,A,A,A,A,A,A
751,A,A,A,A,A,A,A,A,A,A
752,A,A,A,A,A,A,A,A,A,A
753,A,A,A,A,A,A,A,A,A,A
754,A,A,A,A,A,A,A,A,A,A
755,A,A,A,A,A,A,A,A,A,A
756,A,A,A,A,A,A,A,A,A,A
757,A,A,A,A,A,A,A,A,A,A
758,A,A,A,A,A,A,A,A,A,A
759,A,A,A,A,A,A,A,A,A,A
760,A,A,A,A,A,A,A,A,A,A
761,A,A,A,A,A,A,A,A,A,A
762,A,A,A,A,A,A,A,A,A,A
763,A,A,A,A,A,A,A,A,A,A
764,A,A,A,A,A,A,A,A,A,A
765,A,A,A,A,A,A,A,A,A,A
766,A,A,A,A,A,A,A,A,A,A
767,A,A,A,A,A,A,A,A,A,A
768,A,A,A,A,A,A,A,A,A,A
769,A,A,A,A,A,A,A,A,A,A
770,A,A,A,A,A,A,A,A,A,A
771,A,A,A,A,A,A,A,A,A,A
772,A,A,A,A,A,A,A,A,A,A
773,A,A,A,A,A,A,A,A,A,A
774,A,A,A,A,A,A,A,A,A,A
775,A,A,A,A,A,A,A,A,A,A
776,A,A,A,A,A,A,A,A,A,A
777,A,A,A,A,A,A,A,A,A,A
778,A,A,A,A,A,A,A,A,A,A
779,A,A,A,A,A,A,A,A,A,A
780,A,A,A,A,A,A,A,A,A,A
781,A,A,A,A,A,A,A,A,A,A
782,A,A,A,A,A,A,A,A,A,A
783,A,A,A,A,A,A,A,A,A,A
784,A,A,A,A,A,A,A,A,A,A
785,A,A,A,A,A,A,A,A,A,A
786,A,A,A,A,A,A,A,A,A,A
787,A,A,A,A,A,A,A,A,A,A
788,A,A,A,A,A,A,A,A,A,A
789,A,A,A,A,A,A,A,A,A,A
790,A,A,A,A,A,A,A,A,A,A
791,A,A,A,A,A,A,A,A,A,A
792,A,A,A,A,A,A,A,A,A,A
793,A,A,A,A,A,A,A,A,A,A
794,A,A,A,A,A,A,A,A,A,A
795,A,A,A,A,A,A,A,A,A,A
796,A,A,A,A,A,A,A,A,A,A
797,A,A,A,A,A,A,A,A,A,A
798,A,A,A,A,A,A,A,A,A,A
799,A,A,A,A,A,A,A,A,A,A
800,A,A,A,A,A,A,A,A,A,A
801,A,A,A,A,A,A,A,A,A,A
802,A,A,A,A,A,A,A,A,A,A
803,A,A,A,A,A,A,A,A,A,A
804,A,A,A,A,A,A,A,A,A,A
805,A,A,A,A,A,A,A,A,A,A
806,A,A,A,A,A,A,A,A,A,A
807,A,A,A,A,A,A,A,A,A,A
808,A,A,A,A,A,A,A,A,A,A
809,A,A,A,A,A,A,A,A,A,A
810,A,A,A,A,A,A,A,A,A,A
811,A,A,A,A,A,A,A,A,A,A
812,A,A,A,A,A,A,A,A,A,A
813,A,A,A,A,A,A,A,A,A,A
814,A,A,A,A,A,A,A,A,A,A
815,A,A,A,A,A,A,A,A,A,A
816,A,A,A,A,A,A,A,A,A,A
817,A,A,A,A,A,A,A,A,A,A
818,A,A,A,A,A,A,A,A,A,A
819,A,A,A,A,A,A,A,A,A,A
820,A,A,A,A,A,A,A,A,A,A
821,A,A,A,A,A,A,A,A,A,A
822,A,A,A,A,A,A,A,A,A,A
823,A,A,A,A,A,A,A,A,A,A
824,A,A,A,A,A,A,A,A,A,A
825,A,A,A,A,A,A,A,A,A,A
826,A,A,A,A,A,A,A,A,A,A
827,A,A,A,A,A,A,A,A,A,A
828,A,A,A,A,A,A,A,A,A,A
829,A,A,A,A,A,A,A,A,A,A
830,A,A,A,A,A,A,A,A,A,A
831,A,A,A,A,A,A,A,A,A,A
832,A,A,A,A,A,A,A,A,A,A
833,A,A,A,A,A,A,A,A,A,A
834,A,A,A,A,A,A,A,A,A,A
835,A,A,A,A,A,A,A,A,A,A
836,A,A,A,A,A,A,A,A,A,A
837,A,A,A,A,A,A,A,A,A,A
838,A,A,A,A,A,A,A,A,A,A
839,A,A,A,A,A,A,A,A,A,A
840,A,A,A,A,A,A,A,A,A,A
841,A,A,A,A,A,A,A,A,A,A
842,A,A,A,A,A,A,A,A,A,A
843,A,A,A,A,A,A,A,A,A,A
844,A,A,A,A,A,A,A,A,A,A
845,A,A,A,A,A,A,A,A,A,A
846,A,A,A,A,A,A,A,A,A,A
847,A,A,A,A,A,A,A,A,A,A
848,A,A,A,A,A,A,A,A,A,A
849,A,A,A,A,A,A,A,A,A,A
850,A,A,A,A,A,A,A,A,A,A
851,A,A,A,A,A,A,A,A,A,A
852,A,A,A,A,A,A,A,A,A,A
853,A,A,A,A,A,A,A,A,A,A
854,A,A,A,A,A,A,A,A,A,A
855,A,A,A,A,A,A,A,A,A,A
856,A,A,A,A,A,A,A,A,A,A
857,A,A,A,A,A,A,A,A,A,A
858,A,A,A,A,A,A,A,A,A,A
859,A,A,A,A,A,A,A,A,A,A
860,A,A,A,A,A,A,A,A,A,A
861,A,A,A,A,A,A,A,A,A,A
862,A,A,A,A,A,A,A,A,A,A
863,A,A,A,A,A,A,A,A,A,A
864,A,A,A,A,A,A,A,A,A,A
865,A,A,A,A,A,A,A,A,A,A
866,A,A,A,A,A,A,A,A,A,A
867,A,A,A,A,A,A,A,A,A,A
868,A,A,A,A,A,A,A,A,A,A
869,A,A,A,A,A,A,A,A,A,A
870,A,A,A,A,A,A,A,A,A,A
871,A,A,A,A,A,A,A,A,A,A
872,A,A,A,A,A,A,A,A,A,A
873,A,A,A,A,A,A,A,A,A,A
874,A,A,A,A,A,A,A,A,A,A
875,A,A,A,A,A,A,A,A,A,A
876,A,A,A,A,A,A,A,A,A,A
877,A,A,A,A,A,A,A,A,A,A
878,A,A,A,A,A,A,A,A,A,A
879,A,A,A,A,A,A,A,A,A,A
880,A,A,A,A,A,A,A,A,A,A
881,A,A,A,A,A,A,A,A,A,A
882,A,A,A,A,A,A,A,A,A,A
883,A,A,A,A,A,A,A,A,A,A
884,A,A,A,A,A,A,A,A,A,A
885,A,A,A,A,A,A,A,A,A,A
886,A,A,A,A,A,A,A,A,A,A
887,A,A,A,A,A,A,A,A,A,A
888,A,A,A,A,A,A,A,A,A,A
889,A,A,A,A,A,A,A,A,A,A
890,A,A,A,A,A,A,A,A,A,A
891,A,A,A,A,A,A,A,A,A,A
892,A,A,A,A,A,A,A,A,A,A
893,A,A,A,A,A,A,A,A,A,A
894,A,A,A,A,A,A,A,A,A,A
895,A,A,A,A,A,A,A,A,A,A
896,A,A,A,A,A,A,A,A,A,A
897,A,A,A,A,A,A,A,A,A,A
898,A,A,A,A,A,A,A,A,A,A
899,A,A,A,A,A,A,A,A,A,A
900,A,A,A,A,A,A,A,A,A,A
901,A,A,A,A,A,A,A,A,A,A
902,A,A,A,A,A,A,A,A,A,A
903,A,A,A,A,A,A,A,A,A,A
904,A,A,A,A,A,A,A,A,A,A
905,A,A,A,A,A,A,A,A,A,A
906,A,A,A,A,A,A,A,A,A,A
907,A,A,A,A,A,A,A,A,A,A
908,A,A,A,A,A,A,A,A,A,A
909,A,A,A,A,A,A,A,A,A,A
910,A,A,A,A,A,A,A,A,A,A
911,A,A,A,A,A,A,A,A,A,A
912,A,A,A,A,A,A,A,A,A,A
913,A,A,A,A,A,A,A,A,A,A
914,A,A,A,A,A,A,A,A,A,A
915,A,A,A,A,A,A,A,A,A,A
916,A,A,A,A,A,A,A,A,A,A
917,A,A,A,A,A,A,A,A,A,A
918,A,A,A,A,A,A,A,A,A,A
919,A,A,A,A,A,A,A,A,A,A
920,A,A,A,A,A,A,A,A,A,A
921,A,A,A,A,A,A,A,A,A,A
922,A,A,A,A,A,A,A,A,A,A
923,A,A,A,A,A,A,A,A,A,A
924,A,A,A,A,A,A,A,A,A,A
925,A,A,A,A,A,A,A,A,A,A
926,A,A,A,A,A,A,A,A,A,A
927,A,A,A,A,A,A,A,A,A,A
928,A,A,A,A,A,A,A,A,A,A
929,A,A,A,A,A,A,A,A,A,A
930,A,A,A,A,A,A,A,A,A,A
931,A,A,A,A,A,A,A,A,A,A
932,A,A,A,A,A,A,A,A,A,A
933,A,A,A,A,A,A,A,A,A,A
934,A,A,A,A,A,A,A,A,A,A
935,A,A,A,A,A,A,A,A,A,A
936,A,A,A,A,A,A,A,A,A,A
937,A,A,A,A,A,A,A,A,A,A
938,A,A,A,A,A,A,A,A,A,A
939,A,A,A,A,A,A,A,A,A,A
940,A,A,A,A,A,A,A,A,A,A
941,A,A,A,A,A,A,A,A,A,A
942,A,A,A,A,A,A,A,A,A,A
943,A,A,A,A,A,A,A,A,A,A
944,A,A,A,A,A,A,A,A,A,A
945,A,A,A,A,A,A,A,A,A,A
946,A,A,A,A,A,A,A,A,A,A
947,A,A,A,A,A,A,A,A,A,A
948,A,A,A,A,A,A,A,A,A,A
949,A,A,A,A,A,A,A,A,A,A
950,A,A,A,A,A,A,A,A,A,A
951,A,A,A,A,A,A,A,A,A,A
952,A,A,A,A,A,A,A,A,A,A
953,A,A,A,A,A,A,A,A,A,A
954,A,A,A,A,A,A,A,A,A,A
955,A,A,A,A,A,A,A,A,A,A
956,A,A,A,A,A,A,A,A,A,A
957,A,A,A,A,A,A,A,A,A,A
958,A,A,A,A,A,A,A,A,A,A
959,A,A,A,A,A,A,A,A,A,A
960,A,A,A,A,A,A,A,A,A,A
961,A,A,A,A,A,A,A,A,A,A
962,A,A,A,A,A,A,A,A,A,A
963,A,A,A,A,A,A,A,A,A,A
964,A,A,A,A,A,A,A,A,A,A
965,A,A,A,A,A,A,A,A,A,A
966,A,A,A,A,A,A,A,A,A,A
967,A,A,A,A,A,A,A,A,A,A
968,A,A,A,A,A,A,A,A,A,A
969,A,A,A,A,A,A,A,A,A,A
970,A,A,A,A,A,A,A,A,A,A
971,A,A,A,A,A,A,A,A,A,A
972,A,A,A,A,A,A,A,A,A,A
973,A,A,A,A,A,A,A,A,A,A
974,A,A,A,A,A,A,A,A,A,A
975,A,A,A,A,A,A,A,A,A,A
976,A,A,A,A,A,A,A,A,A,A
977,A,A,A,A,A,A,A,A,A,A
978,A,A,A,A,A,A,A,A,A,A
979,A,A,A,A,A,A,A,A,A,A
980,A,A,A,A,A,A,A,A,A,A
981,A,A,A,A,A,A,A,A,A,A
982,A,A,A,A,A,A,A,A,A,A
983,A,A,A,A,A,A,A,A,A,A
984,A,A,A,A,A,A,A,A,A,A
985,A,A,A,A,A,A,A,A,A,A
986,A,A,A,A,A,A,A,A,A,A
987,A,A,A,A,A,A,A,A,A,A
988,A,A,A,A,A,A,A,A,A,A
989,A,A,A,A,A,A,A,A,A,A
990,A,A,A,A,A,A,A,A,A,A
991,A,A,A,A,A,A,A,A,A,A
992,A,A,A,A,A,A,A,A,A,A
993,A,A,A,A,A,A,A,A,A,A
994,A,A,A,A,A,A,A,A,A,A
995,A,A,A,A,A,A,A,A,A,A
996,A,A,A,A,A,A,A,A,A,A
997,A,A,A,A,A,A,A,A,A,A
998,A,A,A,A,A,A,A,A,A,A
999,A,A,A,A,A,A,A,A,A,A
1000,A,A,A,A,A,A,A,A,A,A
1001,A,A,A,A,A,A,A,A,A,A
1002,A,A,A,A,A,A,A,A,A,A
1003,A,A,A,A,A,A,A,A,A,A
1004,A,A,A,A,A,A,A,A,A,A
1005,A,A,A,A,A,A,A,A,A,A
1006,A,A,A,A,A,A,A,A,A,A
1007,A,A,A,A,A,A,A,A,A,A
1008,A,A,A,A,A,A,A,A,A,A
1009,A,A,A,A,A,A,A,A,A,A
1010,A,A,A,A,A,A,A,A,A,A
1011,A,A,A,A,A,A,A,A,A,A
1012,A,A,A,A,A,A,A,A,A,A
1013,A,A,A,A,A,A,A,A,A,A
1014,A,A,A,A,A,A,A,A,A,A
1015,A,A,A,A,A,A,A,A,A,A
1016,A,A,A,A,A,A,A,A,A,A
1017,A,A,A,A,A,A,A,A,A,A
1018,A,A,A,A,A,A,A,A,A,A
1019,A,A,A,A,A,A,A,A,A,A
1020,A,A,A,A,A,A,A,A,A,A
1021,A,A,A,A,A,A,A,A,A,A
1022,A,A,A,A,A,A,A,A,A,A
1023,A,A,A,A,A,A,A,A,A,A
1024,A,A,A,A,A,A,A,A,A,A
1025,A,A,A,A,A,A,A,A,A,A
1026,A,A,A,A,A,A,A,A,A,A
1027,A,A,A,A,A,A,A,A,A,A
1028,A,A,A,A,A,A,A,A,A,A
1029,A,A,A,A,A,A,A,A,A,A
1030,A,A,A,A,A,A,A,A,A,A
1031,A,A,A,A,A,A,A,A,A,A
1032,A,A,A,A,A,A,A,A,A,A
1033,A,A,A,A,A,A,A,A,A,A
1034,A,A,A,A,A,A,A,A,A,A
1035,A,A,A,A,A,A,A,A,A,A
1036,A,A,A,A,A,A,A,A,A,A
1037,A,A,A,A,A,A,A,A,A,A
1038,A,A,A,A,A,A,A,A,A,A
1039,A,A,A,A,A,A,A,A,A,A
1040,A,A,A,A,A,A,A,A,A,A
1041,A,A,A,A,A,A,A,A,A,A
1042,A,A,A,A,A,A,A,A,A,A
1043,A,A,A,A,A,A,A,A,A,A
1044,A,A,A,A,A,A,A,A,A,A
1045,A,A,A,A,A,A,A,A,A,A
1046,A,A,A,A,A,A,A,A,A,A
1047,A,A,A,A,A,A,A,A,A,A
1048,A,A,A,A,A,A,A,A,A,A
1049,A,A,A,A,A,A,A,A,A,A
1050,A,A,A,A,A,A,A,A,A,A
1051,A,A,A,A,A,A,A,A,A,A
1052,A,A,A,A,A,A,A,A,A,A
1053,A,A,A,A,A,A,A,A,A,A
1054,A,A,A,A,A,A,A,A,A,A
1055,A,A,A,A,A,A,A,A,A,A
1056,A,A,A,A,A,A,A,A,A,A
1057,A,A,A,A,A,A,A,A,A,A
1058,A,A,A,A,A,A,A,A,A,A
1059,A,A,A,A,A,A,A,A,A,A
1060,A,A,A,A,A,A,A,A,A,A
1061,A,A,A,A,A,A,A,A,A,A
1062,A,A,A,A,A,A,A,A,A,A
1063,A,A,A,A,A,A,A,A,A,A
1064,A,A,A,A,A,A,A,A,A,A
1065,A,A,A,A,A,A,A,A,A,A
1066,A,A,A,A,A,A,A,A,A,A
1067,A,A,A,A,A,A,A,A,A,A
1068,A,A,A,A,A,A,A,A,A,A
1069,A,A,A,A,A,A,A,A,A,A
1070,A,A,A,A,A,A,A,A,A,A
1071,A,A,A,A,A,A,A,A,A,A
1072,A,A,A,A,A,A,A,A,A,A
1073,A,A,A,A,A,A,A,A,A,A
1074,A,A,A,A,A,A,A,A,A,A
1075,A,A,A,A,A,A,A,A,A,A
1076,A,A,A,A,A,A,A,A,A,A
1077,A,A,A,A,A,A,A,A,A,A
1078,A,A,A,A,A,A,A,A,A,A
1079,A,A,A,A,A,A,A,A,A,A
1080,A,A,A,A,A,A,A,A,A,A
1081,A,A,A,A,A,A,A,A,A,A
1082,A,A,A,A,A,A,A,A,A,A
1083,A,A,A,A,A,A,A,A,A,A
1084,A,A,A,A,A,A,A,A,A,A
1085,A,A,A,A,A,A,A,A,A,A
1086,A,A,A,A,A,A,A,A,A,A
1087,A,A,A,A,A,A,A,A,A,A
1088,A,A,A,A,A,A,A,A,A,A
1089,A,A,A,A,A,A,A,A,A,A
1090,A,A,A,A,A,A,A,A,A,A
1091,A,A,A,A,A,A,A,A,A,A
1092,A,A,A,A,A,A,A,A,A,A
1093,I,I,I,I,I,I,I,I,I,I
1094,I,I,I,O,O,O,O,O,O,O
1095,I,I,I,I,I,I,I,I,I,I
1096,I,I,I,I,I,I,I,I,I,I
1097,I,I,I,I,I,I,I,I,I,I
1098,B,B,B,B,B,B,B,B,B,B
1099,B,B,B,B,B,B,B,B,B,B
1100,B,B,B,B,B,B,B,B,B,B
1101,B,B,B,B,B,B,B,B,B,B
1102,A,A,A,A,A,A,A,A,A,A
1103,B,B,B,B,B,B,B,B,B,B
1104,A,A,A,A,A,A,A,A,A,A
1105,B,B,B,B,B,B,B,B,B,B
1106,A,A,A,A,A,A,A,A,A,A
1107,B,B,B,B,B,B,B,B,B,B
1108,A,A,A,A,A,A,A,A,A,A
1109,A,A,A,A,A,A,A,A,A,B
1110,A,A,A,A,A,A,A,A,A,A
1111,A,A,A,A,A,A,A,A,A,A
1112,B,B,B,B,B,B,B,B,B,B
1113,A,A,A,A,A,A,A,A,A,A
1114,A,A,A,A,A,A,A,A,A,A
1115,A,A,A,A,A,A,A,A,A,A
1116,A,A,A,A,A,A,A,A,A,A
1117,A,A,A,A,A,A,A,A,A,A
1118,A,A,A,A,A,A,A,A,A,A
1119,A,A,A,A,A,A,A,A,A,A
1120,A,A,A,A,A,A,A,A,A,A
1121,B,B,B,B,B,B,B,B,B,B
1122,A,A,A,A,A,A,A,A,A,A
1123,B,B,B,B,B,B,B,B,B,B
1124,A,A,A,A,A,A,A,A,A,A
1125,B,B,B,B,B,B,B,B,B,B
1126,B,B,B,B,B,B,B,B,B,B
1127,B,B,B,B,B,B,B,B,B,B
1128,A,A,A,A,A,A,A,A,A,A
1129,A,A,A,A,A,A,A,A,A,A
1130,A,A,A,A,A,A,A,A,A,A
1131,A,A,A,A,A,A,A,A,A,A
1132,A,A,A,A,A,A,A,A,A,A
1133,A,A,A,A,A,A,A,A,A,A
1134,B,B,B,B,A,A,A,A,A,A
1135,E,E,E,E,E,E,E,E,E,E
1137,H,H,H,H,H,H,H,H,H,H
1140,B,B,B,B,B,B,B,B,B,B
1141,A,A,A,A,A,A,A,A,A,A
1142,A,A,A,A,A,A,A,A,A,A
1143,A,A,A,A,A,A,A,A,A,A
1144,A,A,A,A,A,A,A,A,A,A
1145,B,B,B,B,B,B,B,B,B,B
1148,B,B,B,B,B,B,B,B,B,B
1149,A,A,A,A,A,A,A,A,A,A
1151,B,B,B,B,B,B,B,B,B,B
1152,A,A,A,A,A,A,A,A,A,A
1153,B,B,B,B,B,B,B,B,B,B
1154,A,A,A,A,A,A,A,A,A,A
1155,A,A,A,A,A,A,A,A,A,A
1156,B,B,B,B,B,B,B,B,B,B
1157,A,A,A,A,A,A,A,A,A,A
1158,A,A,A,A,A,A,A,A,A,A
1159,B,B,B,B,B,B,B,B,B,B
1160,B,B,B,B,B,B,B,B,B,B
1161,A,A,A,A,A,A,A,A,A,A
1162,A,A,A,A,A,A,A,A,A,A
1163,A,A,A,A,A,A,A,A,A,A
1164,A,A,A,A,A,A,A,A,A,A
1165,A,A,A,A,A,A,A,A,A,A
1166,A,A,A,A,A,A,A,A,A,A
1167,A,A,A,A,A,A,A,A,A,A
1168,B,B,B,B,B,B,B,B,B,B
1169,B,B,B,B,B,B,B,B,B,B
1170,A,A,A,A,A,A,A,A,A,A
1171,B,B,B,B,B,B,B,B,B,B
1172,A,A,A,A,A,A,A,A,A,A
1173,B,B,B,B,B,B,B,B,B,B
1174,B,B,B,B,B,B,B,B,B,B
1175,B,B,B,B,B,B,B,B,B,B
1176,B,B,B,B,B,B,B,B,B,B
1177,B,B,B,B,B,B,B,B,B,B
1178,B,B,B,B,B,B,B,B,B,B
1179,B,B,B,B,B,B,B,B,B,B
1180,B,B,B,B,B,B,B,B,B,B
1181,B,B,B,B,B,B,B,B,B,B
1182,B,B,B,B,B,B,B,B,B,B
1183,B,B,B,B,B,B,B,B,B,B
1184,B,B,B,B,B,B,B,B,B,B
1185,B,B,B,B,B,B,B,B,B,B
1186,B,B,B,B,B,B,B,B,B,B
1187,B,B,B,B,B,B,B,B,B,B
1188,B,B,B,B,B,B,B,B,B,B
1189,B,B,B,B,B,B,B,B,B,B
1190,B,B,B,B,B,B,B,B,B,B
1191,B,B,B,B,B,B,B,B,B,B
1192,B,B,B,B,B,B,B,B,B,B
1193,B,B,B,B,B,B,B,B,B,B
1194,B,B,B,B,B,B,B,B,B,B
1195,B,B,B,B,B,B,B,B,B,B
1196,B,B,B,B,B,B,B,B,B,B
1197,B,B,B,B,B,B,B,B,B,B
1198,B,B,B,B,B,B,B,B,B,B
1199,B,B,B,B,B,B,B,B,B,B
1200,B,B,B,B,B,B,B,B,B,B
1201,B,B,B,B,B,B,B,B,B,B
1203,B,B,B,B,B,B,B,B,B,B
1205,B,B,B,B,B,B,B,B,B,B
1207,B,B,B,B,B,B,B,B,B,B
1209,B,B,B,B,B,B,B,B,B,B
1211,B,B,B,B,B,B,B,B,B,B
1212,B,B,B,B,B,B,B,B,B,B
1219,A,A,A,A,A,A,A,A,A,A
1222,A,A,A,A,A,A,A,A,A,A
1224,A,A,A,A,A,A,A,A,A,A
1245,B,B,B,B,B,B,B,B,B,B
1246,E,E,E,E,E,E,E,E,E,E
1247,E,E,E,E,E,E,E,E,E,E
1248,E,E,E,E,E,E,E,E,E,E
1249,J,J,J,J,J,J,J,J,J,J
1250,C,C,C,C,C,C,C,C,C,C
1251,A,A,A,A,A,A,A,A,A,A
1252,A,A,A,A,A,A,A,A,A,A
1253,A,A,A,A,A,A,A,A,A,A
1254,A,A,A,A,A,A,A,A,A,A
1255,A,A,A,A,A,A,A,A,A,A
1256,A,A,A,A,A,A,A,A,A,A
1257,A,A,A,A,A,A,A,A,A,A
1258,L,L,L,L,L,L,L,L,L,L
1259,A,A,A,A,A,A,A,A,A,A
1260,L,L,L,L,L,L,L,L,L,L
1261,A,A,A,A,A,A,A,A,A,A
1262,A,A,A,A,A,A,A,A,A,A
1263,A,A,A,A,A,A,A,A,A,A
1264,A,A,A,A,A,A,A,A,A,A
1265,A,A,A,A,A,A,A,A,A,A
1266,A,A,A,A,A,A,A,A,A,A
1267,E,E,E,E,E,E,E,E,E,E
1268,A,A,A,A,A,A,A,A,A,A
1269,E,E,E,E,E,E,E,E,E,E
1270,A,A,A,A,A,A,A,A,A,A
1271,A,A,A,A,A,A,A,A,A,A
1272,A,A,A,A,A,A,A,A,A,A
1273,A,A,A,A,A,A,A,A,A,A
1274,A,A,A,A,A,A,A,A,A,A
1275,A,A,A,A,A,A,A,A,A,A
1276,A,A,A,A,A,A,A,A,A,A
1277,A,A,A,A,A,A,A,A,A,A
1278,A,A,A,A,A,A,A,A,A,A
1279,A,A,A,A,A,A,A,A,A,A
1280,B,B,B,B,B,B,B,B,B,B
1281,A,A,A,A,A,A,A,A,A,A
1282,A,A,A,A,A,A,A,A,A,A
1283,A,A,A,A,A,A,A,A,A,A
1284,A,A,A,A,A,A,A,A,A,A
1285,J,J,J,J,J,J,J,J,J,J
1286,J,J,J,J,J,J,J,J,J,J
1287,B,B,B,B,B,B,B,B,B,B
1288,B,B,B,B,B,B,B,B,B,B
1289,A,A,A,A,A,A,A,A,A,A
1290,B,B,B,B,B,B,B,B,B,B
1291,A,A,A,A,A,A,A,A,A,A
1292,A,A,A,A,A,A,A,A,A,A
1293,A,A,A,A,A,A,A,A,A,A
1294,A,A,A,A,A,A,A,A,A,A
1295,A,A,A,A,A,A,A,A,A,A
1296,A,A,A,A,A,A,A,A,A,A
1297,A,A,A,A,A,A,A,A,A,A
1298,A,A,A,A,A,A,A,A,A,A
1299,A,A,A,A,A,A,A,A,A,A
1300,A,A,A,A,A,A,A,A,A,A
1301,J,J,J,J,J,J,J,J,J,J
1302,A,A,A,A,A,A,A,A,A,A
1303,L,L,L,L,L,L,L,L,L,L
1304,A,A,A,A,A,A,A,A,A,A
1305,A,A,A,A,A,A,A,A,A,A
1306,A,A,A,A,A,A,A,A,A,A
1307,A,A,A,A,A,A,A,A,A,A
1308,L,L,L,L,L,L,L,L,L,L
1309,A,A,A,A,A,A,A,A,A,A
1310,A,A,A,A,A,A,A,A,A,A
1311,A,A,A,A,A,A,A,A,A,A
1312,A,A,A,A,A,A,A,A,A,A
1313,A,A,A,A,A,A,A,A,A,A
1314,A,A,A,A,A,A,A,A,A,A
1315,A,A,A,A,A,A,A,A,A,A
1316,A,A,A,A,A,A,A,A,A,A
1317,A,A,A,A,A,A,A,A,A,A
1318,A,A,A,A,A,A,A,A,A,A
1319,A,A,A,A,A,A,A,A,A,A
1320,A,A,A,A,A,A,A,A,A,A
1321,A,A,A,A,A,A,A,A,A,A
1322,A,A,A,A,A,A,A,A,A,A
1323,A,A,A,A,A,A,A,A,A,A
1324,A,A,A,A,A,A,A,A,A,A
1325,A,A,A,A,A,A,A,A,A,A
1326,A,A,A,A,A,A,A,A,A,A
1327,H,H,H,H,H,H,H,H,H,H
1328,A,A,A,A,A,A,A,A,A,A
1329,A,A,A,A,A,A,A,A,A,A
1330,A,A,A,A,A,A,A,A,A,A
1331,A,A,A,A,A,A,A,A,A,A
1332,A,A,A,A,A,A,A,A,A,A
1333,A,A,A,A,A,A,A,A,A,A
1334,A,A,A,A,A,A,A,A,A,A
1335,A,A,A,A,A,A,A,A,A,A
1336,A,A,A,A,A,A,A,A,A,A
1337,A,A,A,A,A,A,A,A,A,A
1338,A,A,A,A,A,A,A,A,A,A
1339,A,A,A,A,A,A,A,A,A,A
1340,A,A,A,A,A,A,A,A,A,A
1341,A,A,A,A,A,A,A,A,A,A
1342,A,A,A,A,A,A,A,A,A,A
1343,A,A,A,A,A,A,A,A,A,A
1344,A,A,A,A,A,A,A,A,A,A
1345,A,A,A,A,A,A,A,A,A,A
1346,A,A,A,A,A,A,A,A,A,A
1347,A,A,A,A,A,A,A,A,A,A
1348,A,A,A,A,A,A,A,A,A,A
1349,A,A,A,A,A,A,A,A,A,A
1350,A,A,A,A,A,A,A,A,A,A
1351,A,A,A,A,A,A,A,A,A,A
1352,A,A,A,A,A,A,A,A,A,A
1353,A,A,A,A,A,A,A,A,A,A
1354,A,A,A,A,A,A,A,A,A,A
1355,A,A,A,A,A,A,A,A,A,A
1356,A,A,A,A,A,A,A,A,A,A
1357,A,A,A,A,A,A,A,A,A,A
1358,A,A,A,A,A,A,A,A,A,A
1359,A,A,A,A,A,A,A,A,A,A
1360,A,A,A,A,A,A,A,A,A,A
1361,A,A,A,A,A,A,A,A,A,A
1362,A,A,A,A,A,A,A,A,A,A
1363,A,A,A,A,A,A,A,A,A,A
1364,A,A,A,A,A,A,A,A,A,A
1365,A,A,A,A,A,A,A,A,A,A
1366,A,A,A,A,A,A,A,A,A,A
1367,A,A,A,A,A,A,A,A,A,A
1368,A,A,A,A,A,A,A,A,A,A
1369,A,A,A,A,A,A,A,A,A,A
1370,A,A,A,A,A,A,A,A,A,A
1371,A,A,A,A,A,A,A,A,A,A
1372,A,A,A,A,A,A,A,A,A,A
1373,A,A,A,A,A,A,A,A,A,A
1374,A,A,A,A,A,A,A,A,A,A
1375,A,A,A,A,A,A,A,A,A,A
1376,A,A,A,A,A,A,A,A,A,A
1377,A,A,A,A,A,A,A,A,A,A
1378,A,A,A,A,A,A,A,A,A,A
1379,A,A,A,A,A,A,A,A,A,A
1380,A,A,A,A,A,A,A,A,A,A
1381,A,A,A,A,A,A,A,A,A,A
1382,A,A,A,A,A,A,A,A,A,A
1383,A,A,A,A,A,A,A,A,A,A
1384,A,A,A,A,A,A,A,A,A,A
1385,A,A,A,A,A,A,A,A,A,A
1386,A,A,A,A,A,A,A,A,A,A
1387,A,A,A,A,A,A,A,A,A,A
1388,A,A,A,A,A,A,A,A,A,A
1389,A,A,A,A,A,A,A,A,A,A
1390,A,A,A,A,A,A,A,A,A,A
1391,A,A,A,A,A,A,A,A,A,A
1392,A,A,A,A,A,A,A,A,A,A
1393,A,A,A,A,A,A,A,A,A,A
1394,A,A,A,A,A,A,A,A,A,A
1395,A,A,A,A,A,A,A,A,A,A
1396,A,A,A,A,A,A,A,A,A,A
1397,A,A,A,A,A,A,A,A,A,A
1398,A,A,A,A,A,A,A,A,A,A
1399,A,A,A,A,A,A,A,A,A,A
1400,A,A,A,A,A,A,A,A,A,A
1401,A,A,A,A,A,A,A,A,A,A
1402,A,A,A,A,A,A,A,A,A,A
1403,A,A,A,A,A,A,A,A,A,A
1404,A,A,A,A,A,A,A,A,A,A
1405,A,A,A,A,A,A,A,A,A,A
1406,A,A,A,A,A,A,A,A,A,A
1407,A,A,A,A,A,A,A,A,A,A
1408,A,A,A,A,A,A,A,A,A,A
1409,A,A,A,A,A,A,A,A,A,A
1410,A,A,A,A,A,A,A,A,A,A
1411,A,A,A,A,A,A,A,A,A,A
1412,A,A,A,A,A,A,A,A,A,A
1413,A,A,A,A,A,A,A,A,A,A
1414,A,A,A,A,A,A,A,A,A,A
1415,A,A,A,A,A,A,A,A,A,A
1416,A,A,A,A,A,A,A,A,A,A
1417,A,A,A,A,A,A,A,A,A,A
1418,A,A,A,A,A,A,A,A,A,A
1419,A,A,A,A,A,A,A,A,A,A
1420,A,A,A,A,A,A,A,A,A,A
1421,A,A,A,A,A,A,A,A,A,A
1422,A,A,A,A,A,A,A,A,A,A
1423,A,A,A,A,A,A,A,A,A,A
1424,A,A,A,A,A,A,A,A,A,A
1425,A,A,A,A,A,A,A,A,A,A
1426,A,A,A,A,A,A,A,A,A,A
1427,A,A,A,A,A,A,A,A,A,A
1428,A,A,A,A,A,A,A,A,A,A
1429,A,A,A,A,A,A,A,A,A,A
1430,A,A,A,A,A,A,A,A,A,A
1431,A,A,A,A,A,A,A,A,A,A
1432,A,A,A,A,A,A,A,A,A,A
1433,A,A,A,A,A,A,A,A,A,A
1434,A,A,A,A,A,A,A,A,A,A
1435,A,A,A,A,A,A,A,A,A,A
1436,A,A,A,A,A,A,A,A,A,A
1437,A,A,A,A,A,A,A,A,A,A
1438,A,A,A,A,A,A,A,A,A,A
1439,A,A,A,A,A,A,A,A,A,A
1440,A,A,A,A,A,A,A,A,A,A
1441,A,A,A,A,A,A,A,A,A,A
1442,A,A,A,A,A,A,A,A,A,A
1443,A,A,A,A,A,A,A,A,A,A
1444,A,A,A,A,A,A,A,A,A,A
1445,A,A,A,A,A,A,A,A,A,A
1446,A,A,A,A,A,A,A,A,A,A
1447,A,A,A,A,A,A,A,A,A,A
1448,A,A,A,A,A,A,A,A,A,A
1449,A,A,A,A,A,A,A,A,A,A
1450,A,A,A,A,A,A,A,A,A,A
1451,A,A,A,A,A,A,A,A,A,A
1452,A,A,A,A,A,A,A,A,A,A
1453,A,A,A,A,A,A,A,A,A,A
1454,A,A,A,A,A,A,A,A,A,A
1455,A,A,A,A,A,A,A,A,A,A
1456,A,A,A,A,A,A,A,A,A,A
1457,A,A,A,A,A,A,A,A,A,A
1458,A,A,A,A,A,A,A,A,A,A
1459,A,A,A,A,A,A,A,A,A,A
1460,A,A,A,A,A,A,A,A,A,A
1461,A,A,A,A,A,A,A,A,A,A
1462,A,A,A,A,A,A,A,A,A,A
1463,A,A,A,A,A,A,A,A,A,A
1464,A,A,A,A,A,A,A,A,A,A
1465,A,A,A,A,A,A,A,A,A,A
1466,A,A,A,A,A,A,A,A,A,A
1467,A,A,A,A,A,A,A,A,A,A
1468,A,A,A,A,A,A,A,A,A,A
1469,L,L,L,L,L,L,L,L,L,L
1470,L,L,L,L,L,L,L,L,L,L
1471,L,L,L,L,L,L,L,L,L,L
1472,L,L,L,L,L,L,L,L,L,L
1473,I,I,I,I,I,I,I,I,I,I
1474,D,D,D,D,D,D,D,D,D,D
1475,D,D,D,D,D,D,D,D,D,D
1476,J,J,J,J,J,J,J,J,J,J
1477,A,A,A,A,A,A,A,A,A,A
1478,A,A,A,A,A,A,A,A,A,A
1479,A,A,A,A,A,A,A,A,A,A
1480,A,A,A,A,A,A,A,A,A,A
1481,A,A,A,A,A,A,A,A,A,A
1482,A,A,A,A,A,A,A,A,A,A
1483,A,A,A,A,A,A,A,A,A,A
1484,A,A,A,A,A,A,A,A,A,A
1485,A,A,A,A,A,A,A,A,A,A
1486,A,A,A,A,A,A,A,A,A,A
1487,A,A,A,A,A,A,A,A,A,A
1488,A,A,A,A,A,A,A,A,A,A
1489,A,A,A,A,A,A,A,A,A,A
1490,A,A,A,A,A,A,A,A,A,A
1491,A,A,A,A,A,A,A,A,A,A
1492,A,A,A,A,A,A,A,A,A,A
1493,A,A,A,A,A,A,A,A,A,A
1494,A,A,A,A,A,A,A,A,A,A
1495,A,A,A,A,A,A,A,A,A,A
1496,A,A,A,A,A,A,A,A,A,A
1497,A,A,A,A,A,A,A,A,A,A
1498,A,A,A,A,A,A,A,A,A,A
1499,A,A,A,A,A,A,A,A,A,A
1500,A,A,A,A,A,A,A,A,A,A
1501,A,A,A,A,A,A,A,A,A,A
1502,A,A,A,A,A,A,A,A,A,A
1503,A,A,A,A,A,A,A,A,A,A
1504,A,A,A,A,A,A,A,A,A,A
1505,A,A,A,A,A,A,A,A,A,A
1506,A,A,A,A,A,A,A,A,A,A
1507,A,A,A,A,A,A,A,A,A,A
1508,A,A,A,A,A,A,A,A,A,A
1509,A,A,A,A,A,A,A,A,A,A
1510,A,A,A,A,A,A,A,A,A,A
1511,A,A,A,A,A,A,A,A,A,A
1512,A,A,A,A,A,A,A,A,A,A
1513,A,A,A,A,A,A,A,A,A,A
1514,A,A,A,A,A,A,A,A,A,A
1515,A,A,A,A,A,A,A,A,A,A
1516,A,A,A,A,A,A,A,A,A,A
1517,A,A,A,A,A,A,A,A,A,A
1518,E,E,E,E,E,E,E,E,E,E
1519,A,A,A,A,A,A,A,A,A,A
1520,A,A,A,A,A,A,A,A,A,A
1521,A,A,A,A,A,A,A,A,A,A
1522,A,A,A,A,A,A,A,A,A,A
1523,L,L,L,L,L,L,L,L,L,L
1524,H,H,H,H,H,H,H,H,H,H
1525,A,A,A,A,A,A,A,A,A,A
1526,A,A,A,A,A,A,A,A,A,A
1527,A,A,A,A,A,A,A,A,A,A
1528,A,A,A,A,A,A,A,A,A,A
1529,A,A,A,A,A,A,A,A,A,A
1530,A,A,A,A,A,A,A,A,A,A
1531,A,A,A,A,A,A,A,A,A,A
1532,A,A,A,A,A,A,A,A,A,A
1533,A,A,A,A,A,A,A,A,A,A
1535,A,A,A,A,A,A,A,A,A,A
1536,A,A,A,A,A,A,A,A,A,A
1537,A,A,A,A,A,A,A,A,A,A
1540,A,A,A,A,A,A,A,A,A,A
1541,A,A,A,A,A,A,A,A,A,A
1542,A,A,A,A,A,A,A,A,A,A
1543,H,H,H,H,H,H,H,H,H,H
1544,A,A,A,A,A,A,A,A,A,A
1545,L,L,L,L,L,L,L,L,L,L
1546,A,A,A,A,A,A,A,A,A,A
1547,A,A,A,A,A,A,A,A,A,A
1548,A,A,A,A,A,A,A,A,A,A
1549,L,L,L,L,L,L,L,L,L,L
1550,A,A,A,A,A,A,A,A,A,A
1551,A,A,A,A,A,A,A,A,A,A
1552,A,A,A,A,A,A,A,A,A,A
1553,L,L,L,L,L,L,L,L,L,L
1554,A,A,A,A,A,A,A,A,A,A
1555,A,A,A,A,A,A,A,A,A,A
1556,A,A,A,A,A,A,A,A,A,A
1557,A,A,A,A,A,A,A,A,A,A
1558,A,A,A,A,A,A,A,A,A,A
1559,A,A,A,A,A,A,A,A,A,A
1560,A,A,A,A,A,A,A,A,A,A
1561,A,A,A,A,A,A,A,A,A,A
1562,A,A,A,A,A,A,A,A,A,A
1563,A,A,A,A,A,A,A,A,A,A
1564,A,A,A,A,A,A,A,A,A,A
1565,A,A,A,A,A,A,A,A,A,A
1566,A,A,A,A,A,A,A,A,A,A
1567,A,A,A,A,A,A,A,A,A,A
1568,A,A,A,A,A,A,A,A,A,A
1569,A,A,A,A,A,A,A,A,A,A
1570,A,A,A,A,A,A,A,A,A,A
1571,A,A,A,A,A,A,A,A,A,A
1572,A,A,A,A,A,A,A,A,A,A
1573,A,A,A,A,A,A,A,A,A,A
1574,A,A,A,A,A,A,A,A,A,A
1575,A,A,A,A,A,A,A,A,A,A
1576,A,A,A,A,A,A,A,A,A,A
1577,A,A,A,A,A,A,A,A,A,A
1578,A,A,A,A,A,A,A,A,A,A
1579,A,A,A,A,A,A,A,A,A,A
1580,A,A,A,A,A,A,A,A,A,A
1581,A,A,A,A,A,A,A,A,A,A
1582,A,A,A,A,A,A,A,A,A,A
1583,A,A,A,A,A,A,A,A,A,A
1584,A,A,A,A,A,A,A,A,A,A
1585,A,A,A,A,A,A,A,A,A,A
1586,A,A,A,A,A,A,A,A,A,A
1587,A,A,A,A,A,A,A,A,A,A
1588,A,A,A,A,A,A,A,A,A,A
1589,A,A,A,A,A,A,A,A,A,A
1590,A,A,A,A,A,A,A,A,A,A
1591,A,A,A,A,A,A,A,A,A,A
1592,A,A,A,A,A,A,A,A,A,A
1593,A,A,A,A,A,A,A,A,A,A
1594,A,A,A,A,A,A,A,A,A,A
1595,A,A,A,A,A,A,A,A,A,A
1596,A,A,A,A,A,A,A,A,A,A
1597,A,A,A,A,A,A,A,A,A,A
1598,A,A,A,A,A,A,A,A,A,A
1599,A,A,A,A,A,A,A,A,A,A
1600,A,A,A,A,A,A,A,A,A,A
1601,A,A,A,A,A,A,A,A,A,A
1602,A,A,A,A,A,A,A,A,A,A
1603,A,A,A,A,A,A,A,A,A,A
1604,A,A,A,A,A,A,A,A,A,A
1605,A,A,A,A,A,A,A,A,A,A
1606,A,A,A,A,A,A,A,A,A,A
1607,A,A,A,A,A,A,A,A,A,A
1608,A,A,A,A,A,A,A,A,A,A
1609,A,A,A,A,A,A,A,A,A,A
1610,A,A,A,A,A,A,A,A,A,A
1611,A,A,A,A,A,A,A,A,A,A
1612,A,A,A,A,A,A,A,A,A,A
1613,A,A,A,A,A,A,A,A,A,A
1614,A,A,A,A,A,A,A,A,A,A
1615,A,A,A,A,A,A,A,A,A,A
1616,A,A,A,A,A,A,A,A,A,A
1617,A,A,A,A,A,A,A,A,A,A
1618,A,A,A,A,A,A,A,A,A,A
1619,A,A,A,A,A,A,A,A,A,A
1620,A,A,A,A,A,A,A,A,A,A
1621,A,A,A,A,A,A,A,A,A,A
1622,A,A,A,A,A,A,A,A,A,A
1623,A,A,A,A,A,A,A,A,A,A
1624,A,A,A,A,A,A,A,A,A,A
1625,A,A,A,A,A,A,A,A,A,A
1626,A,A,A,A,A,A,A,A,A,A
1627,A,A,A,A,A,A,A,A,A,A
1628,A,A,A,A,A,A,A,A,A,A
1629,A,A,A,A,A,A,A,A,A,A
1630,A,A,A,A,A,A,A,A,A,A
1631,A,A,A,A,A,A,A,A,A,A
1632,A,A,A,A,A,A,A,A,A,A
1633,A,A,A,A,A,A,A,A,A,A
1634,A,A,A,A,A,A,A,A,A,A
1635,A,A,A,A,A,A,A,A,A,A
1636,A,A,A,A,A,A,A,A,A,A
1637,A,A,A,A,A,A,A,A,A,A
1638,A,A,A,A,A,A,A,A,A,A
1639,A,A,A,A,A,A,A,A,A,A
1640,A,A,A,A,A,A,A,A,A,A
1641,A,A,A,A,A,A,A,A,A,A
1642,A,A,A,A,A,A,A,A,A,A
1643,A,A,A,A,A,A,A,A,A,A
1644,A,A,A,A,A,A,A,A,A,A
1645,A,A,A,A,A,A,A,A,A,A
1646,A,A,A,A,A,A,A,A,A,A
1647,A,A,A,A,A,A,A,A,A,A
1648,A,A,A,A,A,A,A,A,A,A
1649,A,A,A,A,A,A,A,A,A,A
1650,A,A,A,A,A,A,A,A,A,A
1651,A,A,A,A,A,A,A,A,A,A
1652,A,A,A,A,A,A,A,A,A,A
1653,A,A,A,A,A,A,A,A,A,A
1654,A,A,A,A,A,A,A,A,A,A
1655,A,A,A,A,A,A,A,A,A,A
1656,A,A,A,A,A,A,A,A,A,A
1657,A,A,A,A,A,A,A,A,A,A
1658,A,A,A,A,A,A,A,A,A,A
1659,A,A,A,A,A,A,A,A,A,A
1660,A,A,A,A,A,A,A,A,A,A
1661,A,A,A,A,A,A,A,A,A,A
1662,A,A,A,A,A,A,A,A,A,A
1663,A,A,A,A,A,A,A,A,A,A
1664,A,A,A,A,A,A,A,A,A,A
1665,A,A,A,A,A,A,A,A,A,A
1666,A,A,A,A,A,A,A,A,A,A
1667,A,A,A,A,A,A,A,A,A,A
1668,A,A,A,A,A,A,A,A,A,A
1669,A,A,A,A,A,A,A,A,A,A
1670,A,A,A,A,A,A,A,A,A,A
1671,A,A,A,A,A,A,A,A,A,A
1672,A,A,A,A,A,A,A,A,A,A
1673,A,A,A,A,A,A,A,A,A,A
1674,A,A,A,A,A,A,A,A,A,A
1675,A,A,A,A,A,A,A,A,A,A
1676,A,A,A,A,A,A,A,A,A,A
1677,C,C,C,C,C,C,C,C,C,C
1678,D,D,D,D,D,D,D,D,D,D
1679,A,A,A,A,A,A,A,A,A,A
1680,A,A,A,A,A,A,A,A,A,A
1681,A,A,A,A,A,A,A,A,A,A
1682,A,A,A,A,A,A,A,A,A,A
1683,A,A,A,A,A,A,A,A,A,A
1684,A,A,A,A,A,A,A,A,A,A
1685,B,B,B,B,B,B,B,B,B,B
1686,C,C,C,C,C,C,C,C,C,C
1688,A,A,A,A,A,A,A,A,A,A
1689,A,A,A,A,A,A,A,A,A,A
1690,A,A,A,A,A,A,A,A,A,A
1691,D,D,D,D,D,D,D,D,D,D
1692,I,I,I,I,I,I,I,I,I,I
1693,A,A,A,A,A,A,A,A,A,A
1694,A,A,A,A,A,A,A,A,A,A
1695,A,A,A,A,A,A,A,A,A,A
1696,A,A,A,A,A,A,A,A,A,A
1697,A,A,A,A,A,A,A,A,A,A
1698,A,A,A,A,A,A,A,A,A,A
1699,C,C,C,C,C,C,C,C,C,C
1700,A,A,A,A,A,A,A,A,A,A
1701,A,A,A,A,A,A,A,A,A,A
1702,D,D,D,D,D,D,D,D,D,D
1703,A,A,A,A,A,A,A,A,A,A
1704,A,A,A,A,A,A,A,A,A,A
1705,A,A,A,A,A,A,A,A,A,A
1706,A,A,A,A,A,A,A,A,A,A
1707,C,C,C,C,C,C,C,C,C,C
1708,B,B,B,B,B,B,B,B,B,B
1709,A,A,A,A,A,A,A,A,A,A
1710,A,A,A,A,A,A,A,A,A,A
1711,A,A,A,A,A,A,A,A,A,A
1712,A,A,A,A,A,A,A,A,A,A
1713,A,A,A,A,A,A,A,A,A,A
1714,A,A,A,A,A,A,A,A,A,A
1715,A,A,A,A,A,A,A,A,A,A
1716,A,A,A,A,A,A,A,A,A,A
1717,A,A,A,A,A,A,A,A,A,A
1718,A,A,A,A,A,A,A,A,A,A
1719,C,C,C,C,C,C,C,C,C,C
1720,A,A,A,A,A,A,A,A,A,A
1721,A,A,A,A,A,A,A,A,A,A
1722,A,A,A,A,A,A,A,A,A,A
1723,A,A,A,A,A,A,A,A,A,A
1724,A,A,A,A,A,A,A,A,A,A
1725,A,A,A,A,A,A,A,A,A,A
1726,A,A,A,A,A,A,A,A,A,A
1727,A,A,A,A,A,A,A,A,A,A
1728,A,A,A,A,A,A,A,A,A,A
1729,A,A,A,A,A,A,A,A,A,A
1730,A,A,A,A,A,A,A,A,A,A
1731,A,A,A,A,A,A,A,A,A,A
1732,A,A,A,A,A,A,A,A,A,A
1733,A,A,A,A,A,A,A,A,A,A
1734,A,A,A,A,A,A,A,A,A,A
1735,A,A,A,A,A,A,A,A,A,A
1736,A,A,A,A,A,A,A,A,A,A
1737,A,A,A,A,A,A,A,A,A,A
1738,A,A,A,A,A,A,A,A,A,A
1739,A,A,A,A,A,A,A,A,A,A
1740,A,A,A,A,A,A,A,A,A,A
1741,A,A,A,A,A,A,A,A,A,A
1742,A,A,A,A,A,A,A,A,A,A
1743,A,A,A,A,A,A,A,A,A,A
1744,A,A,A,A,A,A,A,A,A,A
1745,A,A,A,A,A,A,A,A,A,A
1746,A,A,A,A,A,A,A,A,A,A
1747,A,A,A,A,A,A,A,A,A,A
1748,A,A,A,A,A,A,A,A,A,A
1749,A,A,A,A,A,A,A,A,A,A
1750,A,A,A,A,A,A,A,A,A,A
1751,A,A,A,A,A,A,A,A,A,A
1752,A,A,A,A,A,A,A,A,A,A
1753,A,A,A,A,A,A,A,A,A,A
1754,A,A,A,A,A,A,A,A,A,A
1755,A,A,A,A,A,A,A,A,A,A
1756,A,A,A,A,A,A,A,A,A,A
1757,A,A,A,A,A,A,A,A,A,A
1758,A,A,A,A,A,A,A,A,A,A
1759,A,A,A,A,A,A,A,A,A,A
1760,A,A,A,A,A,A,A,A,A,A
1761,A,A,A,A,A,A,A,A,A,A
1762,A,A,A,A,A,A,A,A,A,A
1763,A,A,A,A,A,A,A,A,A,A
1764,A,A,A,A,A,A,A,A,A,A
1765,A,A,A,A,A,A,A,A,A,A
1766,A,A,A,A,A,A,A,A,A,A
1767,A,A,A,A,A,A,A,A,A,A
1768,A,A,A,A,A,A,A,A,A,A
1769,A,A,A,A,A,A,A,A,A,A
1770,A,A,A,A,A,A,A,A,A,A
1771,A,A,A,A,A,A,A,A,A,A
1772,A,A,A,A,A,A,A,A,A,A
1773,A,A,A,A,A,A,A,A,A,A
1774,A,A,A,A,A,A,A,A,A,A
1775,A,A,A,A,A,A,A,A,A,A
1776,A,A,A,A,A,A,A,A,A,A
1777,A,A,A,A,A,A,A,A,A,A
1778,A,A,A,A,A,A,A,A,A,A
1779,A,A,A,A,A,A,A,A,A,A
1780,A,A,A,A,A,A,A,A,A,A
1781,A,A,A,A,A,A,A,A,A,A
1782,A,A,A,A,A,A,A,A,A,A
1783,A,A,A,A,A,A,A,A,A,A
1784,A,A,A,A,A,A,A,A,A,A
1785,A,A,A,A,A,A,A,A,A,A
1786,A,A,A,A,A,A,A,A,A,A
1787,A,A,A,A,A,A,A,A,A,A
1788,A,A,A,A,A,A,A,A,A,A
1789,A,A,A,A,A,A,A,A,A,A
1790,A,A,A,A,A,A,A,A,A,A
1791,A,A,A,A,A,A,A,A,A,A
1792,A,A,A,A,A,A,A,A,A,A
1793,A,A,A,A,A,A,A,A,A,A
1794,A,A,A,A,A,A,A,A,A,A
1795,A,A,A,A,A,A,A,A,A,A
1796,B,B,B,B,B,B,B,B,B,B
1797,A,A,A,A,A,A,A,A,A,A
1798,A,A,A,A,A,A,A,A,A,A
1799,A,A,A,A,A,A,A,A,A,A
1800,A,A,A,A,A,A,A,A,A,A
1801,A,A,A,A,A,A,A,A,A,A
1802,A,A,A,A,A,A,A,A,A,A
1803,A,A,A,A,A,A,A,A,A,A
1804,A,A,A,A,A,A,A,A,A,A
1805,A,A,A,A,A,A,A,A,A,A
1806,A,A,A,A,A,A,A,A,A,A
1807,A,A,A,A,A,A,A,A,A,A
1808,A,A,A,A,A,A,A,A,A,A
1809,A,A,A,A,A,A,A,A,A,A
1810,A,A,A,A,A,A,A,A,A,A
1811,A,A,A,A,A,A,A,A,A,A
1812,A,A,A,A,A,A,A,A,A,A
1813,A,A,A,A,A,A,A,A,A,A
1814,A,A,A,A,A,A,A,A,A,A
1815,A,A,A,A,A,A,A,A,A,A
1816,A,A,A,A,A,A,A,A,A,A
1817,A,A,A,A,A,A,A,A,A,A
1818,A,A,A,A,A,A,A,A,A,A
1819,A,A,A,A,A,A,A,A,A,A
1820,A,A,A,A,A,A,A,A,A,A
1821,A,A,A,A,A,A,A,A,A,A
1822,A,A,A,A,A,A,A,A,A,A
1823,L,L,L,L,L,L,L,L,L,L
1825,E,E,E,E,E,E,E,E,E,E
1828,C,C,C,C,C,C,C,C,C,C
1830,C,C,C,C,C,C,C,C,C,C
1831,L,L,L,L,L,L,L,L,L,L
1832,C,C,C,C,C,C,C,C,C,C
1833,C,C,C,C,C,C,C,C,C,C
1834,C,C,C,C,C,C,C,C,C,C
1835,C,C,C,C,C,C,C,C,C,C
1836,C,C,C,C,C,C,C,C,C,C
1837,C,C,C,C,C,C,C,C,C,C
1838,C,C,C,C,C,C,C,C,C,C
1839,C,C,C,C,C,C,C,C,C,C
1840,C,C,C,C,C,C,C,C,C,C
1841,C,C,C,C,C,C,C,C,C,C
1842,C,C,C,C,C,C,C,C,C,C
1843,C,C,C,C,C,C,C,C,C,C
1844,C,C,C,C,C,C,C,C,C,C
1845,C,C,C,C,C,C,C,C,C,C
1846,C,C,C,C,C,C,C,C,C,C
1847,C,C,C,C,C,C,C,C,C,C
1848,C,C,C,C,C,C,C,C,C,C
1849,C,C,C,C,C,C,C,C,C,C
1850,C,C,C,C,C,C,C,C,C,C
1851,C,C,C,C,C,C,C,C,C,C
1852,C,C,C,C,C,C,C,C,C,C
1853,C,C,C,C,C,C,C,C,C,C
1854,C,C,C,C,C,C,C,C,C,C
1855,C,C,C,C,C,C,C,C,C,C
1856,C,C,C,C,C,C,C,C,C,C
1857,C,C,C,C,C,C,C,C,C,C
1858,E,E,E,E,E,E,E,E,E,E
1859,E,E,E,E,E,E,E,E,E,E
1860,E,E,E,E,E,E,E,E,E,E
1861,E,E,E,E,E,E,E,E,E,E
1862,E,E,E,E,E,E,E,E,E,E
1863,E,E,E,E,E,E,E,E,E,E
1864,E,E,E,E,E,E,E,E,E,E
1865,E,E,E,E,E,E,E,E,E,E
1866,E,E,E,E,E,E,E,E,E,E
1867,E,E,E,E,E,E,E,E,E,E
1868,E,E,E,E,E,E,E,E,E,E
1869,E,E,E,E,E,E,E,E,E,E
1870,E,E,E,E,E,E,E,E,E,E
1871,E,E,E,E,E,E,E,E,E,E
1872,E,E,E,E,E,E,E,E,E,E
1873,E,E,E,E,E,E,E,E,E,E
1874,E,E,E,E,E,E,E,E,E,E
1875,H,H,H,H,H,H,H,H,H,H
1876,E,E,E,E,E,E,E,E,E,E
1877,E,E,E,E,E,E,E,E,E,E
1878,E,E,E,E,E,E,E,E,E,E
1879,J,J,J,J,J,J,J,J,J,J
1880,J,J,J,J,J,J,J,J,J,J
1881,A,A,A,A,A,A,A,A,A,A
1882,E,E,E,E,E,E,E,E,E,E
1883,A,A,A,A,A,A,A,A,A,A
1884,E,E,E,E,E,E,E,E,E,E
1885,E,E,E,E,E,E,E,E,E,E
1886,H,H,H,H,H,H,H,H,H,H
1887,E,E,E,E,E,E,E,E,E,E
1889,D,D,D,D,D,D,D,D,D,D
1890,B,B,B,B,B,B,B,B,B,B
1891,E,E,E,E,E,E,E,E,E,E
1892,E,E,E,E,E,E,E,E,E,E
1893,E,E,E,E,E,E,E,E,E,E
1894,E,E,E,E,E,E,E,E,E,E
1895,E,E,E,E,E,E,E,E,E,E
1896,L,L,L,L,L,L,L,L,L,L
1897,A,A,A,A,A,A,A,A,A,A
1898,A,A,A,A,A,A,A,A,A,A
1899,A,A,A,A,A,A,A,A,A,A
1900,A,A,A,A,A,A,A,A,A,A
1901,A,A,A,A,A,A,A,A,A,A
1902,E,E,E,E,E,E,E,E,E,E
1903,E,E,E,E,E,E,E,E,E,E
1904,A,A,A,A,A,A,A,A,A,A
1905,A,A,A,A,A,A,A,A,A,A
1906,E,E,E,E,E,E,E,E,E,E
1907,E,E,E,E,E,E,E,E,E,E
1908,E,E,E,E,E,E,E,E,E,E
1909,E,E,E,E,E,E,E,E,E,E
1910,E,E,E,E,E,E,E,E,E,E
1911,E,E,E,E,E,E,E,E,E,E
1912,E,E,E,E,E,E,E,E,E,E
1913,E,E,E,E,E,E,E,E,E,E
1914,E,E,E,E,E,E,E,E,E,E
1915,L,L,L,L,L,L,L,L,L,L
1916,E,E,E,E,E,E,E,E,E,E
1917,E,E,E,E,E,E,E,E,E,E
1918,E,E,E,E,E,E,E,E,E,E
1919,E,E,E,E,E,E,E,E,E,E
1920,E,E,E,E,E,E,E,E,E,E
1921,C,C,C,C,C,C,C,C,C,C
1923,E,E,E,E,E,E,E,E,E,E
1924,C,C,C,C,C,C,C,E,E,E
1925,C,C,C,C,C,C,C,C,C,C
1928,E,#N/A,E,E,E,E,E,E,E,E
1930,E,#N/A,E,E,E,E,E,E,E,E
1933,E,E,E,E,E,E,E,E,E,E
1936,E,E,E,E,E,E,E,E,E,E
1939,E,#N/A,E,E,E,E,E,E,E,E
1940,E,E,E,E,E,E,E,E,E,E
1941,A,#N/A,A,A,A,A,A,A,A,A
1942,A,#N/A,A,A,A,A,A,A,A,A
1944,B,#N/A,B,B,B,B,B,B,B,B
1945,A,#N/A,A,A,#N/A,A,#N/A,A,A,A
1946,E,#N/A,E,E,#N/A,E,#N/A,E,E,E
1947,E,#N/A,E,E,#N/A,E,#N/A,E,E,E
1948,E,#N/A,E,E,#N/A,E,#N/A,E,E,E
1949,A,#N/A,A,A,A,A,A,A,A,A
1951,E,#N/A,E,E,#N/A,E,#N/A,E,E,E
1952,E,#N/A,E,E,#N/A,E,#N/A,E,E,E
1953,E,#N/A,E,E,#N/A,E,#N/A,E,E,E
1954,E,#N/A,E,E,#N/A,E,#N/A,E,E,E
1957,E,E,E,E,E,E,E,E,E,E
1958,I,I,#N/A,I,I,I,I,I,I,I
1959,B,B,B,B,B,B,B,B,B,B
1961,B,B,B,B,B,B,B,B,B,B
1963,B,B,B,B,B,B,B,B,B,B
1965,B,B,B,B,B,B,B,B,B,B
1967,B,B,B,B,B,B,B,B,B,B
1969,B,B,B,B,B,B,B,B,B,B
1996,I,I,I,I,I,I,I,I,I,I
1997,A,A,A,A,A,A,A,A,A,A
1998,A,A,A,A,A,A,A,A,A,A
1999,A,A,A,A,A,A,A,A,A,A
2000,A,A,A,A,A,A,A,A,A,A
2001,A,A,A,A,A,A,A,A,A,A
2002,A,A,A,A,A,A,A,A,A,A
2003,A,A,A,A,A,A,A,A,A,A
2004,A,A,A,A,A,A,A,A,A,A
2005,A,A,A,A,A,A,A,A,A,A
2006,A,A,A,A,A,A,A,A,A,A
2007,A,A,A,A,A,A,A,A,A,A
2008,A,A,A,A,A,A,A,A,A,A
2009,A,A,A,A,A,A,A,A,A,A
2010,A,A,A,A,A,A,A,A,A,A
2011,A,A,A,A,A,A,A,A,A,A
2012,A,A,A,A,A,A,A,A,A,A
2013,A,A,A,A,A,A,A,A,A,A
2014,A,A,A,A,A,A,A,A,A,A
2015,A,A,A,A,A,A,A,A,A,A
2016,A,A,A,A,A,A,A,A,A,A
2017,A,A,A,A,A,A,A,A,A,A
2018,A,A,A,A,A,A,A,A,A,A
2019,A,A,A,A,A,A,A,A,A,A
2020,A,A,A,A,A,A,A,A,A,A
2021,A,A,A,A,A,A,A,A,A,A
2022,A,A,A,A,A,A,A,A,A,A
2023,A,A,A,A,A,A,A,A,A,A
2024,A,A,A,A,A,A,A,A,A,A
2025,A,A,A,A,A,A,A,A,A,A
2026,A,A,A,A,A,A,A,A,A,A
2027,A,A,A,A,A,A,A,A,A,A
2028,A,A,A,A,A,A,A,A,A,A
2029,A,A,A,A,A,A,A,A,A,A
2030,A,A,A,A,A,A,A,A,A,A
2031,A,A,A,A,A,A,A,A,A,A
2032,A,A,A,A,A,A,A,A,A,A
2033,A,A,A,A,A,A,A,A,A,A
2034,A,A,A,A,A,A,A,A,A,A
2035,A,A,A,A,A,A,A,A,A,A
2036,A,A,A,A,A,A,A,A,A,A
2037,A,A,A,A,A,A,A,A,A,A
2038,A,A,A,A,A,A,A,A,A,A
2039,A,A,A,A,A,A,A,A,A,A
2040,A,A,A,A,A,A,A,A,A,A
2041,A,A,A,A,A,A,A,A,A,A
2042,A,A,A,A,A,A,A,A,A,A
2043,A,A,A,A,A,A,A,A,A,A
2044,A,A,A,A,A,A,A,A,A,A
2045,A,A,A,A,A,A,A,A,A,A
2046,A,A,A,A,A,A,A,A,A,A
2047,A,A,A,A,A,A,A,A,A,A
2048,A,A,A,A,A,A,A,A,A,A
2049,A,A,A,A,A,A,A,A,A,A
2050,A,A,A,A,A,A,A,A,A,A
2051,A,A,A,A,A,A,A,A,A,A
2052,A,A,A,A,A,A,A,A,A,A
2053,A,A,A,A,A,A,A,A,A,A
2054,A,A,A,A,A,A,A,A,A,A
2055,A,A,A,A,A,A,A,A,A,A
2056,A,A,A,A,A,A,A,A,A,A
2057,A,A,A,A,A,A,A,A,A,A
2058,A,A,A,A,A,A,A,A,A,A
2059,A,A,A,A,A,A,A,A,A,A
2060,A,A,A,A,A,A,A,A,A,A
2061,A,A,A,A,A,A,A,A,A,A
2062,A,A,A,A,A,A,A,A,A,A
2063,A,A,A,A,A,A,A,A,A,A
2064,A,A,A,A,A,A,A,A,A,A
2065,A,A,A,A,A,A,A,A,A,A
2066,A,A,A,A,A,A,A,A,A,A
2067,A,A,A,A,A,A,A,A,A,A
2068,A,A,A,A,A,A,A,A,A,A
2069,A,A,A,A,A,A,A,A,A,A
2070,A,A,A,A,A,A,A,A,A,A
2071,A,A,A,A,A,A,A,A,A,A
2072,A,A,A,A,A,A,A,A,A,A
2073,A,A,A,A,A,A,A,A,A,A
2074,A,A,A,A,A,A,A,A,A,A
2075,A,A,A,A,A,A,A,A,A,A
2076,A,A,A,A,A,A,A,A,A,A
2077,A,A,A,A,A,A,A,A,A,A
2078,A,A,A,A,A,A,A,A,A,A
2079,A,A,A,A,A,A,A,A,A,A
2080,A,A,A,A,A,A,A,A,A,A
2081,A,A,A,A,A,A,A,A,A,A
2082,A,A,A,A,A,A,A,A,A,A
2083,A,A,A,A,A,A,A,A,A,A
2084,A,A,A,A,A,A,A,A,A,A
2085,A,A,A,A,A,A,A,A,A,A
2086,A,A,A,A,A,A,A,A,A,A
2087,A,A,A,A,A,A,A,A,A,A
2088,A,A,A,A,A,A,A,A,A,A
2089,A,A,A,A,A,A,A,A,A,A
2090,A,A,A,A,A,A,A,A,A,A
2091,A,A,A,A,A,A,A,A,A,A
2092,A,A,A,A,A,A,A,A,A,A
2093,A,A,A,A,A,A,A,A,A,A
2094,A,A,A,A,A,A,A,A,A,A
2095,A,A,A,A,A,A,A,A,A,A
2096,A,A,A,A,A,A,A,A,A,A
2097,A,A,A,A,A,A,A,A,A,A
2098,A,A,A,A,A,A,A,A,A,A
2099,A,A,A,A,A,A,A,A,A,A
2100,A,A,A,A,A,A,A,A,A,A
2101,A,A,A,A,A,A,A,A,A,A
2102,A,A,A,A,A,A,A,A,A,A
2103,A,A,A,A,A,A,A,A,A,A
2104,A,A,A,A,A,A,A,A,A,A
2105,A,A,A,A,A,A,A,A,A,A
2106,A,A,A,A,A,A,A,A,A,A
2107,A,A,A,A,A,A,A,A,A,A
2108,A,A,A,A,A,A,A,A,A,A
2109,A,A,A,A,A,A,A,A,A,A
2110,A,A,A,A,A,A,A,A,A,A
2111,A,A,A,A,A,A,A,A,A,A
2112,A,A,A,A,A,A,A,A,A,A
2113,A,A,A,A,A,A,A,A,A,A
2114,A,A,A,A,A,A,A,A,A,A
2115,A,A,A,A,A,A,A,A,A,A
2116,A,A,A,A,A,A,A,A,A,A
2117,A,A,A,A,A,A,A,A,A,A
2118,A,A,A,A,A,A,A,A,A,A
2119,A,A,A,A,A,A,A,A,A,A
2120,A,A,A,A,A,A,A,A,A,A
2121,A,A,A,A,A,A,A,A,A,A
2122,A,A,A,A,A,A,A,A,A,A
2123,A,A,A,A,A,A,A,A,A,A
2124,A,A,A,A,A,A,A,A,A,A
2125,A,A,A,A,A,A,A,A,A,A
2126,A,A,A,A,A,A,A,A,A,A
2127,A,A,A,A,A,A,A,A,A,A
2128,A,A,A,A,A,A,A,A,A,A
2129,A,A,A,A,A,A,A,A,A,A
2130,A,A,A,A,A,A,A,A,A,A
2131,A,A,A,A,A,A,A,A,A,A
2132,A,A,A,A,A,A,A,A,A,A
2133,A,A,A,A,A,A,A,A,A,A
2134,A,A,A,A,A,A,A,A,A,A
2135,A,A,A,A,A,A,A,A,A,A
2136,A,A,A,A,A,A,A,A,A,A
2137,A,A,A,A,A,A,A,A,A,A
2138,A,A,A,A,A,A,A,A,A,A
2139,A,A,A,A,A,A,A,A,A,A
2140,A,A,A,A,A,A,A,A,A,A
2141,A,A,A,A,A,A,A,A,A,A
2142,A,A,A,A,A,A,A,A,A,A
2143,A,A,A,A,A,A,A,A,A,A
2144,A,A,A,A,A,A,A,A,A,A
2145,A,A,A,A,A,A,A,A,A,A
2146,A,A,A,A,A,A,A,A,A,A
2147,A,A,A,A,A,A,A,A,A,A
2148,A,A,A,A,A,A,A,A,A,A
2149,A,A,A,A,A,A,A,A,A,A
2150,A,A,A,A,A,A,A,A,A,A
2151,A,A,A,A,A,A,A,A,A,A
2152,A,A,A,A,A,A,A,A,A,A
2153,A,A,A,A,A,A,A,A,A,A
2154,A,A,A,A,A,A,A,A,A,A
2155,A,A,A,A,A,A,A,A,A,A
2156,A,A,A,A,A,A,A,A,A,A
2157,I,I,I,I,I,I,I,I,I,I
2158,L,L,L,L,L,L,L,L,L,L
2159,A,A,A,A,A,A,A,A,A,A
2160,A,A,A,A,A,A,A,A,A,A
2161,A,A,A,A,A,A,A,A,A,A
2162,A,A,A,A,A,A,A,A,A,A
2163,A,A,A,A,A,A,A,A,A,A
2164,A,A,A,A,A,A,A,A,A,A
2165,A,A,A,A,A,A,A,A,A,A
2166,A,A,A,A,A,A,A,A,A,A
2167,A,A,A,A,A,A,A,A,A,A
2168,A,A,A,A,A,A,A,A,A,A
2169,A,A,A,A,A,A,A,A,A,A
2170,A,A,A,A,A,A,A,A,A,A
2171,A,A,A,A,A,A,A,A,A,A
2172,A,A,A,A,A,A,A,A,A,A
2173,A,A,A,A,A,A,A,A,A,A
2174,A,A,A,A,A,A,A,A,A,A
2175,A,A,A,A,A,A,A,A,A,A
2176,A,A,A,A,A,A,A,A,A,A
2177,A,A,A,A,A,A,A,A,A,A
2178,A,A,A,A,A,A,A,A,A,A
2179,A,A,A,A,A,A,A,A,A,A
2180,A,A,A,A,A,A,A,A,A,A
2181,A,A,A,A,A,A,A,A,A,A
2182,A,A,A,A,A,A,A,A,A,A
2183,A,A,A,A,A,A,A,A,A,A
2184,A,A,A,A,A,A,A,A,A,A
2185,A,A,A,A,A,A,A,A,A,A
2186,A,A,A,A,A,A,A,A,A,A
2187,A,A,A,A,A,A,A,A,A,A
2188,A,A,A,A,A,A,A,A,A,A
2189,A,A,A,A,A,A,A,A,A,A
2190,A,A,A,A,A,A,A,A,A,A
2191,A,A,A,A,A,A,A,A,A,A
2192,A,A,A,A,A,A,A,A,A,A
2193,A,A,A,A,A,A,A,A,A,A
2194,A,A,A,A,A,A,A,A,A,A
2195,A,A,A,A,A,A,A,A,A,A
2196,A,A,A,A,A,A,A,A,A,A
2197,A,A,A,A,A,A,A,A,A,A
2198,A,A,A,A,A,A,A,A,A,A
2199,A,A,A,A,A,A,A,A,A,A
2200,A,A,A,A,A,A,A,A,A,A
2201,A,A,A,A,A,A,A,A,A,A
2202,L,L,L,L,L,L,L,L,L,L
2203,A,A,A,A,A,A,A,A,A,A
2204,A,A,A,A,A,A,A,A,A,A
2205,A,A,A,A,A,A,A,A,A,A
2206,A,A,A,A,A,A,A,A,A,A
2207,A,A,A,A,A,A,A,A,A,A
2208,A,A,A,A,A,A,A,A,A,A
2209,A,A,A,A,A,A,A,A,A,A
2210,A,A,A,A,A,A,A,A,A,A
2211,A,A,A,A,A,A,A,A,A,A
2212,A,A,A,A,A,A,A,A,A,A
2213,A,A,A,A,A,A,A,A,A,A
2214,A,A,A,A,A,A,A,A,A,A
2215,A,A,A,A,A,A,A,A,A,A
2216,A,A,A,A,A,A,A,A,A,A
2217,A,A,A,A,A,A,A,A,A,A
2218,A,A,A,A,A,A,A,A,A,A
2219,A,A,A,A,A,A,A,A,A,A
2220,A,A,A,A,A,A,A,A,A,A
2221,A,A,A,A,A,A,A,A,A,A
2222,A,A,A,A,A,A,A,A,A,A
2223,A,A,A,A,A,A,A,A,A,A
2224,A,A,A,A,A,A,A,A,A,A
2225,A,A,A,A,A,A,A,A,A,A
2226,A,A,A,A,A,A,A,A,A,A
2227,A,A,A,A,A,A,A,A,A,A
2228,A,A,A,A,A,A,A,A,A,A
2229,A,A,A,A,A,A,A,A,A,A
2230,A,A,A,A,A,A,A,A,A,A
2231,A,A,A,A,A,A,A,A,A,A
2232,A,A,A,A,A,A,A,A,A,A
2233,A,A,A,A,A,A,A,A,A,A
2234,A,A,A,A,A,A,A,A,A,A
2235,A,A,A,A,A,A,A,A,A,A
2236,A,A,A,A,A,A,A,A,A,A
2237,A,A,A,A,A,A,A,A,A,A
2238,A,A,A,A,A,A,A,A,A,A
2239,A,A,A,A,A,A,A,A,A,A
2240,A,A,A,A,A,A,A,A,A,A
2241,A,A,A,A,A,A,A,A,A,A
2242,A,A,A,A,A,A,A,A,A,A
2243,A,A,A,A,A,A,A,A,A,A
2244,A,A,A,A,A,A,A,A,A,A
2245,A,A,A,A,A,A,A,A,A,A
2246,A,A,A,A,A,A,A,A,A,A
2247,A,A,A,A,A,A,A,A,A,A
2248,A,A,A,A,A,A,A,A,A,A
2249,A,A,A,A,A,A,A,A,A,A
2250,A,A,A,A,A,A,A,A,A,A
2251,A,A,A,A,A,A,A,A,A,A
2252,A,A,A,A,A,A,A,A,A,A
2253,A,A,A,A,A,A,A,A,A,A
2254,A,A,A,A,A,A,A,A,A,A
2255,A,A,A,A,A,A,A,A,A,A
2256,A,A,A,A,A,A,A,A,A,A
2257,A,A,A,A,A,A,A,A,A,A
2258,A,A,A,A,A,A,A,A,A,A
2259,A,A,A,A,A,A,A,A,A,A
2260,A,A,A,A,A,A,A,A,A,A
2261,A,A,A,A,A,A,A,A,A,A
2262,A,A,A,A,A,A,A,A,A,A
2263,A,A,A,A,A,A,A,A,A,A
2264,A,A,A,A,A,A,A,A,A,A
2265,A,A,A,A,A,A,A,A,A,A
2266,A,A,A,A,A,A,A,A,A,A
2267,A,A,A,A,A,A,A,A,A,A
2268,A,A,A,A,A,A,A,A,A,A
2269,A,A,A,A,A,A,A,A,A,A
2270,A,A,A,A,A,A,A,A,A,A
2271,A,A,A,A,A,A,A,A,A,A
2272,A,A,A,A,A,A,A,A,A,A
2273,A,A,A,A,A,A,A,A,A,A
2274,A,A,A,A,A,A,A,A,A,A
2275,A,A,A,A,A,A,A,A,A,A
2276,A,A,A,A,A,A,A,A,A,A
2277,A,A,A,A,A,A,A,A,A,A
2278,A,A,A,A,A,A,A,A,A,A
2279,A,A,A,A,A,A,A,A,A,A
2280,A,A,A,A,A,A,A,A,A,A
2281,A,A,A,A,A,A,A,A,A,A
2282,A,A,A,A,A,A,A,A,A,A
2283,A,A,A,A,A,A,A,A,A,A
2284,A,A,A,A,A,A,A,A,A,A
2285,A,A,A,A,A,A,A,A,A,A
2286,A,A,A,A,A,A,A,A,A,A
2287,A,A,A,A,A,A,A,A,A,A
2288,A,A,A,A,A,A,A,A,A,A
2289,A,A,A,A,A,A,A,A,A,A
2290,A,A,A,A,A,A,A,A,A,A
2291,A,A,A,A,A,A,A,A,A,A
2292,A,A,A,A,A,A,A,A,A,A
2293,A,A,A,A,A,A,A,A,A,A
2294,A,A,A,A,A,A,A,A,A,A
2295,A,A,A,A,A,A,A,A,A,A
2296,A,A,A,A,A,A,A,A,A,A
2297,A,A,A,A,A,A,A,A,A,A
2298,A,A,A,A,A,A,A,A,A,A
2299,A,A,A,A,A,A,A,A,A,A
2300,A,A,A,A,A,A,A,A,A,A
2301,A,A,A,A,A,A,A,A,A,A
2302,A,A,A,A,A,A,A,A,A,A
2303,A,A,A,A,A,A,A,A,A,A
2304,A,A,A,A,A,A,A,A,A,A
2305,A,A,A,A,A,A,A,A,A,A
2306,A,A,A,A,A,A,A,A,A,A
2307,A,A,A,A,A,A,A,A,A,A
2308,A,A,A,A,A,A,A,A,A,A
2309,A,A,A,A,A,A,A,A,A,A
2310,A,A,A,A,A,A,A,A,A,A
2311,L,L,L,L,L,L,L,L,L,L
2312,A,A,A,A,A,A,A,A,A,A
2313,A,A,A,A,A,A,A,A,A,A
2314,A,A,A,A,A,A,A,A,A,A
2315,A,A,A,A,A,A,A,A,A,A
2316,A,A,A,A,A,A,A,A,A,A
2317,A,A,A,A,A,A,A,A,A,A
2318,A,A,A,A,A,A,A,A,A,A
2319,A,A,A,A,A,A,A,A,A,A
2320,A,A,A,A,A,A,A,A,A,A
2321,A,A,A,A,A,A,A,A,A,A
2322,A,A,A,A,A,A,A,A,A,A
2323,A,A,A,A,A,A,A,A,A,A
2324,A,A,A,A,A,A,A,A,A,A
2325,A,A,A,A,A,A,A,A,A,A
2326,A,A,A,A,A,A,A,A,A,A
2327,A,A,A,A,A,A,A,A,A,A
2328,A,A,A,A,A,A,A,A,A,A
2329,A,A,A,A,A,A,A,A,A,A
2330,A,A,A,A,A,A,A,A,A,A
2331,A,A,A,A,A,A,A,A,A,A
2332,A,A,A,A,A,A,A,A,A,A
2333,A,A,A,A,A,A,A,A,A,A
2334,A,A,A,A,A,A,A,A,A,A
2335,A,A,A,A,A,A,A,A,A,A
2336,A,A,A,A,A,A,A,A,A,A
2337,A,A,A,A,A,A,A,A,A,A
2338,A,A,A,A,A,A,A,A,A,A
2339,A,A,A,A,A,A,A,A,A,A
2340,A,A,A,A,A,A,A,A,A,A
2341,A,A,A,A,A,A,A,A,A,A
2342,A,A,A,A,A,A,A,A,A,A
2343,A,A,A,A,A,A,A,A,A,A
2344,A,A,A,A,A,A,A,A,A,A
2345,A,A,A,A,A,A,A,A,A,A
2346,A,A,A,A,A,A,A,A,A,A
2347,A,A,A,A,A,A,A,A,A,A
2348,A,A,A,A,A,A,A,A,A,A
2349,A,A,A,A,A,A,A,A,A,A
2350,A,A,A,A,A,A,A,A,A,A
2351,A,A,A,A,A,A,A,A,A,A
2352,A,A,A,A,A,A,A,A,A,A
2353,A,A,A,A,A,A,A,A,A,A
2354,A,A,A,A,A,A,A,A,A,A
2355,A,A,A,A,A,A,A,A,A,A
2356,A,A,A,A,A,A,A,A,A,A
2357,A,A,A,A,A,A,A,A,A,A
2358,A,A,A,A,A,A,A,A,A,A
2359,A,A,A,A,A,A,A,A,A,A
2360,A,A,A,A,A,A,A,A,A,A
2361,A,A,A,A,A,A,A,A,A,A
2362,A,A,A,A,A,A,A,A,A,A
2363,A,A,A,A,A,A,A,A,A,A
2364,A,A,A,A,A,A,A,A,A,A
2365,A,A,A,A,A,A,A,A,A,A
2366,A,A,A,A,A,A,A,A,A,A
2367,A,A,A,A,A,A,A,A,A,A
2368,A,A,A,A,A,A,A,A,A,A
2369,A,A,A,A,A,A,A,A,A,A
2370,A,A,A,A,A,A,A,A,A,A
2371,A,A,A,A,A,A,A,A,A,A
2372,A,A,A,A,A,A,A,A,A,A
2373,A,A,A,A,A,A,A,A,A,A
2374,A,A,A,A,A,A,A,A,A,A
2375,A,A,A,A,A,A,A,A,A,A
2376,A,A,A,A,A,A,A,A,A,A
2377,A,A,A,A,A,A,A,A,A,A
2378,A,A,A,A,A,A,A,A,A,A
2379,A,A,A,A,A,A,A,A,A,A
2380,A,A,A,A,A,A,A,A,A,A
2381,A,A,A,A,A,A,A,A,A,A
2382,A,A,A,A,A,A,A,A,A,A
2383,A,A,A,A,A,A,A,A,A,A
2384,A,A,A,A,A,A,A,A,A,A
2385,A,A,A,A,A,A,A,A,A,A
2386,A,A,A,A,A,A,A,A,A,A
2387,A,A,A,A,A,A,A,A,A,A
2388,A,A,A,A,A,A,A,A,A,A
2389,A,A,A,A,A,A,A,A,A,A
2390,A,A,A,A,A,A,A,A,A,A
2391,A,A,A,A,A,A,A,A,A,A
2392,A,A,A,A,A,A,A,A,A,A
2393,A,A,A,A,A,A,A,A,A,A
2394,A,A,A,A,A,A,A,A,A,A
2395,A,A,A,A,A,A,A,A,A,A
2396,A,A,A,A,A,A,A,A,A,A
2397,A,A,A,A,A,A,A,A,A,A
2398,A,A,A,A,A,A,A,A,A,A
2399,A,A,A,A,A,A,A,A,A,A
2400,A,A,A,A,A,A,A,A,A,A
2401,A,A,A,A,A,A,A,A,A,A
2402,A,A,A,A,A,A,A,A,A,A
2403,A,A,A,A,A,A,A,A,A,A
2404,A,A,A,A,A,A,A,A,A,A
2405,A,A,A,A,A,A,A,A,A,A
2406,A,A,A,A,A,A,A,A,A,A
2407,A,A,A,A,A,A,A,A,A,A
2408,A,A,A,A,A,A,A,A,A,A
2409,A,A,A,A,A,A,A,A,A,A
2410,A,A,A,A,A,A,A,A,A,A
2411,A,A,A,A,A,A,A,A,A,A
2412,A,A,A,A,A,A,A,A,A,A
2413,A,A,A,A,A,A,A,A,A,A
2414,A,A,A,A,A,A,A,A,A,A
2415,B,B,B,B,B,B,B,B,B,B
2416,P,P,P,P,P,P,P,P,P,P
2417,P,P,P,P,P,P,P,P,P,P
2418,P,P,P,P,P,P,P,P,P,P
2419,P,P,P,P,P,P,P,P,P,P
2420,P,P,P,P,P,P,P,P,P,P
2421,P,P,P,P,P,P,P,P,P,P
2422,P,P,P,P,P,P,P,P,P,P
2423,P,P,P,P,P,P,P,P,P,P
2424,P,P,P,P,P,P,P,P,P,P
2425,P,P,P,P,P,P,P,P,P,P
2426,B,B,B,B,B,B,B,B,B,B
2427,B,B,B,B,B,B,B,B,B,B
2428,P,P,P,P,P,P,P,P,P,P
2429,P,P,P,P,P,P,P,P,P,P
2430,P,P,P,P,P,P,P,P,P,P
2431,P,P,P,P,P,P,P,P,P,P
2432,P,P,P,P,P,P,P,P,P,P
2433,P,P,P,P,P,P,P,P,P,P
2434,P,P,P,P,P,P,P,P,P,P
2435,P,P,P,P,P,P,P,P,P,P
2436,P,P,P,P,P,P,P,P,P,P
2437,P,P,P,P,P,P,P,P,P,P
2438,P,P,P,P,P,P,P,P,P,P
2439,P,P,P,P,P,P,P,P,P,P
2440,B,B,B,B,B,B,B,B,B,B
2441,I,I,I,I,I,I,I,I,I,I
2442,B,B,B,B,B,B,B,B,B,B
2443,P,P,P,P,P,P,P,P,P,P
2444,P,P,P,P,P,P,P,P,P,P
2445,P,P,P,P,P,P,P,P,P,P
2446,P,P,P,P,P,P,P,P,P,P
2447,P,P,P,P,P,P,P,P,P,P
2448,P,P,P,P,P,P,P,P,P,P
2449,B,B,B,B,B,B,B,B,B,B
2450,A,A,A,A,A,A,A,A,A,A
2451,A,A,A,A,A,A,A,A,A,A
2452,A,A,A,A,A,A,A,A,A,A
2453,A,A,A,A,A,A,A,A,A,A
2454,A,A,A,A,A,A,A,A,A,A
2455,A,A,A,A,A,A,A,A,A,A
2456,A,A,A,A,A,A,A,A,A,A
2457,A,A,A,A,A,A,A,A,A,A
2458,A,A,A,A,A,A,A,A,A,A
2459,A,A,A,A,A,A,A,A,A,A
2460,A,A,A,A,A,A,A,A,A,A
2461,A,A,A,A,A,A,A,A,A,A
2462,A,A,A,A,A,A,A,A,A,A
2463,A,A,A,A,A,A,A,A,A,A
2464,A,A,A,A,A,A,A,A,A,A
2465,A,A,A,A,A,A,A,A,A,A
2466,A,A,A,A,A,A,A,A,A,A
2467,A,A,A,A,A,A,A,A,A,A
2468,A,A,A,A,A,A,A,A,A,A
2469,A,A,A,A,A,A,A,A,A,A
2470,A,A,A,A,A,A,A,A,A,A
2471,A,A,A,A,A,A,A,A,A,A
2472,A,A,A,A,A,A,A,A,A,A
2473,A,A,A,A,A,A,A,A,A,A
2474,A,A,A,A,A,A,A,A,A,A
2475,A,A,A,A,A,A,A,A,A,A
2476,A,A,A,A,A,A,A,A,A,A
2477,A,A,A,A,A,A,A,A,A,A
2478,A,A,A,A,A,A,A,A,A,A
2479,A,A,A,A,A,A,A,A,A,A
2480,A,A,A,A,A,A,A,A,A,A
2481,A,A,A,A,A,A,A,A,A,A
2482,A,A,A,A,A,A,A,A,A,A
2483,A,A,A,A,A,A,A,A,A,A
2484,A,A,A,A,A,A,A,A,A,A
2485,A,A,A,A,A,A,A,A,A,A
2486,A,A,A,A,A,A,A,A,A,A
2487,A,A,A,A,A,A,A,A,A,A
2488,A,A,A,A,A,A,A,A,A,A
2489,A,A,A,A,A,A,A,A,A,A
2490,A,A,A,A,A,A,A,A,A,A
2491,A,A,A,A,A,A,A,A,A,A
2492,A,A,A,A,A,A,A,A,A,A
2493,A,A,A,A,A,A,A,A,A,A
2494,A,A,A,A,A,A,A,A,A,A
2495,A,A,A,A,A,A,A,A,A,A
2496,A,A,A,A,A,A,A,A,A,A
2497,A,A,A,A,A,A,A,A,A,A
2498,A,A,A,A,A,A,A,A,A,A
2499,A,A,A,A,A,A,A,A,A,A
2500,A,A,A,A,A,A,A,A,A,A
2501,A,A,A,A,A,A,A,A,A,A
2502,A,A,A,A,A,A,A,A,A,A
2503,A,A,A,A,A,A,A,A,A,A
2504,A,A,A,A,A,A,A,A,A,A
2505,A,A,A,A,A,A,A,A,A,A
2506,A,A,A,A,A,A,A,A,A,A
2507,I,I,I,I,I,I,I,I,I,I
2508,I,I,I,I,I,I,I,I,I,I
2509,A,A,A,A,A,A,A,A,A,A
2510,A,A,A,A,A,A,A,A,A,A
2511,A,A,A,A,A,A,A,A,A,A
2512,A,A,A,A,A,A,A,A,A,A
2513,A,A,A,A,A,A,A,A,A,A
2514,A,A,A,A,A,A,A,A,A,A
2515,A,A,A,A,A,A,A,A,A,A
2516,A,A,A,A,A,A,A,A,A,A
2517,A,A,A,A,A,A,A,A,A,A
2518,A,A,A,A,A,A,A,A,A,A
2519,A,A,A,A,A,A,A,A,A,A
2520,A,A,A,A,A,A,A,A,A,A
2521,A,A,A,A,A,A,A,A,A,A
2522,A,A,A,A,A,A,A,A,A,A
2523,A,A,A,A,A,A,A,A,A,A
2524,A,A,A,A,A,A,A,A,A,A
2525,A,A,A,A,A,A,A,A,A,A
2526,A,A,A,A,A,A,A,A,A,A
2527,A,A,A,A,A,A,A,A,A,A
2528,A,A,A,A,A,A,A,A,A,A
2529,A,A,A,A,A,A,A,A,A,A
2530,A,A,A,A,A,A,A,A,A,A
2531,A,A,A,A,A,A,A,A,A,A
2532,A,A,A,A,A,A,A,A,A,A
2533,A,A,A,A,A,A,A,A,A,A
2534,A,A,A,A,A,A,A,A,A,A
2535,A,A,A,A,A,A,A,A,A,A
2536,A,A,A,A,A,A,A,A,A,A
2537,A,A,A,A,A,A,A,A,A,A
2538,A,A,A,A,A,A,A,A,A,A
2539,A,A,A,A,A,A,A,A,A,A
2540,A,A,A,A,A,A,A,A,A,A
2541,A,A,A,A,A,A,A,A,A,A
2542,A,A,A,A,A,A,A,A,A,A
2543,A,A,A,A,A,A,A,A,A,A
2544,A,A,A,A,A,A,A,A,A,A
2545,A,A,A,A,A,A,A,A,A,A
2546,A,A,A,A,A,A,A,A,A,A
2547,A,A,A,A,A,A,A,A,A,A
2548,A,A,A,A,A,A,A,A,A,A
2549,A,A,A,A,A,A,A,A,A,A
2550,A,A,A,A,A,A,A,A,A,A
2551,A,A,A,A,A,A,A,A,A,A
2552,A,A,A,A,A,A,A,A,A,A
2553,A,A,A,A,A,A,A,A,A,A
2554,A,A,A,A,A,A,A,A,A,A
2555,A,A,A,A,A,A,A,A,A,A
2556,A,A,A,A,A,A,A,A,A,A
2557,A,A,A,A,A,A,A,A,A,A
2558,A,A,A,A,A,A,A,A,A,A
2559,A,A,A,A,A,A,A,A,A,A
2560,A,A,A,A,A,A,A,A,A,A
2561,A,A,A,A,A,A,A,A,A,A
2562,A,A,A,A,A,A,A,A,A,A
2563,A,A,A,A,A,A,A,A,A,A
2564,A,A,A,A,A,A,A,A,A,A
2565,A,A,A,A,A,A,A,A,A,A
2566,A,A,A,A,A,A,A,A,A,A
2567,A,A,A,A,A,A,A,A,A,A
2568,A,A,A,A,A,A,A,A,A,A
2569,A,A,A,A,A,A,A,A,A,A
2570,A,A,A,A,A,A,A,A,A,A
2571,A,A,A,A,A,A,A,A,A,A
2572,A,A,A,A,A,A,A,A,A,A
2573,A,A,A,A,A,A,A,A,A,A
2574,A,A,A,A,A,A,A,A,A,A
2575,A,A,A,A,A,A,A,A,A,A
2576,L,L,L,L,L,L,L,L,L,L
2577,A,A,A,A,A,A,A,A,A,A
2578,A,A,A,A,A,A,A,A,A,A
2579,A,A,A,A,A,A,A,A,A,A
2580,L,L,L,L,L,L,L,L,L,L
2581,A,A,A,A,A,A,A,A,A,A
2582,A,A,A,A,A,A,A,A,A,A
2583,A,A,A,A,A,A,A,A,A,A
2584,A,A,A,A,A,A,A,A,A,A
2585,A,A,A,A,A,A,A,A,A,A
2586,A,A,A,A,A,A,A,A,A,A
2587,A,A,A,A,A,A,A,A,A,A
2588,A,A,A,A,A,A,A,A,A,A
2589,A,A,A,A,A,A,A,A,A,A
2590,A,A,A,A,A,A,A,A,A,A
2591,A,A,A,A,A,A,A,A,A,A
2592,A,A,A,A,A,A,A,A,A,A
2593,A,A,A,A,A,A,A,A,A,A
2594,A,A,A,A,A,A,A,A,A,A
2595,A,A,A,A,A,A,A,A,A,A
2596,A,A,A,A,A,A,A,A,A,A
2597,A,A,A,A,A,A,A,A,A,A
2598,A,A,A,A,A,A,A,A,A,A
2599,A,A,A,A,A,A,A,A,A,A
2600,A,A,A,A,A,A,A,A,A,A
2601,A,A,A,A,A,A,A,A,A,A
2602,A,A,A,A,A,A,A,A,A,A
2603,A,A,A,A,A,A,A,A,A,A
2604,A,A,A,A,A,A,A,A,A,A
2605,A,A,A,A,A,A,A,A,A,A
2606,L,L,L,L,L,L,L,L,L,L
2607,A,A,A,A,A,A,A,A,A,A
2608,L,L,L,L,L,L,L,L,L,L
2609,A,A,A,A,A,A,A,A,A,A
2610,A,A,A,A,A,A,A,A,A,A
2611,A,A,A,A,A,A,A,A,A,A
2612,A,A,A,A,A,A,A,A,A,A
2613,A,A,A,A,A,A,A,A,A,A
2614,A,A,A,A,A,A,A,A,A,A
2615,A,A,A,A,A,A,A,A,A,A
2616,A,A,A,A,A,A,A,A,A,A
2617,A,A,A,A,A,A,A,A,A,A
2618,A,A,A,A,A,A,A,A,A,A
2619,A,A,A,A,A,A,A,A,A,A
2620,A,A,A,A,A,A,A,A,A,A
2621,A,A,A,A,A,A,A,A,A,A
2622,A,A,A,A,A,A,A,A,A,A
2623,A,A,A,A,A,A,A,A,A,A
2624,A,A,A,A,A,A,A,A,A,A
2625,A,A,A,A,A,A,A,A,A,A
2626,A,A,A,A,A,A,A,A,A,A
2627,A,A,A,A,A,A,A,A,A,A
2628,A,A,A,A,A,A,A,A,A,A
2629,A,A,A,A,A,A,A,A,A,A
2630,A,A,A,A,A,A,A,A,A,A
2631,A,A,A,A,A,A,A,A,A,A
2632,A,A,A,A,A,A,A,A,A,A
2633,A,A,A,A,A,A,A,A,A,A
2634,A,A,A,A,A,A,A,A,A,A
2635,A,A,A,A,A,A,A,A,A,A
2636,A,A,A,A,A,A,A,A,A,A
2637,A,A,A,A,A,A,A,A,A,A
2638,A,A,A,A,A,A,A,A,A,A
2639,A,A,A,A,A,A,A,A,A,A
2640,A,A,A,A,A,A,A,A,A,A
2641,A,A,A,A,A,A,A,A,A,A
2642,A,A,A,A,A,A,A,A,A,A
2643,A,A,A,A,A,A,A,A,A,A
2644,A,A,A,A,A,A,A,A,A,A
2645,A,A,A,A,A,A,A,A,A,A
2646,A,A,A,A,A,A,A,A,A,A
2647,A,A,A,A,A,A,A,A,A,A
2648,A,A,A,A,A,A,A,A,A,A
2649,A,A,A,A,A,A,A,A,A,A
2650,A,A,A,A,A,A,A,A,A,A
2651,A,A,A,A,A,A,A,A,A,A
2652,A,A,A,A,A,A,A,A,A,A
2653,A,A,A,A,A,A,A,A,A,A
2654,A,A,A,A,A,A,A,A,A,A
2655,A,A,A,A,A,A,A,A,A,A
2656,A,A,A,A,A,A,A,A,A,A
2657,A,A,A,A,A,A,A,A,A,A
2658,A,A,A,A,A,A,A,A,A,A
2659,A,A,A,A,A,A,A,A,A,A
2660,A,A,A,A,A,A,A,A,A,A
2661,A,A,A,A,A,A,A,A,A,A
2662,A,A,A,A,A,A,A,A,A,A
2663,A,A,A,A,A,A,A,A,A,A
2664,A,A,A,A,A,A,A,A,A,A
2665,A,A,A,A,A,A,A,A,A,A
2666,A,A,A,A,A,A,A,A,A,A
2667,A,A,A,A,A,A,A,A,A,A
2668,A,A,A,A,A,A,A,A,A,A
2669,A,A,A,A,A,A,A,A,A,A
2670,A,A,A,A,A,A,A,A,A,A
2671,A,A,A,A,A,A,A,A,A,A
2672,A,A,A,A,A,A,A,A,A,A
2673,A,A,A,A,A,A,A,A,A,A
2674,A,A,A,A,A,A,A,A,A,A
2675,A,A,A,A,A,A,A,A,A,A
2676,A,A,A,A,A,A,A,A,A,A
2677,A,A,A,A,A,A,A,A,A,A
2678,A,A,A,A,A,A,A,A,A,A
2679,A,A,A,A,A,A,A,A,A,A
2680,A,A,A,A,A,A,A,A,A,A
2681,A,A,A,A,A,A,A,A,A,A
2682,A,A,A,A,A,A,A,A,A,A
2683,A,A,A,A,A,A,A,A,A,A
2684,A,A,A,A,A,A,A,A,A,A
2685,A,A,A,A,A,A,A,A,A,A
2686,A,A,A,A,A,A,A,A,A,A
2687,A,A,A,A,A,A,A,A,A,A
2688,A,A,A,A,A,A,A,A,A,A
2689,A,A,A,A,A,A,A,A,A,A
2690,A,A,A,A,A,A,A,A,A,A
2691,A,A,A,A,A,A,A,A,A,A
2692,A,A,A,A,A,A,A,A,A,A
2693,A,A,A,A,A,A,A,A,A,A
2694,A,A,A,A,A,A,A,A,A,A
2695,A,A,A,A,A,A,A,A,A,A
2696,A,A,A,A,A,A,A,A,A,A
2697,A,A,A,A,A,A,A,A,A,A
2698,A,A,A,A,A,A,A,A,A,A
2699,A,A,A,A,A,A,A,A,A,A
2700,A,A,A,A,A,A,A,A,A,A
2701,A,A,A,A,A,A,A,A,A,A
2702,A,A,A,A,A,A,A,A,A,A
2703,A,A,A,A,A,A,A,A,A,A
2704,A,A,A,A,A,A,A,A,A,A
2705,A,A,A,A,A,A,A,A,A,A
2706,A,A,A,A,A,A,A,A,A,A
2707,A,A,A,A,A,A,A,A,A,A
2708,A,A,A,A,A,A,A,A,A,A
2709,A,A,A,A,A,A,A,A,A,A
2710,A,A,A,A,A,A,A,A,A,A
2711,A,A,A,A,A,A,A,A,A,A
2712,A,A,A,A,A,A,A,A,A,A
2713,A,A,A,A,A,A,A,A,A,A
2714,A,A,A,A,A,A,A,A,A,A
2715,A,A,A,A,A,A,A,A,A,A
2716,A,A,A,A,A,A,A,A,A,A
2717,A,A,A,A,A,A,A,A,A,A
2718,A,A,A,A,A,A,A,A,A,A
2719,A,A,A,A,A,A,A,A,A,A
2720,A,A,A,A,A,A,A,A,A,A
2721,A,A,A,A,A,A,A,A,A,A
2722,A,A,A,A,A,A,A,A,A,A
2723,A,A,A,A,A,A,A,A,A,A
2724,A,A,A,A,A,A,A,A,A,A
2725,A,A,A,A,A,A,A,A,A,A
2726,A,A,A,A,A,A,A,A,A,A
2727,A,A,A,A,A,A,A,A,A,A
2728,A,A,A,A,A,A,A,A,A,A
2729,A,A,A,A,A,A,A,A,A,A
2730,A,A,A,A,A,A,A,A,A,A
2731,A,A,A,A,A,A,A,A,A,A
2732,A,A,A,A,A,A,A,A,A,A
2733,A,A,A,A,A,A,A,A,A,A
2734,A,A,A,A,A,A,A,A,A,A
2735,A,A,A,A,A,A,A,A,A,A
2736,A,A,A,A,A,A,A,A,A,A
2737,A,A,A,A,A,A,A,A,A,A
2738,A,A,A,A,A,A,A,A,A,A
2739,A,A,A,A,A,A,A,A,A,A
2740,A,A,A,A,A,A,A,A,A,A
2741,A,A,A,A,A,A,A,A,A,A
2742,A,A,A,A,A,A,A,A,A,A
2743,A,A,A,A,A,A,A,A,A,A
2744,A,A,A,A,A,A,A,A,A,A
2745,A,A,A,A,A,A,A,A,A,A
2746,A,A,A,A,A,A,A,A,A,A
2747,A,A,A,A,A,A,A,A,A,A
2748,A,A,A,A,A,A,A,A,A,A
2749,A,A,A,A,A,A,A,A,A,A
2750,A,A,A,A,A,A,A,A,A,A
2751,A,A,A,A,A,A,A,A,A,A
2752,A,A,A,A,A,A,A,A,A,A
2753,A,A,A,A,A,A,A,A,A,A
2754,A,A,A,A,A,A,A,A,A,A
2755,A,A,A,A,A,A,A,A,A,A
2756,A,A,A,A,A,A,A,A,A,A
2757,A,A,A,A,A,A,A,A,A,A
2758,L,L,L,L,L,L,L,L,L,L
2759,A,A,A,A,A,A,A,A,A,A
2760,A,A,A,A,A,A,A,A,A,A
2761,A,A,A,A,A,A,A,A,A,A
2762,A,A,A,A,A,A,A,A,A,A
2763,L,L,L,L,L,L,L,L,L,L
2764,A,A,A,A,A,A,A,A,A,A
2765,A,A,A,A,A,A,A,A,A,A
2766,A,A,A,A,A,A,A,A,A,A
2767,A,A,A,A,A,A,A,A,A,A
2768,A,A,A,A,A,A,A,A,A,A
2769,A,A,A,A,A,A,A,A,A,A
2770,A,A,A,A,A,A,A,A,A,A
2771,A,A,A,A,A,A,A,A,A,A
2772,A,A,A,A,A,A,A,A,A,A
2773,A,A,A,A,A,A,A,A,A,A
2774,A,A,A,A,A,A,A,A,A,A
2775,A,A,A,A,A,A,A,A,A,A
2776,A,A,A,A,A,A,A,A,A,A
2777,A,A,A,A,A,A,A,A,A,A
2778,A,A,A,A,A,A,A,A,A,A
2779,A,A,A,A,A,A,A,A,A,A
2780,A,A,A,A,A,A,A,A,A,A
2781,A,A,A,A,A,A,A,A,A,A
2782,A,A,A,A,A,A,A,A,A,A
2783,A,A,A,A,A,A,A,A,A,A
2784,A,A,A,A,A,A,A,A,A,A
2785,A,A,A,A,A,A,A,A,A,A
2786,A,A,A,A,A,A,A,A,A,A
2787,A,A,A,A,A,A,A,A,A,A
2788,A,A,A,A,A,A,A,A,A,A
2789,A,A,A,A,A,A,A,A,A,A
2790,A,A,A,A,A,A,A,A,A,A
2791,A,A,A,A,A,A,A,A,A,A
2792,A,A,A,A,A,A,A,A,A,A
2793,A,A,A,A,A,A,A,A,A,A
2794,A,A,A,A,A,A,A,A,A,A
2795,A,A,A,A,A,A,A,A,A,A
2796,A,A,A,A,A,A,A,A,A,A
2797,A,A,A,A,A,A,A,A,A,A
2798,A,A,A,A,A,A,A,A,A,A
2799,A,A,A,A,A,A,A,A,A,A
2800,A,A,A,A,A,A,A,A,A,A
2801,A,A,A,A,A,A,A,A,A,A
2802,A,A,A,A,A,A,A,A,A,A
2803,A,A,A,A,A,A,A,A,A,A
2804,A,A,A,A,A,A,A,A,A,A
2805,A,A,A,A,A,A,A,A,A,A
2806,A,A,A,A,A,A,A,A,A,A
2807,A,A,A,A,A,A,A,A,A,A
2808,A,A,A,A,A,A,A,A,A,A
2809,A,A,A,A,A,A,A,A,A,A
2810,A,A,A,A,A,A,A,A,A,A
2811,A,A,A,A,A,A,A,A,A,A
2812,A,A,A,A,A,A,A,A,A,A
2813,A,A,A,A,A,A,A,A,A,A
2814,A,A,A,A,A,A,A,A,A,A
2815,A,A,A,A,A,A,A,A,A,A
2816,A,A,A,A,A,A,A,A,A,A
2817,A,A,A,A,A,A,A,A,A,A
2818,A,A,A,A,A,A,A,A,A,A
2819,A,A,A,A,A,A,A,A,A,A
2820,A,A,A,A,A,A,A,A,A,A
2821,A,A,A,A,A,A,A,A,A,A
2822,A,A,A,A,A,A,A,A,A,A
2823,A,A,A,A,A,A,A,A,A,A
2824,A,A,A,A,A,A,A,A,A,A
2825,A,A,A,A,A,A,A,A,A,A
2826,A,A,A,A,A,A,A,A,A,A
2827,A,A,A,A,A,A,A,A,A,A
2828,A,A,A,A,A,A,A,A,A,A
2829,A,A,A,A,A,A,A,A,A,A
2830,A,A,A,A,A,A,A,A,A,A
2831,A,A,A,A,A,A,A,A,A,A
2832,A,A,A,A,A,A,A,A,A,A
2833,A,A,A,A,A,A,A,A,A,A
2834,A,A,A,A,A,A,A,A,A,A
2835,A,A,A,A,A,A,A,A,A,A
2836,A,A,A,A,A,A,A,A,A,A
2837,A,A,A,A,A,A,A,A,A,A
2838,A,A,A,A,A,A,A,A,A,A
2839,A,A,A,A,A,A,A,A,A,A
2840,A,A,A,A,A,A,A,A,A,A
2841,A,A,A,A,A,A,A,A,A,A
2842,A,A,A,A,A,A,A,A,A,A
2843,A,A,A,A,A,A,A,A,A,A
2844,A,A,A,A,A,A,A,A,A,A
2845,A,A,A,A,A,A,A,A,A,A
2846,A,A,A,A,A,A,A,A,A,A
2847,A,A,A,A,A,A,A,A,A,A
2848,A,A,A,A,A,A,A,A,A,A
2849,A,A,A,A,A,A,A,A,A,A
2850,A,A,A,A,A,A,A,A,A,A
2851,A,A,A,A,A,A,A,A,A,A
2852,A,A,A,A,A,A,A,A,A,A
2853,A,A,A,A,A,A,A,A,A,A
2854,A,A,A,A,A,A,A,A,A,A
2855,A,A,A,A,A,A,A,A,A,A
2856,A,A,A,A,A,A,A,A,A,A
2857,A,A,A,A,A,A,A,A,A,A
2858,A,A,A,A,A,A,A,A,A,A
2859,A,A,A,A,A,A,A,A,A,A
2860,A,A,A,A,A,A,A,A,A,A
2861,A,A,A,A,A,A,A,A,A,A
2862,A,A,A,A,A,A,A,A,A,A
2863,A,A,A,A,A,A,A,A,A,A
2864,A,A,A,A,A,A,A,A,A,A
2865,A,A,A,A,A,A,A,A,A,A
2866,A,A,A,A,A,A,A,A,A,A
2867,A,A,A,A,A,A,A,A,A,A
2868,A,A,A,A,A,A,A,A,A,A
2869,A,A,A,A,A,A,A,A,A,A
2870,A,A,A,A,A,A,A,A,A,A
2871,A,A,A,A,A,A,A,A,A,A
2872,A,A,A,A,A,A,A,A,A,A
2873,A,A,A,A,A,A,A,A,A,A
2874,A,A,A,A,A,A,A,A,A,A
2875,A,A,A,A,A,A,A,A,A,A
2876,A,A,A,A,A,A,A,A,A,A
2877,A,A,A,A,A,A,A,A,A,A
2878,A,A,A,A,A,A,A,A,A,A
2879,A,A,A,A,A,A,A,A,A,A
2880,A,A,A,A,A,A,A,A,A,A
2881,A,A,A,A,A,A,A,A,A,A
2882,A,A,A,A,A,A,A,A,A,A
2883,A,A,A,A,A,A,A,A,A,A
2884,A,A,A,A,A,A,A,A,A,A
2885,A,A,A,A,A,A,A,A,A,A
2886,A,A,A,A,A,A,A,A,A,A
2887,A,A,A,A,A,A,A,A,A,A
2888,A,A,A,A,A,A,A,A,A,A
2889,A,A,A,A,A,A,A,A,A,A
2890,A,A,A,A,A,A,A,A,A,A
2891,A,A,A,A,A,A,A,A,A,A
2892,A,A,A,A,A,A,A,A,A,A
2893,A,A,A,A,A,A,A,A,A,A
2894,A,A,A,A,A,A,A,A,A,A
2895,A,A,A,A,A,A,A,A,A,A
2896,A,A,A,A,A,A,A,A,A,A
2897,A,A,A,A,A,A,A,A,A,A
2898,A,A,A,A,A,A,A,A,A,A
2899,A,A,A,A,A,A,A,A,A,A
2900,A,A,A,A,A,A,A,A,A,A
2901,A,A,A,A,A,A,A,A,A,A
2902,A,A,A,A,A,A,A,A,A,A
2903,A,A,A,A,A,A,A,A,A,A
2904,A,A,A,A,A,A,A,A,A,A
2905,A,A,A,A,A,A,A,A,A,A
2906,A,A,A,A,A,A,A,A,A,A
2907,A,A,A,A,A,A,A,A,A,A
2908,A,A,A,A,A,A,A,A,A,A
2909,A,A,A,A,A,A,A,A,A,A
2910,A,A,A,A,A,A,A,A,A,A
2911,A,A,A,A,A,A,A,A,A,A
2912,A,A,A,A,A,A,A,A,A,A
2913,A,A,A,A,A,A,A,A,A,A
2914,A,A,A,A,A,A,A,A,A,A
2915,A,A,A,A,A,A,A,A,A,A
2916,A,A,A,A,A,A,A,A,A,A
2917,A,A,A,A,A,A,A,A,A,A
2918,A,A,A,A,A,A,A,A,A,A
2919,A,A,A,A,A,A,A,A,A,A
2920,A,A,A,A,A,A,A,A,A,A
2921,A,A,A,A,A,A,A,A,A,A
2922,A,A,A,A,A,A,A,A,A,A
2923,A,A,A,A,A,A,A,A,A,A
2924,A,A,A,A,A,A,A,A,A,A
2925,A,A,A,A,A,A,A,A,A,A
2926,A,A,A,A,A,A,A,A,A,A
2927,A,A,A,A,A,A,A,A,A,A
2928,A,A,A,A,A,A,A,A,A,A
2929,A,A,A,A,A,A,A,A,A,A
2930,A,A,A,A,A,A,A,A,A,A
2931,A,A,A,A,A,A,A,A,A,A
2932,A,A,A,A,A,A,A,A,A,A
2933,A,A,A,A,A,A,A,A,A,A
2934,A,A,A,A,A,A,A,A,A,A
2935,A,A,A,A,A,A,A,A,A,A
2936,A,A,A,A,A,A,A,A,A,A
2937,A,A,A,A,A,A,A,A,A,A
2938,A,A,A,A,A,A,A,A,A,A
2939,A,A,A,A,A,A,A,A,A,A
2940,A,A,A,A,A,A,A,A,A,A
2941,A,A,A,A,A,A,A,A,A,A
2942,A,A,A,A,A,A,A,A,A,A
2943,A,A,A,A,A,A,A,A,A,A
2944,A,A,A,A,A,A,A,A,A,A
2945,A,A,A,A,A,A,A,A,A,A
2946,A,A,A,A,A,A,A,A,A,A
2947,A,A,A,A,A,A,A,A,A,A
2948,A,A,A,A,A,A,A,A,A,A
2949,A,A,A,A,A,A,A,A,A,A
2950,A,A,A,A,A,A,A,A,A,A
2951,A,A,A,A,A,A,A,A,A,A
2952,A,A,A,A,A,A,A,A,A,A
2953,A,A,A,A,A,A,A,A,A,A
2954,A,A,A,A,A,A,A,A,A,A
2955,A,A,A,A,A,A,A,A,A,A
2956,A,A,A,A,A,A,A,A,A,A
2957,A,A,A,A,A,A,A,A,A,A
2958,A,A,A,A,A,A,A,A,A,A
2959,A,A,A,A,A,A,A,A,A,A
2961,A,A,A,A,A,A,A,A,A,A
2964,A,A,A,A,A,A,A,A,A,A
2967,A,A,A,A,A,A,A,A,A,A
2968,I,I,I,I,I,I,I,I,I,I
2970,A,A,A,A,A,A,A,A,A,A
2973,A,A,A,A,A,A,A,A,A,A
2976,A,A,A,A,A,A,A,A,A,A
2978,A,A,A,A,A,A,A,A,A,A
2981,A,A,A,A,A,A,A,A,A,A
2982,A,A,A,A,A,A,A,A,A,A
2983,A,A,A,A,A,A,A,A,A,A
2984,A,A,A,A,A,A,A,A,A,A
2985,A,A,A,A,A,A,A,A,A,A
2986,A,A,A,A,A,A,A,A,A,A
2987,A,A,A,A,A,A,A,A,A,A
2988,A,A,A,A,A,A,A,A,A,A
2989,A,A,A,A,A,A,A,A,A,A
2990,A,A,A,A,A,A,A,A,A,A
2991,A,A,A,A,A,A,A,A,A,A
2992,A,A,A,A,A,A,A,A,A,A
2993,A,A,A,A,A,A,A,A,A,A
2994,A,A,A,A,A,A,A,A,A,A
2995,A,A,A,A,A,A,A,A,A,A
2996,A,A,A,A,A,A,A,A,A,A
2997,A,A,A,A,A,A,A,A,A,A
2998,A,A,A,A,A,A,A,A,A,A
2999,A,A,A,A,A,A,A,A,A,A
3000,A,A,A,A,A,A,A,A,A,A
3001,A,A,A,A,A,A,A,A,A,A
3002,A,A,A,A,A,A,A,A,A,A
3003,A,A,A,A,A,A,A,A,A,A
3004,A,A,A,A,A,A,A,A,A,A
3005,A,A,A,A,A,A,A,A,A,A
3006,A,A,A,A,A,A,A,A,A,A
3007,A,A,A,A,A,A,A,A,A,A
3008,A,A,A,A,A,A,A,A,A,A
3009,A,A,A,A,A,A,A,A,A,A
3010,A,A,A,A,A,A,A,A,A,A
3011,A,A,A,A,A,A,A,A,A,A
3012,A,A,A,A,A,A,A,A,A,A
3013,A,A,A,A,A,A,A,A,A,A
3014,A,A,A,A,A,A,A,A,A,A
3015,A,A,A,A,A,A,A,A,A,A
3016,A,A,A,A,A,A,A,A,A,A
3017,A,A,A,A,A,A,A,A,A,A
3018,A,A,A,A,A,A,A,A,A,A
3019,A,A,A,A,A,A,A,A,A,A
3020,A,A,A,A,A,A,A,A,A,A
3021,A,A,A,A,A,A,A,A,A,A
3022,A,A,A,A,A,A,A,A,A,A
3023,A,A,A,A,A,A,A,A,A,A
3024,A,A,A,A,A,A,A,A,A,A
3025,A,A,A,A,A,A,A,A,A,A
3026,A,A,A,A,A,A,A,A,A,A
3027,A,A,A,A,A,A,A,A,A,A
3028,A,A,A,A,A,A,A,A,A,A
3029,A,A,A,A,A,A,A,A,A,A
3030,A,A,A,A,A,A,A,A,A,A
3031,A,A,A,A,A,A,A,A,A,A
3032,A,A,A,A,A,A,A,A,A,A
3033,A,A,A,A,A,A,A,A,A,A
3034,A,A,A,A,A,A,A,A,A,A
3035,A,A,A,A,A,A,A,A,A,A
3036,A,A,A,A,A,A,A,A,A,A
3037,A,A,A,A,A,A,A,A,A,A
3038,A,A,A,A,A,A,A,A,A,A
3039,A,A,A,A,A,A,A,A,A,A
3040,A,A,A,A,A,A,A,A,A,A
3041,A,A,A,A,A,A,A,A,A,A
3042,A,A,A,A,A,A,A,A,A,A
3043,A,A,A,A,A,A,A,A,A,A
3044,A,A,A,A,A,A,A,A,A,A
3045,A,A,A,A,A,A,A,A,A,A
3046,A,A,A,A,A,A,A,A,A,A
3047,A,A,A,A,A,A,A,A,A,A
3048,A,A,A,A,A,A,A,A,A,A
3049,A,A,A,A,A,A,A,A,A,A
3050,A,A,A,A,A,A,A,A,A,A
3051,A,A,A,A,A,A,A,A,A,A
3052,A,A,A,A,A,A,A,A,A,A
3053,A,A,A,A,A,A,A,A,A,A
3054,A,A,A,A,A,A,A,A,A,A
3055,A,A,A,A,A,A,A,A,A,A
3056,A,A,A,A,A,A,A,A,A,A
3057,A,A,A,A,A,A,A,A,A,A
3058,A,A,A,A,A,A,A,A,A,A
3059,A,A,A,A,A,A,A,A,A,A
3060,A,A,A,A,A,A,A,A,A,A
3061,A,A,A,A,A,A,A,A,A,A
3062,A,A,A,A,A,A,A,A,A,A
3063,A,A,A,A,A,A,A,A,A,A
3064,A,A,A,A,A,A,A,A,A,A
3065,A,A,A,A,A,A,A,A,A,A
3066,A,A,A,A,A,A,A,A,A,A
3067,A,A,A,A,A,A,A,A,A,A
3068,A,A,A,A,A,A,A,A,A,A
3069,A,A,A,A,A,A,A,A,A,A
3070,A,A,A,A,A,A,A,A,A,A
3071,A,A,A,A,A,A,A,A,A,A
3072,A,A,A,A,A,A,A,A,A,A
3073,A,A,A,A,A,A,A,A,A,A
3074,A,A,A,A,A,A,A,A,A,A
3075,A,A,A,A,A,A,A,A,A,A
3076,A,A,A,A,A,A,A,A,A,A
3077,A,A,A,A,A,A,A,A,A,A
3078,A,A,A,A,A,A,A,A,A,A
3079,A,A,A,A,A,A,A,A,A,A
3080,A,A,A,A,A,A,A,A,A,A
3081,A,A,A,A,A,A,A,A,A,A
3082,A,A,A,A,A,A,A,A,A,A
3083,A,A,A,A,A,A,A,A,A,A
3084,A,A,A,A,A,A,A,A,A,A
3085,A,A,A,A,A,A,A,A,A,A
3086,A,A,A,A,A,A,A,A,A,A
3087,A,A,A,A,A,A,A,A,A,A
3088,A,A,A,A,A,A,A,A,A,A
3089,A,A,A,A,A,A,A,A,A,A
3090,A,A,A,A,A,A,A,A,A,A
3091,A,A,A,A,A,A,A,A,A,A
3092,A,A,A,A,A,A,A,A,A,A
3093,A,A,A,A,A,A,A,A,A,A
3094,A,A,A,A,A,A,A,A,A,A
3095,A,A,A,A,A,A,A,A,A,A
3096,A,A,A,A,A,A,A,A,A,A
3097,A,A,A,A,A,A,A,A,A,A
3098,A,A,A,A,A,A,A,A,A,A
3099,A,A,A,A,A,A,A,A,A,A
3100,A,A,A,A,A,A,A,A,A,A
3101,A,A,A,A,A,A,A,A,A,A
3102,A,A,A,A,A,A,A,A,A,A
3103,A,A,A,A,A,A,A,A,A,A
3104,A,A,A,A,A,A,A,A,A,A
3105,A,A,A,A,A,A,A,A,A,A
3106,A,A,A,A,A,A,A,A,A,A
3107,A,A,A,A,A,A,A,A,A,A
3108,A,A,A,A,A,A,A,A,A,A
3109,A,A,A,A,A,A,A,A,A,A
3110,A,A,A,A,A,A,A,A,A,A
3111,A,A,A,A,A,A,A,A,A,A
3112,A,A,A,A,A,A,A,A,A,A
3113,A,A,A,A,A,A,A,A,A,A
3114,A,A,A,A,A,A,A,A,A,A
3115,A,A,A,A,A,A,A,A,A,A
3116,A,A,A,A,A,A,A,A,A,A
3117,A,A,A,A,A,A,A,A,A,A
3118,A,A,A,A,A,A,A,A,A,A
3119,A,A,A,A,A,A,A,A,A,A
3120,A,A,A,A,A,A,A,A,A,A
3121,A,A,A,A,A,A,A,A,A,A
3122,A,A,A,A,A,A,A,A,A,A
3123,A,A,A,A,A,A,A,A,A,A
3124,A,A,A,A,A,A,A,A,A,A
3125,A,A,A,A,A,A,A,A,A,A
3126,A,A,A,A,A,A,A,A,A,A
3127,A,A,A,A,A,A,A,A,A,A
3128,A,A,A,A,A,A,A,A,A,A
3129,A,A,A,A,A,A,A,A,A,A
3130,A,A,A,A,A,A,A,A,A,A
3131,A,A,A,A,A,A,A,A,A,A
3132,A,A,A,A,A,A,A,A,A,A
3133,A,A,A,A,A,A,A,A,A,A
3134,A,A,A,A,A,A,A,A,A,A
3135,A,A,A,A,A,A,A,A,A,A
3136,A,A,A,A,A,A,A,A,A,A
3137,A,A,A,A,A,A,A,A,A,A
3138,A,A,A,A,A,A,A,A,A,A
3139,A,A,A,A,A,A,A,A,A,A
3140,A,A,A,A,A,A,A,A,A,A
3141,A,A,A,A,A,A,A,A,A,A
3142,A,A,A,A,A,A,A,A,A,A
3143,A,A,A,A,A,A,A,A,A,A
3144,A,A,A,A,A,A,A,A,A,A
3145,A,A,A,A,A,A,A,A,A,A
3146,A,A,A,A,A,A,A,A,A,A
3147,A,A,A,A,A,A,A,A,A,A
3148,A,A,A,A,A,A,A,A,A,A
3149,A,A,A,A,A,A,A,A,A,A
3150,A,A,A,A,A,A,A,A,A,A
3151,A,A,A,A,A,A,A,A,A,A
3152,A,A,A,A,A,A,A,A,A,A
3153,A,A,A,A,A,A,A,A,A,A
3154,A,A,A,A,A,A,A,A,A,A
3155,A,A,A,A,A,A,A,A,A,A
3156,A,A,A,A,A,A,A,A,A,A
3157,A,A,A,A,A,A,A,A,A,A
3158,A,A,A,A,A,A,A,A,A,A
3159,A,A,A,A,A,A,A,A,A,A
3160,A,A,A,A,A,A,A,A,A,A
3161,A,A,A,A,A,A,A,A,A,A
3162,A,A,A,A,A,A,A,A,A,A
3163,A,A,A,A,A,A,A,A,A,A
3164,A,A,A,A,A,A,A,A,A,A
3165,A,A,A,A,A,A,A,A,A,A
3166,A,A,A,A,A,A,A,A,A,A
3167,A,A,A,A,A,A,A,A,A,A
3168,A,A,A,A,A,A,A,A,A,A
3169,A,A,A,A,A,A,A,A,A,A
3170,A,A,A,A,A,A,A,A,A,A
3171,A,A,A,A,A,A,A,A,A,A
3172,A,A,A,A,A,A,A,A,A,A
3173,A,A,A,A,A,A,A,A,A,A
3174,A,A,A,A,A,A,A,A,A,A
3175,A,A,A,A,A,A,A,A,A,A
3176,A,A,A,A,A,A,A,A,A,A
3177,A,A,A,A,A,A,A,A,A,A
3178,A,A,A,A,A,A,A,A,A,A
3179,A,A,A,A,A,A,A,A,A,A
3180,A,A,A,A,A,A,A,A,A,A
3181,A,A,A,A,A,A,A,A,A,A
3182,A,A,A,A,A,A,A,A,A,A
3183,A,A,A,A,A,A,A,A,A,A
3184,A,A,A,A,A,A,A,A,A,A
3185,A,A,A,A,A,A,A,A,A,A
3186,A,A,A,A,A,A,A,A,A,A
3187,A,A,A,A,A,A,A,A,A,A
3188,A,A,A,A,A,A,A,A,A,A
3189,A,A,A,A,A,A,A,A,A,A
3190,A,A,A,A,A,A,A,A,A,A
3191,A,A,A,A,A,A,A,A,A,A
3192,A,A,A,A,A,A,A,A,A,A
3193,A,A,A,A,A,A,A,A,A,A
3194,A,A,A,A,A,A,A,A,A,A
3195,A,A,A,A,A,A,A,A,A,A
3196,A,A,A,A,A,A,A,A,A,A
3197,A,A,A,A,A,A,A,A,A,A
3198,A,A,A,A,A,A,A,A,A,A
3199,A,A,A,A,A,A,A,A,A,A
3200,A,A,A,A,A,A,A,A,A,A
3201,A,A,A,A,A,A,A,A,A,A
3202,A,A,A,A,A,A,A,A,A,A
3203,A,A,A,A,A,A,A,A,A,A
3204,A,A,A,A,A,A,A,A,A,A
3205,A,A,A,A,A,A,A,A,A,A
3206,A,A,A,A,A,A,A,A,A,A
3207,A,A,A,A,A,A,A,A,A,A
3208,A,A,A,A,A,A,A,A,A,A
3209,A,A,A,A,A,A,A,A,A,A
3210,A,A,A,A,A,A,A,A,A,A
3211,A,A,A,A,A,A,A,A,A,A
3212,A,A,A,A,A,A,A,A,A,A
3213,A,A,A,A,A,A,A,A,A,A
3214,A,A,A,A,A,A,A,A,A,A
3215,A,A,A,A,A,A,A,A,A,A
3216,A,A,A,A,A,A,A,A,A,A
3217,A,A,A,A,A,A,A,A,A,A
3218,A,A,A,A,A,A,A,A,A,A
3219,A,A,A,A,A,A,A,A,A,A
3220,A,A,A,A,A,A,A,A,A,A
3221,A,A,A,A,A,A,A,A,A,A
3222,A,A,A,A,A,A,A,A,A,A
3223,A,A,A,A,A,A,A,A,A,A
3224,A,A,A,A,A,A,A,A,A,A
3225,A,A,A,A,A,A,A,A,A,A
3226,A,A,A,A,A,A,A,A,A,A
3227,A,A,A,A,A,A,A,A,A,A
3228,A,A,A,A,A,A,A,A,A,A
3229,A,A,A,A,A,A,A,A,A,A
3230,A,A,A,A,A,A,A,A,A,A
3231,A,A,A,A,A,A,A,A,A,A
3232,A,A,A,A,A,A,A,A,A,A
3233,A,A,A,A,A,A,A,A,A,A
3234,A,A,A,A,A,A,A,A,A,A
3235,A,A,A,A,A,A,A,A,A,A
3236,A,A,A,A,A,A,A,A,A,A
3237,A,A,A,A,A,A,A,A,A,A
3238,A,A,A,A,A,A,A,A,A,A
3239,A,A,A,A,A,A,A,A,A,A
3240,A,A,A,A,A,A,A,A,A,A
3241,A,A,A,A,A,A,A,A,A,A
3242,A,A,A,A,A,A,A,A,A,A
3243,A,A,A,A,A,A,A,A,A,A
3244,A,A,A,A,A,A,A,A,A,A
3245,A,A,A,A,A,A,A,A,A,A
3246,A,A,A,A,A,A,A,A,A,A
3247,A,A,A,A,A,A,A,A,A,A
3248,A,A,A,A,A,A,A,A,A,A
3249,A,A,A,A,A,A,A,A,A,A
3250,A,A,A,A,A,A,A,A,A,A
3251,A,A,A,A,A,A,A,A,A,A
3252,A,A,A,A,A,A,A,A,A,A
3253,A,A,A,A,A,A,A,A,A,A
3254,A,A,A,A,A,A,A,A,A,A
3255,A,A,A,A,A,A,A,A,A,A
3256,A,A,A,A,A,A,A,A,A,A
3257,A,A,A,A,A,A,A,A,A,A
3258,A,A,A,A,A,A,A,A,A,A
3259,A,A,A,A,A,A,A,A,A,A
3260,A,A,A,A,A,A,A,A,A,A
3261,A,A,A,A,A,A,A,A,A,A
3262,A,A,A,A,A,A,A,A,A,A
3263,A,A,A,A,A,A,A,A,A,A
3264,A,A,A,A,A,A,A,A,A,A
3265,A,A,A,A,A,A,A,A,A,A
3266,A,A,A,A,A,A,A,A,A,A
3267,A,A,A,A,A,A,A,A,A,A
3268,A,A,A,A,A,A,A,A,A,A
3269,A,A,A,A,A,A,A,A,A,A
3270,A,A,A,A,A,A,A,A,A,A
3271,A,A,A,A,A,A,A,A,A,A
3272,A,A,A,A,A,A,A,A,A,A
3273,A,A,A,A,A,A,A,A,A,A
3274,A,A,A,A,A,A,A,A,A,A
3275,A,A,A,A,A,A,A,A,A,A
3276,A,A,A,A,A,A,A,A,A,A
3277,A,A,A,A,A,A,A,A,A,A
3278,A,A,A,A,A,A,A,A,A,A
3279,A,A,A,A,A,A,A,A,A,A
3280,A,A,A,A,A,A,A,A,A,A
3281,A,A,A,A,A,A,A,A,A,A
3282,A,A,A,A,A,A,A,A,A,A
3283,A,A,A,A,A,A,A,A,A,A
3284,A,A,A,A,A,A,A,A,A,A
3285,A,A,A,A,A,A,A,A,A,A
3286,A,A,A,A,A,A,A,A,A,A
3287,A,A,A,A,A,A,A,A,A,A
3288,A,A,A,A,A,A,A,A,A,A
3289,A,A,A,A,A,A,A,A,A,A
3290,A,A,A,A,A,A,A,A,A,A
3291,A,A,A,A,A,A,A,A,A,A
3292,A,A,A,A,A,A,A,A,A,A
3293,A,A,A,A,A,A,A,A,A,A
3294,A,A,A,A,A,A,A,A,A,A
3295,A,A,A,A,A,A,A,A,A,A
3296,A,A,A,A,A,A,A,A,A,A
3297,A,A,A,A,A,A,A,A,A,A
3298,A,A,A,A,A,A,A,A,A,A
3299,A,A,A,A,A,A,A,A,A,A
3300,A,A,A,A,A,A,A,A,A,A
3301,A,A,A,A,A,A,A,A,A,A
3302,A,A,A,A,A,A,A,A,A,A
3303,A,A,A,A,A,A,A,A,A,A
3304,A,A,A,A,A,A,A,A,A,A
3305,A,A,A,A,A,A,A,A,A,A
3306,A,A,A,A,A,A,A,A,A,A
3307,A,A,A,A,A,A,A,A,A,A
3308,A,A,A,A,A,A,A,A,A,A
3309,A,A,A,A,A,A,A,A,A,A
3310,A,A,A,A,A,A,A,A,A,A
3311,A,A,A,A,A,A,A,A,A,A
3312,A,A,A,A,A,A,A,A,A,A
3313,A,A,A,A,A,A,A,A,A,A
3314,A,A,A,A,A,A,A,A,A,A
3315,A,A,A,A,A,A,A,A,A,A
3316,A,A,A,A,A,A,A,A,A,A
3317,A,A,A,A,A,A,A,A,A,A
3318,A,A,A,A,A,A,A,A,A,A
3319,A,A,A,A,A,A,A,A,A,A
3320,A,A,A,A,A,A,A,A,A,A
3321,A,A,A,A,A,A,A,A,A,A
3322,A,A,A,A,A,A,A,A,A,A
3323,A,A,A,A,A,A,A,A,A,A
3324,A,A,A,A,A,A,A,A,A,A
3325,A,A,A,A,A,A,A,A,A,A
3326,A,A,A,A,A,A,A,A,A,A
3327,A,A,A,A,A,A,A,A,A,A
3328,A,A,A,A,A,A,A,A,A,A
3329,A,A,A,A,A,A,A,A,A,A
3330,A,A,A,A,A,A,A,A,A,A
3331,A,A,A,A,A,A,A,A,A,A
3332,A,A,A,A,A,A,A,A,A,A
3333,A,A,A,A,A,A,A,A,A,A
3334,A,A,A,A,A,A,A,A,A,A
3335,A,A,A,A,A,A,A,A,A,A
3336,A,A,A,A,A,A,A,A,A,A
3337,A,A,A,A,A,A,A,A,A,A
3338,A,A,A,A,A,A,A,A,A,A
3339,A,A,A,A,A,A,A,A,A,A
3340,A,A,A,A,A,A,A,A,A,A
3341,A,A,A,A,A,A,A,A,A,A
3342,A,A,A,A,A,A,A,A,A,A
3343,A,A,A,A,A,A,A,A,A,A
3344,A,A,A,A,A,A,A,A,A,A
3345,A,A,A,A,A,A,A,A,A,A
3346,A,A,A,A,A,A,A,A,A,A
3347,A,A,A,A,A,A,A,A,A,A
3348,A,A,A,A,A,A,A,A,A,A
3349,A,A,A,A,A,A,A,A,A,A
3350,A,A,A,A,A,A,A,A,A,A
3351,A,A,A,A,A,A,A,A,A,A
3352,A,A,A,A,A,A,A,A,A,A
3353,A,A,A,A,A,A,A,A,A,A
3354,A,A,A,A,A,A,A,A,A,A
3355,A,A,A,A,A,A,A,A,A,A
3356,A,A,A,A,A,A,A,A,A,A
3357,A,A,A,A,A,A,A,A,A,A
3358,A,A,A,A,A,A,A,A,A,A
3359,A,A,A,A,A,A,A,A,A,A
3360,A,A,A,A,A,A,A,A,A,A
3361,A,A,A,A,A,A,A,A,A,A
3362,A,A,A,A,A,A,A,A,A,A
3363,A,A,A,A,A,A,A,A,A,A
3364,A,A,A,A,A,A,A,A,A,A
3365,A,A,A,A,A,A,A,A,A,A
3366,A,A,A,A,A,A,A,A,A,A
3367,A,A,A,A,A,A,A,A,A,A
3368,A,A,A,A,A,A,A,A,A,A
3369,A,A,A,A,A,A,A,A,A,A
3370,A,A,A,A,A,A,A,A,A,A
3371,A,A,A,A,A,A,A,A,A,A
3372,A,A,A,A,A,A,A,A,A,A
3373,A,A,A,A,A,A,A,A,A,A
3374,A,A,A,A,A,A,A,A,A,A
3375,A,A,A,A,A,A,A,A,A,A
3376,A,A,A,A,A,A,A,A,A,A
3377,A,A,A,A,A,A,A,A,A,A
3378,A,A,A,A,A,A,A,A,A,A
3379,A,A,A,A,A,A,A,A,A,A
3380,A,A,A,A,A,A,A,A,A,A
3381,A,A,A,A,A,A,A,A,A,A
3382,A,A,A,A,A,A,A,A,A,A
3383,A,A,A,A,A,A,A,A,A,A
3384,A,A,A,A,A,A,A,A,A,A
3385,A,A,A,A,A,A,A,A,A,A
3386,A,A,A,A,A,A,A,A,A,A
3387,A,A,A,A,A,A,A,A,A,A
3388,A,A,A,A,A,A,A,A,A,A
3389,A,A,A,A,A,A,A,A,A,A
3390,A,A,A,A,A,A,A,A,A,A
3391,A,A,A,A,A,A,A,A,A,A
3392,A,A,A,A,A,A,A,A,A,A
3393,A,A,A,A,A,A,A,A,A,A
3394,A,A,A,A,A,A,A,A,A,A
3395,A,A,A,A,A,A,A,A,A,A
3396,A,A,A,A,A,A,A,A,A,A
3397,A,A,A,A,A,A,A,A,A,A
3398,A,A,A,A,A,A,A,A,A,A
3399,A,A,A,A,A,A,A,A,A,A
3400,A,A,A,A,A,A,A,A,A,A
3401,A,A,A,A,A,A,A,A,A,A
3402,A,A,A,A,A,A,A,A,A,A
3403,A,A,A,A,A,A,A,A,A,A
3404,A,A,A,A,A,A,A,A,A,A
3405,A,A,A,A,A,A,A,A,A,A
3406,A,A,A,A,A,A,A,A,A,A
3407,A,A,A,A,A,A,A,A,A,A
3408,A,A,A,A,A,A,A,A,A,A
3409,A,A,A,A,A,A,A,A,A,A
3410,A,A,A,A,A,A,A,A,A,A
3411,A,A,A,A,A,A,A,A,A,A
3412,A,A,A,A,A,A,A,A,A,A
3413,A,A,A,A,A,A,A,A,A,A
3414,A,A,A,A,A,A,A,A,A,A
3415,A,A,A,A,A,A,A,A,A,A
3416,A,A,A,A,A,A,A,A,A,A
3417,A,A,A,A,A,A,A,A,A,A
3418,A,A,A,A,A,A,A,A,A,A
3419,A,A,A,A,A,A,A,A,A,A
3420,A,A,A,A,A,A,A,A,A,A
3421,A,A,A,A,A,A,A,A,A,A
3422,A,A,A,A,A,A,A,A,A,A
3423,A,A,A,A,A,A,A,A,A,A
3424,A,A,A,A,A,A,A,A,A,A
3425,A,A,A,A,A,A,A,A,A,A
3426,A,A,A,A,A,A,A,A,A,A
3427,A,A,A,A,A,A,A,A,A,A
3428,A,A,A,A,A,A,A,A,A,A
3429,A,A,A,A,A,A,A,A,A,A
3430,A,A,A,A,A,A,A,A,A,A
3431,A,A,A,A,A,A,A,A,A,A
3432,A,A,A,A,A,A,A,A,A,A
3433,A,A,A,A,A,A,A,A,A,A
3434,A,A,A,A,A,A,A,A,A,A
3435,A,A,A,A,A,A,A,A,A,A
3436,A,A,A,A,A,A,A,A,A,A
3437,A,A,A,A,A,A,A,A,A,A
3438,A,A,A,A,A,A,A,A,A,A
3439,A,A,A,A,A,A,A,A,A,A
3440,A,A,A,A,A,A,A,A,A,A
3441,A,A,A,A,A,A,A,A,A,A
3442,A,A,A,A,A,A,A,A,A,A
3443,A,A,A,A,A,A,A,A,A,A
3444,A,A,A,A,A,A,A,A,A,A
3445,A,A,A,A,A,A,A,A,A,A
3446,A,A,A,A,A,A,A,A,A,A
3447,A,A,A,A,A,A,A,A,A,A
3448,A,A,A,A,A,A,A,A,A,A
3449,A,A,A,A,A,A,A,A,A,A
3450,A,A,A,A,A,A,A,A,A,A
3451,A,A,A,A,A,A,A,A,A,A
3452,A,A,A,A,A,A,A,A,A,A
3453,A,A,A,A,A,A,A,A,A,A
3454,A,A,A,A,A,A,A,A,A,A
3455,A,A,A,A,A,A,A,A,A,A
3456,A,A,A,A,A,A,A,A,A,A
3457,A,A,A,A,A,A,A,A,A,A
3458,A,A,A,A,A,A,A,A,A,A
3459,A,A,A,A,A,A,A,A,A,A
3460,A,A,A,A,A,A,A,A,A,A
3461,A,A,A,A,A,A,A,A,A,A
3462,A,A,A,A,A,A,A,A,A,A
3463,A,A,A,A,A,A,A,A,A,A
3464,A,A,A,A,A,A,A,A,A,A
3465,A,A,A,A,A,A,A,A,A,A
3466,A,A,A,A,A,A,A,A,A,A
3467,A,A,A,A,A,A,A,A,A,A
3468,A,A,A,A,A,A,A,A,A,A
3469,A,A,A,A,A,A,A,A,A,A
3470,A,A,A,A,A,A,A,A,A,A
3471,A,A,A,A,A,A,A,A,A,A
3472,A,A,A,A,A,A,A,A,A,A
3473,A,A,A,A,A,A,A,A,A,A
3474,A,A,A,A,A,A,A,A,A,A
3475,A,A,A,A,A,A,A,A,A,A
3476,A,A,A,A,A,A,A,A,A,A
3477,A,A,A,A,A,A,A,A,A,A
3478,A,A,A,A,A,A,A,A,A,A
3479,A,A,A,A,A,A,A,A,A,A
3480,A,A,A,A,A,A,A,A,A,A
3481,A,A,A,A,A,A,A,A,A,A
3482,A,A,A,A,A,A,A,A,A,A
3483,A,A,A,A,A,A,A,A,A,A
3484,A,A,A,A,A,A,A,A,A,A
3485,A,A,A,A,A,A,A,A,A,A
3486,A,A,A,A,A,A,A,A,A,A
3487,A,A,A,A,A,A,A,A,A,A
3488,A,A,A,A,A,A,A,A,A,A
3489,A,A,A,A,A,A,A,A,A,A
3490,A,A,A,A,A,A,A,A,A,A
3491,A,A,A,A,A,A,A,A,A,A
3492,A,A,A,A,A,A,A,A,A,A
3493,A,A,A,A,A,A,A,A,A,A
3494,A,A,A,A,A,A,A,A,A,A
3495,A,A,A,A,A,A,A,A,A,A
3496,A,A,A,A,A,A,A,A,A,A
3497,A,A,A,A,A,A,A,A,A,A
3498,A,A,A,A,A,A,A,A,A,A
3499,A,A,A,A,A,A,A,A,A,A
3500,A,A,A,A,A,A,A,A,A,A
3501,A,A,A,A,A,A,A,A,A,A
3502,A,A,A,A,A,A,A,A,A,A
3503,A,A,A,A,A,A,A,A,A,A
3504,A,A,A,A,A,A,A,A,A,A
3505,A,A,A,A,A,A,A,A,A,A
3506,A,A,A,A,A,A,A,A,A,A
3507,A,A,A,A,A,A,A,A,A,A
3508,A,A,A,A,A,A,A,A,A,A
3509,A,A,A,A,A,A,A,A,A,A
3510,A,A,A,A,A,A,A,A,A,A
3511,A,A,A,A,A,A,A,A,A,A
3512,A,A,A,A,A,A,A,A,A,A
3513,A,A,A,A,A,A,A,A,A,A
3514,A,A,A,A,A,A,A,A,A,A
3515,A,A,A,A,A,A,A,A,A,A
3516,A,A,A,A,A,A,A,A,A,A
3517,A,A,A,A,A,A,A,A,A,A
3518,A,A,A,A,A,A,A,A,A,A
3519,A,A,A,A,A,A,A,A,A,A
3520,A,A,A,A,A,A,A,A,A,A
3521,A,A,A,A,A,A,A,A,A,A
3522,A,A,A,A,A,A,A,A,A,A
3523,A,A,A,A,A,A,A,A,A,A
3524,A,A,A,A,A,A,A,A,A,A
3525,J,J,J,J,J,J,J,J,J,J
3526,A,A,A,A,A,A,A,A,A,A
3527,A,A,A,A,A,A,A,A,A,A
3528,A,A,A,A,A,A,A,A,A,A
3529,A,A,A,A,A,A,A,A,A,A
3530,A,A,A,A,A,A,A,A,A,A
3531,A,A,A,A,A,A,A,A,A,A
3532,L,L,L,L,L,L,L,L,L,L
3533,A,A,A,A,A,A,A,A,A,A
3534,A,A,A,A,A,A,A,A,A,A
3535,A,A,A,A,A,A,A,A,A,A
3536,L,L,L,L,L,L,L,L,L,L
3537,A,A,A,A,A,A,A,A,A,A
3538,A,A,A,A,A,A,A,A,A,A
3539,A,A,A,A,A,A,A,A,A,A
3540,L,L,L,L,L,L,L,L,L,L
3541,A,A,A,A,A,A,A,A,A,A
3542,A,A,A,A,A,A,A,A,A,A
3543,A,A,A,A,A,A,A,A,A,A
3544,A,A,A,A,A,A,A,A,A,A
3545,A,A,A,A,A,A,A,A,A,A
3546,A,A,A,A,A,A,A,A,A,A
3547,A,A,A,A,A,A,A,A,A,A
3548,A,A,A,A,A,A,A,A,A,A
3549,A,A,A,A,A,A,A,A,A,A
3550,A,A,A,A,A,A,A,A,A,A
3551,A,A,A,A,A,A,A,A,A,A
3552,A,A,A,A,A,A,A,A,A,A
3553,A,A,A,A,A,A,A,A,A,A
3554,A,A,A,A,A,A,A,A,A,A
3555,A,A,A,A,A,A,A,A,A,A
3556,A,A,A,A,A,A,A,A,A,A
3557,A,A,A,A,A,A,A,A,A,A
3558,A,A,A,A,A,A,A,A,A,A
3559,A,A,A,A,A,A,A,A,A,A
3560,A,A,A,A,A,A,A,A,A,A
3561,A,A,A,A,A,A,A,A,A,A
3562,A,A,A,A,A,A,A,A,A,A
3563,A,A,A,A,A,A,A,A,A,A
3564,A,A,A,A,A,A,A,A,A,A
3565,A,A,A,A,A,A,A,A,A,A
3566,A,A,A,A,A,A,A,A,A,A
3567,A,A,A,A,A,A,A,A,A,A
3568,A,A,A,A,A,A,A,A,A,A
3569,A,A,A,A,A,A,A,A,A,A
3570,A,A,A,A,A,A,A,A,A,A
3571,A,A,A,A,A,A,A,A,A,A
3572,A,A,A,A,A,A,A,A,A,A
3573,A,A,A,A,A,A,A,A,A,A
3574,A,A,A,A,A,A,A,A,A,A
3575,A,A,A,A,A,A,A,A,A,A
3576,A,A,A,A,A,A,A,A,A,A
3577,A,A,A,A,A,A,A,A,A,A
3578,A,A,A,A,A,A,A,A,A,A
3579,A,A,A,A,A,A,A,A,A,A
3580,A,A,A,A,A,A,A,A,A,A
3581,A,A,A,A,A,A,A,A,A,A
3582,A,A,A,A,A,A,A,A,A,A
3583,A,A,A,A,A,A,A,A,A,A
3584,A,A,A,A,A,A,A,A,A,A
3585,A,A,A,A,A,A,A,A,A,A
3586,A,A,A,A,A,A,A,A,A,A
3587,A,A,A,A,A,A,A,A,A,A
3588,A,A,A,A,A,A,A,A,A,A
3589,A,A,A,A,A,A,A,A,A,A
3590,A,A,A,A,A,A,A,A,A,A
3591,A,A,A,A,A,A,A,A,A,A
3592,A,A,A,A,A,A,A,A,A,A
3593,A,A,A,A,A,A,A,A,A,A
3594,A,A,A,A,A,A,A,A,A,A
3595,A,A,A,A,A,A,A,A,A,A
3596,A,A,A,A,A,A,A,A,A,A
3597,A,A,A,A,A,A,A,A,A,A
3598,A,A,A,A,A,A,A,A,A,A
3599,A,A,A,A,A,A,A,A,A,A
3600,A,A,A,A,A,A,A,A,A,A
3601,A,A,A,A,A,A,A,A,A,A
3602,A,A,A,A,A,A,A,A,A,A
3603,A,A,A,A,A,A,A,A,A,A
3604,A,A,A,A,A,A,A,A,A,A
3605,A,A,A,A,A,A,A,A,A,A
3606,A,A,A,A,A,A,A,A,A,A
3607,A,A,A,A,A,A,A,A,A,A
3608,A,A,A,A,A,A,A,A,A,A
3609,A,A,A,A,A,A,A,A,A,A
3610,A,A,A,A,A,A,A,A,A,A
3611,A,A,A,A,A,A,A,A,A,A
3612,A,A,A,A,A,A,A,A,A,A
3613,A,A,A,A,A,A,A,A,A,A
3614,A,A,A,A,A,A,A,A,A,A
3615,A,A,A,A,A,A,A,A,A,A
3616,A,A,A,A,A,A,A,A,A,A
3617,A,A,A,A,A,A,A,A,A,A
3618,A,A,A,A,A,A,A,A,A,A
3619,A,A,A,A,A,A,A,A,A,A
3620,A,A,A,A,A,A,A,A,A,A
3621,A,A,A,A,A,A,A,A,A,A
3622,A,A,A,A,A,A,A,A,A,A
3623,A,A,A,A,A,A,A,A,A,A
3624,A,A,A,A,A,A,A,A,A,A
3625,E,E,E,E,E,E,E,E,E,E
3626,E,E,E,E,E,E,E,E,E,E
3627,A,A,A,A,A,A,A,A,A,A
3628,A,A,A,A,A,A,A,A,A,A
3629,A,A,A,A,A,A,A,A,A,A
3630,A,A,A,A,A,A,A,A,A,A
3631,A,A,A,A,A,A,A,A,A,A
3632,A,A,A,A,A,A,A,A,A,A
3633,A,A,A,A,A,A,A,A,A,A
3634,A,A,A,A,A,A,A,A,A,A
3635,A,A,A,A,A,A,A,A,A,A
3636,A,A,A,A,A,A,A,A,A,A
3637,A,A,A,A,A,A,A,A,A,A
3638,A,A,A,A,A,A,A,A,A,A
3639,A,A,A,A,A,A,A,A,A,A
3640,A,A,A,A,A,A,A,A,A,A
3641,A,A,A,A,A,A,A,A,A,A
3642,A,A,A,A,A,A,A,A,A,A
3643,A,A,A,A,A,A,A,A,A,A
3644,A,A,A,A,A,A,A,A,A,A
3645,A,A,A,A,A,A,A,A,A,A
3646,A,A,A,A,A,A,A,A,A,A
3647,A,A,A,A,A,A,A,A,A,A
3648,A,A,A,A,A,A,A,A,A,A
3649,A,A,A,A,A,A,A,A,A,A
3650,A,A,A,A,A,A,A,A,A,A
3651,A,A,A,A,A,A,A,A,A,A
3652,A,A,A,A,A,A,A,A,A,A
3653,A,A,A,A,A,A,A,A,A,A
3654,A,A,A,A,A,A,A,A,A,A
3655,A,A,A,A,A,A,A,A,A,A
3656,A,A,A,A,A,A,A,A,A,A
3657,A,A,A,A,A,A,A,A,A,A
3658,A,A,A,A,A,A,A,A,A,A
3659,A,A,A,A,A,A,A,A,A,A
3660,A,A,A,A,A,A,A,A,A,A
3661,A,A,A,A,A,A,A,A,A,A
3662,A,A,A,A,A,A,A,A,A,A
3664,A,A,A,A,A,A,A,A,A,A
3665,A,A,A,A,A,A,A,A,A,A
3666,A,A,A,A,A,A,A,A,A,A
3667,A,A,A,A,A,A,A,A,A,A
3668,A,A,A,A,A,A,A,A,A,A
3669,A,A,A,A,A,A,A,A,A,A
3670,A,A,A,A,A,A,A,A,A,A
3671,A,A,A,A,A,A,A,A,A,A
3672,A,A,A,A,A,A,A,A,A,A
3673,A,A,A,A,A,A,A,A,A,A
3674,A,A,A,A,A,A,A,A,A,A
3675,A,A,A,A,A,A,A,A,A,A
3676,A,A,A,A,A,A,A,A,A,A
3677,A,A,A,A,A,A,A,A,A,A
3678,A,A,A,A,A,A,A,A,A,A
3679,A,A,A,A,A,A,A,A,A,A
3680,A,A,A,A,A,A,A,A,A,A
3681,A,A,A,A,A,A,A,A,A,A
3682,A,A,A,A,A,A,A,A,A,A
3683,A,A,A,A,A,A,A,A,A,A
3684,A,A,A,A,A,A,A,A,A,A
3685,A,A,A,A,A,A,A,A,A,A
3686,A,A,A,A,A,A,A,A,A,A
3687,A,A,A,A,A,A,A,A,A,A
3688,A,A,A,A,A,A,A,A,A,A
3689,A,A,A,A,A,A,A,A,A,A
3690,A,A,A,A,A,A,A,A,A,A
3691,A,A,A,A,A,A,A,A,A,A
3692,A,A,A,A,A,A,A,A,A,A
3693,A,A,A,A,A,A,A,A,A,A
3694,A,A,A,A,A,A,A,A,A,A
3695,A,A,A,A,A,A,A,A,A,A
3696,A,A,A,A,A,A,A,A,A,A
3697,A,A,A,A,A,A,A,A,A,A
3698,A,A,A,A,A,A,A,A,A,A
3699,A,A,A,A,A,A,A,A,A,A
3700,A,A,A,A,A,A,A,A,A,A
3701,A,A,A,A,A,A,A,A,A,A
3702,A,A,A,A,A,A,A,A,A,A
3703,A,A,A,A,A,A,A,A,A,A
3704,A,A,A,A,A,A,A,A,A,A
3705,A,A,A,A,A,A,A,A,A,A
3706,A,A,A,A,A,A,A,A,A,A
3707,A,A,A,A,A,A,A,A,A,A
3708,A,A,A,A,A,A,A,A,A,A
3709,A,A,A,A,A,A,A,A,A,A
3710,A,A,A,A,A,A,A,A,A,A
3711,A,A,A,A,A,A,A,A,A,A
3712,A,A,A,A,A,A,A,A,A,A
3713,A,A,A,A,A,A,A,A,A,A
3714,A,A,A,A,A,A,A,A,A,A
3715,A,A,A,A,A,A,A,A,A,A
3716,A,A,A,A,A,A,A,A,A,A
3717,A,A,A,A,A,A,A,A,A,A
3718,A,A,A,A,A,A,A,A,A,A
3719,A,A,A,A,A,A,A,A,A,A
3720,A,A,A,A,A,A,A,A,A,A
3721,A,A,A,A,A,A,A,A,A,A
3722,A,A,A,A,A,A,A,A,A,A
3723,A,A,A,A,A,A,A,A,A,A
3724,A,A,A,A,A,A,A,A,A,A
3725,A,A,A,A,A,A,A,A,A,A
3726,A,A,A,A,A,A,A,A,A,A
3727,A,A,A,A,A,A,A,A,A,A
3728,A,A,A,A,A,A,A,A,A,A
3729,A,A,A,A,A,A,A,A,A,A
3730,A,A,A,A,A,A,A,A,A,A
3731,A,A,A,A,A,A,A,A,A,A
3732,A,A,A,A,A,A,A,A,A,A
3733,A,A,A,A,A,A,A,A,A,A
3734,A,A,A,A,A,A,A,A,A,A
3735,A,A,A,A,A,A,A,A,A,A
3736,A,A,A,A,A,A,A,A,A,A
3737,A,A,A,A,A,A,A,A,A,A
3738,A,A,A,A,A,A,A,A,A,A
3739,A,A,A,A,A,A,A,A,A,A
3740,A,A,A,A,A,A,A,A,A,A
3741,A,A,A,A,A,A,A,A,A,A
3742,A,A,A,A,A,A,A,A,A,A
3743,A,A,A,A,A,A,A,A,A,A
3744,A,A,A,A,A,A,A,A,A,A
3745,A,A,A,A,A,A,A,A,A,A
3746,A,A,A,A,A,A,A,A,A,A
3747,A,A,A,A,A,A,A,A,A,A
3748,A,A,A,A,A,A,A,A,A,A
3749,A,A,A,A,A,A,A,A,A,A
3750,A,A,A,A,A,A,A,A,A,A
3751,A,A,A,A,A,A,A,A,A,A
3752,A,A,A,A,A,A,A,A,A,A
3753,A,A,A,A,A,A,A,A,A,A
3754,A,A,A,A,A,A,A,A,A,A
3755,A,A,A,A,A,A,A,A,A,A
3756,A,A,A,A,A,A,A,A,A,A
3757,A,A,A,A,A,A,A,A,A,A
3758,A,A,A,A,A,A,A,A,A,A
3759,A,A,A,A,A,A,A,A,A,A
3760,A,A,A,A,A,A,A,A,A,A
3761,A,A,A,A,A,A,A,A,A,A
3762,A,A,A,A,A,A,A,A,A,A
3763,A,A,A,A,A,A,A,A,A,A
3764,A,A,A,A,A,A,A,A,A,A
3765,A,A,A,A,A,A,A,A,A,A
3766,A,A,A,A,A,A,A,A,A,A
3767,A,A,A,A,A,A,A,A,A,A
3768,A,A,A,A,A,A,A,A,A,A
3769,B,B,B,B,B,B,B,B,B,B
3770,B,B,B,B,B,B,B,B,B,B
3771,C,C,C,C,C,C,C,C,C,C
3772,C,C,C,C,C,C,C,C,C,C
3773,C,C,C,C,C,C,C,C,C,C
3774,C,C,C,C,C,C,C,C,C,C
3775,C,C,C,C,C,C,C,C,C,C
3776,C,C,C,C,C,C,C,C,C,C
3777,C,C,C,C,C,C,C,C,C,C
3778,C,C,C,C,C,C,C,C,C,C
3779,C,C,C,C,C,C,C,C,C,C
3780,C,C,C,C,C,C,C,C,C,C
3781,C,C,C,C,C,C,C,C,C,C
3782,C,C,C,C,C,C,C,C,C,C
3783,C,C,C,C,C,C,C,C,C,C
3784,C,C,C,C,C,C,C,C,C,C
3785,C,C,C,C,C,C,C,C,C,C
3786,C,C,C,C,C,C,C,C,C,C
3787,C,C,C,C,C,C,C,C,C,C
3788,C,C,C,C,C,C,C,C,C,C
3789,D,D,D,D,D,D,D,D,D,D
3790,C,C,C,C,C,C,C,C,C,C
3791,B,B,B,B,B,B,B,B,B,B
3792,A,A,A,A,A,A,A,A,A,A
3793,B,B,B,B,B,B,B,B,B,B
3794,A,A,A,A,A,A,A,A,A,A
3795,E,E,E,E,E,E,E,E,E,E
3796,E,E,E,E,E,E,E,E,E,E
3797,D,D,D,D,D,D,D,D,D,D
3798,D,D,D,D,D,D,D,D,D,D
3799,A,A,A,A,A,A,A,A,A,A
3800,A,A,A,A,A,A,A,A,A,A
3801,B,B,B,B,B,B,B,B,B,B
3802,B,B,B,B,B,B,B,B,B,B
3803,A,A,A,A,A,A,A,A,A,A
3804,A,A,A,A,A,A,A,A,A,A
3805,A,A,A,A,A,A,A,A,A,A
3806,A,A,A,A,A,A,A,A,A,A
3807,A,A,A,A,A,A,A,A,A,A
3808,B,B,B,B,B,B,B,B,B,B
3809,A,A,A,A,A,A,A,A,A,A
3810,C,C,C,C,C,C,C,C,C,C
3811,E,E,E,E,E,E,E,E,E,E
3812,A,A,A,A,A,A,A,A,A,A
3813,A,A,A,A,A,A,A,A,A,A
3814,A,A,A,A,A,A,A,A,A,A
3815,C,C,C,C,C,C,C,C,C,C
3816,A,A,A,A,A,A,A,A,A,A
3817,C,C,C,C,C,C,C,C,C,C
3818,A,A,A,A,A,A,A,A,A,A
3819,A,A,A,A,A,A,A,A,A,A
3820,A,A,A,A,A,A,A,A,A,A
3821,A,A,A,A,A,A,A,A,A,A
3822,A,A,A,A,A,A,A,A,A,A
3823,A,A,A,A,A,A,A,A,A,A
3824,B,B,B,B,B,B,B,B,B,B
3825,B,B,B,B,B,B,B,B,B,B
3826,B,B,B,B,B,B,B,B,B,B
3827,A,A,A,A,A,A,A,A,A,A
3828,A,A,A,A,A,A,A,A,A,A
3829,A,A,A,A,A,A,A,A,A,A
3830,A,A,A,A,A,A,A,A,A,A
3831,C,C,C,C,C,C,C,C,C,C
3832,B,B,B,B,B,B,B,B,B,B
3833,A,A,A,A,A,A,A,A,A,A
3834,A,A,A,A,A,A,A,A,A,A
3835,A,A,A,A,A,A,A,A,A,A
3836,A,A,A,A,A,A,A,A,A,A
3837,A,A,A,A,A,A,A,A,A,A
3838,A,A,A,A,A,A,A,A,A,A
3839,A,A,A,A,A,A,A,A,A,A
3840,A,A,A,A,A,A,A,A,A,A
3841,A,A,A,A,A,A,A,A,A,A
3842,A,A,A,A,A,A,A,A,A,A
3843,B,B,B,B,B,B,B,B,B,B
3844,A,A,A,A,A,A,A,A,A,A
3845,A,A,A,A,A,A,A,A,A,A
3846,A,A,A,A,A,A,A,A,A,A
3847,A,A,A,A,A,A,A,A,A,A
3848,A,A,A,A,A,A,A,A,A,A
3849,B,B,B,B,B,B,B,B,B,B
3850,A,A,A,A,A,A,A,A,A,A
3851,A,A,A,A,A,A,A,A,A,A
3852,A,A,A,A,A,A,A,A,A,A
3853,A,A,A,A,A,A,A,A,A,A
3854,A,A,A,A,A,A,A,A,A,A
3855,A,A,A,A,A,A,A,A,A,A
3856,A,A,A,A,A,A,A,A,A,A
3857,A,A,A,A,A,A,A,A,A,A
3858,A,A,A,A,A,A,A,A,A,A
3859,A,A,A,A,A,A,A,A,A,A
3860,A,A,A,A,A,A,A,A,A,A
3861,A,A,A,A,A,A,A,A,A,A
3862,A,A,A,A,A,A,A,A,A,A
3863,A,A,A,A,A,A,A,A,A,A
3864,A,A,A,A,A,A,A,A,A,A
3865,A,A,A,A,A,A,A,A,A,A
3866,B,B,B,B,B,B,B,B,B,B
3867,B,B,B,B,B,B,B,B,B,B
3868,D,D,D,D,D,D,D,D,D,D
3869,D,D,D,D,D,D,D,D,D,D
3870,B,B,B,B,B,B,B,B,B,B
3871,A,A,A,A,A,A,A,A,A,A
3872,A,A,A,A,A,A,A,A,A,A
3873,A,A,A,A,A,A,A,A,A,A
3874,A,A,A,A,A,A,A,A,A,A
3875,A,A,A,A,A,A,A,A,A,A
3876,A,A,A,A,A,A,A,A,A,A
3877,A,A,A,A,A,A,A,A,A,A
3878,A,A,A,A,A,A,A,A,A,A
3879,A,A,A,A,A,A,A,A,A,A
3880,A,A,A,A,A,A,A,A,A,A
3881,A,A,A,A,A,A,A,A,A,A
3882,A,A,A,A,A,A,A,A,A,A
3883,A,A,A,A,A,A,A,A,A,A
3884,A,A,A,A,A,A,A,A,A,A
3885,A,A,A,A,A,A,A,A,A,A
3886,A,A,A,A,A,A,A,A,A,A
3887,A,A,A,A,A,A,A,A,A,A
3888,A,A,A,A,A,A,A,A,A,A
3889,A,A,A,A,A,A,A,A,A,A
3890,A,A,A,A,A,A,A,A,A,A
3891,A,A,A,A,A,A,A,A,A,A
3892,A,A,A,A,A,A,A,A,A,A
3893,A,A,A,A,A,A,A,A,A,A
3894,A,A,A,A,A,A,A,A,A,A
3895,A,A,A,A,A,A,A,A,A,A
3896,A,A,A,A,A,A,A,A,A,A
3897,A,A,A,A,A,A,A,A,A,A
3898,A,A,A,A,A,A,A,A,A,A
3899,A,A,A,A,A,A,A,A,A,A
3900,A,A,A,A,A,A,A,A,A,A
3901,A,A,A,A,A,A,A,A,A,A
3902,A,A,A,A,A,A,A,A,A,A
3903,A,A,A,A,A,A,A,A,A,A
3904,J,J,J,J,J,J,J,J,J,J
3905,A,A,A,A,A,A,A,A,A,A
3906,A,A,A,A,A,A,A,A,A,A
3907,A,A,A,A,A,A,A,A,A,A
3908,C,C,C,C,C,C,C,C,C,C
3909,A,A,A,A,A,A,A,A,A,A
3910,A,A,A,A,A,A,A,A,A,A
3911,B,B,B,B,B,B,B,B,B,B
3912,A,A,A,A,A,A,A,A,A,A
3913,A,A,A,A,A,A,A,A,A,A
3914,A,A,A,A,A,A,A,A,A,A
3915,A,A,A,A,A,A,A,A,A,A
3916,C,C,C,C,C,C,C,C,C,C
3917,A,A,A,A,A,A,A,A,A,A
3918,C,C,C,C,C,C,C,C,C,C
3919,A,A,A,A,A,A,A,A,A,A
3920,C,C,C,C,C,C,C,C,C,C
3921,C,C,C,C,C,C,C,C,C,C
3922,C,C,C,C,C,C,C,C,C,C
3923,A,A,A,A,A,A,A,A,A,A
3924,A,A,A,A,A,A,A,A,A,A
3925,A,A,A,A,A,A,A,A,A,A
3926,A,A,A,A,A,A,A,A,A,A
3927,A,A,A,A,A,A,A,A,A,A
3928,A,A,A,A,A,A,A,A,A,A
3929,A,A,A,A,A,A,A,A,A,A
3930,A,A,A,A,A,A,A,A,A,A
3931,C,C,C,C,C,C,C,C,C,C
3932,E,E,E,E,E,E,E,E,E,E
3933,E,E,E,E,E,E,E,E,E,E
3934,E,E,E,E,E,E,E,E,E,E
3935,E,E,E,E,E,E,E,E,E,E
3936,B,B,B,B,B,B,B,B,B,B
3937,E,E,E,E,E,E,E,E,E,E
3938,A,A,A,A,A,A,A,A,A,A
3939,A,A,A,A,A,A,A,A,A,A
3940,A,A,A,A,A,A,A,A,A,A
3941,A,A,A,A,A,A,A,A,A,A
3942,A,A,A,A,A,A,A,A,A,A
3943,B,B,B,B,B,B,B,B,B,B
3944,E,E,E,E,E,E,E,E,E,E
3945,C,C,C,C,C,C,C,C,C,C
3946,A,A,A,A,A,A,A,A,A,A
3947,A,A,A,A,A,A,A,A,A,A
3948,A,A,A,A,A,A,A,A,A,A
3949,C,C,C,C,C,C,C,C,C,C
3950,E,E,E,E,E,E,E,E,E,E
3951,E,E,E,E,E,E,E,E,E,E
3952,J,J,J,J,J,J,J,J,J,J
3953,A,A,A,A,A,A,A,A,A,A
3954,E,E,E,E,E,E,E,E,E,E
3955,E,E,E,E,E,E,E,E,E,E
3956,E,E,E,E,E,E,E,E,E,E
3957,E,E,E,E,E,E,E,E,E,E
3958,E,E,E,E,E,E,E,E,E,E
3959,E,E,E,E,E,E,E,E,E,E
3960,E,E,E,E,E,E,E,E,E,E
3961,B,B,B,B,B,B,B,B,B,B
3962,A,A,A,A,A,A,A,A,A,A
3963,A,A,A,A,A,A,A,A,A,A
3964,L,L,L,L,L,L,L,L,L,L
3965,C,C,C,C,C,C,C,C,C,C
3966,A,A,A,A,A,A,A,A,A,A
3967,A,A,A,A,A,A,A,A,A,A
3968,A,A,A,A,A,A,A,A,A,A
3969,L,L,L,L,L,L,L,L,L,L
3970,H,H,H,H,H,H,H,H,H,H
3971,J,J,J,J,J,J,J,J,J,J
3972,B,B,B,B,B,B,B,B,B,B
3973,B,B,B,B,B,B,B,B,B,B
3974,B,B,B,B,B,B,B,B,B,B
3975,E,E,E,E,E,E,E,E,E,E
3976,E,E,E,E,E,E,E,E,E,E
3977,A,A,A,A,A,A,A,A,A,A
3978,A,A,A,A,A,A,A,A,A,A
3979,A,A,A,A,A,A,A,A,A,A
3980,A,A,A,A,A,A,A,A,A,A
3981,A,A,A,A,A,A,A,A,A,A
3982,A,A,A,A,A,A,A,A,A,A
3983,A,A,A,A,A,A,A,A,A,A
3984,A,A,A,A,A,A,A,A,A,A
3985,A,A,A,A,A,A,A,A,A,A
3986,A,A,A,A,A,A,A,A,A,A
3987,A,A,A,A,A,A,A,A,A,A
3988,A,A,A,A,A,A,A,A,A,A
3989,A,A,A,A,A,A,A,A,A,A
3990,A,A,A,A,A,A,A,A,A,A
3991,A,A,A,A,A,A,A,A,A,A
3992,A,A,A,A,A,A,A,A,A,A
3993,A,A,A,A,A,A,A,A,A,A
3994,A,A,A,A,A,A,A,A,A,A
3995,A,A,A,A,A,A,A,A,A,A
3996,A,A,A,A,A,A,A,A,A,A
3997,A,A,A,A,A,A,A,A,A,A
3998,A,A,A,A,A,A,A,A,A,A
3999,A,A,A,A,A,A,A,A,A,A
4000,A,A,A,A,A,A,A,A,A,A
4001,A,A,A,A,A,A,A,A,A,A
4002,A,A,A,A,A,A,A,A,A,A
4003,A,A,A,A,A,A,A,A,A,A
4004,A,A,A,A,A,A,A,A,A,A
4005,A,A,A,A,A,A,A,A,A,A
4006,A,A,A,A,A,A,A,A,A,A
4007,A,A,A,A,A,A,A,A,A,A
4008,B,B,B,B,B,B,B,B,B,B
4009,A,A,A,A,A,A,A,A,A,A
4010,A,A,A,A,A,A,A,A,A,A
4011,A,A,A,A,A,A,A,A,A,A
4012,A,A,A,A,A,A,A,A,A,A
4013,A,A,A,A,A,A,A,A,A,A
4014,A,A,A,A,A,A,A,A,A,A
4015,A,A,A,A,A,A,A,A,A,A
4016,A,A,A,A,A,A,A,A,A,A
4017,A,A,A,A,A,A,A,A,A,A
4018,A,A,A,A,A,A,A,A,A,A
4019,A,A,A,A,A,A,A,A,A,A
4020,A,A,A,A,A,A,A,A,A,A
4021,A,A,A,A,A,A,A,A,A,A
4022,A,A,A,A,A,A,A,A,A,A
4023,A,A,A,A,A,A,A,A,A,A
4024,A,A,A,A,A,A,A,A,A,A
4025,A,A,A,A,A,A,A,A,A,A
4026,A,A,A,A,A,A,A,A,A,A
4027,A,A,A,A,A,A,A,A,A,A
4028,A,A,A,A,A,A,A,A,A,A
4029,A,A,A,A,A,A,A,A,A,A
4030,A,A,A,A,A,A,A,A,A,A
4031,A,A,A,A,A,A,A,A,A,A
4032,B,B,B,B,B,B,B,B,B,B
4033,B,B,B,B,B,B,B,B,B,B
4034,B,B,B,B,B,B,B,B,B,B
4035,A,A,A,A,A,A,A,A,A,A
4036,A,A,A,A,A,A,A,A,A,A
4037,A,A,A,A,A,A,A,A,A,A
4038,A,A,A,A,A,A,A,A,A,A
4039,C,C,C,C,C,C,C,C,C,C
4040,A,A,A,A,A,A,A,A,A,A
4041,A,A,A,A,A,A,A,A,A,A
4042,A,A,A,A,A,A,A,A,A,A
4043,A,A,A,A,A,A,A,A,A,A
4044,A,A,A,A,A,A,A,A,A,A
4045,A,A,A,A,A,A,A,A,A,A
4046,A,A,A,A,A,A,A,A,A,A
4047,A,A,A,A,A,A,A,A,A,A
4048,B,B,B,B,B,B,B,B,B,B
4049,A,A,A,A,A,A,A,A,A,A
4050,A,A,A,A,A,A,A,A,A,A
4051,A,A,A,A,A,A,A,A,A,A
4052,A,A,A,A,A,A,A,A,A,A
4053,A,A,A,A,A,A,A,A,A,A
4054,A,A,A,A,A,A,A,A,A,A
4055,A,A,A,A,A,A,A,A,A,A
4056,A,A,A,A,A,A,A,A,A,A
4057,A,A,A,A,A,A,A,A,A,A
4058,A,A,A,A,A,A,A,A,A,A
4059,A,A,A,A,A,A,A,A,A,A
4060,A,A,A,A,A,A,A,A,A,A
4061,A,A,A,A,A,A,A,A,A,A
4062,A,A,A,A,A,A,A,A,A,A
4063,A,A,A,A,A,A,A,A,A,A
4064,A,A,A,A,A,A,A,A,A,A
4065,A,A,A,A,A,A,A,A,A,A
4066,A,A,A,A,A,A,A,A,A,A
4067,J,J,J,J,J,J,J,J,J,J
4068,B,B,B,B,B,B,B,B,B,B
4069,A,A,A,A,A,A,A,A,A,A
4070,A,A,A,A,A,A,A,A,A,A
4071,A,A,A,A,A,A,A,A,A,A
4072,A,A,A,A,A,A,A,A,A,A
4073,A,A,A,A,A,A,A,A,A,A
4074,A,A,A,A,A,A,A,A,A,A
4075,A,A,A,A,A,A,A,A,A,A
4076,A,A,A,A,A,A,A,A,A,A
4077,A,A,A,A,A,A,A,A,A,A
4078,A,A,A,A,A,A,A,A,A,A
4079,A,A,A,A,A,A,A,A,A,A
4080,A,A,A,A,A,A,A,A,A,A
4081,A,A,A,A,A,A,A,A,A,A
4082,A,A,A,A,A,A,A,A,A,A
4083,A,A,A,A,A,A,A,A,A,A
4084,A,A,A,A,A,A,A,A,A,A
4085,A,A,A,A,A,A,A,A,A,A
4086,A,A,A,A,A,A,A,A,A,A
4087,A,A,A,A,A,A,A,A,A,A
4088,A,A,A,A,A,A,A,A,A,A
4089,A,A,A,A,A,A,A,A,A,A
4090,A,A,A,A,A,A,A,A,A,A
4091,A,A,A,A,A,A,A,A,A,A
4092,A,A,A,A,A,A,A,A,A,A
4093,A,A,A,A,A,A,A,A,A,A
4094,A,A,A,A,A,A,A,A,A,A
4095,A,A,A,A,A,A,A,A,A,A
4096,A,A,A,A,A,A,A,A,A,A
4097,A,A,A,A,A,A,A,A,A,A
4098,A,A,A,A,A,A,A,A,A,A
4099,A,A,A,A,A,A,A,A,A,A
4100,A,A,A,A,A,A,A,A,A,A
4101,A,A,A,A,A,A,A,A,A,A
4102,A,A,A,A,A,A,A,A,A,A
4103,A,A,A,A,A,A,A,A,A,A
4104,B,B,B,B,B,B,B,B,B,B
4105,A,A,A,A,A,A,A,A,A,A
4106,A,A,A,A,A,A,A,A,A,A
4107,A,A,A,A,A,A,A,A,A,A
4108,A,A,A,A,A,A,A,A,A,A
4109,A,A,A,A,A,A,A,A,A,A
4110,A,A,A,A,A,A,A,A,A,A
4111,A,A,A,A,A,A,A,A,A,A
4112,A,A,A,A,A,A,A,A,A,A
4113,A,A,A,A,A,A,A,A,A,A
4114,A,A,A,A,A,A,A,A,A,A
4115,A,A,A,A,A,A,A,A,A,A
4116,A,A,A,A,A,A,A,A,A,A
4117,A,A,A,A,A,A,A,A,A,A
4118,A,A,A,A,A,A,A,A,A,A
4119,A,A,A,A,A,A,A,A,A,A
4120,A,A,A,A,A,A,A,A,A,A
4121,A,A,A,A,A,A,A,A,A,A
4122,A,A,A,A,A,A,A,A,A,A
4123,A,A,A,A,A,A,A,A,A,A
4124,A,A,A,A,A,A,A,A,A,A
4125,A,A,A,A,A,A,A,A,A,A
4126,D,D,D,D,D,D,D,D,D,D
4127,A,A,A,A,A,A,A,A,A,A
4128,D,D,D,D,D,D,D,D,D,D
4129,A,A,A,A,A,A,A,A,A,A
4130,A,A,A,A,A,A,A,A,A,A
4131,A,A,A,A,A,A,A,A,A,A
4132,L,L,L,L,L,L,L,L,L,L
4133,D,D,D,D,D,D,D,D,D,D
4134,D,D,D,D,D,D,D,D,D,D
4135,I,I,I,I,I,I,I,I,I,I
4136,D,D,D,D,D,D,D,D,D,D
4137,D,D,D,D,D,D,D,D,D,D
4138,I,I,I,I,I,I,I,I,I,I
4139,A,A,A,A,A,A,A,A,A,A
4140,A,A,A,A,A,A,A,A,A,A
4141,A,A,A,A,A,A,A,A,A,A
4142,A,A,A,A,A,A,A,A,A,A
4143,A,A,A,A,A,A,A,A,A,A
4144,A,A,A,A,A,A,A,A,A,A
4145,A,A,A,A,A,A,A,A,A,A
4146,A,A,A,A,A,A,A,A,A,A
4147,A,A,A,A,A,A,A,A,A,A
4148,A,A,A,A,A,A,A,A,A,A
4149,A,A,A,A,A,A,A,A,A,A
4150,A,A,A,A,A,A,A,A,A,A
4151,A,A,A,A,A,A,A,A,A,A
4152,A,A,A,A,A,A,A,A,A,A
4153,A,A,A,A,A,A,A,A,A,A
4154,A,A,A,A,A,A,A,A,A,A
4155,A,A,A,A,A,A,A,A,A,A
4156,A,A,A,A,A,A,A,A,A,A
4157,A,A,A,A,A,A,A,A,A,A
4158,A,A,A,A,A,A,A,A,A,A
4159,A,A,A,A,A,A,A,A,A,A
4160,A,A,A,A,A,A,A,A,A,A
4161,A,A,A,A,A,A,A,A,A,A
4162,A,A,A,A,A,A,A,A,A,A
4163,A,A,A,A,A,A,A,A,A,A
4164,A,A,A,A,A,A,A,A,A,A
4165,A,A,A,A,A,A,A,A,A,A
4166,A,A,A,A,A,A,A,A,A,A
4167,A,A,A,A,A,A,A,A,A,A
4168,A,A,A,A,A,A,A,A,A,A
4169,A,A,A,A,A,A,A,A,A,A
4170,A,A,A,A,A,A,A,A,A,A
4171,A,A,A,A,A,A,A,A,A,A
4172,A,A,A,A,A,A,A,A,A,A
4173,A,A,A,A,A,A,A,A,A,A
4174,B,B,B,B,B,B,B,B,B,B
4175,A,A,A,A,A,A,A,A,A,A
4176,A,A,A,A,A,A,A,A,A,A
4177,A,A,A,A,A,A,A,A,A,A
4178,A,A,A,A,A,A,A,A,A,A
4179,A,A,A,A,A,A,A,A,A,A
4180,A,A,A,A,A,A,A,A,A,A
4181,A,A,A,A,A,A,A,A,A,A
4182,A,A,A,A,A,A,A,A,A,A
4183,A,A,A,A,A,A,A,A,A,A
4184,A,A,A,A,A,A,A,A,A,A
4185,A,A,A,A,A,A,A,A,A,A
4186,A,A,A,A,A,A,A,A,A,A
4187,A,A,A,A,A,A,A,A,A,A
4188,A,A,A,A,A,A,A,A,A,A
4189,A,A,A,A,A,A,A,A,A,A
4190,A,A,A,A,A,A,A,A,A,A
4191,A,A,A,A,A,A,A,A,A,A
4192,A,A,A,A,A,A,A,A,A,A
4193,A,A,A,A,A,A,A,A,A,A
4194,A,A,A,A,A,A,A,A,A,A
4195,A,A,A,A,A,A,A,A,A,A
4196,A,A,A,A,A,A,A,A,A,A
4197,A,A,A,A,A,A,A,A,A,A
4198,A,A,A,A,A,A,A,A,A,A
4199,A,A,A,A,A,A,A,A,A,A
4200,A,A,A,A,A,A,A,A,A,A
4201,A,A,A,A,A,A,A,A,A,A
4202,A,A,A,A,A,A,A,A,A,A
4203,A,A,A,A,A,A,A,A,A,A
4204,A,A,A,A,A,A,A,A,A,A
4205,A,A,A,A,A,A,A,A,A,A
4206,A,A,A,A,A,A,A,A,A,A
4207,A,A,A,A,A,A,A,A,A,A
4208,A,A,A,A,A,A,A,A,A,A
4209,A,A,A,A,A,A,A,A,A,A
4210,A,A,A,A,A,A,A,A,A,A
4211,A,A,A,A,A,A,A,A,A,A
4212,A,A,A,A,A,A,A,A,A,A
4213,A,A,A,A,A,A,A,A,A,A
4214,A,A,A,A,A,A,A,A,A,A
4215,A,A,A,A,A,A,A,A,A,A
4216,A,A,A,A,A,A,A,A,A,A
4217,A,A,A,A,A,A,A,A,A,A
4218,A,A,A,A,A,A,A,A,A,A
4219,A,A,A,A,A,A,A,A,A,A
4220,A,A,A,A,A,A,A,A,A,A
4221,A,A,A,A,A,A,A,A,A,A
4222,A,A,A,A,A,A,A,A,A,A
4223,A,A,A,A,A,A,A,A,A,A
4224,A,A,A,A,A,A,A,A,A,A
4225,A,A,A,A,A,A,A,A,A,A
4226,A,A,A,A,A,A,A,A,A,A
4227,A,A,A,A,A,A,A,A,A,A
4228,A,A,A,A,A,A,A,A,A,A
4229,A,A,A,A,A,A,A,A,A,A
4230,A,A,A,A,A,A,A,A,A,A
4231,A,A,A,A,A,A,A,A,A,A
4232,D,D,D,D,D,D,D,D,D,D
4233,A,A,A,A,A,A,A,A,A,A
4234,A,A,A,A,A,A,A,A,A,A
4235,A,A,A,A,A,A,A,A,A,A
4236,A,A,A,A,A,A,A,A,A,A
4237,A,A,A,A,A,A,A,A,A,A
4238,A,A,A,A,A,A,A,A,A,A
4239,A,A,A,A,A,A,A,A,A,A
4240,A,A,A,A,A,A,A,A,A,A
4241,A,A,A,A,A,A,A,A,A,A
4242,A,A,A,A,A,A,A,A,A,A
4243,A,A,A,A,A,A,A,A,A,A
4244,A,A,A,A,A,A,A,A,A,A
4245,A,A,A,A,A,A,A,A,A,A
4246,A,A,A,A,A,A,A,A,A,A
4247,A,A,A,A,A,A,A,A,A,A
4248,A,A,A,A,A,A,A,A,A,A
4249,A,A,A,A,A,A,A,A,A,A
4250,A,A,A,A,A,A,A,A,A,A
4251,A,A,A,A,A,A,A,A,A,A
4252,A,A,A,A,A,A,A,A,A,A
4253,A,A,A,A,A,A,A,A,A,A
4254,A,A,A,A,A,A,A,A,A,A
4255,A,A,A,A,A,A,A,A,A,A
4256,A,A,A,A,A,A,A,A,A,A
4257,A,A,A,A,A,A,A,A,A,A
4258,A,A,A,A,A,A,A,A,A,A
4259,A,A,A,A,A,A,A,A,A,A
4260,A,A,A,A,A,A,A,A,A,A
4261,A,A,A,A,A,A,A,A,A,A
4262,A,A,A,A,A,A,A,A,A,A
4263,A,A,A,A,A,A,A,A,A,A
4264,A,A,A,A,A,A,A,A,A,A
4265,A,A,A,A,A,A,A,A,A,A
4266,A,A,A,A,A,A,A,A,A,A
4267,A,A,A,A,A,A,A,A,A,A
4268,A,A,A,A,A,A,A,A,A,A
4269,A,A,A,A,A,A,A,A,A,A
4270,A,A,A,A,A,A,A,A,A,A
4271,A,A,A,A,A,A,A,A,A,A
4272,A,A,A,A,A,A,A,A,A,A
4273,A,A,A,A,A,A,A,A,A,A
4274,A,A,A,A,A,A,A,A,A,A
4275,A,A,A,A,A,A,A,A,A,A
4276,A,A,A,A,A,A,A,A,A,A
4277,A,A,A,A,A,A,A,A,A,A
4278,A,A,A,A,A,A,A,A,A,A
4279,A,A,A,A,A,A,A,A,A,A
4280,A,A,A,A,A,A,A,A,A,A
4281,A,A,A,A,A,A,A,A,A,A
4282,A,A,A,A,A,A,A,A,A,A
4283,A,A,A,A,A,A,A,A,A,A
4284,A,A,A,A,A,A,A,A,A,A
4285,A,A,A,A,A,A,A,A,A,A
4286,A,A,A,A,A,A,A,A,A,A
4287,A,A,A,A,A,A,A,A,A,A
4288,A,A,A,A,A,A,A,A,A,A
4289,A,A,A,A,A,A,A,A,A,A
4290,A,A,A,A,A,A,A,A,A,A
4291,A,A,A,A,A,A,A,A,A,A
4292,A,A,A,A,A,A,A,A,A,A
4293,A,A,A,A,A,A,A,A,A,A
4294,A,A,A,A,A,A,A,A,A,A
4295,A,A,A,A,A,A,A,A,A,A
4296,A,A,A,A,A,A,A,A,A,A
4297,A,A,A,A,A,A,A,A,A,A
4298,A,A,A,A,A,A,A,A,A,A
4299,A,A,A,A,A,A,A,A,A,A
4300,A,A,A,A,A,A,A,A,A,A
4301,A,A,A,A,A,A,A,A,A,A
4302,A,A,A,A,A,A,A,A,A,A
4303,A,A,A,A,A,A,A,A,A,A
4304,A,A,A,A,A,A,A,A,A,A
4305,A,A,A,A,A,A,A,A,A,A
4306,A,A,A,A,A,A,A,A,A,A
4307,A,A,A,A,A,A,A,A,A,A
4308,A,A,A,A,A,A,A,A,A,A
4309,A,A,A,A,A,A,A,A,A,A
4310,A,A,A,A,A,A,A,A,A,A
4312,A,A,A,A,A,A,A,A,A,A
4313,A,A,A,A,A,A,A,A,A,A
4314,A,A,A,A,A,A,A,A,A,A
4315,A,A,A,A,A,A,A,A,A,A
4316,A,A,A,A,A,A,A,A,A,A
4317,A,A,A,A,A,A,A,A,A,A
4318,A,A,A,A,A,A,A,A,A,A
4319,A,A,A,A,A,A,A,A,A,A
4320,A,A,A,A,A,A,A,A,A,A
4321,A,A,A,A,A,A,A,A,A,A
4322,A,A,A,A,A,A,A,A,A,A
4323,A,A,A,A,A,A,A,A,A,A
4324,A,A,A,A,A,A,A,A,A,A
4325,A,A,A,A,A,A,A,A,A,A
4326,A,A,A,A,A,A,A,A,A,A
4327,A,A,A,A,A,A,A,A,A,A
4328,A,A,A,A,A,A,A,A,A,A
4329,A,A,A,A,A,A,A,A,A,A
4330,A,A,A,A,A,A,A,A,A,A
4331,A,A,A,A,A,A,A,A,A,A
4332,A,A,A,A,A,A,A,A,A,A
4333,A,A,A,A,A,A,A,A,A,A
4334,A,A,A,A,A,A,A,A,A,A
4335,A,A,A,A,A,A,A,A,A,A
4336,A,A,A,A,A,A,A,A,A,A
4337,A,A,A,A,A,A,A,A,A,A
4338,A,A,A,A,A,A,A,A,A,A
4339,A,A,A,A,A,A,A,A,A,A
4340,A,A,A,A,A,A,A,A,A,A
4341,A,A,A,A,A,A,A,A,A,A
4342,A,A,A,A,A,A,A,A,A,A
4343,A,A,A,A,A,A,A,A,A,A
4344,A,A,A,A,A,A,A,A,A,A
4345,A,A,A,A,A,A,A,A,A,A
4346,A,A,A,A,A,A,A,A,A,A
4347,A,A,A,A,A,A,A,A,A,A
4348,A,A,A,A,A,A,A,A,A,A
4349,A,A,A,A,A,A,A,A,A,A
4350,A,A,A,A,A,A,A,A,A,A
4351,A,A,A,A,A,A,A,A,A,A
4352,A,A,A,A,A,A,A,A,A,A
4353,A,A,A,A,A,A,A,A,A,A
4354,A,A,A,A,A,A,A,A,A,A
4355,A,A,A,A,A,A,A,A,A,A
4356,A,A,A,A,A,A,A,A,A,A
4357,A,A,A,A,A,A,A,A,A,A
4358,A,A,A,A,A,A,A,A,A,A
4359,A,A,A,A,A,A,A,A,A,A
4360,A,A,A,A,A,A,A,A,A,A
4361,A,A,A,A,A,A,A,A,A,A
4362,A,A,A,A,A,A,A,A,A,A
4363,A,A,A,A,A,A,A,A,A,A
4364,A,A,A,A,A,A,A,A,A,A
4365,A,A,A,A,A,A,A,A,A,A
4366,A,A,A,A,A,A,A,A,A,A
4367,A,A,A,A,A,A,A,A,A,A
4368,A,A,A,A,A,A,A,A,A,A
4369,A,A,A,A,A,A,A,A,A,A
4370,A,A,A,A,A,A,A,A,A,A
4371,A,A,A,A,A,A,A,A,A,A
4372,A,A,A,A,A,A,A,A,A,A
4373,A,A,A,A,A,A,A,A,A,A
4374,A,A,A,A,A,A,A,A,A,A
4375,A,A,A,A,A,A,A,A,A,A
4376,A,A,A,A,A,A,A,A,A,A
4377,A,A,A,A,A,A,A,A,A,A
4378,A,A,A,A,A,A,A,A,A,A
4379,A,A,A,A,A,A,A,A,A,A
4380,A,A,A,A,A,A,A,A,A,A
4381,A,A,A,A,A,A,A,A,A,A
4382,A,A,A,A,A,A,A,A,A,A
4383,A,A,A,A,A,A,A,A,A,A
4384,A,A,A,A,A,A,A,A,A,A
4385,A,A,A,A,A,A,A,A,A,A
4386,A,A,A,A,A,A,A,A,A,A
4387,A,A,A,A,A,A,A,A,A,A
4388,A,A,A,A,A,A,A,A,A,A
4389,A,A,A,A,A,A,A,A,A,A
4390,A,A,A,A,A,A,A,A,A,A
4391,A,A,A,A,A,A,A,A,A,A
4392,A,A,A,A,A,A,A,A,A,A
4393,A,A,A,A,A,A,A,A,A,A
4394,A,A,A,A,A,A,A,A,A,A
4395,A,A,A,A,A,A,A,A,A,A
4396,A,A,A,A,A,A,A,A,A,A
4397,A,A,A,A,A,A,A,A,A,A
4398,A,A,A,A,A,A,A,A,A,A
4399,A,A,A,A,A,A,A,A,A,A
4400,A,A,A,A,A,A,A,A,A,A
4401,A,A,A,A,A,A,A,A,A,A
4402,A,A,A,A,A,A,A,A,A,A
4403,A,A,A,A,A,A,A,A,A,A
4404,A,A,A,A,A,A,A,A,A,A
4405,A,A,A,A,A,A,A,A,A,A
4406,A,A,A,A,A,A,A,A,A,A
4407,A,A,A,A,A,A,A,A,A,A
4408,A,A,A,A,A,A,A,A,A,A
4409,A,A,A,A,A,A,A,A,A,A
4410,A,A,A,A,A,A,A,A,A,A
4411,A,A,A,A,A,A,A,A,A,A
4412,A,A,A,A,A,A,A,A,A,A
4413,A,A,A,A,A,A,A,A,A,A
4414,A,A,A,A,A,A,A,A,A,A
4415,L,L,L,L,L,L,L,L,L,L
4416,A,A,A,A,A,A,A,A,A,A
4417,A,A,A,A,A,A,A,A,A,A
4418,H,H,H,H,H,H,H,H,H,H
4419,A,A,A,A,A,A,A,A,A,A
4420,A,A,A,A,A,A,A,A,A,A
4421,A,A,A,A,A,A,A,A,A,A
4422,A,A,A,A,A,A,A,A,A,A
4423,A,A,A,A,A,A,A,A,A,A
4424,A,A,A,A,A,A,A,A,A,A
4425,A,A,A,A,A,A,A,A,A,A
4426,A,A,A,A,A,A,A,A,A,A
4427,A,A,A,A,A,A,A,A,A,A
4428,A,A,A,A,A,A,A,A,A,A
4429,A,A,A,A,A,A,A,A,A,A
4430,A,A,A,A,A,A,A,A,A,A
4431,A,A,A,A,A,A,A,A,A,A
4432,A,A,A,A,A,A,A,A,A,A
4433,A,A,A,A,A,A,A,A,A,A
4434,A,A,A,A,A,A,A,A,A,A
4435,A,A,A,A,A,A,A,A,A,A
4436,A,A,A,A,A,A,A,A,A,A
4437,A,A,A,A,A,A,A,A,A,A
4438,A,A,A,A,A,A,A,A,A,A
4439,A,A,A,A,A,A,A,A,A,A
4440,A,A,A,A,A,A,A,A,A,A
4441,A,A,A,A,A,A,A,A,A,A
4442,A,A,A,A,A,A,A,A,A,A
4443,A,A,A,A,A,A,A,A,A,A
4444,A,A,A,A,A,A,A,A,A,A
4445,A,A,A,A,A,A,A,A,A,A
4446,A,A,A,A,A,A,A,A,A,A
4447,A,A,A,A,A,A,A,A,A,A
4448,A,A,A,A,A,A,A,A,A,A
4449,A,A,A,A,A,A,A,A,A,A
4450,A,A,A,A,A,A,A,A,A,A
4451,A,A,A,A,A,A,A,A,A,A
4452,A,A,A,A,A,A,A,A,A,A
4453,A,A,A,A,A,A,A,A,A,A
4454,A,A,A,A,A,A,A,A,A,A
4455,A,A,A,A,A,A,A,A,A,A
4456,A,A,A,A,A,A,A,A,A,A
4457,A,A,A,A,A,A,A,A,A,A
4458,B,B,B,B,B,B,B,B,B,B
4459,B,B,B,B,B,B,B,B,B,B
4460,A,A,A,A,A,A,A,A,A,A
4461,A,A,A,A,A,A,A,A,A,A
4462,B,B,B,B,B,B,B,B,B,B
4463,A,A,A,A,A,A,A,A,A,A
4464,A,A,A,A,A,A,A,A,A,A
4465,A,A,A,A,A,A,A,A,A,A
4466,A,A,A,A,A,A,A,A,A,A
4467,A,A,A,A,A,A,A,A,A,A
4468,A,A,A,A,A,A,A,A,A,A
4469,A,A,A,A,A,A,A,A,A,A
4470,A,A,A,A,A,A,A,A,A,A
4471,A,A,A,A,A,A,A,A,A,A
4472,A,A,A,A,A,A,A,A,A,A
4473,J,J,J,J,J,J,J,J,J,J
4474,A,A,A,A,A,A,A,A,A,A
4475,A,A,A,A,A,A,A,A,A,A
4476,A,A,A,A,A,A,A,A,A,A
4477,B,B,B,B,B,B,B,B,B,B
4478,A,A,A,A,A,A,A,A,A,A
4479,A,A,A,A,A,A,A,A,A,A
4480,A,A,A,A,A,A,A,A,A,A
4481,B,B,B,B,B,B,B,B,B,B
4482,B,B,B,B,B,B,B,B,B,B
4483,A,A,A,A,A,A,A,A,A,A
4484,A,A,A,A,A,A,A,A,A,A
4485,A,A,A,A,A,A,A,A,A,A
4486,A,A,A,A,A,A,A,A,A,A
4487,A,A,A,A,A,A,A,A,A,A
4488,A,A,A,A,A,A,A,A,A,A
4489,A,A,A,A,A,A,A,A,A,A
4490,A,A,A,A,A,A,A,A,A,A
4491,A,A,A,A,A,A,A,A,A,A
4492,A,A,A,A,A,A,A,A,A,A
4493,B,B,B,B,B,B,B,B,B,B
4494,B,B,B,B,B,B,B,B,B,B
4495,A,A,A,A,A,A,A,A,A,A
4496,A,A,A,A,A,A,A,A,A,A
4497,A,A,A,A,A,A,A,A,A,A
4498,B,B,B,B,B,B,B,B,B,B
4499,A,A,A,A,A,A,A,A,A,A
4500,A,A,A,A,A,A,A,A,A,A
4501,A,A,A,A,A,A,A,A,A,A
4502,A,A,A,A,A,A,A,A,A,A
4503,A,A,A,A,A,A,A,A,A,A
4504,A,A,A,A,A,A,A,A,A,A
4505,A,A,A,A,A,A,A,A,A,A
4506,B,B,B,B,B,B,B,B,B,B
4507,A,A,A,A,A,A,A,A,A,A
4508,B,B,B,B,B,B,B,B,B,B
4509,B,B,B,B,B,B,B,B,B,B
4510,B,B,B,B,B,B,B,B,B,B
4511,B,B,B,B,B,B,B,B,B,B
4512,B,B,B,B,B,B,B,B,B,B
4513,B,B,B,B,B,B,B,B,B,B
4514,A,A,A,A,A,A,A,A,A,A
4515,A,A,A,A,A,A,A,A,A,A
4516,A,A,A,A,A,A,A,A,A,A
4517,A,A,A,A,A,A,A,A,A,A
4518,A,A,A,A,A,A,A,A,A,A
4519,A,A,A,A,A,A,A,A,A,A
4520,A,A,A,A,A,A,A,A,A,A
4521,A,A,A,A,A,A,A,A,A,A
4522,A,A,A,A,A,A,A,A,A,A
4523,A,A,A,A,A,A,A,A,A,A
4524,A,A,A,A,A,A,A,A,A,A
4525,A,A,A,A,A,A,A,A,A,A
4526,C,C,C,C,C,C,C,C,C,C
4527,A,A,A,A,A,A,A,A,A,A
4528,A,A,A,A,A,A,A,A,A,A
4529,A,A,A,A,A,A,A,A,A,A
4530,A,A,A,A,A,A,A,A,A,A
4531,A,A,A,A,A,A,A,A,A,A
4532,A,A,A,A,A,A,A,A,A,A
4533,A,A,A,A,A,A,A,A,A,A
4534,A,A,A,A,A,A,A,A,A,A
4535,A,A,A,A,A,A,A,A,A,A
4536,A,A,A,A,A,A,A,A,A,A
4537,A,A,A,A,A,A,A,A,A,A
4538,A,A,A,A,A,A,A,A,A,A
4539,A,A,A,A,A,A,A,A,A,A
4540,A,A,A,A,A,A,A,A,A,A
4541,A,A,A,A,A,A,A,A,A,A
4542,A,A,A,A,A,A,A,A,A,A
4543,A,A,A,A,A,A,A,A,A,A
4544,A,A,A,A,A,A,A,A,A,A
4545,A,A,A,A,A,A,A,A,A,A
4546,A,A,A,A,A,A,A,A,A,A
4547,A,A,A,A,A,A,A,A,A,A
4548,A,A,A,A,A,A,A,A,A,A
4549,A,A,A,A,A,A,A,A,A,A
4550,A,A,A,A,A,A,A,A,A,A
4551,A,A,A,A,A,A,A,A,A,A
4552,A,A,A,A,A,A,A,A,A,A
4553,A,A,A,A,A,A,A,A,A,A
4554,A,A,A,A,A,A,A,A,A,A
4555,A,A,A,A,A,A,A,A,A,A
4556,A,A,A,A,A,A,A,A,A,A
4557,A,A,A,A,A,A,A,A,A,A
4558,A,A,A,A,A,A,A,A,A,A
4559,A,A,A,A,A,A,A,A,A,A
4560,A,A,A,A,A,A,A,A,A,A
4561,A,A,A,A,A,A,A,A,A,A
4562,A,A,A,A,A,A,A,A,A,A
4563,A,A,A,A,A,A,A,A,A,A
4564,A,A,A,A,A,A,A,A,A,A
4565,A,A,A,A,A,A,A,A,A,A
4566,A,A,A,A,A,A,A,A,A,A
4567,A,A,A,A,A,A,A,A,A,A
4568,A,A,A,A,A,A,A,A,A,A
4569,A,A,A,A,A,A,A,A,A,A
4570,A,A,A,A,A,A,A,A,A,A
4571,A,A,A,A,A,A,A,A,A,A
4572,A,A,A,A,A,A,A,A,A,A
4573,A,A,A,A,A,A,A,A,A,A
4574,A,A,A,A,A,A,A,A,A,A
4575,A,A,A,A,A,A,A,A,A,A
4576,A,A,A,A,A,A,A,A,A,A
4577,A,A,A,A,A,A,A,A,A,A
4578,A,A,A,A,A,A,A,A,A,A
4579,A,A,A,A,A,A,A,A,A,A
4580,A,A,A,A,A,A,A,A,A,A
4581,A,A,A,A,A,A,A,A,A,A
4582,A,A,A,A,A,A,A,A,A,A
4583,A,A,A,A,A,A,A,A,A,A
4584,A,A,A,A,A,A,A,A,A,A
4585,A,A,A,A,A,A,A,A,A,A
4586,A,A,A,A,A,A,A,A,A,A
4587,A,A,A,A,A,A,A,A,A,A
4588,A,A,A,A,A,A,A,A,A,A
4589,A,A,A,A,A,A,A,A,A,A
4590,A,A,A,A,A,A,A,A,A,A
4591,A,A,A,A,A,A,A,A,A,A
4592,A,A,A,A,A,A,A,A,A,A
4593,A,A,A,A,A,A,A,A,A,A
4594,A,A,A,A,A,A,A,A,A,A
4595,A,A,A,A,A,A,A,A,A,A
4596,A,A,A,A,A,A,A,A,A,A
4597,A,A,A,A,A,A,A,A,A,A
4598,A,A,A,A,A,A,A,A,A,A
4599,A,A,A,A,A,A,A,A,A,A
4600,A,A,A,A,A,A,A,A,A,A
4601,A,A,A,A,A,A,A,A,A,A
4602,A,A,A,A,A,A,A,A,A,A
4603,A,A,A,A,A,A,A,A,A,A
4604,A,A,A,A,A,A,A,A,A,A
4605,A,A,A,A,A,A,A,A,A,A
4606,A,A,A,A,A,A,A,A,A,A
4607,A,A,A,A,A,A,A,A,A,A
4608,A,A,A,A,A,A,A,A,A,A
4609,A,A,A,A,A,A,A,A,A,A
4610,A,A,A,A,A,A,A,A,A,A
4611,A,A,A,A,A,A,A,A,A,A
4612,A,A,A,A,A,A,A,A,A,A
4613,A,A,A,A,A,A,A,A,A,A
4614,A,A,A,A,A,A,A,A,A,A
4615,A,A,A,A,A,A,A,A,A,A
4616,A,A,A,A,A,A,A,A,A,A
4617,A,A,A,A,A,A,A,A,A,A
4618,A,A,A,A,A,A,A,A,A,A
4619,A,A,A,A,A,A,A,A,A,A
4620,A,A,A,A,A,A,A,A,A,A
4621,A,A,A,A,A,A,A,A,A,A
4622,A,A,A,A,A,A,A,A,A,A
4623,A,A,A,A,A,A,A,A,A,A
4624,A,A,A,A,A,A,A,A,A,A
4625,A,A,A,A,A,A,A,A,A,A
4626,A,A,A,A,A,A,A,A,A,A
4627,A,A,A,A,A,A,A,A,A,A
4628,A,A,A,A,A,A,A,A,A,A
4629,A,A,A,A,A,A,A,A,A,A
4630,A,A,A,A,A,A,A,A,A,A
4631,A,A,A,A,A,A,A,A,A,A
4632,A,A,A,A,A,A,A,A,A,A
4633,A,A,A,A,A,A,A,A,A,A
4634,A,A,A,A,A,A,A,A,A,A
4635,A,A,A,A,A,A,A,A,A,A
4636,A,A,A,A,A,A,A,A,A,A
4637,A,A,A,A,A,A,A,A,A,A
4638,A,A,A,A,A,A,A,A,A,A
4639,A,A,A,A,A,A,A,A,A,A
4640,A,A,A,A,A,A,A,A,A,A
4641,A,A,A,A,A,A,A,A,A,A
4642,A,A,A,A,A,A,A,A,A,A
4643,A,A,A,A,A,A,A,A,A,A
4644,A,A,A,A,A,A,A,A,A,A
4645,A,A,A,A,A,A,A,A,A,A
4646,A,A,A,A,A,A,A,A,A,A
4647,A,A,A,A,A,A,A,A,A,A
4648,A,A,A,A,A,A,A,A,A,A
4649,A,A,A,A,A,A,A,A,A,A
4650,A,A,A,A,A,A,A,A,A,A
4651,A,A,A,A,A,A,A,A,A,A
4652,A,A,A,A,A,A,A,A,A,A
4653,A,A,A,A,A,A,A,A,A,A
4654,A,A,A,A,A,A,A,A,A,A
4655,A,A,A,A,A,A,A,A,A,A
4656,A,A,A,A,A,A,A,A,A,A
4658,A,A,A,A,A,A,A,A,A,A
4659,A,A,A,A,A,A,A,A,A,A
4660,A,A,A,A,A,A,A,A,A,A
4661,A,A,A,A,A,A,A,A,A,A
4662,A,A,A,A,A,A,A,A,A,A
4663,A,A,A,A,A,A,A,A,A,A
4664,A,A,A,A,A,A,A,A,A,A
4665,A,A,A,A,A,A,A,A,A,A
4666,A,A,A,A,A,A,A,A,A,A
4667,A,A,A,A,A,A,A,A,A,A
4668,A,A,A,A,A,A,A,A,A,A
4669,A,A,A,A,A,A,A,A,A,A
4670,A,A,A,A,A,A,A,A,A,A
4671,A,A,A,A,A,A,A,A,A,A
4672,A,A,A,A,A,A,A,A,A,A
4673,A,A,A,A,A,A,A,A,A,A
4674,A,A,A,A,A,A,A,A,A,A
4675,A,A,A,A,A,A,A,A,A,A
4676,A,A,A,A,A,A,A,A,A,A
4677,A,A,A,A,A,A,A,A,A,A
4678,A,A,A,A,A,A,A,A,A,A
4679,A,A,A,A,A,A,A,A,A,A
4680,A,A,A,A,A,A,A,A,A,A
4681,A,A,A,A,A,A,A,A,A,A
4682,A,A,A,A,A,A,A,A,A,A
4683,A,A,A,A,A,A,A,A,A,A
4684,A,A,A,A,A,A,A,A,A,A
4685,A,A,A,A,A,A,A,A,A,A
4686,A,A,A,A,A,A,A,A,A,A
4687,A,A,A,A,A,A,A,A,A,A
4688,A,A,A,A,A,A,A,A,A,A
4689,A,A,A,A,A,A,A,A,A,A
4690,A,A,A,A,A,A,A,A,A,A
4691,A,A,A,A,A,A,A,A,A,A
4692,A,A,A,A,A,A,A,A,A,A
4693,A,A,A,A,A,A,A,A,A,A
4694,A,A,A,A,A,A,A,A,A,A
4695,A,A,A,A,A,A,A,A,A,A
4696,A,A,A,A,A,A,A,A,A,A
4697,A,A,A,A,A,A,A,A,A,A
4698,A,A,A,A,A,A,A,A,A,A
4699,A,A,A,A,A,A,A,A,A,A
4700,A,A,A,A,A,A,A,A,A,A
4701,A,A,A,A,A,A,A,A,A,A
4702,A,A,A,A,A,A,A,A,A,A
4703,A,A,A,A,A,A,A,A,A,A
4704,A,A,A,A,A,A,A,A,A,A
4705,A,A,A,A,A,A,A,A,A,A
4706,A,A,A,A,A,A,A,A,A,A
4707,A,A,A,A,A,A,A,A,A,A
4708,A,A,A,A,A,A,A,A,A,A
4709,A,A,A,A,A,A,A,A,A,A
4710,A,A,A,A,A,A,A,A,A,A
4711,A,A,A,A,A,A,A,A,A,A
4712,A,A,A,A,A,A,A,A,A,A
4713,A,A,A,A,A,A,A,A,A,A
4714,A,A,A,A,A,A,A,A,A,A
4715,A,A,A,A,A,A,A,A,A,A
4716,A,A,A,A,A,A,A,A,A,A
4717,A,A,A,A,A,A,A,A,A,A
4718,A,A,A,A,A,A,A,A,A,A
4719,A,A,A,A,A,A,A,A,A,A
4720,A,A,A,A,A,A,A,A,A,A
4721,A,A,A,A,A,A,A,A,A,A
4722,A,A,A,A,A,A,A,A,A,A
4723,A,A,A,A,A,A,A,A,A,A
4724,A,A,A,A,A,A,A,A,A,A
4725,A,A,A,A,A,A,A,A,A,A
4726,A,A,A,A,A,A,A,A,A,A
4727,A,A,A,A,A,A,A,A,A,A
4728,A,A,A,A,A,A,A,A,A,A
4729,A,A,A,A,A,A,A,A,A,A
4730,A,A,A,A,A,A,A,A,A,A
4731,A,A,A,A,A,A,A,A,A,A
4732,A,A,A,A,A,A,A,A,A,A
4733,A,A,A,A,A,A,A,A,A,A
4734,A,A,A,A,A,A,A,A,A,A
4735,B,B,B,B,B,B,B,B,B,B
4736,A,A,A,A,A,A,A,A,A,A
4737,B,B,B,B,B,B,B,B,B,B
4738,A,A,A,A,A,A,A,A,A,A
4739,B,B,B,B,B,B,B,B,B,B
4740,A,A,A,A,A,A,A,A,A,A
4741,A,A,A,A,A,A,A,A,A,A
4742,A,A,A,A,A,A,A,A,A,A
4743,B,B,B,B,B,B,B,B,B,B
4744,A,A,A,A,A,A,A,A,A,A
4745,A,A,A,A,A,A,A,A,A,A
4746,A,A,A,A,A,A,A,A,A,A
4747,A,A,A,A,A,A,A,A,A,A
4748,A,A,A,A,A,A,A,A,A,A
4749,A,A,A,A,A,A,A,A,A,A
4750,A,A,A,A,A,A,A,A,A,A
4751,A,A,A,A,A,A,A,A,A,A
4752,A,A,A,A,A,A,A,A,A,A
4753,B,B,B,B,B,B,B,B,B,B
4754,A,A,A,A,A,A,A,A,A,A
4755,A,A,A,A,A,A,A,A,A,A
4756,A,A,A,A,A,A,A,A,A,A
4757,A,A,A,A,A,A,A,A,A,A
4758,A,A,A,A,A,A,A,A,A,A
4759,A,A,A,A,A,A,A,A,A,A
4760,A,A,A,A,A,A,A,A,A,A
4761,A,A,A,A,A,A,A,A,A,A
4762,A,A,A,A,A,A,A,A,A,A
4763,A,A,A,A,A,A,A,A,A,A
4764,A,A,A,A,A,A,A,A,A,A
4765,B,B,B,B,B,B,B,B,B,B
4766,A,A,A,A,A,A,A,A,A,A
4767,A,A,A,A,A,A,A,A,A,A
4768,A,A,A,A,A,A,A,A,A,A
4769,A,A,A,A,A,A,A,A,A,A
4770,A,A,A,A,A,A,A,A,A,A
4771,A,A,A,A,A,A,A,A,A,A
4772,A,A,A,A,A,A,A,A,A,A
4773,A,A,A,A,A,A,A,A,A,A
4774,A,A,A,A,A,A,A,A,A,A
4775,A,A,A,A,A,A,A,A,A,A
4776,A,A,A,A,A,A,A,A,A,A
4777,A,A,A,A,A,A,A,A,A,A
4778,A,A,A,A,A,A,A,A,A,A
4779,A,A,A,A,A,A,A,A,A,A
4780,A,A,A,A,A,A,A,A,A,A
4781,A,A,A,A,A,A,A,A,A,A
4782,A,A,A,A,A,A,A,A,A,A
4783,A,A,A,A,A,A,A,A,A,A
4784,A,A,A,A,A,A,A,A,A,A
4785,A,A,A,A,A,A,A,A,A,A
4786,C,C,C,C,C,C,C,C,C,C
4787,C,C,C,C,C,C,C,C,C,C
4788,C,C,C,C,C,C,C,C,C,C
4789,B,B,B,B,B,B,B,B,B,B
4790,A,A,A,A,A,A,A,A,A,A
4791,A,A,A,A,A,A,A,A,A,A
4792,A,A,A,A,A,A,A,A,A,A
4793,A,A,A,A,A,A,A,A,A,A
4794,A,A,A,A,A,A,A,A,A,A
4795,A,A,A,A,A,A,A,A,A,A
4796,A,A,A,A,A,A,A,A,A,A
4797,A,A,A,A,A,A,A,A,A,A
4798,A,A,A,A,A,A,A,A,A,A
4799,A,A,A,A,A,A,A,A,A,A
4800,A,A,A,A,A,A,A,A,A,A
4801,A,A,A,A,A,A,A,A,A,A
4802,A,A,A,A,A,A,A,A,A,A
4803,A,A,A,A,A,A,A,A,A,A
4804,A,A,A,A,A,A,A,A,A,A
4805,A,A,A,A,A,A,A,A,A,A
4806,A,A,A,A,A,A,A,A,A,A
4807,A,A,A,A,A,A,A,A,A,A
4808,A,A,A,A,A,A,A,A,A,A
4809,A,A,A,A,A,A,A,A,A,A
4810,A,A,A,A,A,A,A,A,A,A
4811,A,A,A,A,A,A,A,A,A,A
4812,A,A,A,A,A,A,A,A,A,A
4813,A,A,A,A,A,A,A,A,A,A
4814,A,A,A,A,A,A,A,A,A,A
4815,A,A,A,A,A,A,A,A,A,A
4816,A,A,A,A,A,A,A,A,A,A
4817,A,A,A,A,A,A,A,A,A,A
4818,A,A,A,A,A,A,A,A,A,A
4819,A,A,A,A,A,A,A,A,A,A
4820,A,A,A,A,A,A,A,A,A,A
4821,A,A,A,A,A,A,A,A,A,A
4822,A,A,A,A,A,A,A,A,A,A
4823,A,A,A,A,A,A,A,A,A,A
4824,A,A,A,A,A,A,A,A,A,A
4825,L,L,L,L,L,L,L,L,L,L
4826,A,A,A,A,A,A,A,A,A,A
4827,A,A,A,A,A,A,A,A,A,A
4828,A,A,A,A,A,A,A,A,A,A
4829,A,A,A,A,A,A,A,A,A,A
4830,A,A,A,A,A,A,A,A,A,A
4831,A,A,A,A,A,A,A,A,A,A
4832,A,A,A,A,A,A,A,A,A,A
4833,A,A,A,A,A,A,A,A,A,A
4834,A,A,A,A,A,A,A,A,A,A
4835,A,A,A,A,A,A,A,A,A,A
4836,A,A,A,A,A,A,A,A,A,A
4837,A,A,A,A,A,A,A,A,A,A
4838,A,A,A,A,A,A,A,A,A,A
4839,A,A,A,A,A,A,A,A,A,A
4840,A,A,A,A,A,A,A,A,A,A
4841,A,A,A,A,A,A,A,A,A,A
4842,A,A,A,A,A,A,A,A,A,A
4843,A,A,A,A,A,A,A,A,A,A
4844,A,A,A,A,A,A,A,A,A,A
4845,A,A,A,A,A,A,A,A,A,A
4846,A,A,A,A,A,A,A,A,A,A
4847,A,A,A,A,A,A,A,A,A,A
4848,A,A,A,A,A,A,A,A,A,A
4849,A,A,A,A,A,A,A,A,A,A
4850,A,A,A,A,A,A,A,A,A,A
4851,A,A,A,A,A,A,A,A,A,A
4852,A,A,A,A,A,A,A,A,A,A
4853,A,A,A,A,A,A,A,A,A,A
4854,A,A,A,A,A,A,A,A,A,A
4855,A,A,A,A,A,A,A,A,A,A
4856,A,A,A,A,A,A,A,A,A,A
4857,A,A,A,A,A,A,A,A,A,A
4858,A,A,A,A,A,A,A,A,A,A
4859,A,A,A,A,A,A,A,A,A,A
4860,A,A,A,A,A,A,A,A,A,A
4861,A,A,A,A,A,A,A,A,A,A
4862,A,A,A,A,A,A,A,A,A,A
4863,A,A,A,A,A,A,A,A,A,A
4864,A,A,A,A,A,A,A,A,A,A
4865,A,A,A,A,A,A,A,A,A,A
4866,A,A,A,A,A,A,A,A,A,A
4867,A,A,A,A,A,A,A,A,A,A
4868,A,A,A,A,A,A,A,A,A,A
4869,A,A,A,A,A,A,A,A,A,A
4870,A,A,A,A,A,A,A,A,A,A
4871,A,A,A,A,A,A,A,A,A,A
4872,A,A,A,A,A,A,A,A,A,A
4873,A,A,A,A,A,A,A,A,A,A
4874,A,A,A,A,A,A,A,A,A,A
4875,A,A,A,A,A,A,A,A,A,A
4876,A,A,A,A,A,A,A,A,A,A
4877,A,A,A,A,A,A,A,A,A,A
4878,A,A,A,A,A,A,A,A,A,A
4879,A,A,A,A,A,A,A,A,A,A
4880,A,A,A,A,A,A,A,A,A,A
4881,A,A,A,A,A,A,A,A,A,A
4882,A,A,A,A,A,A,A,A,A,A
4883,A,A,A,A,A,A,A,A,A,A
4884,A,A,A,A,A,A,A,A,A,A
4885,A,A,A,A,A,A,A,A,A,A
4886,A,A,A,A,A,A,A,A,A,A
4887,A,A,A,A,A,A,A,A,A,A
4888,A,A,A,A,A,A,A,A,A,A
4889,A,A,A,A,A,A,A,A,A,A
4890,A,A,A,A,A,A,A,A,A,A
4891,A,A,A,A,A,A,A,A,A,A
4892,A,A,A,A,A,A,A,A,A,A
4893,A,A,A,A,A,A,A,A,A,A
4894,A,A,A,A,A,A,A,A,A,A
4895,A,A,A,A,A,A,A,A,A,A
4896,A,A,A,A,A,A,A,A,A,A
4897,A,A,A,A,A,A,A,A,A,A
4898,A,A,A,A,A,A,A,A,A,A
4899,A,A,A,A,A,A,A,A,A,A
4900,A,A,A,A,A,A,A,A,A,A
4901,A,A,A,A,A,A,A,A,A,A
4902,A,A,A,A,A,A,A,A,A,A
4903,A,A,A,A,A,A,A,A,A,A
4904,A,A,A,A,A,A,A,A,A,A
4905,A,A,A,A,A,A,A,A,A,A
4906,A,A,A,A,A,A,A,A,A,A
4907,A,A,A,A,A,A,A,A,A,A
4908,A,A,A,A,A,A,A,A,A,A
4909,A,A,A,A,A,A,A,A,A,A
4910,A,A,A,A,A,A,A,A,A,A
4911,A,A,A,A,A,A,A,A,A,A
4912,A,A,A,A,A,A,A,A,A,A
4913,A,A,A,A,A,A,A,A,A,A
4914,A,A,A,A,A,A,A,A,A,A
4915,A,A,A,A,A,A,A,A,A,A
4916,A,A,A,A,A,A,A,A,A,A
4917,A,A,A,A,A,A,A,A,A,A
4918,A,A,A,A,A,A,A,A,A,A
4919,A,A,A,A,A,A,A,A,A,A
4920,A,A,A,A,A,A,A,A,A,A
4921,A,A,A,A,A,A,A,A,A,A
4922,A,A,A,A,A,A,A,A,A,A
4923,A,A,A,A,A,A,A,A,A,A
4924,A,A,A,A,A,A,A,A,A,A
4925,A,A,A,A,A,A,A,A,A,A
4926,A,A,A,A,A,A,A,A,A,A
4927,A,A,A,A,A,A,A,A,A,A
4928,A,A,A,A,A,A,A,A,A,A
4929,A,A,A,A,A,A,A,A,A,A
4930,A,A,A,A,A,A,A,A,A,A
4931,A,A,A,A,A,A,A,A,A,A
4932,A,A,A,A,A,A,A,A,A,A
4933,A,A,A,A,A,A,A,A,A,A
4934,A,A,A,A,A,A,A,A,A,A
4935,A,A,A,A,A,A,A,A,A,A
4936,A,A,A,A,A,A,A,A,A,A
4937,A,A,A,A,A,A,A,A,A,A
4938,A,A,A,A,A,A,A,A,A,A
4939,A,A,A,A,A,A,A,A,A,A
4940,A,A,A,A,A,A,A,A,A,A
4941,A,A,A,A,A,A,A,A,A,A
4942,A,A,A,A,A,A,A,A,A,A
4943,A,A,A,A,A,A,A,A,A,A
4944,A,A,A,A,A,A,A,A,A,A
4945,A,A,A,A,A,A,A,A,A,A
4946,A,A,A,A,A,A,A,A,A,A
4947,A,A,A,A,A,A,A,A,A,A
4948,A,A,A,A,A,A,A,A,A,A
4949,A,A,A,A,A,A,A,A,A,A
4950,A,A,A,A,A,A,A,A,A,A
4951,A,A,A,A,A,A,A,A,A,A
4952,A,A,A,A,A,A,A,A,A,A
4953,A,A,A,A,A,A,A,A,A,A
4954,A,A,A,A,A,A,A,A,A,A
4955,A,A,A,A,A,A,A,A,A,A
4956,A,A,A,A,A,A,A,A,A,A
4957,A,A,A,A,A,A,A,A,A,A
4958,A,A,A,A,A,A,A,A,A,A
4959,A,A,A,A,A,A,A,A,A,A
4960,A,A,A,A,A,A,A,A,A,A
4961,A,A,A,A,A,A,A,A,A,A
4962,A,A,A,A,A,A,A,A,A,A
4963,A,A,A,A,A,A,A,A,A,A
4964,A,A,A,A,A,A,A,A,A,A
4965,E,E,E,E,E,E,E,E,E,E
4966,C,C,C,C,C,C,C,C,C,C
4967,E,E,E,E,E,E,E,E,E,E
4968,A,A,A,A,A,A,A,A,A,A
4969,A,A,A,A,A,A,A,A,A,A
4970,A,A,A,A,A,A,A,A,A,A
4971,A,A,A,A,A,A,A,A,A,A
4972,A,A,A,A,A,A,A,A,A,A
4973,A,A,A,A,A,A,A,A,A,A
4974,A,A,A,A,A,A,A,A,A,A
4975,A,A,A,A,A,A,A,A,A,A
4976,A,A,A,A,A,A,A,A,A,A
4977,A,A,A,A,A,A,A,A,A,A
4978,A,A,A,A,A,A,A,A,A,A
4979,A,A,A,A,A,A,A,A,A,A
4980,A,A,A,A,A,A,A,A,A,A
4981,L,L,L,L,L,L,L,L,L,L
4982,A,A,A,A,A,A,A,A,A,A
4983,A,A,A,A,A,A,A,A,A,A
4984,A,A,A,A,A,A,A,A,A,A
4985,A,A,A,A,A,A,A,A,A,A
4986,A,A,A,A,A,A,A,A,A,A
4987,A,A,A,A,A,A,A,A,A,A
4988,A,A,A,A,A,A,A,A,A,A
4989,A,A,A,A,A,A,A,A,A,A
4990,A,A,A,A,A,A,A,A,A,A
4991,A,A,A,A,A,A,A,A,A,A
4992,A,A,A,A,A,A,A,A,A,A
4993,A,A,A,A,A,A,A,A,A,A
4994,A,A,A,A,A,A,A,A,A,A
4995,A,A,A,A,A,A,A,A,A,A
4996,A,A,A,A,A,A,A,A,A,A
4997,A,A,A,A,A,A,A,A,A,A
4998,A,A,A,A,A,A,A,A,A,A
4999,A,A,A,A,A,A,A,A,A,A
5000,A,A,A,A,A,A,A,A,A,A
5001,A,A,A,A,A,A,A,A,A,A
5002,A,A,A,A,A,A,A,A,A,A
5003,A,A,A,A,A,A,A,A,A,A
5004,A,A,A,A,A,A,A,A,A,A
5005,A,A,A,A,A,A,A,A,A,A
5006,A,A,A,A,A,A,A,A,A,A
5007,A,A,A,A,A,A,A,A,A,A
5008,A,A,A,A,A,A,A,A,A,A
5009,A,A,A,A,A,A,A,A,A,A
5010,A,A,A,A,A,A,A,A,A,A
5011,A,A,A,A,A,A,A,A,A,A
5012,A,A,A,A,A,A,A,A,A,A
5013,A,A,A,A,A,A,A,A,A,A
5014,A,A,A,A,A,A,A,A,A,A
5015,A,A,A,A,A,A,A,A,A,A
5016,A,A,A,A,A,A,A,A,A,A
5017,A,A,A,A,A,A,A,A,A,A
5018,A,A,A,A,A,A,A,A,A,A
5019,A,A,A,A,A,A,A,A,A,A
5020,A,A,A,A,A,A,A,A,A,A
5021,A,A,A,A,A,A,A,A,A,A
5022,A,A,A,A,A,A,A,A,A,A
5023,A,A,A,A,A,A,A,A,A,A
5024,A,A,A,A,A,A,A,A,A,A
5025,A,A,A,A,A,A,A,A,A,A
5026,A,A,A,A,A,A,A,A,A,A
5027,A,A,A,A,A,A,A,A,A,A
5028,A,A,A,A,A,A,A,A,A,A
5029,A,A,A,A,A,A,A,A,A,A
5030,A,A,A,A,A,A,A,A,A,A
5031,A,A,A,A,A,A,A,A,A,A
5032,A,A,A,A,A,A,A,A,A,A
5033,A,A,A,A,A,A,A,A,A,A
5034,A,A,A,A,A,A,A,A,A,A
5035,A,A,A,A,A,A,A,A,A,A
5036,A,A,A,A,A,A,A,A,A,A
5037,A,A,A,A,A,A,A,A,A,A
5038,A,A,A,A,A,A,A,A,A,A
5039,A,A,A,A,A,A,A,A,A,A
5040,A,A,A,A,A,A,A,A,A,A
5041,A,A,A,A,A,A,A,A,A,A
5042,A,A,A,A,A,A,A,A,A,A
5043,A,A,A,A,A,A,A,A,A,A
5044,A,A,A,A,A,A,A,A,A,A
5045,A,A,A,A,A,A,A,A,A,A
5046,A,A,A,A,A,A,A,A,A,A
5047,A,A,A,A,A,A,A,A,A,A
5048,A,A,A,A,A,A,A,A,A,A
5049,A,A,A,A,A,A,A,A,A,A
5050,A,A,A,A,A,A,A,A,A,A
5051,A,A,A,A,A,A,A,A,A,A
5052,A,A,A,A,A,A,A,A,A,A
5053,A,A,A,A,A,A,A,A,A,A
5054,A,A,A,A,A,A,A,A,A,A
5055,A,A,A,A,A,A,A,A,A,A
5056,A,A,A,A,A,A,A,A,A,A
5057,A,A,A,A,A,A,A,A,A,A
5058,A,A,A,A,A,A,A,A,A,A
5059,A,A,A,A,A,A,A,A,A,A
5060,A,A,A,A,A,A,A,A,A,A
5061,A,A,A,A,A,A,A,A,A,A
5062,A,A,A,A,A,A,A,A,A,A
5063,A,A,A,A,A,A,A,A,A,A
5064,A,A,A,A,A,A,A,A,A,A
5065,A,A,A,A,A,A,A,A,A,A
5066,A,A,A,A,A,A,A,A,A,A
5067,A,A,A,A,A,A,A,A,A,A
5068,A,A,A,A,A,A,A,A,A,A
5069,A,A,A,A,A,A,A,A,A,A
5070,A,A,A,A,A,A,A,A,A,A
5071,A,A,A,A,A,A,A,A,A,A
5072,A,A,A,A,A,A,A,A,A,A
5073,A,A,A,A,A,A,A,A,A,A
5074,A,A,A,A,A,A,A,A,A,A
5075,A,A,A,A,A,A,A,A,A,A
5076,A,A,A,A,A,A,A,A,A,A
5077,A,A,A,A,A,A,A,A,A,A
5078,A,A,A,A,A,A,A,A,A,A
5079,A,A,A,A,A,A,A,A,A,A
5080,A,A,A,A,A,A,A,A,A,A
5081,A,A,A,A,A,A,A,A,A,A
5082,A,A,A,A,A,A,A,A,A,A
5083,A,A,A,A,A,A,A,A,A,A
5084,A,A,A,A,A,A,A,A,A,A
5085,A,A,A,A,A,A,A,A,A,A
5086,A,A,A,A,A,A,A,A,A,A
5087,A,A,A,A,A,A,A,A,A,A
5088,A,A,A,A,A,A,A,A,A,A
5089,A,A,A,A,A,A,A,A,A,A
5090,A,A,A,A,A,A,A,A,A,A
5091,A,A,A,A,A,A,A,A,A,A
5092,A,A,A,A,A,A,A,A,A,A
5093,A,A,A,A,A,A,A,A,A,A
5094,A,A,A,A,A,A,A,A,A,A
5095,A,A,A,A,A,A,A,A,A,A
5096,A,A,A,A,A,A,A,A,A,A
5097,A,A,A,A,A,A,A,A,A,A
5098,A,A,A,A,A,A,A,A,A,A
5099,A,A,A,A,A,A,A,A,A,A
5100,A,A,A,A,A,A,A,A,A,A
5101,A,A,A,A,A,A,A,A,A,A
5102,A,A,A,A,A,A,A,A,A,A
5103,A,A,A,A,A,A,A,A,A,A
5104,A,A,A,A,A,A,A,A,A,A
5105,A,A,A,A,A,A,A,A,A,A
5106,A,A,A,A,A,A,A,A,A,A
5107,A,A,A,A,A,A,A,A,A,A
5108,A,A,A,A,A,A,A,A,A,A
5109,A,A,A,A,A,A,A,A,A,A
5110,A,A,A,A,A,A,A,A,A,A
5111,A,A,A,A,A,A,A,A,A,A
5112,A,A,A,A,A,A,A,A,A,A
5113,A,A,A,A,A,A,A,A,A,A
5114,A,A,A,A,A,A,A,A,A,A
5115,A,A,A,A,A,A,A,A,A,A
5116,A,A,A,A,A,A,A,A,A,A
5117,A,A,A,A,A,A,A,A,A,A
5118,A,A,A,A,A,A,A,A,A,A
5119,A,A,A,A,A,A,A,A,A,A
5120,A,A,A,A,A,A,A,A,A,A
5121,A,A,A,A,A,A,A,A,A,A
5122,A,A,A,A,A,A,A,A,A,A
5123,A,A,A,A,A,A,A,A,A,A
5124,A,A,A,A,A,A,A,A,A,A
5125,A,A,A,A,A,A,A,A,A,A
5126,A,A,A,A,A,A,A,A,A,A
5127,A,A,A,A,A,A,A,A,A,A
5128,A,A,A,A,A,A,A,A,A,A
5129,A,A,A,A,A,A,A,A,A,A
5130,A,A,A,A,A,A,A,A,A,A
5131,A,A,A,A,A,A,A,A,A,A
5132,A,A,A,A,A,A,A,A,A,A
5133,A,A,A,A,A,A,A,A,A,A
5134,A,A,A,A,A,A,A,A,A,A
5135,A,A,A,A,A,A,A,A,A,A
5136,A,A,A,A,A,A,A,A,A,A
5137,A,A,A,A,A,A,A,A,A,A
5138,A,A,A,A,A,A,A,A,A,A
5139,A,A,A,A,A,A,A,A,A,A
5140,A,A,A,A,A,A,A,A,A,A
5141,A,A,A,A,A,A,A,A,A,A
5142,A,A,A,A,A,A,A,A,A,A
5143,A,A,A,A,A,A,A,A,A,A
5144,A,A,A,A,A,A,A,A,A,A
5145,A,A,A,A,A,A,A,A,A,A
5146,A,A,A,A,A,A,A,A,A,A
5147,A,A,A,A,A,A,A,A,A,A
5148,A,A,A,A,A,A,A,A,A,A
5149,A,A,A,A,A,A,A,A,A,A
5150,A,A,A,A,A,A,A,A,A,A
5151,A,A,A,A,A,A,A,A,A,A
5152,A,A,A,A,A,A,A,A,A,A
5153,A,A,A,A,A,A,A,A,A,A
5154,A,A,A,A,A,A,A,A,A,A
5155,A,A,A,A,A,A,A,A,A,A
5156,A,A,A,A,A,A,A,A,A,A
5157,A,A,A,A,A,A,A,A,A,A
5158,A,A,A,A,A,A,A,A,A,A
5159,A,A,A,A,A,A,A,A,A,A
5160,A,A,A,A,A,A,A,A,A,A
5161,A,A,A,A,A,A,A,A,A,A
5162,A,A,A,A,A,A,A,A,A,A
5163,A,A,A,A,A,A,A,A,A,A
5164,A,A,A,A,A,A,A,A,A,A
5165,A,A,A,A,A,A,A,A,A,A
5166,A,A,A,A,A,A,A,A,A,A
5167,A,A,A,A,A,A,A,A,A,A
5168,A,A,A,A,A,A,A,A,A,A
5169,A,A,A,A,A,A,A,A,A,A
5170,A,A,A,A,A,A,A,A,A,A
5171,A,A,A,A,A,A,A,A,A,A
5172,A,A,A,A,A,A,A,A,A,A
5173,A,A,A,A,A,A,A,A,A,A
5174,A,A,A,A,A,A,A,A,A,A
5175,A,A,A,A,A,A,A,A,A,A
5176,A,A,A,A,A,A,A,A,A,A
5177,A,A,A,A,A,A,A,A,A,A
5178,A,A,A,A,A,A,A,A,A,A
5179,A,A,A,A,A,A,A,A,A,A
5180,A,A,A,A,A,A,A,A,A,A
5181,A,A,A,A,A,A,A,A,A,A
5182,A,A,A,A,A,A,A,A,A,A
5183,A,A,A,A,A,A,A,A,A,A
5184,A,A,A,A,A,A,A,A,A,A
5185,A,A,A,A,A,A,A,A,A,A
5186,A,A,A,A,A,A,A,A,A,A
5187,A,A,A,A,A,A,A,A,A,A
5188,A,A,A,A,A,A,A,A,A,A
5189,A,A,A,A,A,A,A,A,A,A
5190,A,A,A,A,A,A,A,A,A,A
5191,A,A,A,A,A,A,A,A,A,A
5192,A,A,A,A,A,A,A,A,A,A
5193,A,A,A,A,A,A,A,A,A,A
5194,A,A,A,A,A,A,A,A,A,A
5195,A,A,A,A,A,A,A,A,A,A
5196,A,A,A,A,A,A,A,A,A,A
5197,A,A,A,A,A,A,A,A,A,A
5198,A,A,A,A,A,A,A,A,A,A
5199,A,A,A,A,A,A,A,A,A,A
5200,A,A,A,A,A,A,A,A,A,A
5201,A,A,A,A,A,A,A,A,A,A
5202,A,A,A,A,A,A,A,A,A,A
5203,A,A,A,A,A,A,A,A,A,A
5204,A,A,A,A,A,A,A,A,A,A
5205,A,A,A,A,A,A,A,A,A,A
5206,A,A,A,A,A,A,A,A,A,A
5207,A,A,A,A,A,A,A,A,A,A
5208,A,A,A,A,A,A,A,A,A,A
5209,A,A,A,A,A,A,A,A,A,A
5210,A,A,A,A,A,A,A,A,A,A
5211,A,A,A,A,A,A,A,A,A,A
5212,A,A,A,A,A,A,A,A,A,A
5213,A,A,A,A,A,A,A,A,A,A
5214,A,A,A,A,A,A,A,A,A,A
5215,A,A,A,A,A,A,A,A,A,A
5216,A,A,A,A,A,A,A,A,A,A
5217,A,A,A,A,A,A,A,A,A,A
5218,A,A,A,A,A,A,A,A,A,A
5219,A,A,A,A,A,A,A,A,A,A
5220,A,A,A,A,A,A,A,A,A,A
5221,A,A,A,A,A,A,A,A,A,A
5222,A,A,A,A,A,A,A,A,A,A
5223,A,A,A,A,A,A,A,A,A,A
5224,A,A,A,A,A,A,A,A,A,A
5225,A,A,A,A,A,A,A,A,A,A
5226,A,A,A,A,A,A,A,A,A,A
5227,A,A,A,A,A,A,A,A,A,A
5228,A,A,A,A,A,A,A,A,A,A
5229,A,A,A,A,A,A,A,A,A,A
5230,A,A,A,A,A,A,A,A,A,A
5231,A,A,A,A,A,A,A,A,A,A
5232,A,A,A,A,A,A,A,A,A,A
5233,A,A,A,A,A,A,A,A,A,A
5234,A,A,A,A,A,A,A,A,A,A
5235,A,A,A,A,A,A,A,A,A,A
5236,A,A,A,A,A,A,A,A,A,A
5237,A,A,A,A,A,A,A,A,A,A
5238,A,A,A,A,A,A,A,A,A,A
5239,A,A,A,A,A,A,A,A,A,A
5240,A,A,A,A,A,A,A,A,A,A
5241,A,A,A,A,A,A,A,A,A,A
5242,A,A,A,A,A,A,A,A,A,A
5243,A,A,A,A,A,A,A,A,A,A
5244,A,A,A,A,A,A,A,A,A,A
5245,A,A,A,A,A,A,A,A,A,A
5246,A,A,A,A,A,A,A,A,A,A
5247,A,A,A,A,A,A,A,A,A,A
5248,A,A,A,A,A,A,A,A,A,A
5249,A,A,A,A,A,A,A,A,A,A
5250,A,A,A,A,A,A,A,A,A,A
5251,A,A,A,A,A,A,A,A,A,A
5252,A,A,A,A,A,A,A,A,A,A
5253,A,A,A,A,A,A,A,A,A,A
5254,A,A,A,A,A,A,A,A,A,A
5255,A,A,A,A,A,A,A,A,A,A
5256,A,A,A,A,A,A,A,A,A,A
5257,A,A,A,A,A,A,A,A,A,A
5258,A,A,A,A,A,A,A,A,A,A
5259,A,A,A,A,A,A,A,A,A,A
5260,A,A,A,A,A,A,A,A,A,A
5261,A,A,A,A,A,A,A,A,A,A
5262,A,A,A,A,A,A,A,A,A,A
5263,A,A,A,A,A,A,A,A,A,A
5264,A,A,A,A,A,A,A,A,A,A
5265,A,A,A,A,A,A,A,A,A,A
5266,A,A,A,A,A,A,A,A,A,A
5267,A,A,A,A,A,A,A,A,A,A
5268,A,A,A,A,A,A,A,A,A,A
5269,A,A,A,A,A,A,A,A,A,A
5270,A,A,A,A,A,A,A,A,A,A
5271,A,A,A,A,A,A,A,A,A,A
5272,A,A,A,A,A,A,A,A,A,A
5273,A,A,A,A,A,A,A,A,A,A
5274,A,A,A,A,A,A,A,A,A,A
5275,A,A,A,A,A,A,A,A,A,A
5276,A,A,A,A,A,A,A,A,A,A
5277,A,A,A,A,A,A,A,A,A,A
5278,A,A,A,A,A,A,A,A,A,A
5279,A,A,A,A,A,A,A,A,A,A
5280,A,A,A,A,A,A,A,A,A,A
5281,A,A,A,A,A,A,A,A,A,A
5282,A,A,A,A,A,A,A,A,A,A
5283,A,A,A,A,A,A,A,A,A,A
5284,A,A,A,A,A,A,A,A,A,A
5285,A,A,A,A,A,A,A,A,A,A
5286,A,A,A,A,A,A,A,A,A,A
5287,A,A,A,A,A,A,A,A,A,A
5288,A,A,A,A,A,A,A,A,A,A
5289,A,A,A,A,A,A,A,A,A,A
5290,A,A,A,A,A,A,A,A,A,A
5291,A,A,A,A,A,A,A,A,A,A
5292,A,A,A,A,A,A,A,A,A,A
5293,A,A,A,A,A,A,A,A,A,A
5294,A,A,A,A,A,A,A,A,A,A
5295,A,A,A,A,A,A,A,A,A,A
5296,A,A,A,A,A,A,A,A,A,A
5297,A,A,A,A,A,A,A,A,A,A
5298,A,A,A,A,A,A,A,A,A,A
5299,A,A,A,A,A,A,A,A,A,A
5300,A,A,A,A,A,A,A,A,A,A
5301,A,A,A,A,A,A,A,A,A,A
5302,A,A,A,A,A,A,A,A,A,A
5303,A,A,A,A,A,A,A,A,A,A
5304,A,A,A,A,A,A,A,A,A,A
5305,A,A,A,A,A,A,A,A,A,A
5306,A,A,A,A,A,A,A,A,A,A
5307,A,A,A,A,A,A,A,A,A,A
5308,A,A,A,A,A,A,A,A,A,A
5309,A,A,A,A,A,A,A,A,A,A
5310,A,A,A,A,A,A,A,A,A,A
5311,A,A,A,A,A,A,A,A,A,A
5312,A,A,A,A,A,A,A,A,A,A
5313,A,A,A,A,A,A,A,A,A,A
5314,A,A,A,A,A,A,A,A,A,A
5315,A,A,A,A,A,A,A,A,A,A
5316,A,A,A,A,A,A,A,A,A,A
5317,A,A,A,A,A,A,A,A,A,A
5318,A,A,A,A,A,A,A,A,A,A
5319,A,A,A,A,A,A,A,A,A,A
5320,A,A,A,A,A,A,A,A,A,A
5321,A,A,A,A,A,A,A,A,A,A
5322,A,A,A,A,A,A,A,A,A,A
5323,A,A,A,A,A,A,A,A,A,A
5324,A,A,A,A,A,A,A,A,A,A
5325,A,A,A,A,A,A,A,A,A,A
5326,A,A,A,A,A,A,A,A,A,A
5327,A,A,A,A,A,A,A,A,A,A
5328,A,A,A,A,A,A,A,A,A,A
5329,A,A,A,A,A,A,A,A,A,A
5330,A,A,A,A,A,A,A,A,A,A
5331,A,A,A,A,A,A,A,A,A,A
5332,A,A,A,A,A,A,A,A,A,A
5333,A,A,A,A,A,A,A,A,A,A
5334,A,A,A,A,A,A,A,A,A,A
5335,A,A,A,A,A,A,A,A,A,A
5336,A,A,A,A,A,A,A,A,A,A
5337,A,A,A,A,A,A,A,A,A,A
5338,A,A,A,A,A,A,A,A,A,A
5339,A,A,A,A,A,A,A,A,A,A
5340,A,A,A,A,A,A,A,A,A,A
5341,A,A,A,A,A,A,A,A,A,A
5342,A,A,A,A,A,A,A,A,A,A
5343,A,A,A,A,A,A,A,A,A,A
5344,A,A,A,A,A,A,A,A,A,A
5345,A,A,A,A,A,A,A,A,A,A
5346,A,A,A,A,A,A,A,A,A,A
5347,A,A,A,A,A,A,A,A,A,A
5348,A,A,A,A,A,A,A,A,A,A
5349,A,A,A,A,A,A,A,A,A,A
5350,A,A,A,A,A,A,A,A,A,A
5351,A,A,A,A,A,A,A,A,A,A
5352,A,A,A,A,A,A,A,A,A,A
5353,A,A,A,A,A,A,A,A,A,A
5354,A,A,A,A,A,A,A,A,A,A
5355,A,A,A,A,A,A,A,A,A,A
5356,A,A,A,A,A,A,A,A,A,A
5357,A,A,A,A,A,A,A,A,A,A
5358,A,A,A,A,A,A,A,A,A,A
5359,A,A,A,A,A,A,A,A,A,A
5360,A,A,A,A,A,A,A,A,A,A
5361,A,A,A,A,A,A,A,A,A,A
5362,A,A,A,A,A,A,A,A,A,A
5363,A,A,A,A,A,A,A,A,A,A
5364,A,A,A,A,A,A,A,A,A,A
5365,A,A,A,A,A,A,A,A,A,A
5366,A,A,A,A,A,A,A,A,A,A
5367,A,A,A,A,A,A,A,A,A,A
5368,A,A,A,A,A,A,A,A,A,A
5369,A,A,A,A,A,A,A,A,A,A
5370,E,E,E,E,E,E,E,E,E,E
5371,E,E,E,E,E,E,E,E,E,E
5372,A,A,A,A,A,A,A,A,A,A
5373,A,A,A,A,A,A,A,A,A,A
5374,A,A,A,A,A,A,A,A,A,A
5375,A,A,A,A,A,A,A,A,A,A
5376,A,A,A,A,A,A,A,A,A,A
5377,A,A,A,A,A,A,A,A,A,A
5378,A,A,A,A,A,A,A,A,A,A
5379,A,A,A,A,A,A,A,A,A,A
5380,A,A,A,A,A,A,A,A,A,A
5381,A,A,A,A,A,A,A,A,A,A
5382,A,A,A,A,A,A,A,A,A,A
5383,A,A,A,A,A,A,A,A,A,A
5384,A,A,A,A,A,A,A,A,A,A
5385,A,A,A,A,A,A,A,A,A,A
5386,A,A,A,A,A,A,A,A,A,A
5387,A,A,A,A,A,A,A,A,A,A
5388,A,A,A,A,A,A,A,A,A,A
5389,A,A,A,A,A,A,A,A,A,A
5390,A,A,A,A,A,A,A,A,A,A
5391,A,A,A,A,A,A,A,A,A,A
5392,A,A,A,A,A,A,A,A,A,A
5393,A,A,A,A,A,A,A,A,A,A
5394,A,A,A,A,A,A,A,A,A,A
5395,A,A,A,A,A,A,A,A,A,A
5396,A,A,A,A,A,A,A,A,A,A
5397,A,A,A,A,A,A,A,A,A,A
5398,A,A,A,A,A,A,A,A,A,A
5399,A,A,A,A,A,A,A,A,A,A
5400,A,A,A,A,A,A,A,A,A,A
5401,A,A,A,A,A,A,A,A,A,A
5402,A,A,A,A,A,A,A,A,A,A
5403,A,A,A,A,A,A,A,A,A,A
5404,A,A,A,A,A,A,A,A,A,A
5405,A,A,A,A,A,A,A,A,A,A
5406,A,A,A,A,A,A,A,A,A,A
5407,A,A,A,A,A,A,A,A,A,A
5408,A,A,A,A,A,A,A,A,A,A
5409,A,A,A,A,A,A,A,A,A,A
5410,A,A,A,A,A,A,A,A,A,A
5411,A,A,A,A,A,A,A,A,A,A
5412,A,A,A,A,A,A,A,A,A,A
5413,A,A,A,A,A,A,A,A,A,A
5414,A,A,A,A,A,A,A,A,A,A
5415,A,A,A,A,A,A,A,A,A,A
5416,A,A,A,A,A,A,A,A,A,A
5417,A,A,A,A,A,A,A,A,A,A
5418,A,A,A,A,A,A,A,A,A,A
5419,A,A,A,A,A,A,A,A,A,A
5420,A,A,A,A,A,A,A,A,A,A
5421,A,A,A,A,A,A,A,A,A,A
5422,A,A,A,A,A,A,A,A,A,A
5423,A,A,A,A,A,A,A,A,A,A
5424,A,A,A,A,A,A,A,A,A,A
5425,A,A,A,A,A,A,A,A,A,A
5426,A,A,A,A,A,A,A,A,A,A
5427,A,A,A,A,A,A,A,A,A,A
5428,A,A,A,A,A,A,A,A,A,A
5429,A,A,A,A,A,A,A,A,A,A
5430,A,A,A,A,A,A,A,A,A,A
5431,A,A,A,A,A,A,A,A,A,A
5432,A,A,A,A,A,A,A,A,A,A
5433,A,A,A,A,A,A,A,A,A,A
5434,A,A,A,A,A,A,A,A,A,A
5435,A,A,A,A,A,A,A,A,A,A
5436,A,A,A,A,A,A,A,A,A,A
5437,A,A,A,A,A,A,A,A,A,A
5438,A,A,A,A,A,A,A,A,A,A
5439,A,A,A,A,A,A,A,A,A,A
5440,A,A,A,A,A,A,A,A,A,A
5441,A,A,A,A,A,A,A,A,A,A
5442,A,A,A,A,A,A,A,A,A,A
5443,A,A,A,A,A,A,A,A,A,A
5444,A,A,A,A,A,A,A,A,A,A
5445,A,A,A,A,A,A,A,A,A,A
5446,A,A,A,A,A,A,A,A,A,A
5447,A,A,A,A,A,A,A,A,A,A
5448,A,A,A,A,A,A,A,A,A,A
5449,A,A,A,A,A,A,A,A,A,A
5450,A,A,A,A,A,A,A,A,A,A
5451,A,A,A,A,A,A,A,A,A,A
5452,A,A,A,A,A,A,A,A,A,A
5453,A,A,A,A,A,A,A,A,A,A
5454,A,A,A,A,A,A,A,A,A,A
5455,A,A,A,A,A,A,A,A,A,A
5456,A,A,A,A,A,A,A,A,A,A
5457,A,A,A,A,A,A,A,A,A,A
5458,A,A,A,A,A,A,A,A,A,A
5459,A,A,A,A,A,A,A,A,A,A
5460,A,A,A,A,A,A,A,A,A,A
5461,A,A,A,A,A,A,A,A,A,A
5462,A,A,A,A,A,A,A,A,A,A
5463,A,A,A,A,A,A,A,A,A,A
5464,A,A,A,A,A,A,A,A,A,A
5465,A,A,A,A,A,A,A,A,A,A
5466,A,A,A,A,A,A,A,A,A,A
5467,A,A,A,A,A,A,A,A,A,A
5468,A,A,A,A,A,A,A,A,A,A
5469,A,A,A,A,A,A,A,A,A,A
5470,A,A,A,A,A,A,A,A,A,A
5471,A,A,A,A,A,A,A,A,A,A
5472,A,A,A,A,A,A,A,A,A,A
5473,A,A,A,A,A,A,A,A,A,A
5474,A,A,A,A,A,A,A,A,A,A
5475,A,A,A,A,A,A,A,A,A,A
5476,A,A,A,A,A,A,A,A,A,A
5477,A,A,A,A,A,A,A,A,A,A
5478,A,A,A,A,A,A,A,A,A,A
5479,A,A,A,A,A,A,A,A,A,A
5480,A,A,A,A,A,A,A,A,A,A
5481,A,A,A,A,A,A,A,A,A,A
5482,A,A,A,A,A,A,A,A,A,A
5483,A,A,A,A,A,A,A,A,A,A
5484,A,A,A,A,A,A,A,A,A,A
5485,A,A,A,A,A,A,A,A,A,A
5486,A,A,A,A,A,A,A,A,A,A
5487,A,A,A,A,A,A,A,A,A,A
5488,A,A,A,A,A,A,A,A,A,A
5489,A,A,A,A,A,A,A,A,A,A
5490,A,A,A,A,A,A,A,A,A,A
5491,A,A,A,A,A,A,A,A,A,A
5492,A,A,A,A,A,A,A,A,A,A
5493,A,A,A,A,A,A,A,A,A,A
5494,A,A,A,A,A,A,A,A,A,A
5495,A,A,A,A,A,A,A,A,A,A
5496,A,A,A,A,A,A,A,A,A,A
5497,A,A,A,A,A,A,A,A,A,A
5498,A,A,A,A,A,A,A,A,A,A
5499,A,A,A,A,A,A,A,A,A,A
5500,A,A,A,A,A,A,A,A,A,A
5501,A,A,A,A,A,A,A,A,A,A
5502,A,A,A,A,A,A,A,A,A,A
5503,A,A,A,A,A,A,A,A,A,A
5504,A,A,A,A,A,A,A,A,A,A
5505,A,A,A,A,A,A,A,A,A,A
5506,A,A,A,A,A,A,A,A,A,A
5507,A,A,A,A,A,A,A,A,A,A
5508,A,A,A,A,A,A,A,A,A,A
5509,A,A,A,A,A,A,A,A,A,A
5510,A,A,A,A,A,A,A,A,A,A
5511,A,A,A,A,A,A,A,A,A,A
5512,A,A,A,A,A,A,A,A,A,A
5513,A,A,A,A,A,A,A,A,A,A
5514,A,A,A,A,A,A,A,A,A,A
5515,A,A,A,A,A,A,A,A,A,A
5516,A,A,A,A,A,A,A,A,A,A
5517,A,A,A,A,A,A,A,A,A,A
5518,A,A,A,A,A,A,A,A,A,A
5519,A,A,A,A,A,A,A,A,A,A
5520,A,A,A,A,A,A,A,A,A,A
5521,A,A,A,A,A,A,A,A,A,A
5522,A,A,A,A,A,A,A,A,A,A
5523,A,A,A,A,A,A,A,A,A,A
5524,A,A,A,A,A,A,A,A,A,A
5525,A,A,A,A,A,A,A,A,A,A
5526,A,A,A,A,A,A,A,A,A,A
5527,A,A,A,A,A,A,A,A,A,A
5528,A,A,A,A,A,A,A,A,A,A
5529,A,A,A,A,A,A,A,A,A,A
5530,A,A,A,A,A,A,A,A,A,A
5531,A,A,A,A,A,A,A,A,A,A
5532,A,A,A,A,A,A,A,A,A,A
5533,A,A,A,A,A,A,A,A,A,A
5534,A,A,A,A,A,A,A,A,A,A
5535,A,A,A,A,A,A,A,A,A,A
5536,A,A,A,A,A,A,A,A,A,A
5537,A,A,A,A,A,A,A,A,A,A
5538,A,A,A,A,A,A,A,A,A,A
5539,A,A,A,A,A,A,A,A,A,A
5540,A,A,A,A,A,A,A,A,A,A
5541,A,A,A,A,A,A,A,A,A,A
5542,A,A,A,A,A,A,A,A,A,A
5543,A,A,A,A,A,A,A,A,A,A
5544,A,A,A,A,A,A,A,A,A,A
5545,A,A,A,A,A,A,A,A,A,A
5546,A,A,A,A,A,A,A,A,A,A
5547,A,A,A,A,A,A,A,A,A,A
5548,A,A,A,A,A,A,A,A,A,A
5549,A,A,A,A,A,A,A,A,A,A
5550,A,A,A,A,A,A,A,A,A,A
5551,A,A,A,A,A,A,A,A,A,A
5552,A,A,A,A,A,A,A,A,A,A
5553,A,A,A,A,A,A,A,A,A,A
5554,A,A,A,A,A,A,A,A,A,A
5555,A,A,A,A,A,A,A,A,A,A
5556,A,A,A,A,A,A,A,A,A,A
5557,A,A,A,A,A,A,A,A,A,A
5558,A,A,A,A,A,A,A,A,A,A
5559,A,A,A,A,A,A,A,A,A,A
5560,A,A,A,A,A,A,A,A,A,A
5561,A,A,A,A,A,A,A,A,A,A
5562,A,A,A,A,A,A,A,A,A,A
5563,A,A,A,A,A,A,A,A,A,A
5564,A,A,A,A,A,A,A,A,A,A
5565,A,A,A,A,A,A,A,A,A,A
5566,A,A,A,A,A,A,A,A,A,A
5567,A,A,A,A,A,A,A,A,A,A
5568,J,J,J,J,J,J,J,J,J,J
5569,I,I,I,I,I,I,I,I,I,I
5570,B,B,B,B,B,B,B,B,B,B
5571,B,B,B,B,B,B,B,B,B,B
5572,B,B,B,B,B,B,B,B,B,B
5573,I,I,I,I,I,I,I,I,I,I
5574,P,P,P,P,P,P,P,P,P,P
5575,B,B,B,B,B,B,B,B,B,B
5576,P,P,P,P,P,P,P,P,P,P
5577,P,P,P,P,P,P,P,P,P,P
5578,J,J,J,J,J,J,J,J,J,J
5579,P,P,P,P,P,P,P,P,P,P
5580,P,P,P,P,P,P,P,P,P,P
5581,A,A,A,A,A,A,A,A,A,A
5582,P,P,P,P,P,P,P,P,P,P
5583,P,P,P,P,P,P,P,P,P,P
5584,P,P,P,P,P,P,P,P,P,P
5585,P,P,P,P,P,P,P,P,P,P
5586,P,P,P,P,P,P,P,P,P,P
5587,C,C,C,C,C,C,C,C,C,C
5588,P,P,P,P,P,P,P,P,P,P
5589,P,P,P,P,P,P,P,P,P,P
5590,B,B,B,B,B,B,B,B,B,B
5591,A,A,A,A,A,A,A,A,A,A
5592,A,A,A,A,A,A,A,A,A,A
5593,A,A,A,A,A,A,A,A,A,A
5594,A,A,A,A,A,A,A,A,A,A
5595,A,A,A,A,A,A,A,A,A,A
5596,A,A,A,A,A,A,A,A,A,A
5597,A,A,A,A,A,A,A,A,A,A
5598,A,A,A,A,A,A,A,A,A,A
5599,A,A,A,A,A,A,A,A,A,A
5600,A,A,A,A,A,A,A,A,A,A
5601,L,L,L,L,L,L,L,L,L,L
5602,A,A,A,A,A,A,A,A,A,A
5603,A,A,A,A,A,A,A,A,A,A
5604,A,A,A,A,A,A,A,A,A,A
5605,A,A,A,A,A,A,A,A,A,A
5606,A,A,A,A,A,A,A,A,A,A
5607,A,A,A,A,A,A,A,A,A,A
5608,A,A,A,A,A,A,A,A,A,A
5609,A,A,A,A,A,A,A,A,A,A
5610,A,A,A,A,A,A,A,A,A,A
5611,A,A,A,A,A,A,A,A,A,A
5612,A,A,A,A,A,A,A,A,A,A
5613,A,A,A,A,A,A,A,A,A,A
5614,A,A,A,A,A,A,A,A,A,A
5615,A,A,A,A,A,A,A,A,A,A
5616,A,A,A,A,A,A,A,A,A,A
5617,A,A,A,A,A,A,A,A,A,A
5618,A,A,A,A,A,A,A,A,A,A
5619,A,A,A,A,A,A,A,A,A,A
5620,A,A,A,A,A,A,A,A,A,A
5621,A,A,A,A,A,A,A,A,A,A
5622,A,A,A,A,A,A,A,A,A,A
5623,A,A,A,A,A,A,A,A,A,A
5624,A,A,A,A,A,A,A,A,A,A
5625,A,A,A,A,A,A,A,A,A,A
5626,A,A,A,A,A,A,A,A,A,A
5627,A,A,A,A,A,A,A,A,A,A
5628,A,A,A,A,A,A,A,A,A,A
5629,A,A,A,A,A,A,A,A,A,A
5630,A,A,A,A,A,A,A,A,A,A
5631,A,A,A,A,A,A,A,A,A,A
5632,A,A,A,A,A,A,A,A,A,A
5633,A,A,A,A,A,A,A,A,A,A
5634,A,A,A,A,A,A,A,A,A,A
5635,A,A,A,A,A,A,A,A,A,A
5636,A,A,A,A,A,A,A,A,A,A
5637,A,A,A,A,A,A,A,A,A,A
5638,A,A,A,A,A,A,A,A,A,A
5639,A,A,A,A,A,A,A,A,A,A
5640,A,A,A,A,A,A,A,A,A,A
5641,A,A,A,A,A,A,A,A,A,A
5642,A,A,A,A,A,A,A,A,A,A
5643,A,A,A,A,A,A,A,A,A,A
5644,A,A,A,A,A,A,A,A,A,A
5645,A,A,A,A,A,A,A,A,A,A
5646,A,A,A,A,A,A,A,A,A,A
5647,A,A,A,A,A,A,A,A,A,A
5648,A,A,A,A,A,A,A,A,A,A
5649,A,A,A,A,A,A,A,A,A,A
5650,A,A,A,A,A,A,A,A,A,A
5651,A,A,A,A,A,A,A,A,A,A
5652,A,A,A,A,A,A,A,A,A,A
5653,A,A,A,A,A,A,A,A,A,A
5654,A,A,A,A,A,A,A,A,A,A
5655,A,A,A,A,A,A,A,A,A,A
5656,A,A,A,A,A,A,A,A,A,A
5657,A,A,A,A,A,A,A,A,A,A
5658,A,A,A,A,A,A,A,A,A,A
5659,A,A,A,A,A,A,A,A,A,A
5660,B,B,B,B,B,B,B,B,B,B
5661,A,A,A,A,A,A,A,A,A,A
5662,A,A,A,A,A,A,A,A,A,A
5663,A,A,A,A,A,A,A,A,A,A
5664,A,A,A,A,A,A,A,A,A,A
5665,A,A,A,A,A,A,A,A,A,A
5666,A,A,A,A,A,A,A,A,A,A
5667,I,I,I,I,I,I,I,I,I,I
5668,A,A,A,A,A,A,A,A,A,A
5669,A,A,A,A,A,A,A,A,A,A
5670,A,A,A,A,A,A,A,A,A,A
5671,E,E,E,E,E,E,E,E,E,E
5672,A,A,A,A,A,A,A,A,A,A
5673,A,A,A,A,A,A,A,A,A,A
5674,A,A,A,A,A,A,A,A,A,A
5675,A,A,A,A,A,A,A,A,A,A
5676,A,A,A,A,A,A,A,A,A,A
5677,A,A,A,A,A,A,A,A,A,A
5678,A,A,A,A,A,A,A,A,A,A
5679,A,A,A,A,A,A,A,A,A,A
5680,A,A,A,A,A,A,A,A,A,A
5681,A,A,A,A,A,A,A,A,A,A
5682,A,A,A,A,A,A,A,A,A,A
5683,A,A,A,A,A,A,A,A,A,A
5684,A,A,A,A,A,A,A,A,A,A
5685,A,A,A,A,A,A,A,A,A,A
5686,A,A,A,A,A,A,A,A,A,A
5687,A,A,A,A,A,A,A,A,A,A
5688,A,A,A,A,A,A,A,A,A,A
5689,A,A,A,A,A,A,A,A,A,A
5690,A,A,A,A,A,A,A,A,A,A
5691,A,A,A,A,A,A,A,A,A,A
5692,A,A,A,A,A,A,A,A,A,A
5693,A,A,A,A,A,A,A,A,A,A
5694,A,A,A,A,A,A,A,A,A,A
5695,A,A,A,A,A,A,A,A,A,A
5696,A,A,A,A,A,A,A,A,A,A
5697,A,A,A,A,A,A,A,A,A,A
5698,A,A,A,A,A,A,A,A,A,A
5699,A,A,A,A,A,A,A,A,A,A
5700,A,A,A,A,A,A,A,A,A,A
5701,A,A,A,A,A,A,A,A,A,A
5702,A,A,A,A,A,A,A,A,A,A
5703,A,A,A,A,A,A,A,A,A,A
5704,A,A,A,A,A,A,A,A,A,A
5705,A,A,A,A,A,A,A,A,A,A
5706,A,A,A,A,A,A,A,A,A,A
5707,A,A,A,A,A,A,A,A,A,A
5708,A,A,A,A,A,A,A,A,A,A
5709,A,A,A,A,A,A,A,A,A,A
5710,A,A,A,A,A,A,A,A,A,A
5711,A,A,A,A,A,A,A,A,A,A
5712,A,A,A,A,A,A,A,A,A,A
5713,A,A,A,A,A,A,A,A,A,A
5714,A,A,A,A,A,A,A,A,A,A
5715,A,A,A,A,A,A,A,A,A,A
5716,A,A,A,A,A,A,A,A,A,A
5717,A,A,A,A,A,A,A,A,A,A
5718,A,A,A,A,A,A,A,A,A,A
5719,A,A,A,A,A,A,A,A,A,A
5720,A,A,A,A,A,A,A,A,A,A
5721,A,A,A,A,A,A,A,A,A,A
5722,A,A,A,A,A,A,A,A,A,A
5723,A,A,A,A,A,A,A,A,A,A
5724,A,A,A,A,A,A,A,A,A,A
5725,A,A,A,A,A,A,A,A,A,A
5726,A,A,A,A,A,A,A,A,A,A
5727,A,A,A,A,A,A,A,A,A,A
5728,A,A,A,A,A,A,A,A,A,A
5729,A,A,A,A,A,A,A,A,A,A
5730,A,A,A,A,A,A,A,A,A,A
5731,A,A,A,A,A,A,A,A,A,A
5732,A,A,A,A,A,A,A,A,A,A
5733,A,A,A,A,A,A,A,A,A,A
5734,A,A,A,A,A,A,A,A,A,A
5735,A,A,A,A,A,A,A,A,A,A
5736,A,A,A,A,A,A,A,A,A,A
5737,A,A,A,A,A,A,A,A,A,A
5738,A,A,A,A,A,A,A,A,A,A
5739,A,A,A,A,A,A,A,A,A,A
5740,A,A,A,A,A,A,A,A,A,A
5741,A,A,A,A,A,A,A,A,A,A
5742,A,A,A,A,A,A,A,A,A,A
5743,A,A,A,A,A,A,A,A,A,A
5744,A,A,A,A,A,A,A,A,A,A
5745,A,A,A,A,A,A,A,A,A,A
5746,A,A,A,A,A,A,A,A,A,A
5747,A,A,A,A,A,A,A,A,A,A
5748,A,A,A,A,A,A,A,A,A,A
5749,A,A,A,A,A,A,A,A,A,A
5750,A,A,A,A,A,A,A,A,A,A
5751,A,A,A,A,A,A,A,A,A,A
5752,A,A,A,A,A,A,A,A,A,A
5753,A,A,A,A,A,A,A,A,A,A
5754,A,A,A,A,A,A,A,A,A,A
5755,A,A,A,A,A,A,A,A,A,A
5756,A,A,A,A,A,A,A,A,A,A
5757,A,A,A,A,A,A,A,A,A,A
5758,A,A,A,A,A,A,A,A,A,A
5759,A,A,A,A,A,A,A,A,A,A
5760,A,A,A,A,A,A,A,A,A,A
5761,A,A,A,A,A,A,A,A,A,A
5762,A,A,A,A,A,A,A,A,A,A
5763,A,A,A,A,A,A,A,A,A,A
5764,A,A,A,A,A,A,A,A,A,A
5765,A,A,A,A,A,A,A,A,A,A
5766,A,A,A,A,A,A,A,A,A,A
5767,A,A,A,A,A,A,A,A,A,A
5768,A,A,A,A,A,A,A,A,A,A
5769,A,A,A,A,A,A,A,A,A,A
5770,A,A,A,A,A,A,A,A,A,A
5771,A,A,A,A,A,A,A,A,A,A
5772,A,A,A,A,A,A,A,A,A,A
5773,A,A,A,A,A,A,A,A,A,A
5774,A,A,A,A,A,A,A,A,A,A
5775,A,A,A,A,A,A,A,A,A,A
5776,A,A,A,A,A,A,A,A,A,A
5777,A,A,A,A,A,A,A,A,A,A
5778,A,A,A,A,A,A,A,A,A,A
5779,A,A,A,A,A,A,A,A,A,A
5780,A,A,A,A,A,A,A,A,A,A
5781,A,A,A,A,A,A,A,A,A,A
5782,A,A,A,A,A,A,A,A,A,A
5783,A,A,A,A,A,A,A,A,A,A
5784,A,A,A,A,A,A,A,A,A,A
5785,A,A,A,A,A,A,A,A,A,A
5786,A,A,A,A,A,A,A,A,A,A
5787,A,A,A,A,A,A,A,A,A,A
5788,A,A,A,A,A,A,A,A,A,A
5789,A,A,A,A,A,A,A,A,A,A
5790,A,A,A,A,A,A,A,A,A,A
5791,A,A,A,A,A,A,A,A,A,A
5792,A,A,A,A,A,A,A,A,A,A
5793,A,A,A,A,A,A,A,A,A,A
5794,A,A,A,A,A,A,A,A,A,A
5795,A,A,A,A,A,A,A,A,A,A
5796,A,A,A,A,A,A,A,A,A,A
5797,A,A,A,A,A,A,A,A,A,A
5798,A,A,A,A,A,A,A,A,A,A
5799,A,A,A,A,A,A,A,A,A,A
5800,A,A,A,A,A,A,A,A,A,A
5801,A,A,A,A,A,A,A,A,A,A
5802,A,A,A,A,A,A,A,A,A,A
5803,A,A,A,A,A,A,A,A,A,A
5804,A,A,A,A,A,A,A,A,A,A
5805,A,A,A,A,A,A,A,A,A,A
5806,A,A,A,A,A,A,A,A,A,A
5807,A,A,A,A,A,A,A,A,A,A
5808,A,A,A,A,A,A,A,A,A,A
5809,A,A,A,A,A,A,A,A,A,A
5810,A,A,A,A,A,A,A,A,A,A
5811,A,A,A,A,A,A,A,A,A,A
5812,A,A,A,A,A,A,A,A,A,A
5813,A,A,A,A,A,A,A,A,A,A
5814,A,A,A,A,A,A,A,A,A,A
5815,A,A,A,A,A,A,A,A,A,A
5816,A,A,A,A,A,A,A,A,A,A
5817,A,A,A,A,A,A,A,A,A,A
5818,A,A,A,A,A,A,A,A,A,A
5819,J,J,J,J,J,J,J,J,J,J
5820,A,A,A,A,A,A,A,A,A,A
5821,A,A,A,A,A,A,A,A,A,A
5822,A,A,A,A,A,A,A,A,A,A
5823,A,A,A,A,A,A,A,A,A,A
5824,A,A,A,A,A,A,A,A,A,A
5825,A,A,A,A,A,A,A,A,A,A
5826,A,A,A,A,A,A,A,A,A,A
5827,A,A,A,A,A,A,A,A,A,A
5828,A,A,A,A,A,A,A,A,A,A
5829,A,A,A,A,A,A,A,A,A,A
5830,A,A,A,A,A,A,A,A,A,A
5831,A,A,A,A,A,A,A,A,A,A
5832,A,A,A,A,A,A,A,A,A,A
5833,A,A,A,A,A,A,A,A,A,A
5834,A,A,A,A,A,A,A,A,A,A
5835,A,A,A,A,A,A,A,A,A,A
5836,A,A,A,A,A,A,A,A,A,A
5837,A,A,A,A,A,A,A,A,A,A
5838,A,A,A,A,A,A,A,A,A,A
5839,A,A,A,A,A,A,A,A,A,A
5840,A,A,A,A,A,A,A,A,A,A
5841,A,A,A,A,A,A,A,A,A,A
5842,A,A,A,A,A,A,A,A,A,A
5843,A,A,A,A,A,A,A,A,A,A
5844,A,A,A,A,A,A,A,A,A,A
5845,A,A,A,A,A,A,A,A,A,A
5846,A,A,A,A,A,A,A,A,A,A
5847,A,A,A,A,A,A,A,A,A,A
5848,A,A,A,A,A,A,A,A,A,A
5849,A,A,A,A,A,A,A,A,A,A
5850,A,A,A,A,A,A,A,A,A,A
5851,A,A,A,A,A,A,A,A,A,A
5852,A,A,A,A,A,A,A,A,A,A
5853,A,A,A,A,A,A,A,A,A,A
5854,A,A,A,A,A,A,A,A,A,A
5855,A,A,A,A,A,A,A,A,A,A
5856,A,A,A,A,A,A,A,A,A,A
5857,A,A,A,A,A,A,A,A,A,A
5858,A,A,A,A,A,A,A,A,A,A
5859,A,A,A,A,A,A,A,A,A,A
5860,A,A,A,A,A,A,A,A,A,A
5861,A,A,A,A,A,A,A,A,A,A
5862,A,A,A,A,A,A,A,A,A,A
5863,A,A,A,A,A,A,A,A,A,A
5864,A,A,A,A,A,A,A,A,A,A
5865,A,A,A,A,A,A,A,A,A,A
5866,A,A,A,A,A,A,A,A,A,A
5867,A,A,A,A,A,A,A,A,A,A
5868,A,A,A,A,A,A,A,A,A,A
5869,A,A,A,A,A,A,A,A,A,A
5870,A,A,A,A,A,A,A,A,A,A
5871,A,A,A,A,A,A,A,A,A,A
5872,A,A,A,A,A,A,A,A,A,A
5873,A,A,A,A,A,A,A,A,A,A
5874,A,A,A,A,A,A,A,A,A,A
5875,A,A,A,A,A,A,A,A,A,A
5876,A,A,A,A,A,A,A,A,A,A
5877,A,A,A,A,A,A,A,A,A,A
5878,A,A,A,A,A,A,A,A,A,A
5879,A,A,A,A,A,A,A,A,A,A
5880,A,A,A,A,A,A,A,A,A,A
5881,A,A,A,A,A,A,A,A,A,A
5882,A,A,A,A,A,A,A,A,A,A
5883,A,A,A,A,A,A,A,A,A,A
5884,A,A,A,A,A,A,A,A,A,A
5885,A,A,A,A,A,A,A,A,A,A
5886,A,A,A,A,A,A,A,A,A,A
5887,A,A,A,A,A,A,A,A,A,A
5888,A,A,A,A,A,A,A,A,A,A
5889,A,A,A,A,A,A,A,A,A,A
5890,A,A,A,A,A,A,A,A,A,A
5891,A,A,A,A,A,A,A,A,A,A
5892,A,A,A,A,A,A,A,A,A,A
5893,A,A,A,A,A,A,A,A,A,A
5894,A,A,A,A,A,A,A,A,A,A
5895,A,A,A,A,A,A,A,A,A,A
5896,A,A,A,A,A,A,A,A,A,A
5897,A,A,A,A,A,A,A,A,A,A
5898,A,A,A,A,A,A,A,A,A,A
5899,A,A,A,A,A,A,A,A,A,A
5900,A,A,A,A,A,A,A,A,A,A
5901,A,A,A,A,A,A,A,A,A,A
5902,A,A,A,A,A,A,A,A,A,A
5903,A,A,A,A,A,A,A,A,A,A
5904,A,A,A,A,A,A,A,A,A,A
5905,A,A,A,A,A,A,A,A,A,A
5906,A,A,A,A,A,A,A,A,A,A
5907,A,A,A,A,A,A,A,A,A,A
5908,A,A,A,A,A,A,A,A,A,A
5909,A,A,A,A,A,A,A,A,A,A
5910,A,A,A,A,A,A,A,A,A,A
5911,A,A,A,A,A,A,A,A,A,A
5912,A,A,A,A,A,A,A,A,A,A
5913,A,A,A,A,A,A,A,A,A,A
5914,A,A,A,A,A,A,A,A,A,A
5915,A,A,A,A,A,A,A,A,A,A
5916,A,A,A,A,A,A,A,A,A,A
5917,A,A,A,A,A,A,A,A,A,A
5918,A,A,A,A,A,A,A,A,A,A
5919,A,A,A,A,A,A,A,A,A,A
5920,A,A,A,A,A,A,A,A,A,A
5921,A,A,A,A,A,A,A,A,A,A
5922,A,A,A,A,A,A,A,A,A,A
5923,A,A,A,A,A,A,A,A,A,A
5924,A,A,A,A,A,A,A,A,A,A
5925,A,A,A,A,A,A,A,A,A,A
5926,A,A,A,A,A,A,A,A,A,A
5927,A,A,A,A,A,A,A,A,A,A
5928,A,A,A,A,A,A,A,A,A,A
5929,A,A,A,A,A,A,A,A,A,A
5930,A,A,A,A,A,A,A,A,A,A
5931,A,A,A,A,A,A,A,A,A,A
5932,A,A,A,A,A,A,A,A,A,A
5933,A,A,A,A,A,A,A,A,A,A
5934,A,A,A,A,A,A,A,A,A,A
5935,A,A,A,A,A,A,A,A,A,A
5936,A,A,A,A,A,A,A,A,A,A
5937,A,A,A,A,A,A,A,A,A,A
5938,A,A,A,A,A,A,A,A,A,A
5939,A,A,A,A,A,A,A,A,A,A
5940,A,A,A,A,A,A,A,A,A,A
5941,A,A,A,A,A,A,A,A,A,A
5942,A,A,A,A,A,A,A,A,A,A
5943,A,A,A,A,A,A,A,A,A,A
5944,A,A,A,A,A,A,A,A,A,A
5945,A,A,A,A,A,A,A,A,A,A
5946,A,A,A,A,A,A,A,A,A,A
5947,A,A,A,A,A,A,A,A,A,A
5948,A,A,A,A,A,A,A,A,A,A
5949,A,A,A,A,A,A,A,A,A,A
5950,A,A,A,A,A,A,A,A,A,A
5951,A,A,A,A,A,A,A,A,A,A
5952,A,A,A,A,A,A,A,A,A,A
5953,A,A,A,A,A,A,A,A,A,A
5954,A,A,A,A,A,A,A,A,A,A
5955,A,A,A,A,A,A,A,A,A,A
5956,A,A,A,A,A,A,A,A,A,A
5957,A,A,A,A,A,A,A,A,A,A
5958,A,A,A,A,A,A,A,A,A,A
5959,A,A,A,A,A,A,A,A,A,A
5960,A,A,A,A,A,A,A,A,A,A
5961,A,A,A,A,A,A,A,A,A,A
5962,A,A,A,A,A,A,A,A,A,A
5963,A,A,A,A,A,A,A,A,A,A
5964,A,A,A,A,A,A,A,A,A,A
5965,A,A,A,A,A,A,A,A,A,A
5966,A,A,A,A,A,A,A,A,A,A
5967,A,A,A,A,A,A,A,A,A,A
5968,A,A,A,A,A,A,A,A,A,A
5969,A,A,A,A,A,A,A,A,A,A
5970,A,A,A,A,A,A,A,A,A,A
5971,A,A,A,A,A,A,A,A,A,A
5972,A,A,A,A,A,A,A,A,A,A
5973,A,A,A,A,A,A,A,A,A,A
5974,A,A,A,A,A,A,A,A,A,A
5975,A,A,A,A,A,A,A,A,A,A
5976,A,A,A,A,A,A,A,A,A,A
5977,A,A,A,A,A,A,A,A,A,A
5978,A,A,A,A,A,A,A,A,A,A
5979,A,A,A,A,A,A,A,A,A,A
5980,A,A,A,A,A,A,A,A,A,A
5981,A,A,A,A,A,A,A,A,A,A
5982,A,A,A,A,A,A,A,A,A,A
5983,A,A,A,A,A,A,A,A,A,A
5984,A,A,A,A,A,A,A,A,A,A
5985,A,A,A,A,A,A,A,A,A,A
5986,A,A,A,A,A,A,A,A,A,A
5987,A,A,A,A,A,A,A,A,A,A
5988,A,A,A,A,A,A,A,A,A,A
5989,A,A,A,A,A,A,A,A,A,A
5990,A,A,A,A,A,A,A,A,A,A
5991,A,A,A,A,A,A,A,A,A,A
5992,A,A,A,A,A,A,A,A,A,A
5993,A,A,A,A,A,A,A,A,A,A
5994,A,A,A,A,A,A,A,A,A,A
5995,A,A,A,A,A,A,A,A,A,A
5996,A,A,A,A,A,A,A,A,A,A
5997,A,A,A,A,A,A,A,A,A,A
5998,A,A,A,A,A,A,A,A,A,A
5999,A,A,A,A,A,A,A,A,A,A
6000,A,A,A,A,A,A,A,A,A,A
6001,A,A,A,A,A,A,A,A,A,A
6002,A,A,A,A,A,A,A,A,A,A
6003,A,A,A,A,A,A,A,A,A,A
6004,A,A,A,A,A,A,A,A,A,A
6005,A,A,A,A,A,A,A,A,A,A
6006,A,A,A,A,A,A,A,A,A,A
6007,A,A,A,A,A,A,A,A,A,A
6008,A,A,A,A,A,A,A,A,A,A
6009,A,A,A,A,A,A,A,A,A,A
6010,A,A,A,A,A,A,A,A,A,A
6011,A,A,A,A,A,A,A,A,A,A
6012,A,A,A,A,A,A,A,A,A,A
6013,A,A,A,A,A,A,A,A,A,A
6014,A,A,A,A,A,A,A,A,A,A
6015,A,A,A,A,A,A,A,A,A,A
6016,A,A,A,A,A,A,A,A,A,A
6017,A,A,A,A,A,A,A,A,A,A
6018,A,A,A,A,A,A,A,A,A,A
6019,A,A,A,A,A,A,A,A,A,A
6020,A,A,A,A,A,A,A,A,A,A
6021,A,A,A,A,A,A,A,A,A,A
6022,A,A,A,A,A,A,A,A,A,A
6023,A,A,A,A,A,A,A,A,A,A
6024,A,A,A,A,A,A,A,A,A,A
6025,A,A,A,A,A,A,A,A,A,A
6026,A,A,A,A,A,A,A,A,A,A
6027,A,A,A,A,A,A,A,A,A,A
6028,A,A,A,A,A,A,A,A,A,A
6029,A,A,A,A,A,A,A,A,A,A
6030,A,A,A,A,A,A,A,A,A,A
6031,A,A,A,A,A,A,A,A,A,A
6032,A,A,A,A,A,A,A,A,A,A
6033,A,A,A,A,A,A,A,A,A,A
6034,A,A,A,A,A,A,A,A,A,A
6035,A,A,A,A,A,A,A,A,A,A
6036,A,A,A,A,A,A,A,A,A,A
6037,J,J,J,J,J,J,J,J,J,J
6038,A,A,A,A,A,A,A,A,A,A
6039,A,A,A,A,A,A,A,A,A,A
6040,A,A,A,A,A,A,A,A,A,A
6041,A,A,A,A,A,A,A,A,A,A
6042,A,A,A,A,A,A,A,A,A,A
6043,A,A,A,A,A,A,A,A,A,A
6044,A,A,A,A,A,A,A,A,A,A
6045,A,A,A,A,A,A,A,A,A,A
6046,A,A,A,A,A,A,A,A,A,A
6047,A,A,A,A,A,A,A,A,A,A
6048,A,A,A,A,A,A,A,A,A,A
6049,A,A,A,A,A,A,A,A,A,A
6050,A,A,A,A,A,A,A,A,A,A
6051,A,A,A,A,A,A,A,A,A,A
6052,A,A,A,A,A,A,A,A,A,A
6053,A,A,A,A,A,A,A,A,A,A
6054,A,A,A,A,A,A,A,A,A,A
6055,A,A,A,A,A,A,A,A,A,A
6056,A,A,A,A,A,A,A,A,A,A
6057,A,A,A,A,A,A,A,A,A,A
6058,A,A,A,A,A,A,A,A,A,A
6059,A,A,A,A,A,A,A,A,A,A
6060,A,A,A,A,A,A,A,A,A,A
6061,A,A,A,A,A,A,A,A,A,A
6062,A,A,A,A,A,A,A,A,A,A
6063,A,A,A,A,A,A,A,A,A,A
6064,A,A,A,A,A,A,A,A,A,A
6065,A,A,A,A,A,A,A,A,A,A
6066,A,A,A,A,A,A,A,A,A,A
6067,A,A,A,A,A,A,A,A,A,A
6068,B,B,B,B,B,B,B,B,B,B
6069,A,A,A,A,A,A,A,A,A,A
6070,A,A,A,A,A,A,A,A,A,A
6071,A,A,A,A,A,A,A,A,A,A
6072,A,A,A,A,A,A,A,A,A,A
6073,A,A,A,A,A,A,A,A,A,A
6074,A,A,A,A,A,A,A,A,A,A
6075,A,A,A,A,A,A,A,A,A,A
6076,A,A,A,A,A,A,A,A,A,A
6077,A,A,A,A,A,A,A,A,A,A
6078,A,A,A,A,A,A,A,A,A,A
6079,A,A,A,A,A,A,A,A,A,A
6080,A,A,A,A,A,A,A,A,A,A
6081,A,A,A,A,A,A,A,A,A,A
6082,A,A,A,A,A,A,A,A,A,A
6083,A,A,A,A,A,A,A,A,A,A
6084,A,A,A,A,A,A,A,A,A,A
6085,A,A,A,A,A,A,A,A,A,A
6086,A,A,A,A,A,A,A,A,A,A
6087,A,A,A,A,A,A,A,A,A,A
6088,A,A,A,A,A,A,A,A,A,A
6089,A,A,A,A,A,A,A,A,A,A
6090,A,A,A,A,A,A,A,A,A,A
6091,A,A,A,A,A,A,A,A,A,A
6092,A,A,A,A,A,A,A,A,A,A
6093,A,A,A,A,A,A,A,A,A,A
6094,A,A,A,A,A,A,A,A,A,A
6095,A,A,A,A,A,A,A,A,A,A
6096,A,A,A,A,A,A,A,A,A,A
6097,A,A,A,A,A,A,A,A,A,A
6098,A,A,A,A,A,A,A,A,A,A
6099,A,A,A,A,A,A,A,A,A,A
6100,A,A,A,A,A,A,A,A,A,A
6101,A,A,A,A,A,A,A,A,A,A
6102,A,A,A,A,A,A,A,A,A,A
6103,A,A,A,A,A,A,A,A,A,A
6104,A,A,A,A,A,A,A,A,A,A
6105,A,A,A,A,A,A,A,A,A,A
6106,A,A,A,A,A,A,A,A,A,A
6107,A,A,A,A,A,A,A,A,A,A
6108,A,A,A,A,A,A,A,A,A,A
6109,A,A,A,A,A,A,A,A,A,A
6110,A,A,A,A,A,A,A,A,A,A
6111,A,A,A,A,A,A,A,A,A,A
6112,A,A,A,A,A,A,A,A,A,A
6113,A,A,A,A,A,A,A,A,A,A
6114,A,A,A,A,A,A,A,A,A,A
6115,A,A,A,A,A,A,A,A,A,A
6116,A,A,A,A,A,A,A,A,A,A
6117,A,A,A,A,A,A,A,A,A,A
6118,A,A,A,A,A,A,A,A,A,A
6119,A,A,A,A,A,A,A,A,A,A
6120,A,A,A,A,A,A,A,A,A,A
6121,A,A,A,A,A,A,A,A,A,A
6122,A,A,A,A,A,A,A,A,A,A
6123,A,A,A,A,A,A,A,A,A,A
6124,A,A,A,A,A,A,A,A,A,A
6125,A,A,A,A,A,A,A,A,A,A
6126,A,A,A,A,A,A,A,A,A,A
6127,A,A,A,A,A,A,A,A,A,A
6128,A,A,A,A,A,A,A,A,A,A
6129,A,A,A,A,A,A,A,A,A,A
6130,A,A,A,A,A,A,A,A,A,A
6131,A,A,A,A,A,A,A,A,A,A
6132,A,A,A,A,A,A,A,A,A,A
6133,A,A,A,A,A,A,A,A,A,A
6134,A,A,A,A,A,A,A,A,A,A
6135,A,A,A,A,A,A,A,A,A,A
6136,A,A,A,A,A,A,A,A,A,A
6137,A,A,A,A,A,A,A,A,A,A
6138,A,A,A,A,A,A,A,A,A,A
6139,A,A,A,A,A,A,A,A,A,A
6140,A,A,A,A,A,A,A,A,A,A
6141,A,A,A,A,A,A,A,A,A,A
6142,A,A,A,A,A,A,A,A,A,A
6143,A,A,A,A,A,A,A,A,A,A
6144,A,A,A,A,A,A,A,A,A,A
6145,A,A,A,A,A,A,A,A,A,A
6146,A,A,A,A,A,A,A,A,A,A
6147,A,A,A,A,A,A,A,A,A,A
6148,A,A,A,A,A,A,A,A,A,A
6149,A,A,A,A,A,A,A,A,A,A
6150,A,A,A,A,A,A,A,A,A,A
6151,A,A,A,A,A,A,A,A,A,A
6152,A,A,A,A,A,A,A,A,A,A
6153,A,A,A,A,A,A,A,A,A,A
6154,A,A,A,A,A,A,A,A,A,A
6155,A,A,A,A,A,A,A,A,A,A
6156,A,A,A,A,A,A,A,A,A,A
6157,A,A,A,A,A,A,A,A,A,A
6158,A,A,A,A,A,A,A,A,A,A
6159,A,A,A,A,A,A,A,A,A,A
6160,A,A,A,A,A,A,A,A,A,A
6161,A,A,A,A,A,A,A,A,A,A
6162,A,A,A,A,A,A,A,A,A,A
6163,A,A,A,A,A,A,A,A,A,A
6164,A,A,A,A,A,A,A,A,A,A
6165,A,A,A,A,A,A,A,A,A,A
6166,A,A,A,A,A,A,A,A,A,A
6167,A,A,A,A,A,A,A,A,A,A
6168,A,A,A,A,A,A,A,A,A,A
6169,A,A,A,A,A,A,A,A,A,A
6170,A,A,A,A,A,A,A,A,A,A
6171,A,A,A,A,A,A,A,A,A,A
6172,A,A,A,A,A,A,A,A,A,A
6173,A,A,A,A,A,A,A,A,A,A
6174,A,A,A,A,A,A,A,A,A,A
6175,A,A,A,A,A,A,A,A,A,A
6176,A,A,A,A,A,A,A,A,A,A
6177,A,A,A,A,A,A,A,A,A,A
6178,A,A,A,A,A,A,A,A,A,A
6179,A,A,A,A,A,A,A,A,A,A
6180,A,A,A,A,A,A,A,A,A,A
6181,A,A,A,A,A,A,A,A,A,A
6182,A,A,A,A,A,A,A,A,A,A
6183,A,A,A,A,A,A,A,A,A,A
6184,A,A,A,A,A,A,A,A,A,A
6185,A,A,A,A,A,A,A,A,A,A
6186,A,A,A,A,A,A,A,A,A,A
6187,A,A,A,A,A,A,A,A,A,A
6188,A,A,A,A,A,A,A,A,A,A
6189,A,A,A,A,A,A,A,A,A,A
6190,A,A,A,A,A,A,A,A,A,A
6191,A,A,A,A,A,A,A,A,A,A
6192,A,A,A,A,A,A,A,A,A,A
6193,A,A,A,A,A,A,A,A,A,A
6194,A,A,A,A,A,A,A,A,A,A
6195,A,A,A,A,A,A,A,A,A,A
6196,A,A,A,A,A,A,A,A,A,A
6197,I,I,I,I,I,I,I,I,I,I
6198,J,J,J,J,J,J,J,J,J,J
6199,A,A,A,A,A,A,A,A,A,A
6200,A,A,A,A,A,A,A,A,A,A
6202,A,A,A,A,A,A,A,A,A,A
6203,A,A,A,A,A,A,A,A,A,A
6204,A,A,A,A,A,A,A,A,A,A
6205,A,A,A,A,A,A,A,A,A,A
6206,L,L,L,L,L,L,L,L,L,L
6207,A,A,A,A,A,A,A,A,A,A
6208,A,A,A,A,A,A,A,A,A,A
6209,A,A,A,A,A,A,A,A,A,A
6210,A,A,A,A,A,A,A,A,A,A
6211,H,H,H,H,H,H,H,H,H,H
6212,A,A,A,A,A,A,A,A,A,A
6213,H,H,H,H,H,H,H,H,H,H
6214,A,A,A,A,A,A,A,A,A,A
6215,A,A,A,A,A,A,A,A,A,A
6216,A,A,A,A,A,A,A,A,A,A
6217,A,A,A,A,A,A,A,A,A,A
6218,L,L,L,L,L,L,L,L,L,L
6219,A,A,A,A,A,A,A,A,A,A
6220,A,A,A,A,A,A,A,A,A,A
6221,A,A,A,A,A,A,A,A,A,A
6222,A,A,A,A,A,A,A,A,A,A
6223,A,A,A,A,A,A,A,A,A,A
6224,A,A,A,A,A,A,A,A,A,A
6225,A,A,A,A,A,A,A,A,A,A
6226,A,A,A,A,A,A,A,A,A,A
6227,A,A,A,A,A,A,A,A,A,A
6228,A,A,A,A,A,A,A,A,A,A
6229,A,A,A,A,A,A,A,A,A,A
6230,A,A,A,A,A,A,A,A,A,A
6231,A,A,A,A,A,A,A,A,A,A
6232,A,A,A,A,A,A,A,A,A,A
6233,A,A,A,A,A,A,A,A,A,A
6234,A,A,A,A,A,A,A,A,A,A
6235,A,A,A,A,A,A,A,A,A,A
6236,A,A,A,A,A,A,A,A,A,A
6237,A,A,A,A,A,A,A,A,A,A
6238,A,A,A,A,A,A,A,A,A,A
6239,A,A,A,A,A,A,A,A,A,A
6240,A,A,A,A,A,A,A,A,A,A
6241,A,A,A,A,A,A,A,A,A,A
6242,A,A,A,A,A,A,A,A,A,A
6243,A,A,A,A,A,A,A,A,A,A
6244,A,A,A,A,A,A,A,A,A,A
6245,A,A,A,A,A,A,A,A,A,A
6246,A,A,A,A,A,A,A,A,A,A
6247,A,A,A,A,A,A,A,A,A,A
6248,A,A,A,A,A,A,A,A,A,A
6249,A,A,A,A,A,A,A,A,A,A
6250,A,A,A,A,A,A,A,A,A,A
6251,A,A,A,A,A,A,A,A,A,A
6252,A,A,A,A,A,A,A,A,A,A
6253,A,A,A,A,A,A,A,A,A,A
6254,A,A,A,A,A,A,A,A,A,A
6255,A,A,A,A,A,A,A,A,A,A
6256,A,A,A,A,A,A,A,A,A,A
6257,A,A,A,A,A,A,A,A,A,A
6258,A,A,A,A,A,A,A,A,A,A
6259,A,A,A,A,A,A,A,A,A,A
6260,A,A,A,A,A,A,A,A,A,A
6261,A,A,A,A,A,A,A,A,A,A
6262,A,A,A,A,A,A,A,A,A,A
6263,A,A,A,A,A,A,A,A,A,A
6264,A,A,A,A,A,A,A,A,A,A
6265,A,A,A,A,A,A,A,A,A,A
6266,A,A,A,A,A,A,A,A,A,A
6267,A,A,A,A,A,A,A,A,A,A
6268,A,A,A,A,A,A,A,A,A,A
6269,A,A,A,A,A,A,A,A,A,A
6270,A,A,A,A,A,A,A,A,A,A
6271,A,A,A,A,A,A,A,A,A,A
6272,A,A,A,A,A,A,A,A,A,A
6273,A,A,A,A,A,A,A,A,A,A
6274,A,A,A,A,A,A,A,A,A,A
6275,A,A,A,A,A,A,A,A,A,A
6276,A,A,A,A,A,A,A,A,A,A
6277,A,A,A,A,A,A,A,A,A,A
6278,A,A,A,A,A,A,A,A,A,A
6279,A,A,A,A,A,A,A,A,A,A
6280,A,A,A,A,A,A,A,A,A,A
6281,A,A,A,A,A,A,A,A,A,A
6282,A,A,A,A,A,A,A,A,A,A
6283,A,A,A,A,A,A,A,A,A,A
6284,A,A,A,A,A,A,A,A,A,A
6285,A,A,A,A,A,A,A,A,A,A
6286,A,A,A,A,A,A,A,A,A,A
6287,A,A,A,A,A,A,A,A,A,A
6288,A,A,A,A,A,A,A,A,A,A
6289,I,I,I,I,I,I,I,I,I,I
6290,B,B,B,B,B,B,B,B,B,B
6291,B,B,B,B,B,B,B,B,B,B
6292,B,B,B,B,B,B,B,B,B,B
6293,B,B,B,B,B,B,B,B,B,B
6294,B,B,B,B,B,B,B,B,B,B
6295,B,B,B,B,B,B,B,B,B,B
6296,B,B,B,B,B,B,B,B,B,B
6297,B,B,B,B,B,B,B,B,B,B
6298,B,B,B,B,B,B,B,B,B,B
6299,B,B,B,B,B,B,B,B,B,B
6300,B,B,B,B,B,B,B,B,B,B
6301,B,B,B,B,B,B,B,B,B,B
6302,B,B,B,B,B,B,B,B,B,B
6303,B,B,B,B,B,B,B,B,B,B
6304,B,B,B,B,B,B,B,B,B,B
6305,B,B,B,B,B,B,B,B,B,B
6306,B,B,B,B,B,B,B,B,B,B
6307,B,B,B,B,B,B,B,B,B,B
6308,B,B,B,B,B,B,B,B,B,B
6309,B,B,B,B,B,B,B,B,B,B
6310,B,B,B,B,B,B,B,B,B,B
6311,B,B,B,B,B,B,B,B,B,B
6312,B,B,B,B,B,B,B,B,B,B
6313,B,B,B,B,B,B,B,B,B,B
6314,B,B,B,B,B,B,B,B,B,B
6315,B,B,B,B,B,B,B,B,B,B
6316,B,B,B,B,B,B,B,B,B,B
6317,B,B,B,B,B,B,B,B,B,B
6318,B,B,B,B,B,B,B,B,B,B
6319,B,B,B,B,B,B,B,B,B,B
6320,B,B,B,B,B,B,B,B,B,B
6321,B,B,B,B,B,B,B,B,B,B
6322,B,B,B,B,B,B,B,B,B,B
6323,B,B,B,B,B,B,B,B,B,B
6324,B,B,B,B,B,B,B,B,B,B
6325,B,B,B,B,B,B,B,B,B,B
6326,B,B,B,B,B,B,B,B,B,B
6327,B,B,B,B,B,B,B,B,B,B
6328,B,B,B,B,B,B,B,B,B,B
6329,B,B,B,B,B,B,B,B,B,B
6330,B,B,B,B,B,B,B,B,B,B
6331,B,B,B,B,B,B,B,B,B,B
6332,B,B,B,B,B,B,B,B,B,B
6333,B,B,B,B,B,B,B,B,B,B
6334,B,B,B,B,B,B,B,B,B,B
6335,B,B,B,B,B,B,B,B,B,B
6336,B,B,B,B,B,B,B,B,B,B
6337,B,B,B,B,B,B,B,B,B,B
6338,B,B,B,B,B,B,B,B,B,B
6339,B,B,B,B,B,B,B,B,B,B
6340,B,B,B,B,B,B,B,B,B,B
6341,B,B,B,B,B,B,B,B,B,B
6342,B,B,B,B,B,B,B,B,B,B
6343,B,B,B,B,B,B,B,B,B,B
6344,B,B,B,B,B,B,B,B,B,B
6345,B,B,B,B,B,B,B,B,B,B
6346,B,B,B,B,B,B,B,B,B,B
6347,B,B,B,B,B,B,B,B,B,B
6348,B,B,B,B,B,B,B,B,B,B
6349,B,B,B,B,B,B,B,B,B,B
6350,B,B,B,B,B,B,B,B,B,B
6351,B,B,B,B,B,B,B,B,B,B
6352,B,B,B,B,B,B,B,B,B,B
6353,B,B,B,B,B,B,B,B,B,B
6354,B,B,B,B,B,B,B,B,B,B
6355,B,B,B,B,B,B,B,B,B,B
6356,B,B,B,B,B,B,B,B,B,B
6357,B,B,B,B,B,B,B,B,B,B
6358,B,B,B,B,B,B,B,B,B,B
6359,B,B,B,B,B,B,B,B,B,B
6360,B,B,B,B,B,B,B,B,B,B
6361,B,B,B,B,B,B,B,B,B,B
6362,B,B,B,B,B,B,B,B,B,B
6363,B,B,B,B,B,B,B,B,B,B
6364,B,B,B,B,B,B,B,B,B,B
6365,B,B,B,B,B,B,B,B,B,B
6366,B,B,B,B,B,B,B,B,B,B
6367,B,B,B,B,B,B,B,B,B,B
6368,B,B,B,B,B,B,B,B,B,B
6369,B,B,B,B,B,B,B,B,B,B
6370,B,B,B,B,B,B,B,B,B,B
6371,B,B,B,B,B,B,B,B,B,B
6372,B,B,B,B,B,B,B,B,B,B
6373,B,B,B,B,B,B,B,B,B,B
6374,B,B,B,B,B,B,B,B,B,B
6375,B,B,B,B,B,B,B,B,B,B
6376,B,B,B,B,B,B,B,B,B,B
6377,B,B,B,B,B,B,B,B,B,B
6378,A,A,A,A,A,A,A,A,A,A
6379,A,A,A,A,A,A,A,A,A,A
6380,A,A,A,A,A,A,A,A,A,A
6381,A,A,A,A,A,A,A,A,A,A
6382,A,A,A,A,A,A,A,A,A,A
6383,A,A,A,A,A,A,A,A,A,A
6384,A,A,A,A,A,A,A,A,A,A
6385,A,A,A,A,A,A,A,A,A,A
6386,A,A,A,A,A,A,A,A,A,A
6387,A,A,A,A,A,A,A,A,A,A
6388,A,A,A,A,A,A,A,A,A,A
6389,A,A,A,A,A,A,A,A,A,A
6390,A,A,A,A,A,A,A,A,A,A
6391,E,E,E,E,E,E,E,E,E,E
6392,A,A,A,A,A,A,A,A,A,A
6393,A,A,A,A,A,A,A,A,A,A
6394,E,E,E,E,E,E,E,E,E,E
6395,A,A,A,A,A,A,A,A,A,A
6396,E,E,E,E,E,E,E,E,E,E
6397,A,A,A,A,A,A,A,A,A,A
6398,A,A,A,A,A,A,A,A,A,A
6399,A,A,A,A,A,A,A,A,A,A
6400,A,A,A,A,A,A,A,A,A,A
6401,A,A,A,A,A,A,A,A,A,A
6402,A,A,A,A,A,A,A,A,A,A
6403,A,A,A,A,A,A,A,A,A,A
6404,A,A,A,A,A,A,A,A,A,A
6405,A,A,A,A,A,A,A,A,A,A
6406,A,A,A,A,A,A,A,A,A,A
6407,A,A,A,A,A,A,A,A,A,A
6408,A,A,A,A,A,A,A,A,A,A
6409,A,A,A,A,A,A,A,A,A,A
6410,A,A,A,A,A,A,A,A,A,A
6411,A,A,A,A,A,A,A,A,A,A
6412,A,A,A,A,A,A,A,A,A,A
6413,A,A,A,A,A,A,A,A,A,A
6414,A,A,A,A,A,A,A,A,A,A
6415,A,A,A,A,A,A,A,A,A,A
6416,A,A,A,A,A,A,A,A,A,A
6417,A,A,A,A,A,A,A,A,A,A
6418,A,A,A,A,A,A,A,A,A,A
6419,H,H,H,H,H,H,H,H,H,H
6420,A,A,A,A,A,A,A,A,A,A
6421,A,A,A,A,A,A,A,A,A,A
6422,A,A,A,A,A,A,A,A,A,A
6423,A,A,A,A,A,A,A,A,A,A
6424,A,A,A,A,A,A,A,A,A,A
6425,A,A,A,A,A,A,A,A,A,A
6426,A,A,A,A,A,A,A,A,A,A
6427,A,A,A,A,A,A,A,A,A,A
6428,A,A,A,A,A,A,A,A,A,A
6429,A,A,A,A,A,A,A,A,A,A
6430,A,A,A,A,A,A,A,A,A,A
6431,A,A,A,A,A,A,A,A,A,A
6432,A,A,A,A,A,A,A,A,A,A
6433,A,A,A,A,A,A,A,A,A,A
6434,A,A,A,A,A,A,A,A,A,A
6435,A,A,A,A,A,A,A,A,A,A
6436,A,A,A,A,A,A,A,A,A,A
6437,A,A,A,A,A,A,A,A,A,A
6438,A,A,A,A,A,A,A,A,A,A
6439,A,A,A,A,A,A,A,A,A,A
6440,A,A,A,A,A,A,A,A,A,A
6441,A,A,A,A,A,A,A,A,A,A
6442,A,A,A,A,A,A,A,A,A,A
6443,A,A,A,A,A,A,A,A,A,A
6444,A,A,A,A,A,A,A,A,A,A
6445,A,A,A,A,A,A,A,A,A,A
6446,A,A,A,A,A,A,A,A,A,A
6447,A,A,A,A,A,A,A,A,A,A
6448,A,A,A,A,A,A,A,A,A,A
6449,A,A,A,A,A,A,A,A,A,A
6450,A,A,A,A,A,A,A,A,A,A
6451,A,A,A,A,A,A,A,A,A,A
6452,A,A,A,A,A,A,A,A,A,A
6453,A,A,A,A,A,A,A,A,A,A
6454,A,A,A,A,A,A,A,A,A,A
6455,A,A,A,A,A,A,A,A,A,A
6456,A,A,A,A,A,A,A,A,A,A
6457,A,A,A,A,A,A,A,A,A,A
6458,A,A,A,A,A,A,A,A,A,A
6459,I,I,I,I,I,I,I,I,I,I
6460,A,A,A,A,A,A,A,A,A,A
6461,A,A,A,A,A,A,A,A,A,A
6462,A,A,A,A,A,A,A,A,A,A
6463,A,A,A,A,A,A,A,A,A,A
6464,A,A,A,A,A,A,A,A,A,A
6465,A,A,A,A,A,A,A,A,A,A
6466,A,A,A,A,A,A,A,A,A,A
6467,A,A,A,A,A,A,A,A,A,A
6468,A,A,A,A,A,A,A,A,A,A
6469,A,A,A,A,A,A,A,A,A,A
6470,A,A,A,A,A,A,A,A,A,A
6471,A,A,A,A,A,A,A,A,A,A
6472,A,A,A,A,A,A,A,A,A,A
6473,A,A,A,A,A,A,A,A,A,A
6474,A,A,A,A,A,A,A,A,A,A
6475,A,A,A,A,A,A,A,A,A,A
6476,A,A,A,A,A,A,A,A,A,A
6477,A,A,A,A,A,A,A,A,A,A
6478,A,A,A,A,A,A,A,A,A,A
6479,A,A,A,A,A,A,A,A,A,A
6480,A,A,A,A,A,A,A,A,A,A
6481,A,A,A,A,A,A,A,A,A,A
6482,A,A,A,A,A,A,A,A,A,A
6483,A,A,A,A,A,A,A,A,A,A
6484,A,A,A,A,A,A,A,A,A,A
6485,A,A,A,A,A,A,A,A,A,A
6486,A,A,A,A,A,A,A,A,A,A
6487,A,A,A,A,A,A,A,A,A,A
6488,A,A,A,A,A,A,A,A,A,A
6489,A,A,A,A,A,A,A,A,A,A
6490,A,A,A,A,A,A,A,A,A,A
6491,A,A,A,A,A,A,A,A,A,A
6492,A,A,A,A,A,A,A,A,A,A
6493,A,A,A,A,A,A,A,A,A,A
6494,A,A,A,A,A,A,A,A,A,A
6495,A,A,A,A,A,A,A,A,A,A
6496,A,A,A,A,A,A,A,A,A,A
6497,A,A,A,A,A,A,A,A,A,A
6498,A,A,A,A,A,A,A,A,A,A
6499,A,A,A,A,A,A,A,A,A,A
6500,A,A,A,A,A,A,A,A,A,A
6501,A,A,A,A,A,A,A,A,A,A
6502,A,A,A,A,A,A,A,A,A,A
6503,A,A,A,A,A,A,A,A,A,A
6504,A,A,A,A,A,A,A,A,A,A
6505,A,A,A,A,A,A,A,A,A,A
6506,A,A,A,A,A,A,A,A,A,A
6507,A,A,A,A,A,A,A,A,A,A
6508,A,A,A,A,A,A,A,A,A,A
6509,A,A,A,A,A,A,A,A,A,A
6510,A,A,A,A,A,A,A,A,A,A
6511,A,A,A,A,A,A,A,A,A,A
6512,A,A,A,A,A,A,A,A,A,A
6513,A,A,A,A,A,A,A,A,A,A
6514,A,A,A,A,A,A,A,A,A,A
6515,A,A,A,A,A,A,A,A,A,A
6516,A,A,A,A,A,A,A,A,A,A
6517,A,A,A,A,A,A,A,A,A,A
6518,A,A,A,A,A,A,A,A,A,A
6519,A,A,A,A,A,A,A,A,A,A
6520,A,A,A,A,A,A,A,A,A,A
6521,A,A,A,A,A,A,A,A,A,A
6522,A,A,A,A,A,A,A,A,A,A
6523,A,A,A,A,A,A,A,A,A,A
6524,A,A,A,A,A,A,A,A,A,A
6525,A,A,A,A,A,A,A,A,A,A
6526,A,A,A,A,A,A,A,A,A,A
6527,A,A,A,A,A,A,A,A,A,A
6528,A,A,A,A,A,A,A,A,A,A
6529,A,A,A,A,A,A,A,A,A,A
6530,A,A,A,A,A,A,A,A,A,A
6531,A,A,A,A,A,A,A,A,A,A
6532,A,A,A,A,A,A,A,A,A,A
6533,A,A,A,A,A,A,A,A,A,A
6534,A,A,A,A,A,A,A,A,A,A
6535,A,A,A,A,A,A,A,A,A,A
6536,A,A,A,A,A,A,A,A,A,A
6537,A,A,A,A,A,A,A,A,A,A
6538,A,A,A,A,A,A,A,A,A,A
6539,A,A,A,A,A,A,A,A,A,A
6540,A,A,A,A,A,A,A,A,A,A
6541,A,A,A,A,A,A,A,A,A,A
6542,A,A,A,A,A,A,A,A,A,A
6543,A,A,A,A,A,A,A,A,A,A
6544,A,A,A,A,A,A,A,A,A,A
6545,A,A,A,A,A,A,A,A,A,A
6546,A,A,A,A,A,A,A,A,A,A
6547,A,A,A,A,A,A,A,A,A,A
6548,A,A,A,A,A,A,A,A,A,A
6549,A,A,A,A,A,A,A,A,A,A
6550,A,A,A,A,A,A,A,A,A,A
6551,A,A,A,A,A,A,A,A,A,A
6552,A,A,A,A,A,A,A,A,A,A
6553,A,A,A,A,A,A,A,A,A,A
6554,A,A,A,A,A,A,A,A,A,A
6555,A,A,A,A,A,A,A,A,A,A
6556,A,A,A,A,A,A,A,A,A,A
6557,A,A,A,A,A,A,A,A,A,A
6558,A,A,A,A,A,A,A,A,A,A
6559,A,A,A,A,A,A,A,A,A,A
6560,A,A,A,A,A,A,A,A,A,A
6561,A,A,A,A,A,A,A,A,A,A
6562,A,A,A,A,A,A,A,A,A,A
6563,A,A,A,A,A,A,A,A,A,A
6564,A,A,A,A,A,A,A,A,A,A
6565,A,A,A,A,A,A,A,A,A,A
6566,A,A,A,A,A,A,A,A,A,A
6567,A,A,A,A,A,A,A,A,A,A
6568,A,A,A,A,A,A,A,A,A,A
6569,A,A,A,A,A,A,A,A,A,A
6570,A,A,A,A,A,A,A,A,A,A
6571,A,A,A,A,A,A,A,A,A,A
6572,A,A,A,A,A,A,A,A,A,A
6573,A,A,A,A,A,A,A,A,A,A
6574,A,A,A,A,A,A,A,A,A,A
6575,A,A,A,A,A,A,A,A,A,A
6576,A,A,A,A,A,A,A,A,A,A
6577,A,A,A,A,A,A,A,A,A,A
6578,A,A,A,A,A,A,A,A,A,A
6579,A,A,A,A,A,A,A,A,A,A
6580,A,A,A,A,A,A,A,A,A,A
6581,A,A,A,A,A,A,A,A,A,A
6582,A,A,A,A,A,A,A,A,A,A
6583,A,A,A,A,A,A,A,A,A,A
6584,A,A,A,A,A,A,A,A,A,A
6585,A,A,A,A,A,A,A,A,A,A
6586,A,A,A,A,A,A,A,A,A,A
6587,A,A,A,A,A,A,A,A,A,A
6588,A,A,A,A,A,A,A,A,A,A
6589,A,A,A,A,A,A,A,A,A,A
6590,A,A,A,A,A,A,A,A,A,A
6591,A,A,A,A,A,A,A,A,A,A
6592,A,A,A,A,A,A,A,A,A,A
6593,A,A,A,A,A,A,A,A,A,A
6594,A,A,A,A,A,A,A,A,A,A
6595,A,A,A,A,A,A,A,A,A,A
6596,A,A,A,A,A,A,A,A,A,A
6597,A,A,A,A,A,A,A,A,A,A
6598,A,A,A,A,A,A,A,A,A,A
6599,A,A,A,A,A,A,A,A,A,A
6600,A,A,A,A,A,A,A,A,A,A
6601,A,A,A,A,A,A,A,A,A,A
6602,A,A,A,A,A,A,A,A,A,A
6603,A,A,A,A,A,A,A,A,A,A
6604,A,A,A,A,A,A,A,A,A,A
6605,A,A,A,A,A,A,A,A,A,A
6606,A,A,A,A,A,A,A,A,A,A
6607,A,A,A,A,A,A,A,A,A,A
6608,A,A,A,A,A,A,A,A,A,A
6609,A,A,A,A,A,A,A,A,A,A
6610,A,A,A,A,A,A,A,A,A,A
6611,A,A,A,A,A,A,A,A,A,A
6612,A,A,A,A,A,A,A,A,A,A
6613,A,A,A,A,A,A,A,A,A,A
6614,A,A,A,A,A,A,A,A,A,A
6615,A,A,A,A,A,A,A,A,A,A
6616,A,A,A,A,A,A,A,A,A,A
6617,A,A,A,A,A,A,A,A,A,A
6618,A,A,A,A,A,A,A,A,A,A
6619,A,A,A,A,A,A,A,A,A,A
6620,A,A,A,A,A,A,A,A,A,A
6621,A,A,A,A,A,A,A,A,A,A
6622,A,A,A,A,A,A,A,A,A,A
6623,A,A,A,A,A,A,A,A,A,A
6624,A,A,A,A,A,A,A,A,A,A
6625,A,A,A,A,A,A,A,A,A,A
6626,A,A,A,A,A,A,A,A,A,A
6627,A,A,A,A,A,A,A,A,A,A
6628,A,A,A,A,A,A,A,A,A,A
6629,A,A,A,A,A,A,A,A,A,A
6630,A,A,A,A,A,A,A,A,A,A
6631,A,A,A,A,A,A,A,A,A,A
6632,A,A,A,A,A,A,A,A,A,A
6633,A,A,A,A,A,A,A,A,A,A
6634,A,A,A,A,A,A,A,A,A,A
6635,A,A,A,A,A,A,A,A,A,A
6636,A,A,A,A,A,A,A,A,A,A
6637,A,A,A,A,A,A,A,A,A,A
6638,A,A,A,A,A,A,A,A,A,A
6639,A,A,A,A,A,A,A,A,A,A
6640,A,A,A,A,A,A,A,A,A,A
6641,A,A,A,A,A,A,A,A,A,A
6642,A,A,A,A,A,A,A,A,A,A
6643,A,A,A,A,A,A,A,A,A,A
6644,A,A,A,A,A,A,A,A,A,A
6645,A,A,A,A,A,A,A,A,A,A
6646,A,A,A,A,A,A,A,A,A,A
6647,A,A,A,A,A,A,A,A,A,A
6648,A,A,A,A,A,A,A,A,A,A
6649,A,A,A,A,A,A,A,A,A,A
6650,A,A,A,A,A,A,A,A,A,A
6651,A,A,A,A,A,A,A,A,A,A
6652,A,A,A,A,A,A,A,A,A,A
6653,A,A,A,A,A,A,A,A,A,A
6654,A,A,A,A,A,A,A,A,A,A
6655,A,A,A,A,A,A,A,A,A,A
6656,A,A,A,A,A,A,A,A,A,A
6657,A,A,A,A,A,A,A,A,A,A
6658,A,A,A,A,A,A,A,A,A,A
6659,A,A,A,A,A,A,A,A,A,A
6660,A,A,A,A,A,A,A,A,A,A
6661,A,A,A,A,A,A,A,A,A,A
6662,A,A,A,A,A,A,A,A,A,A
6663,A,A,A,A,A,A,A,A,A,A
6664,A,A,A,A,A,A,A,A,A,A
6665,A,A,A,A,A,A,A,A,A,A
6666,A,A,A,A,A,A,A,A,A,A
6667,A,A,A,A,A,A,A,A,A,A
6668,A,A,A,A,A,A,A,A,A,A
6669,A,A,A,A,A,A,A,A,A,A
6670,A,A,A,A,A,A,A,A,A,A
6671,A,A,A,A,A,A,A,A,A,A
6672,A,A,A,A,A,A,A,A,A,A
6673,A,A,A,A,A,A,A,A,A,A
6674,A,A,A,A,A,A,A,A,A,A
6675,A,A,A,A,A,A,A,A,A,A
6676,A,A,A,A,A,A,A,A,A,A
6677,A,A,A,A,A,A,A,A,A,A
6678,A,A,A,A,A,A,A,A,A,A
6679,A,A,A,A,A,A,A,A,A,A
6680,A,A,A,A,A,A,A,A,A,A
6681,A,A,A,A,A,A,A,A,A,A
6682,A,A,A,A,A,A,A,A,A,A
6683,A,A,A,A,A,A,A,A,A,A
6684,A,A,A,A,A,A,A,A,A,A
6685,A,A,A,A,A,A,A,A,A,A
6686,A,A,A,A,A,A,A,A,A,A
6687,A,A,A,A,A,A,A,A,A,A
6688,A,A,A,A,A,A,A,A,A,A
6689,A,A,A,A,A,A,A,A,A,A
6690,A,A,A,A,A,A,A,A,A,A
6691,A,A,A,A,A,A,A,A,A,A
6692,A,A,A,A,A,A,A,A,A,A
6693,A,A,A,A,A,A,A,A,A,A
6694,A,A,A,A,A,A,A,A,A,A
6695,A,A,A,A,A,A,A,A,A,A
6696,A,A,A,A,A,A,A,A,A,A
6697,A,A,A,A,A,A,A,A,A,A
6698,A,A,A,A,A,A,A,A,A,A
6699,A,A,A,A,A,A,A,A,A,A
6700,A,A,A,A,A,A,A,A,A,A
6701,A,A,A,A,A,A,A,A,A,A
6702,A,A,A,A,A,A,A,A,A,A
6703,A,A,A,A,A,A,A,A,A,A
6704,A,A,A,A,A,A,A,A,A,A
6705,A,A,A,A,A,A,A,A,A,A
6706,J,J,J,J,J,J,J,J,J,J
6707,A,A,A,A,A,A,A,A,A,A
6708,A,A,A,A,A,A,A,A,A,A
6709,A,A,A,A,A,A,A,A,A,A
6710,A,A,A,A,A,A,A,A,A,A
6711,A,A,A,A,A,A,A,A,A,A
6712,A,A,A,A,A,A,A,A,A,A
6713,A,A,A,A,A,A,A,A,A,A
6714,A,A,A,A,A,A,A,A,A,A
6715,A,A,A,A,A,A,A,A,A,A
6716,A,A,A,A,A,A,A,A,A,A
6717,A,A,A,A,A,A,A,A,A,A
6718,A,A,A,A,A,A,A,A,A,A
6719,A,A,A,A,A,A,A,A,A,A
6720,A,A,A,A,A,A,A,A,A,A
6721,A,A,A,A,A,A,A,A,A,A
6722,A,A,A,A,A,A,A,A,A,A
6723,A,A,A,A,A,A,A,A,A,A
6724,A,A,A,A,A,A,A,A,A,A
6725,A,A,A,A,A,A,A,A,A,A
6726,A,A,A,A,A,A,A,A,A,A
6727,A,A,A,A,A,A,A,A,A,A
6728,A,A,A,A,A,A,A,A,A,A
6729,A,A,A,A,A,A,A,A,A,A
6730,A,A,A,A,A,A,A,A,A,A
6731,A,A,A,A,A,A,A,A,A,A
6732,A,A,A,A,A,A,A,A,A,A
6733,A,A,A,A,A,A,A,A,A,A
6734,A,A,A,A,A,A,A,A,A,A
6735,A,A,A,A,A,A,A,A,A,A
6736,A,A,A,A,A,A,A,A,A,A
6737,A,A,A,A,A,A,A,A,A,A
6738,A,A,A,A,A,A,A,A,A,A
6739,A,A,A,A,A,A,A,A,A,A
6740,A,A,A,A,A,A,A,A,A,A
6741,A,A,A,A,A,A,A,A,A,A
6742,A,A,A,A,A,A,A,A,A,A
6743,A,A,A,A,A,A,A,A,A,A
6744,A,A,A,A,A,A,A,A,A,A
6745,A,A,A,A,A,A,A,A,A,A
6746,A,A,A,A,A,A,A,A,A,A
6747,A,A,A,A,A,A,A,A,A,A
6748,A,A,A,A,A,A,A,A,A,A
6749,A,A,A,A,A,A,A,A,A,A
6750,A,A,A,A,A,A,A,A,A,A
6751,A,A,A,A,A,A,A,A,A,A
6752,A,A,A,A,A,A,A,A,A,A
6753,A,A,A,A,A,A,A,A,A,A
6754,A,A,A,A,A,A,A,A,A,A
6755,A,A,A,A,A,A,A,A,A,A
6756,A,A,A,A,A,A,A,A,A,A
6757,A,A,A,A,A,A,A,A,A,A
6758,A,A,A,A,A,A,A,A,A,A
6759,A,A,A,A,A,A,A,A,A,A
6760,A,A,A,A,A,A,A,A,A,A
6761,A,A,A,A,A,A,A,A,A,A
6762,A,A,A,A,A,A,A,A,A,A
6763,A,A,A,A,A,A,A,A,A,A
6764,A,A,A,A,A,A,A,A,A,A
6765,A,A,A,A,A,A,A,A,A,A
6766,A,A,A,A,A,A,A,A,A,A
6767,A,A,A,A,A,A,A,A,A,A
6768,A,A,A,A,A,A,A,A,A,A
6769,A,A,A,A,A,A,A,A,A,A
6770,A,A,A,A,A,A,A,A,A,A
6771,A,A,A,A,A,A,A,A,A,A
6772,A,A,A,A,A,A,A,A,A,A
6773,A,A,A,A,A,A,A,A,A,A
6774,A,A,A,A,A,A,A,A,A,A
6775,A,A,A,A,A,A,A,A,A,A
6776,A,A,A,A,A,A,A,A,A,A
6777,A,A,A,A,A,A,A,A,A,A
6778,A,A,A,A,A,A,A,A,A,A
6779,A,A,A,A,A,A,A,A,A,A
6780,A,A,A,A,A,A,A,A,A,A
6781,A,A,A,A,A,A,A,A,A,A
6782,A,A,A,A,A,A,A,A,A,A
6783,A,A,A,A,A,A,A,A,A,A
6784,A,A,A,A,A,A,A,A,A,A
6785,A,A,A,A,A,A,A,A,A,A
6786,A,A,A,A,A,A,A,A,A,A
6787,A,A,A,A,A,A,A,A,A,A
6788,A,A,A,A,A,A,A,A,A,A
6789,A,A,A,A,A,A,A,A,A,A
6790,A,A,A,A,A,A,A,A,A,A
6791,A,A,A,A,A,A,A,A,A,A
6792,A,A,A,A,A,A,A,A,A,A
6793,A,A,A,A,A,A,A,A,A,A
6794,A,A,A,A,A,A,A,A,A,A
6795,A,A,A,A,A,A,A,A,A,A
6796,A,A,A,A,A,A,A,A,A,A
6797,A,A,A,A,A,A,A,A,A,A
6798,A,A,A,A,A,A,A,A,A,A
6799,A,A,A,A,A,A,A,A,A,A
6800,A,A,A,A,A,A,A,A,A,A
6801,A,A,A,A,A,A,A,A,A,A
6802,A,A,A,A,A,A,A,A,A,A
6803,A,A,A,A,A,A,A,A,A,A
6804,A,A,A,A,A,A,A,A,A,A
6805,A,A,A,A,A,A,A,A,A,A
6806,A,A,A,A,A,A,A,A,A,A
6807,A,A,A,A,A,A,A,A,A,A
6808,A,A,A,A,A,A,A,A,A,A
6809,A,A,A,A,A,A,A,A,A,A
6810,A,A,A,A,A,A,A,A,A,A
6811,A,A,A,A,A,A,A,A,A,A
6812,A,A,A,A,A,A,A,A,A,A
6813,A,A,A,A,A,A,A,A,A,A
6814,A,A,A,A,A,A,A,A,A,A
6815,A,A,A,A,A,A,A,A,A,A
6816,A,A,A,A,A,A,A,A,A,A
6817,A,A,A,A,A,A,A,A,A,A
6818,A,A,A,A,A,A,A,A,A,A
6819,A,A,A,A,A,A,A,A,A,A
6820,A,A,A,A,A,A,A,A,A,A
6821,A,A,A,A,A,A,A,A,A,A
6822,A,A,A,A,A,A,A,A,A,A
6823,A,A,A,A,A,A,A,A,A,A
6824,A,A,A,A,A,A,A,A,A,A
6825,A,A,A,A,A,A,A,A,A,A
6826,A,A,A,A,A,A,A,A,A,A
6827,A,A,A,A,A,A,A,A,A,A
6828,A,A,A,A,A,A,A,A,A,A
6829,A,A,A,A,A,A,A,A,A,A
6830,A,A,A,A,A,A,A,A,A,A
6831,A,A,A,A,A,A,A,A,A,A
6832,A,A,A,A,A,A,A,A,A,A
6833,A,A,A,A,A,A,A,A,A,A
6834,A,A,A,A,A,A,A,A,A,A
6835,A,A,A,A,A,A,A,A,A,A
6836,A,A,A,A,A,A,A,A,A,A
6837,A,A,A,A,A,A,A,A,A,A
6838,A,A,A,A,A,A,A,A,A,A
6839,A,A,A,A,A,A,A,A,A,A
6840,A,A,A,A,A,A,A,A,A,A
6841,A,A,A,A,A,A,A,A,A,A
6842,A,A,A,A,A,A,A,A,A,A
6843,A,A,A,A,A,A,A,A,A,A
6844,A,A,A,A,A,A,A,A,A,A
6845,A,A,A,A,A,A,A,A,A,A
6846,A,A,A,A,A,A,A,A,A,A
6847,A,A,A,A,A,A,A,A,A,A
6848,A,A,A,A,A,A,A,A,A,A
6849,A,A,A,A,A,A,A,A,A,A
6850,A,A,A,A,A,A,A,A,A,A
6851,A,A,A,A,A,A,A,A,A,A
6852,A,A,A,A,A,A,A,A,A,A
6853,A,A,A,A,A,A,A,A,A,A
6854,A,A,A,A,A,A,A,A,A,A
6855,A,A,A,A,A,A,A,A,A,A
6856,A,A,A,A,A,A,A,A,A,A
6857,A,A,A,A,A,A,A,A,A,A
6858,A,A,A,A,A,A,A,A,A,A
6859,A,A,A,A,A,A,A,A,A,A
6860,A,A,A,A,A,A,A,A,A,A
6861,A,A,A,A,A,A,A,A,A,A
6862,A,A,A,A,A,A,A,A,A,A
6863,A,A,A,A,A,A,A,A,A,A
6864,A,A,A,A,A,A,A,A,A,A
6865,A,A,A,A,A,A,A,A,A,A
6866,A,A,A,A,A,A,A,A,A,A
6867,A,A,A,A,A,A,A,A,A,A
6868,A,A,A,A,A,A,A,A,A,A
6869,A,A,A,A,A,A,A,A,A,A
6870,A,A,A,A,A,A,A,A,A,A
6871,A,A,A,A,A,A,A,A,A,A
6872,A,A,A,A,A,A,A,A,A,A
6873,A,A,A,A,A,A,A,A,A,A
6874,A,A,A,A,A,A,A,A,A,A
6875,A,A,A,A,A,A,A,A,A,A
6876,A,A,A,A,A,A,A,A,A,A
6877,E,E,E,E,E,E,E,E,E,E
6878,A,A,A,A,A,A,A,A,A,A
6879,A,A,A,A,A,A,A,A,A,A
6880,A,A,A,A,A,A,A,A,A,A
6881,A,A,A,A,A,A,A,A,A,A
6882,A,A,A,A,A,A,A,A,A,A
6883,A,A,A,A,A,A,A,A,A,A
6884,A,A,A,A,A,A,A,A,A,A
6885,A,A,A,A,A,A,A,A,A,A
6886,A,A,A,A,A,A,A,A,A,A
6887,A,A,A,A,A,A,A,A,A,A
6888,A,A,A,A,A,A,A,A,A,A
6889,A,A,A,A,A,A,A,A,A,A
6890,A,A,A,A,A,A,A,A,A,A
6891,A,A,A,A,A,A,A,A,A,A
6892,A,A,A,A,A,A,A,A,A,A
6893,A,A,A,A,A,A,A,A,A,A
6894,A,A,A,A,A,A,A,A,A,A
6895,A,A,A,A,A,A,A,A,A,A
6896,A,A,A,A,A,A,A,A,A,A
6897,A,A,A,A,A,A,A,A,A,A
6898,A,A,A,A,A,A,A,A,A,A
6899,A,A,A,A,A,A,A,A,A,A
6900,A,A,A,A,A,A,A,A,A,A
6901,A,A,A,A,A,A,A,A,A,A
6902,A,A,A,A,A,A,A,A,A,A
6903,A,A,A,A,A,A,A,A,A,A
6904,A,A,A,A,A,A,A,A,A,A
6905,A,A,A,A,A,A,A,A,A,A
6906,A,A,A,A,A,A,A,A,A,A
6907,A,A,A,A,A,A,A,A,A,A
6908,E,E,E,E,E,E,E,E,E,E
6909,A,A,A,A,A,A,A,A,A,A
6910,A,A,A,A,A,A,A,A,A,A
6911,A,A,A,A,A,A,A,A,A,A
6912,A,A,A,A,A,A,A,A,A,A
6913,A,A,A,A,A,A,A,A,A,A
6914,A,A,A,A,A,A,A,A,A,A
6915,A,A,A,A,A,A,A,A,A,A
6916,A,A,A,A,A,A,A,A,A,A
6917,A,A,A,A,A,A,A,A,A,A
6918,A,A,A,A,A,A,A,A,A,A
6919,A,A,A,A,A,A,A,A,A,A
6920,A,A,A,A,A,A,A,A,A,A
6921,A,A,A,A,A,A,A,A,A,A
6922,A,A,A,A,A,A,A,A,A,A
6923,A,A,A,A,A,A,A,A,A,A
6924,A,A,A,A,A,A,A,A,A,A
6925,A,A,A,A,A,A,A,A,A,A
6926,A,A,A,A,A,A,A,A,A,A
6927,A,A,A,A,A,A,A,A,A,A
6928,A,A,A,A,A,A,A,A,A,A
6929,A,A,A,A,A,A,A,A,A,A
6930,A,A,A,A,A,A,A,A,A,A
6931,A,A,A,A,A,A,A,A,A,A
6932,A,A,A,A,A,A,A,A,A,A
6933,A,A,A,A,A,A,A,A,A,A
6934,A,A,A,A,A,A,A,A,A,A
6935,A,A,A,A,A,A,A,A,A,A
6936,A,A,A,A,A,A,A,A,A,A
6937,A,A,A,A,A,A,A,A,A,A
6938,A,A,A,A,A,A,A,A,A,A
6939,A,A,A,A,A,A,A,A,A,A
6940,A,A,A,A,A,A,A,A,A,A
6941,A,A,A,A,A,A,A,A,A,A
6942,A,A,A,A,A,A,A,A,A,A
6943,A,A,A,A,A,A,A,A,A,A
6944,A,A,A,A,A,A,A,A,A,A
6945,A,A,A,A,A,A,A,A,A,A
6946,A,A,A,A,A,A,A,A,A,A
6947,A,A,A,A,A,A,A,A,A,A
6948,A,A,A,A,A,A,A,A,A,A
6949,A,A,A,A,A,A,A,A,A,A
6950,A,A,A,A,A,A,A,A,A,A
6951,A,A,A,A,A,A,A,A,A,A
6952,A,A,A,A,A,A,A,A,A,A
6953,A,A,A,A,A,A,A,A,A,A
6954,A,A,A,A,A,A,A,A,A,A
6955,A,A,A,A,A,A,A,A,A,A
6956,A,A,A,A,A,A,A,A,A,A
6957,A,A,A,A,A,A,A,A,A,A
6958,A,A,A,A,A,A,A,A,A,A
6959,A,A,A,A,A,A,A,A,A,A
6960,A,A,A,A,A,A,A,A,A,A
6961,A,A,A,A,A,A,A,A,A,A
6962,A,A,A,A,A,A,A,A,A,A
6963,A,A,A,A,A,A,A,A,A,A
6964,A,A,A,A,A,A,A,A,A,A
6965,A,A,A,A,A,A,A,A,A,A
6966,A,A,A,A,A,A,A,A,A,A
6967,A,A,A,A,A,A,A,A,A,A
6968,A,A,A,A,A,A,A,A,A,A
6969,A,A,A,A,A,A,A,A,A,A
6970,A,A,A,A,A,A,A,A,A,A
6971,A,A,A,A,A,A,A,A,A,A
6972,A,A,A,A,A,A,A,A,A,A
6973,A,A,A,A,A,A,A,A,A,A
6974,A,A,A,A,A,A,A,A,A,A
6975,A,A,A,A,A,A,A,A,A,A
6976,A,A,A,A,A,A,A,A,A,A
6977,A,A,A,A,A,A,A,A,A,A
6978,A,A,A,A,A,A,A,A,A,A
6979,A,A,A,A,A,A,A,A,A,A
6980,A,A,A,A,A,A,A,A,A,A
6981,A,A,A,A,A,A,A,A,A,A
6982,A,A,A,A,A,A,A,A,A,A
6983,A,A,A,A,A,A,A,A,A,A
6984,A,A,A,A,A,A,A,A,A,A
6985,A,A,A,A,A,A,A,A,A,A
6986,A,A,A,A,A,A,A,A,A,A
6987,A,A,A,A,A,A,A,A,A,A
6988,A,A,A,A,A,A,A,A,A,A
6989,A,A,A,A,A,A,A,A,A,A
6990,A,A,A,A,A,A,A,A,A,A
6991,A,A,A,A,A,A,A,A,A,A
6992,A,A,A,A,A,A,A,A,A,A
6993,A,A,A,A,A,A,A,A,A,A
6994,E,E,E,E,E,E,E,E,E,E
6996,A,A,A,A,A,A,A,A,A,A
6997,A,A,A,A,A,A,A,A,A,A
6998,A,A,A,A,A,A,A,A,A,A
6999,A,A,A,A,A,A,A,A,A,A
7000,A,A,A,A,A,A,A,A,A,A
7001,A,A,A,A,A,A,A,A,A,A
7002,A,A,A,A,A,A,A,A,A,A
7003,A,A,A,A,A,A,A,A,A,A
7004,C,C,C,C,C,C,C,C,C,C
7005,B,B,B,B,B,B,B,B,B,B
7006,B,B,B,B,B,B,B,B,B,B
7007,B,B,B,B,B,B,B,B,B,B
7008,B,B,B,B,B,B,B,B,B,B
7009,B,B,B,B,B,B,B,B,B,B
7010,B,B,B,B,B,B,B,B,B,B
7011,B,B,B,B,B,B,B,B,B,B
7012,B,B,B,B,B,B,B,B,B,B
7013,B,B,B,B,B,B,B,B,B,B
7014,C,C,C,C,C,C,C,C,C,C
7015,C,C,C,C,C,C,C,C,C,C
7016,B,B,B,B,B,B,B,B,B,B
7017,E,E,E,E,E,E,E,E,E,E
7018,B,B,B,B,B,B,B,B,B,B
7019,B,B,B,B,B,B,B,B,B,B
7020,C,C,C,C,C,C,C,C,C,C
7021,B,B,B,B,B,B,B,B,B,B
7022,B,B,B,B,B,B,B,B,B,B
7023,B,B,B,B,B,B,B,B,B,B
7024,B,B,B,B,B,B,B,B,B,B
7025,B,B,B,B,B,B,B,B,B,B
7026,E,E,E,E,E,E,E,E,E,E
7027,A,A,A,A,A,A,A,A,A,A
7028,A,A,A,A,A,A,A,A,A,A
7029,B,B,B,B,B,B,B,B,B,B
7030,B,B,B,B,B,B,B,B,B,B
7031,B,B,B,B,B,B,B,B,B,B
7032,B,B,B,B,B,B,B,B,B,B
7033,B,B,B,B,B,B,B,B,B,B
7034,B,B,B,B,B,B,B,B,B,B
7035,B,B,B,B,B,B,B,B,B,B
7036,D,D,D,D,D,D,D,D,D,D
7037,B,B,B,B,B,B,B,B,B,B
7038,B,B,B,B,B,B,B,B,B,B
7039,B,B,B,B,B,B,B,B,B,B
7040,B,B,B,B,B,B,B,B,B,B
7041,B,B,B,B,B,B,B,B,B,B
7042,B,B,B,B,B,B,B,B,B,B
7043,B,B,B,B,B,B,B,B,B,B
7044,B,B,B,B,B,B,B,B,B,B
7045,B,B,B,B,B,B,B,B,B,B
7046,B,B,B,B,B,B,B,B,B,B
7047,B,B,B,B,B,B,B,B,B,B
7048,B,B,B,B,B,B,B,B,B,B
7049,A,A,A,A,A,A,A,A,A,A
7050,B,B,B,B,B,B,B,B,B,B
7051,B,B,B,B,B,B,B,B,B,B
7052,B,B,B,B,B,B,B,B,B,B
7053,B,B,B,B,B,B,B,B,B,B
7054,B,B,B,B,B,B,B,B,B,B
7055,B,B,B,B,B,B,B,B,B,B
7056,B,B,B,B,B,B,B,B,B,B
7057,C,C,C,C,C,C,C,C,C,C
7058,A,A,A,A,A,A,A,A,A,A
7059,A,A,A,A,A,A,A,A,A,A
7060,A,A,A,A,A,A,A,A,A,A
7061,A,A,A,A,A,A,A,A,A,A
7062,A,A,A,A,A,A,A,A,A,A
7063,A,A,A,A,A,A,A,A,A,A
7064,A,A,A,A,A,A,A,A,A,A
7065,A,A,A,A,A,A,A,A,A,A
7066,A,A,A,A,A,A,A,A,A,A
7067,A,A,A,A,A,A,A,A,A,A
7068,A,A,A,A,A,A,A,A,A,A
7069,A,A,A,A,A,A,A,A,A,A
7070,A,A,A,A,A,A,A,A,A,A
7071,A,A,A,A,A,A,A,A,A,A
7072,A,A,A,A,A,A,A,A,A,A
7073,A,A,A,A,A,A,A,A,A,A
7074,A,A,A,A,A,A,A,A,A,A
7075,A,A,A,A,A,A,A,A,A,A
7076,A,A,A,A,A,A,A,A,A,A
7077,A,A,A,A,A,A,A,A,A,A
7078,A,A,A,A,A,A,A,A,A,A
7079,A,A,A,A,A,A,A,A,A,A
7080,A,A,A,A,A,A,A,A,A,A
7081,A,A,A,A,A,A,A,A,A,A
7082,A,A,A,A,A,A,A,A,A,A
7083,A,A,A,A,A,A,A,A,A,A
7084,A,A,A,A,A,A,A,A,A,A
7085,A,A,A,A,A,A,A,A,A,A
7086,A,A,A,A,A,A,A,A,A,A
7087,A,A,A,A,A,A,A,A,A,A
7088,A,A,A,A,A,A,A,A,A,A
7089,A,A,A,A,A,A,A,A,A,A
7090,A,A,A,A,A,A,A,A,A,A
7091,A,A,A,A,A,A,A,A,A,A
7092,A,A,A,A,A,A,A,A,A,A
7093,A,A,A,A,A,A,A,A,A,A
7094,A,A,A,A,A,A,A,A,A,A
7095,A,A,A,A,A,A,A,A,A,A
7096,A,A,A,A,A,A,A,A,A,A
7097,A,A,A,A,A,A,A,A,A,A
7098,A,A,A,A,A,A,A,A,A,A
7099,A,A,A,A,A,A,A,A,A,A
7100,A,A,A,A,A,A,A,A,A,A
7101,A,A,A,A,A,A,A,A,A,A
7102,A,A,A,A,A,A,A,A,A,A
7103,A,A,A,A,A,A,A,A,A,A
7104,A,A,A,A,A,A,A,A,A,A
7105,A,A,A,A,A,A,A,A,A,A
7106,A,A,A,A,A,A,A,A,A,A
7107,A,A,A,A,A,A,A,A,A,A
7108,A,A,A,A,A,A,A,A,A,A
7109,A,A,A,A,A,A,A,A,A,A
7110,A,A,A,A,A,A,A,A,A,A
7111,A,A,A,A,A,A,A,A,A,A
7112,A,A,A,A,A,A,A,A,A,A
7113,A,A,A,A,A,A,A,A,A,A
7114,A,A,A,A,A,A,A,A,A,A
7115,A,A,A,A,A,A,A,A,A,A
7116,A,A,A,A,A,A,A,A,A,A
7117,A,A,A,A,A,A,A,A,A,A
7118,A,A,A,A,A,A,A,A,A,A
7119,A,A,A,A,A,A,A,A,A,A
7120,A,A,A,A,A,A,A,A,A,A
7121,A,A,A,A,A,A,A,A,A,A
7122,A,A,A,A,A,A,A,A,A,A
7123,A,A,A,A,A,A,A,A,A,A
7124,A,A,A,A,A,A,A,A,A,A
7125,A,A,A,A,A,A,A,A,A,A
7126,A,A,A,A,A,A,A,A,A,A
7127,A,A,A,A,A,A,A,A,A,A
7128,A,A,A,A,A,A,A,A,A,A
7129,A,A,A,A,A,A,A,A,A,A
7130,A,A,A,A,A,A,A,A,A,A
7131,A,A,A,A,A,A,A,A,A,A
7132,A,A,A,A,A,A,A,A,A,A
7133,A,A,A,A,A,A,A,A,A,A
7134,A,A,A,A,A,A,A,A,A,A
7135,A,A,A,A,A,A,A,A,A,A
7136,A,A,A,A,A,A,A,A,A,A
7137,A,A,A,A,A,A,A,A,A,A
7138,A,A,A,A,A,A,A,A,A,A
7139,A,A,A,A,A,A,A,A,A,A
7140,A,A,A,A,A,A,A,A,A,A
7141,A,A,A,A,A,A,A,A,A,A
7142,A,A,A,A,A,A,A,A,A,A
7143,A,A,A,A,A,A,A,A,A,A
7144,A,A,A,A,A,A,A,A,A,A
7145,A,A,A,A,A,A,A,A,A,A
7146,A,A,A,A,A,A,A,A,A,A
7147,A,A,A,A,A,A,A,A,A,A
7148,A,A,A,A,A,A,A,A,A,A
7149,A,A,A,A,A,A,A,A,A,A
7150,A,A,A,A,A,A,A,A,A,A
7151,A,A,A,A,A,A,A,A,A,A
7152,A,A,A,A,A,A,A,A,A,A
7153,A,A,A,A,A,A,A,A,A,A
7154,A,A,A,A,A,A,A,A,A,A
7155,A,A,A,A,A,A,A,A,A,A
7156,A,A,A,A,A,A,A,A,A,A
7157,A,A,A,A,A,A,A,A,A,A
7158,A,A,A,A,A,A,A,A,A,A
7159,A,A,A,A,A,A,A,A,A,A
7160,A,A,A,A,A,A,A,A,A,A
7161,A,A,A,A,A,A,A,A,A,A
7162,A,A,A,A,A,A,A,A,A,A
7163,A,A,A,A,A,A,A,A,A,A
7164,A,A,A,A,A,A,A,A,A,A
7165,A,A,A,A,A,A,A,A,A,A
7166,A,A,A,A,A,A,A,A,A,A
7167,A,A,A,A,A,A,A,A,A,A
7168,A,A,A,A,A,A,A,A,A,A
7169,A,A,A,A,A,A,A,A,A,A
7170,A,A,A,A,A,A,A,A,A,A
7171,A,A,A,A,A,A,A,A,A,A
7172,A,A,A,A,A,A,A,A,A,A
7173,A,A,A,A,A,A,A,A,A,A
7174,A,A,A,A,A,A,A,A,A,A
7175,A,A,A,A,A,A,A,A,A,A
7176,A,A,A,A,A,A,A,A,A,A
7177,A,A,A,A,A,A,A,A,A,A
7178,A,A,A,A,A,A,A,A,A,A
7179,A,A,A,A,A,A,A,A,A,A
7180,A,A,A,A,A,A,A,A,A,A
7181,A,A,A,A,A,A,A,A,A,A
7182,A,A,A,A,A,A,A,A,A,A
7183,A,A,A,A,A,A,A,A,A,A
7184,A,A,A,A,A,A,A,A,A,A
7185,A,A,A,A,A,A,A,A,A,A
7186,A,A,A,A,A,A,A,A,A,A
7187,A,A,A,A,A,A,A,A,A,A
7188,A,A,A,A,A,A,A,A,A,A
7189,A,A,A,A,A,A,A,A,A,A
7190,A,A,A,A,A,A,A,A,A,A
7191,A,A,A,A,A,A,A,A,A,A
7192,A,A,A,A,A,A,A,A,A,A
7193,A,A,A,A,A,A,A,A,A,A
7194,A,A,A,A,A,A,A,A,A,A
7195,A,A,A,A,A,A,A,A,A,A
7196,A,A,A,A,A,A,A,A,A,A
7197,A,A,A,A,A,A,A,A,A,A
7198,A,A,A,A,A,A,A,A,A,A
7199,A,A,A,A,A,A,A,A,A,A
7200,A,A,A,A,A,A,A,A,A,A
7201,A,A,A,A,A,A,A,A,A,A
7202,A,A,A,A,A,A,A,A,A,A
7203,A,A,A,A,A,A,A,A,A,A
7204,A,A,A,A,A,A,A,A,A,A
7205,A,A,A,A,A,A,A,A,A,A
7206,A,A,A,A,A,A,A,A,A,A
7207,A,A,A,A,A,A,A,A,A,A
7208,A,A,A,A,A,A,A,A,A,A
7209,A,A,A,A,A,A,A,A,A,A
7210,A,A,A,A,A,A,A,A,A,A
7211,A,A,A,A,A,A,A,A,A,A
7212,A,A,A,A,A,A,A,A,A,A
7213,A,A,A,A,A,A,A,A,A,A
7214,A,A,A,A,A,A,A,A,A,A
7215,A,A,A,A,A,A,A,A,A,A
7216,A,A,A,A,A,A,A,A,A,A
7217,A,A,A,A,A,A,A,A,A,A
7218,A,A,A,A,A,A,A,A,A,A
7219,A,A,A,A,A,A,A,A,A,A
7220,A,A,A,A,A,A,A,A,A,A
7221,A,A,A,A,A,A,A,A,A,A
7222,A,A,A,A,A,A,A,A,A,A
7223,A,A,A,A,A,A,A,A,A,A
7224,A,A,A,A,A,A,A,A,A,A
7225,A,A,A,A,A,A,A,A,A,A
7226,A,A,A,A,A,A,A,A,A,A
7227,A,A,A,A,A,A,A,A,A,A
7228,A,A,A,A,A,A,A,A,A,A
7229,A,A,A,A,A,A,A,A,A,A
7230,A,A,A,A,A,A,A,A,A,A
7231,A,A,A,A,A,A,A,A,A,A
7232,A,A,A,A,A,A,A,A,A,A
7233,A,A,A,A,A,A,A,A,A,A
7234,A,A,A,A,A,A,A,A,A,A
7235,A,A,A,A,A,A,A,A,A,A
7236,A,A,A,A,A,A,A,A,A,A
7237,A,A,A,A,A,A,A,A,A,A
7238,A,A,A,A,A,A,A,A,A,A
7239,A,A,A,A,A,A,A,A,A,A
7240,A,A,A,A,A,A,A,A,A,A
7241,A,A,A,A,A,A,A,A,A,A
7242,A,A,A,A,A,A,A,A,A,A
7243,A,A,A,A,A,A,A,A,A,A
7244,A,A,A,A,A,A,A,A,A,A
7245,A,A,A,A,A,A,A,A,A,A
7246,A,A,A,A,A,A,A,A,A,A
7247,A,A,A,A,A,A,A,A,A,A
7248,A,A,A,A,A,A,A,A,A,A
7249,A,A,A,A,A,A,A,A,A,A
7250,A,A,A,A,A,A,A,A,A,A
7251,A,A,A,A,A,A,A,A,A,A
7252,A,A,A,A,A,A,A,A,A,A
7253,A,A,A,A,A,A,A,A,A,A
7254,A,A,A,A,A,A,A,A,A,A
7255,A,A,A,A,A,A,A,A,A,A
7256,A,A,A,A,A,A,A,A,A,A
7257,A,A,A,A,A,A,A,A,A,A
7258,A,A,A,A,A,A,A,A,A,A
7259,A,A,A,A,A,A,A,A,A,A
7260,A,A,A,A,A,A,A,A,A,A
7261,A,A,A,A,A,A,A,A,A,A
7262,A,A,A,A,A,A,A,A,A,A
7263,A,A,A,A,A,A,A,A,A,A
7264,A,A,A,A,A,A,A,A,A,A
7265,A,A,A,A,A,A,A,A,A,A
7266,A,A,A,A,A,A,A,A,A,A
7267,A,A,A,A,A,A,A,A,A,A
7268,A,A,A,A,A,A,A,A,A,A
7269,A,A,A,A,A,A,A,A,A,A
7270,A,A,A,A,A,A,A,A,A,A
7271,A,A,A,A,A,A,A,A,A,A
7272,A,A,A,A,A,A,A,A,A,A
7273,A,A,A,A,A,A,A,A,A,A
7274,A,A,A,A,A,A,A,A,A,A
7275,A,A,A,A,A,A,A,A,A,A
7276,A,A,A,A,A,A,A,A,A,A
7277,A,A,A,A,A,A,A,A,A,A
7278,A,A,A,A,A,A,A,A,A,A
7279,A,A,A,A,A,A,A,A,A,A
7280,A,A,A,A,A,A,A,A,A,A
7281,A,A,A,A,A,A,A,A,A,A
7282,A,A,A,A,A,A,A,A,A,A
7283,A,A,A,A,A,A,A,A,A,A
7284,A,A,A,A,A,A,A,A,A,A
7285,A,A,A,A,A,A,A,A,A,A
7286,A,A,A,A,A,A,A,A,A,A
7287,A,A,A,A,A,A,A,A,A,A
7288,A,A,A,A,A,A,A,A,A,A
7289,A,A,A,A,A,A,A,A,A,A
7290,A,A,A,A,A,A,A,A,A,A
7291,A,A,A,A,A,A,A,A,A,A
7292,A,A,A,A,A,A,A,A,A,A
7293,A,A,A,A,A,A,A,A,A,A
7294,A,A,A,A,A,A,A,A,A,A
7295,A,A,A,A,A,A,A,A,A,A
7296,A,A,A,A,A,A,A,A,A,A
7297,A,A,A,A,A,A,A,A,A,A
7298,A,A,A,A,A,A,A,A,A,A
7299,A,A,A,A,A,A,A,A,A,A
7300,A,A,A,A,A,A,A,A,A,A
7301,A,A,A,A,A,A,A,A,A,A
7302,A,A,A,A,A,A,A,A,A,A
7303,A,A,A,A,A,A,A,A,A,A
7304,A,A,A,A,A,A,A,A,A,A
7305,A,A,A,A,A,A,A,A,A,A
7306,A,A,A,A,A,A,A,A,A,A
7307,A,A,A,A,A,A,A,A,A,A
7308,A,A,A,A,A,A,A,A,A,A
7309,A,A,A,A,A,A,A,A,A,A
7310,A,A,A,A,A,A,A,A,A,A
7311,A,A,A,A,A,A,A,A,A,A
7312,A,A,A,A,A,A,A,A,A,A
7313,A,A,A,A,A,A,A,A,A,A
7314,A,A,A,A,A,A,A,A,A,A
7315,A,A,A,A,A,A,A,A,A,A
7316,A,A,A,A,A,A,A,A,A,A
7317,A,A,A,A,A,A,A,A,A,A
7318,A,A,A,A,A,A,A,A,A,A
7319,A,A,A,A,A,A,A,A,A,A
7320,A,A,A,A,A,A,A,A,A,A
7321,A,A,A,A,A,A,A,A,A,A
7322,A,A,A,A,A,A,A,A,A,A
7323,A,A,A,A,A,A,A,A,A,A
7324,A,A,A,A,A,A,A,A,A,A
7325,A,A,A,A,A,A,A,A,A,A
7326,A,A,A,A,A,A,A,A,A,A
7327,A,A,A,A,A,A,A,A,A,A
7328,A,A,A,A,A,A,A,A,A,A
7329,A,A,A,A,A,A,A,A,A,A
7330,A,A,A,A,A,A,A,A,A,A
7331,A,A,A,A,A,A,A,A,A,A
7332,A,A,A,A,A,A,A,A,A,A
7333,A,A,A,A,A,A,A,A,A,A
7334,A,A,A,A,A,A,A,A,A,A
7335,A,A,A,A,A,A,A,A,A,A
7336,A,A,A,A,A,A,A,A,A,A
7337,A,A,A,A,A,A,A,A,A,A
7338,A,A,A,A,A,A,A,A,A,A
7339,A,A,A,A,A,A,A,A,A,A
7340,A,A,A,A,A,A,A,A,A,A
7341,A,A,A,A,A,A,A,A,A,A
7342,A,A,A,A,A,A,A,A,A,A
7343,A,A,A,A,A,A,A,A,A,A
7344,A,A,A,A,A,A,A,A,A,A
7345,A,A,A,A,A,A,A,A,A,A
7346,A,A,A,A,A,A,A,A,A,A
7347,A,A,A,A,A,A,A,A,A,A
7348,A,A,A,A,A,A,A,A,A,A
7349,A,A,A,A,A,A,A,A,A,A
7350,A,A,A,A,A,A,A,A,A,A
7351,A,A,A,A,A,A,A,A,A,A
7352,A,A,A,A,A,A,A,A,A,A
7353,A,A,A,A,A,A,A,A,A,A
7354,A,A,A,A,A,A,A,A,A,A
7355,A,A,A,A,A,A,A,A,A,A
7356,A,A,A,A,A,A,A,A,A,A
7357,A,A,A,A,A,A,A,A,A,A
7358,A,A,A,A,A,A,A,A,A,A
7359,A,A,A,A,A,A,A,A,A,A
7360,A,A,A,A,A,A,A,A,A,A
7361,A,A,A,A,A,A,A,A,A,A
7362,A,A,A,A,A,A,A,A,A,A
7363,A,A,A,A,A,A,A,A,A,A
7364,A,A,A,A,A,A,A,A,A,A
7365,A,A,A,A,A,A,A,A,A,A
7366,A,A,A,A,A,A,A,A,A,A
7367,A,A,A,A,A,A,A,A,A,A
7368,A,A,A,A,A,A,A,A,A,A
7369,A,A,A,A,A,A,A,A,A,A
7370,A,A,A,A,A,A,A,A,A,A
7371,A,A,A,A,A,A,A,A,A,A
7372,A,A,A,A,A,A,A,A,A,A
7373,A,A,A,A,A,A,A,A,A,A
7374,A,A,A,A,A,A,A,A,A,A
7375,A,A,A,A,A,A,A,A,A,A
7376,A,A,A,A,A,A,A,A,A,A
7377,A,A,A,A,A,A,A,A,A,A
7378,A,A,A,A,A,A,A,A,A,A
7379,A,A,A,A,A,A,A,A,A,A
7380,A,A,A,A,A,A,A,A,A,A
7381,A,A,A,A,A,A,A,A,A,A
7382,A,A,A,A,A,A,A,A,A,A
7383,A,A,A,A,A,A,A,A,A,A
7384,A,A,A,A,A,A,A,A,A,A
7385,A,A,A,A,A,A,A,A,A,A
7386,A,A,A,A,A,A,A,A,A,A
7387,A,A,A,A,A,A,A,A,A,A
7388,A,A,A,A,A,A,A,A,A,A
7389,A,A,A,A,A,A,A,A,A,A
7390,A,A,A,A,A,A,A,A,A,A
7391,A,A,A,A,A,A,A,A,A,A
7392,A,A,A,A,A,A,A,A,A,A
7393,A,A,A,A,A,A,A,A,A,A
7394,A,A,A,A,A,A,A,A,A,A
7395,A,A,A,A,A,A,A,A,A,A
7396,A,A,A,A,A,A,A,A,A,A
7397,A,A,A,A,A,A,A,A,A,A
7398,A,A,A,A,A,A,A,A,A,A
7399,A,A,A,A,A,A,A,A,A,A
7400,A,A,A,A,A,A,A,A,A,A
7401,A,A,A,A,A,A,A,A,A,A
7402,A,A,A,A,A,A,A,A,A,A
7403,A,A,A,A,A,A,A,A,A,A
7404,A,A,A,A,A,A,A,A,A,A
7405,A,A,A,A,A,A,A,A,A,A
7406,A,A,A,A,A,A,A,A,A,A
7407,A,A,A,A,A,A,A,A,A,A
7408,A,A,A,A,A,A,A,A,A,A
7409,A,A,A,A,A,A,A,A,A,A
7410,A,A,A,A,A,A,A,A,A,A
7411,A,A,A,A,A,A,A,A,A,A
7412,A,A,A,A,A,A,A,A,A,A
7413,A,A,A,A,A,A,A,A,A,A
7414,A,A,A,A,A,A,A,A,A,A
7415,A,A,A,A,A,A,A,A,A,A
7416,A,A,A,A,A,A,A,A,A,A
7417,A,A,A,A,A,A,A,A,A,A
7418,A,A,A,A,A,A,A,A,A,A
7419,A,A,A,A,A,A,A,A,A,A
7420,A,A,A,A,A,A,A,A,A,A
7421,A,A,A,A,A,A,A,A,A,A
7422,A,A,A,A,A,A,A,A,A,A
7423,A,A,A,A,A,A,A,A,A,A
7424,A,A,A,A,A,A,A,A,A,A
7425,A,A,A,A,A,A,A,A,A,A
7426,A,A,A,A,A,A,A,A,A,A
7427,A,A,A,A,A,A,A,A,A,A
7428,A,A,A,A,A,A,A,A,A,A
7429,A,A,A,A,A,A,A,A,A,A
7430,A,A,A,A,A,A,A,A,A,A
7431,A,A,A,A,A,A,A,A,A,A
7432,A,A,A,A,A,A,A,A,A,A
7433,A,A,A,A,A,A,A,A,A,A
7434,A,A,A,A,A,A,A,A,A,A
7435,A,A,A,A,A,A,A,A,A,A
7436,A,A,A,A,A,A,A,A,A,A
7437,A,A,A,A,A,A,A,A,A,A
7438,A,A,A,A,A,A,A,A,A,A
7439,A,A,A,A,A,A,A,A,A,A
7440,A,A,A,A,A,A,A,A,A,A
7441,A,A,A,A,A,A,A,A,A,A
7442,A,A,A,A,A,A,A,A,A,A
7443,A,A,A,A,A,A,A,A,A,A
7444,A,A,A,A,A,A,A,A,A,A
7445,A,A,A,A,A,A,A,A,A,A
7446,A,A,A,A,A,A,A,A,A,A
7447,A,A,A,A,A,A,A,A,A,A
7448,A,A,A,A,A,A,A,A,A,A
7449,A,A,A,A,A,A,A,A,A,A
7450,A,A,A,A,A,A,A,A,A,A
7451,A,A,A,A,A,A,A,A,A,A
7452,A,A,A,A,A,A,A,A,A,A
7453,A,A,A,A,A,A,A,A,A,A
7454,A,A,A,A,A,A,A,A,A,A
7455,A,A,A,A,A,A,A,A,A,A
7456,A,A,A,A,A,A,A,A,A,A
7457,A,A,A,A,A,A,A,A,A,A
7458,A,A,A,A,A,A,A,A,A,A
7459,A,A,A,A,A,A,A,A,A,A
7460,A,A,A,A,A,A,A,A,A,A
7461,A,A,A,A,A,A,A,A,A,A
7462,A,A,A,A,A,A,A,A,A,A
7463,A,A,A,A,A,A,A,A,A,A
7464,A,A,A,A,A,A,A,A,A,A
7465,A,A,A,A,A,A,A,A,A,A
7466,A,A,A,A,A,A,A,A,A,A
7467,A,A,A,A,A,A,A,A,A,A
7468,A,A,A,A,A,A,A,A,A,A
7469,A,A,A,A,A,A,A,A,A,A
7470,A,A,A,A,A,A,A,A,A,A
7471,A,A,A,A,A,A,A,A,A,A
7472,A,A,A,A,A,A,A,A,A,A
7473,A,A,A,A,A,A,A,A,A,A
7474,A,A,A,A,A,A,A,A,A,A
7475,A,A,A,A,A,A,A,A,A,A
7476,A,A,A,A,A,A,A,A,A,A
7477,A,A,A,A,A,A,A,A,A,A
7478,A,A,A,A,A,A,A,A,A,A
7479,A,A,A,A,A,A,A,A,A,A
7480,A,A,A,A,A,A,A,A,A,A
7481,A,A,A,A,A,A,A,A,A,A
7482,A,A,A,A,A,A,A,A,A,A
7483,A,A,A,A,A,A,A,A,A,A
7484,A,A,A,A,A,A,A,A,A,A
7485,A,A,A,A,A,A,A,A,A,A
7486,E,E,E,E,E,E,E,E,E,E
7487,E,E,E,E,E,E,E,E,E,E
7488,A,A,A,A,A,A,A,A,A,A
7489,A,A,A,A,A,A,A,A,A,A
7490,A,A,A,A,A,A,A,A,A,A
7491,A,A,A,A,A,A,A,A,A,A
7492,A,A,A,A,A,A,A,A,A,A
7493,A,A,A,A,A,A,A,A,A,A
7494,A,A,A,A,A,A,A,A,A,A
7495,A,A,A,A,A,A,A,A,A,A
7496,A,A,A,A,A,A,A,A,A,A
7497,A,A,A,A,A,A,A,A,A,A
7498,A,A,A,A,A,A,A,A,A,A
7499,A,A,A,A,A,A,A,A,A,A
7500,A,A,A,A,A,A,A,A,A,A
7501,A,A,A,A,A,A,A,A,A,A
7502,A,A,A,A,A,A,A,A,A,A
7503,A,A,A,A,A,A,A,A,A,A
7504,A,A,A,A,A,A,A,A,A,A
7505,A,A,A,A,A,A,A,A,A,A
7506,A,A,A,A,A,A,A,A,A,A
7507,A,A,A,A,A,A,A,A,A,A
7508,A,A,A,A,A,A,A,A,A,A
7509,A,A,A,A,A,A,A,A,A,A
7510,A,A,A,A,A,A,A,A,A,A
7511,A,A,A,A,A,A,A,A,A,A
7512,A,A,A,A,A,A,A,A,A,A
7513,A,A,A,A,A,A,A,A,A,A
7514,A,A,A,A,A,A,A,A,A,A
7515,A,A,A,A,A,A,A,A,A,A
7516,A,A,A,A,A,A,A,A,A,A
7517,A,A,A,A,A,A,A,A,A,A
7518,A,A,A,A,A,A,A,A,A,A
7519,A,A,A,A,A,A,A,A,A,A
7520,A,A,A,A,A,A,A,A,A,A
7521,A,A,A,A,A,A,A,A,A,A
7522,A,A,A,A,A,A,A,A,A,A
7523,A,A,A,A,A,A,A,A,A,A
7524,A,A,A,A,A,A,A,A,A,A
7525,A,A,A,A,A,A,A,A,A,A
7526,A,A,A,A,A,A,A,A,A,A
7527,A,A,A,A,A,A,A,A,A,A
7528,A,A,A,A,A,A,A,A,A,A
7529,A,A,A,A,A,A,A,A,A,A
7530,A,A,A,A,A,A,A,A,A,A
7531,A,A,A,A,A,A,A,A,A,A
7532,A,A,A,A,A,A,A,A,A,A
7533,A,A,A,A,A,A,A,A,A,A
7534,A,A,A,A,A,A,A,A,A,A
7535,A,A,A,A,A,A,A,A,A,A
7536,A,A,A,A,A,A,A,A,A,A
7537,A,A,A,A,A,A,A,A,A,A
7538,A,A,A,A,A,A,A,A,A,A
7539,A,A,A,A,A,A,A,A,A,A
7540,A,A,A,A,A,A,A,A,A,A
7541,A,A,A,A,A,A,A,A,A,A
7542,A,A,A,A,A,A,A,A,A,A
7543,A,A,A,A,A,A,A,A,A,A
7544,A,A,A,A,A,A,A,A,A,A
7545,A,A,A,A,A,A,A,A,A,A
7546,A,A,A,A,A,A,A,A,A,A
7547,A,A,A,A,A,A,A,A,A,A
7548,A,A,A,A,A,A,A,A,A,A
7549,A,A,A,A,A,A,A,A,A,A
7550,A,A,A,A,A,A,A,A,A,A
7551,A,A,A,A,A,A,A,A,A,A
7552,A,A,A,A,A,A,A,A,A,A
7553,A,A,A,A,A,A,A,A,A,A
7554,A,A,A,A,A,A,A,A,A,A
7555,A,A,A,A,A,A,A,A,A,A
7556,A,A,A,A,A,A,A,A,A,A
7557,A,A,A,A,A,A,A,A,A,A
7558,A,A,A,A,A,A,A,A,A,A
7559,A,A,A,A,A,A,A,A,A,A
7560,A,A,A,A,A,A,A,A,A,A
7561,A,A,A,A,A,A,A,A,A,A
7562,A,A,A,A,A,A,A,A,A,A
7563,A,A,A,A,A,A,A,A,A,A
7564,A,A,A,A,A,A,A,A,A,A
7565,A,A,A,A,A,A,A,A,A,A
7566,A,A,A,A,A,A,A,A,A,A
7567,A,A,A,A,A,A,A,A,A,A
7568,A,A,A,A,A,A,A,A,A,A
7569,A,A,A,A,A,A,A,A,A,A
7570,A,A,A,A,A,A,A,A,A,A
7571,A,A,A,A,A,A,A,A,A,A
7572,A,A,A,A,A,A,A,A,A,A
7573,A,A,A,A,A,A,A,A,A,A
7574,A,A,A,A,A,A,A,A,A,A
7575,A,A,A,A,A,A,A,A,A,A
7576,A,A,A,A,A,A,A,A,A,A
7577,A,A,A,A,A,A,A,A,A,A
7578,A,A,A,A,A,A,A,A,A,A
7579,A,A,A,A,A,A,A,A,A,A
7580,A,A,A,A,A,A,A,A,A,A
7581,A,A,A,A,A,A,A,A,A,A
7582,A,A,A,A,A,A,A,A,A,A
7583,A,A,A,A,A,A,A,A,A,A
7584,A,A,A,A,A,A,A,A,A,A
7585,A,A,A,A,A,A,A,A,A,A
7586,A,A,A,A,A,A,A,A,A,A
7587,A,A,A,A,A,A,A,A,A,A
7588,A,A,A,A,A,A,A,A,A,A
7589,A,A,A,A,A,A,A,A,A,A
7590,A,A,A,A,A,A,A,A,A,A
7591,A,A,A,A,A,A,A,A,A,A
7592,A,A,A,A,A,A,A,A,A,A
7593,A,A,A,A,A,A,A,A,A,A
7594,A,A,A,A,A,A,A,A,A,A
7595,A,A,A,A,A,A,A,A,A,A
7596,A,A,A,A,A,A,A,A,A,A
7597,A,A,A,A,A,A,A,A,A,A
7598,A,A,A,A,A,A,A,A,A,A
7599,A,A,A,A,A,A,A,A,A,A
7600,A,A,A,A,A,A,A,A,A,A
7601,A,A,A,A,A,A,A,A,A,A
7602,A,A,A,A,A,A,A,A,A,A
7603,A,A,A,A,A,A,A,A,A,A
7604,A,A,A,A,A,A,A,A,A,A
7605,A,A,A,A,A,A,A,A,A,A
7606,A,A,A,A,A,A,A,A,A,A
7607,A,A,A,A,A,A,A,A,A,A
7608,A,A,A,A,A,A,A,A,A,A
7609,A,A,A,A,A,A,A,A,A,A
7610,A,A,A,A,A,A,A,A,A,A
7611,A,A,A,A,A,A,A,A,A,A
7612,A,A,A,A,A,A,A,A,A,A
7613,A,A,A,A,A,A,A,A,A,A
7614,A,A,A,A,A,A,A,A,A,A
7615,A,A,A,A,A,A,A,A,A,A
7616,A,A,A,A,A,A,A,A,A,A
7617,A,A,A,A,A,A,A,A,A,A
7618,A,A,A,A,A,A,A,A,A,A
7619,A,A,A,A,A,A,A,A,A,A
7620,A,A,A,A,A,A,A,A,A,A
7621,I,I,I,I,I,I,I,I,I,I
7622,E,E,E,E,E,E,E,E,E,E
7623,E,E,E,E,E,E,E,E,E,E
7624,E,E,E,E,E,E,E,E,E,E
7625,E,E,E,E,E,E,E,E,E,E
7626,I,I,I,O,O,O,O,O,O,O
7627,I,I,I,I,I,I,I,I,I,I
7628,E,E,E,E,E,E,E,E,E,E
7629,I,I,I,O,O,O,O,O,O,O
7630,E,E,E,E,E,E,E,E,E,E
7631,I,I,I,O,O,O,O,O,O,O
7632,E,E,E,E,E,E,E,E,E,E
7633,I,I,I,O,O,O,O,O,O,O
7634,E,E,E,E,E,E,E,E,E,E
7635,I,I,I,O,O,O,O,O,O,O
7636,E,E,E,E,E,E,E,E,E,E
7637,E,E,E,E,E,E,E,E,E,E
7638,I,I,I,O,O,O,O,O,O,O
7639,E,E,E,E,E,E,E,E,E,E
7640,I,I,I,O,O,O,O,O,O,O
7641,E,E,E,E,E,E,E,E,E,E
7642,I,I,I,O,O,O,O,O,O,O
7643,E,E,E,E,E,E,E,E,E,E
7644,I,I,I,O,O,O,O,O,O,O
7645,A,A,A,A,A,A,A,A,A,A
7646,A,A,A,A,A,A,A,A,A,A
7647,A,A,A,A,A,A,A,A,A,A
7648,A,A,A,A,A,A,A,A,A,A
7649,A,A,A,A,A,A,A,A,A,A
7650,A,A,A,A,A,A,A,A,A,A
7651,A,A,A,A,A,A,A,A,A,A
7652,A,A,A,A,A,A,A,A,A,A
7653,A,A,A,A,A,A,A,A,A,A
7654,A,A,A,A,A,A,A,A,A,A
7655,A,A,A,A,A,A,A,A,A,A
7656,A,A,A,A,A,A,A,A,A,A
7657,A,A,A,A,A,A,A,A,A,A
7658,A,A,A,A,A,A,A,A,A,A
7659,A,A,A,A,A,A,A,A,A,A
7660,A,A,A,A,A,A,A,A,A,A
7661,A,A,A,A,A,A,A,A,A,A
7662,A,A,A,A,A,A,A,A,A,A
7663,A,A,A,A,A,A,A,A,A,A
7664,A,A,A,A,A,A,A,A,A,A
7665,A,A,A,A,A,A,A,A,A,A
7666,A,A,A,A,A,A,A,A,A,A
7667,A,A,A,A,A,A,A,A,A,A
7668,A,A,A,A,A,A,A,A,A,A
7669,A,A,A,A,A,A,A,A,A,A
7670,A,A,A,A,A,A,A,A,A,A
7671,A,A,A,A,A,A,A,A,A,A
7672,A,A,A,A,A,A,A,A,A,A
7673,A,A,A,A,A,A,A,A,A,A
7674,A,A,A,A,A,A,A,A,A,A
7675,A,A,A,A,A,A,A,A,A,A
7676,A,A,A,A,A,A,A,A,A,A
7677,A,A,A,A,A,A,A,A,A,A
7678,A,A,A,A,A,A,A,A,A,A
7679,A,A,A,A,A,A,A,A,A,A
7680,A,A,A,A,A,A,A,A,A,A
7681,A,A,A,A,A,A,A,A,A,A
7682,A,A,A,A,A,A,A,A,A,A
7683,A,A,A,A,A,A,A,A,A,A
7684,A,A,A,A,A,A,A,A,A,A
7685,A,A,A,A,A,A,A,A,A,A
7686,A,A,A,A,A,A,A,A,A,A
7687,A,A,A,A,A,A,A,A,A,A
7688,A,A,A,A,A,A,A,A,A,A
7689,A,A,A,A,A,A,A,A,A,A
7690,A,A,A,A,A,A,A,A,A,A
7691,A,A,A,A,A,A,A,A,A,A
7692,A,A,A,A,A,A,A,A,A,A
7693,A,A,A,A,A,A,A,A,A,A
7694,A,A,A,A,A,A,A,A,A,A
7695,A,A,A,A,A,A,A,A,A,A
7696,A,A,A,A,A,A,A,A,A,A
7697,A,A,A,A,A,A,A,A,A,A
7698,A,A,A,A,A,A,A,A,A,A
7699,A,A,A,A,A,A,A,A,A,A
7700,A,A,A,A,A,A,A,A,A,A
7701,A,A,A,A,A,A,A,A,A,A
7702,A,A,A,A,A,A,A,A,A,A
7703,A,A,A,A,A,A,A,A,A,A
7704,A,A,A,A,A,A,A,A,A,A
7705,A,A,A,A,A,A,A,A,A,A
7706,A,A,A,A,A,A,A,A,A,A
7707,A,A,A,A,A,A,A,A,A,A
7708,A,A,A,A,A,A,A,A,A,A
7709,A,A,A,A,A,A,A,A,A,A
7710,A,A,A,A,A,A,A,A,A,A
7711,A,A,A,A,A,A,A,A,A,A
7712,A,A,A,A,A,A,A,A,A,A
7713,A,A,A,A,A,A,A,A,A,A
7714,A,A,A,A,A,A,A,A,A,A
7715,A,A,A,A,A,A,A,A,A,A
7716,A,A,A,A,A,A,A,A,A,A
7717,A,A,A,A,A,A,A,A,A,A
7718,A,A,A,A,A,A,A,A,A,A
7719,A,A,A,A,A,A,A,A,A,A
7720,A,A,A,A,A,A,A,A,A,A
7721,A,A,A,A,A,A,A,A,A,A
7722,A,A,A,A,A,A,A,A,A,A
7723,A,A,A,A,A,A,A,A,A,A
7724,A,A,A,A,A,A,A,A,A,A
7725,A,A,A,A,A,A,A,A,A,A
7726,A,A,A,A,A,A,A,A,A,A
7727,A,A,A,A,A,A,A,A,A,A
7728,A,A,A,A,A,A,A,A,A,A
7729,A,A,A,A,A,A,A,A,A,A
7730,A,A,A,A,A,A,A,A,A,A
7731,A,A,A,A,A,A,A,A,A,A
7732,A,A,A,A,A,A,A,A,A,A
7733,A,A,A,A,A,A,A,A,A,A
7734,A,A,A,A,A,A,A,A,A,A
7735,A,A,A,A,A,A,A,A,A,A
7736,A,A,A,A,A,A,A,A,A,A
7737,A,A,A,A,A,A,A,A,A,A
7738,A,A,A,A,A,A,A,A,A,A
7739,A,A,A,A,A,A,A,A,A,A
7740,A,A,A,A,A,A,A,A,A,A
7741,A,A,A,A,A,A,A,A,A,A
7742,A,A,A,A,A,A,A,A,A,A
7743,A,A,A,A,A,A,A,A,A,A
7744,A,A,A,A,A,A,A,A,A,A
7745,A,A,A,A,A,A,A,A,A,A
7746,A,A,A,A,A,A,A,A,A,A
7747,A,A,A,A,A,A,A,A,A,A
7748,A,A,A,A,A,A,A,A,A,A
7749,A,A,A,A,A,A,A,A,A,A
7750,A,A,A,A,A,A,A,A,A,A
7751,A,A,A,A,A,A,A,A,A,A
7752,A,A,A,A,A,A,A,A,A,A
7753,A,A,A,A,A,A,A,A,A,A
7754,A,A,A,A,A,A,A,A,A,A
7755,A,A,A,A,A,A,A,A,A,A
7756,A,A,A,A,A,A,A,A,A,A
7757,A,A,A,A,A,A,A,A,A,A
7758,A,A,A,A,A,A,A,A,A,A
7759,A,A,A,A,A,A,A,A,A,A
7760,A,A,A,A,A,A,A,A,A,A
7761,A,A,A,A,A,A,A,A,A,A
7762,A,A,A,A,A,A,A,A,A,A
7763,A,A,A,A,A,A,A,A,A,A
7764,A,A,A,A,A,A,A,A,A,A
7765,A,A,A,A,A,A,A,A,A,A
7766,A,A,A,A,A,A,A,A,A,A
7767,A,A,A,A,A,A,A,A,A,A
7768,A,A,A,A,A,A,A,A,A,A
7769,A,A,A,A,A,A,A,A,A,A
7770,A,A,A,A,A,A,A,A,A,A
7771,A,A,A,A,A,A,A,A,A,A
7772,A,A,A,A,A,A,A,A,A,A
7773,A,A,A,A,A,A,A,A,A,A
7774,A,A,A,A,A,A,A,A,A,A
7775,A,A,A,A,A,A,A,A,A,A
7776,A,A,A,A,A,A,A,A,A,A
7777,A,A,A,A,A,A,A,A,A,A
7778,A,A,A,A,A,A,A,A,A,A
7779,A,A,A,A,A,A,A,A,A,A
7780,A,A,A,A,A,A,A,A,A,A
7781,A,A,A,A,A,A,A,A,A,A
7782,A,A,A,A,A,A,A,A,A,A
7783,A,A,A,A,A,A,A,A,A,A
7784,A,A,A,A,A,A,A,A,A,A
7785,A,A,A,A,A,A,A,A,A,A
7786,A,A,A,A,A,A,A,A,A,A
7787,A,A,A,A,A,A,A,A,A,A
7788,A,A,A,A,A,A,A,A,A,A
7789,A,A,A,A,A,A,A,A,A,A
7790,A,A,A,A,A,A,A,A,A,A
7791,A,A,A,A,A,A,A,A,A,A
7792,A,A,A,A,A,A,A,A,A,A
7793,A,A,A,A,A,A,A,A,A,A
7794,A,A,A,A,A,A,A,A,A,A
7795,A,A,A,A,A,A,A,A,A,A
7796,A,A,A,A,A,A,A,A,A,A
7797,A,A,A,A,A,A,A,A,A,A
7798,A,A,A,A,A,A,A,A,A,A
7799,A,A,A,A,A,A,A,A,A,A
7800,A,A,A,A,A,A,A,A,A,A
7801,A,A,A,A,A,A,A,A,A,A
7802,A,A,A,A,A,A,A,A,A,A
7803,A,A,A,A,A,A,A,A,A,A
7804,A,A,A,A,A,A,A,A,A,A
7805,A,A,A,A,A,A,A,A,A,A
7806,A,A,A,A,A,A,A,A,A,A
7807,A,A,A,A,A,A,A,A,A,A
7808,A,A,A,A,A,A,A,A,A,A
7809,A,A,A,A,A,A,A,A,A,A
7810,A,A,A,A,A,A,A,A,A,A
7811,A,A,A,A,A,A,A,A,A,A
7812,A,A,A,A,A,A,A,A,A,A
7813,A,A,A,A,A,A,A,A,A,A
7814,A,A,A,A,A,A,A,A,A,A
7815,A,A,A,A,A,A,A,A,A,A
7816,A,A,A,A,A,A,A,A,A,A
7817,A,A,A,A,A,A,A,A,A,A
7818,A,A,A,A,A,A,A,A,A,A
7819,A,A,A,A,A,A,A,A,A,A
7820,A,A,A,A,A,A,A,A,A,A
7821,A,A,A,A,A,A,A,A,A,A
7822,A,A,A,A,A,A,A,A,A,A
7823,A,A,A,A,A,A,A,A,A,A
7824,A,A,A,A,A,A,A,A,A,A
7825,A,A,A,A,A,A,A,A,A,A
7826,A,A,A,A,A,A,A,A,A,A
7827,A,A,A,A,A,A,A,A,A,A
7828,A,A,A,A,A,A,A,A,A,A
7829,A,A,A,A,A,A,A,A,A,A
7830,A,A,A,A,A,A,A,A,A,A
7831,A,A,A,A,A,A,A,A,A,A
7832,A,A,A,A,A,A,A,A,A,A
7833,A,A,A,A,A,A,A,A,A,A
7834,A,A,A,A,A,A,A,A,A,A
7835,A,A,A,A,A,A,A,A,A,A
7836,A,A,A,A,A,A,A,A,A,A
7837,A,A,A,A,A,A,A,A,A,A
7838,A,A,A,A,A,A,A,A,A,A
7839,A,A,A,A,A,A,A,A,A,A
7840,A,A,A,A,A,A,A,A,A,A
7841,A,A,A,A,A,A,A,A,A,A
7842,A,A,A,A,A,A,A,A,A,A
7843,A,A,A,A,A,A,A,A,A,A
7844,A,A,A,A,A,A,A,A,A,A
7845,A,A,A,A,A,A,A,A,A,A
7846,A,A,A,A,A,A,A,A,A,A
7847,A,A,A,A,A,A,A,A,A,A
7848,A,A,A,A,A,A,A,A,A,A
7849,A,A,A,A,A,A,A,A,A,A
7850,A,A,A,A,A,A,A,A,A,A
7851,A,A,A,A,A,A,A,A,A,A
7852,A,A,A,A,A,A,A,A,A,A
7853,A,A,A,A,A,A,A,A,A,A
7854,A,A,A,A,A,A,A,A,A,A
7855,A,A,A,A,A,A,A,A,A,A
7856,A,A,A,A,A,A,A,A,A,A
7857,A,A,A,A,A,A,A,A,A,A
7858,A,A,A,A,A,A,A,A,A,A
7859,A,A,A,A,A,A,A,A,A,A
7860,A,A,A,A,A,A,A,A,A,A
7861,A,A,A,A,A,A,A,A,A,A
7862,A,A,A,A,A,A,A,A,A,A
7863,A,A,A,A,A,A,A,A,A,A
7864,A,A,A,A,A,A,A,A,A,A
7865,A,A,A,A,A,A,A,A,A,A
7866,A,A,A,A,A,A,A,A,A,A
7867,A,A,A,A,A,A,A,A,A,A
7868,A,A,A,A,A,A,A,A,A,A
7869,A,A,A,A,A,A,A,A,A,A
7870,A,A,A,A,A,A,A,A,A,A
7871,A,A,A,A,A,A,A,A,A,A
7872,A,A,A,A,A,A,A,A,A,A
7873,A,A,A,A,A,A,A,A,A,A
7874,A,A,A,A,A,A,A,A,A,A
7875,A,A,A,A,A,A,A,A,A,A
7876,A,A,A,A,A,A,A,A,A,A
7877,A,A,A,A,A,A,A,A,A,A
7878,A,A,A,A,A,A,A,A,A,A
7879,A,A,A,A,A,A,A,A,A,A
7880,A,A,A,A,A,A,A,A,A,A
7881,A,A,A,A,A,A,A,A,A,A
7882,A,A,A,A,A,A,A,A,A,A
7883,A,A,A,A,A,A,A,A,A,A
7884,A,A,A,A,A,A,A,A,A,A
7885,A,A,A,A,A,A,A,A,A,A
7886,A,A,A,A,A,A,A,A,A,A
7887,A,A,A,A,A,A,A,A,A,A
7888,A,A,A,A,A,A,A,A,A,A
7889,A,A,A,A,A,A,A,A,A,A
7890,A,A,A,A,A,A,A,A,A,A
7891,A,A,A,A,A,A,A,A,A,A
7892,A,A,A,A,A,A,A,A,A,A
7893,A,A,A,A,A,A,A,A,A,A
7894,A,A,A,A,A,A,A,A,A,A
7895,A,A,A,A,A,A,A,A,A,A
7896,A,A,A,A,A,A,A,A,A,A
7897,A,A,A,A,A,A,A,A,A,A
7898,A,A,A,A,A,A,A,A,A,A
7899,A,A,A,A,A,A,A,A,A,A
7900,A,A,A,A,A,A,A,A,A,A
7901,A,A,A,A,A,A,A,A,A,A
7902,A,A,A,A,A,A,A,A,A,A
7903,A,A,A,A,A,A,A,A,A,A
7904,A,A,A,A,A,A,A,A,A,A
7905,A,A,A,A,A,A,A,A,A,A
7906,A,A,A,A,A,A,A,A,A,A
7907,A,A,A,A,A,A,A,A,A,A
7908,A,A,A,A,A,A,A,A,A,A
7909,A,A,A,A,A,A,A,A,A,A
7910,A,A,A,A,A,A,A,A,A,A
7911,A,A,A,A,A,A,A,A,A,A
7912,A,A,A,A,A,A,A,A,A,A
7913,A,A,A,A,A,A,A,A,A,A
7914,A,A,A,A,A,A,A,A,A,A
7915,A,A,A,A,A,A,A,A,A,A
7916,A,A,A,A,A,A,A,A,A,A
7917,A,A,A,A,A,A,A,A,A,A
7924,B,B,B,B,B,B,B,B,B,B
7927,A,A,A,A,A,A,A,A,A,A
7930,A,A,A,A,A,A,A,A,A,A
7933,A,A,A,A,A,A,A,A,A,A
7936,A,A,A,A,A,A,A,A,A,A
7939,A,A,A,A,A,A,A,A,A,A
7942,A,A,A,A,A,A,A,A,A,A
7945,B,B,B,B,B,B,B,B,B,B
7948,B,B,B,B,B,B,B,B,B,B
7951,B,B,B,B,B,B,B,B,B,B
7954,B,B,B,B,B,B,B,B,B,B
7957,B,B,B,B,B,B,B,B,B,B
7963,E,E,E,E,E,E,E,E,E,E
7977,E,E,E,E,E,E,E,E,E,E
7983,A,A,A,A,A,A,A,A,A,A
7986,A,A,A,A,A,A,A,A,A,A
7989,A,A,A,A,A,A,A,A,A,A
7992,A,A,A,A,A,A,A,A,A,A
7995,A,A,A,A,A,A,A,A,A,A
7997,A,A,A,A,A,A,A,A,A,A
7998,A,A,A,A,A,A,A,A,A,A
7999,A,A,A,A,A,A,A,A,A,A
8000,A,A,A,A,A,A,A,A,A,A
8001,A,A,A,A,A,A,A,A,A,A
8002,A,A,A,A,A,A,A,A,A,A
8003,A,A,A,A,A,A,A,A,A,A
8004,A,A,A,A,A,A,A,A,A,A
8005,A,A,A,A,A,A,A,A,A,A
8006,A,A,A,A,A,A,A,A,A,A
8007,A,A,A,A,A,A,A,A,A,A
8008,A,A,A,A,A,A,A,A,A,A
8009,A,A,A,A,A,A,A,A,A,A
8010,A,A,A,A,A,A,A,A,A,A
8011,A,A,A,A,A,A,A,A,A,A
8012,A,A,A,A,A,A,A,A,A,A
8013,A,A,A,A,A,A,A,A,A,A
8014,A,A,A,A,A,A,A,A,A,A
8015,A,A,A,A,A,A,A,A,A,A
8016,A,A,A,A,A,A,A,A,A,A
8017,A,A,A,A,A,A,A,A,A,A
8018,A,A,A,A,A,A,A,A,A,A
8019,A,A,A,A,A,A,A,A,A,A
8020,A,A,A,A,A,A,A,A,A,A
8021,A,A,A,A,A,A,A,A,A,A
8022,A,A,A,A,A,A,A,A,A,A
8023,A,A,A,A,A,A,A,A,A,A
8024,A,A,A,A,A,A,A,A,A,A
8025,A,A,A,A,A,A,A,A,A,A
8026,A,A,A,A,A,A,A,A,A,A
8027,A,A,A,A,A,A,A,A,A,A
8028,A,A,A,A,A,A,A,A,A,A
8029,A,A,A,A,A,A,A,A,A,A
8030,A,A,A,A,A,A,A,A,A,A
8031,A,A,A,A,A,A,A,A,A,A
8032,A,A,A,A,A,A,A,A,A,A
8033,A,A,A,A,A,A,A,A,A,A
8034,A,A,A,A,A,A,A,A,A,A
8035,A,A,A,A,A,A,A,A,A,A
8036,A,A,A,A,A,A,A,A,A,A
8037,A,A,A,A,A,A,A,A,A,A
8038,A,A,A,A,A,A,A,A,A,A
8039,A,A,A,A,A,A,A,A,A,A
8040,A,A,A,A,A,A,A,A,A,A
8041,A,A,A,A,A,A,A,A,A,A
8042,A,A,A,A,A,A,A,A,A,A
8043,A,A,A,A,A,A,A,A,A,A
8044,A,A,A,A,A,A,A,A,A,A
8045,A,A,A,A,A,A,A,A,A,A
8046,A,A,A,A,A,A,A,A,A,A
8047,A,A,A,A,A,A,A,A,A,A
8048,A,A,A,A,A,A,A,A,A,A
8049,A,A,A,A,A,A,A,A,A,A
8050,A,A,A,A,A,A,A,A,A,A
8051,A,A,A,A,A,A,A,A,A,A
8052,A,A,A,A,A,A,A,A,A,A
8053,A,A,A,A,A,A,A,A,A,A
8054,A,A,A,A,A,A,A,A,A,A
8055,A,A,A,A,A,A,A,A,A,A
8056,A,A,A,A,A,A,A,A,A,A
8057,A,A,A,A,A,A,A,A,A,A
8058,A,A,A,A,A,A,A,A,A,A
8059,A,A,A,A,A,A,A,A,A,A
8060,A,A,A,A,A,A,A,A,A,A
8061,A,A,A,A,A,A,A,A,A,A
8062,A,A,A,A,A,A,A,A,A,A
8063,A,A,A,A,A,A,A,A,A,A
8064,A,A,A,A,A,A,A,A,A,A
8065,A,A,A,A,A,A,A,A,A,A
8066,A,A,A,A,A,A,A,A,A,A
8067,A,A,A,A,A,A,A,A,A,A
8068,A,A,A,A,A,A,A,A,A,A
8069,A,A,A,A,A,A,A,A,A,A
8070,A,A,A,A,A,A,A,A,A,A
8071,A,A,A,A,A,A,A,A,A,A
8072,A,A,A,A,A,A,A,A,A,A
8073,A,A,A,A,A,A,A,A,A,A
8074,A,A,A,A,A,A,A,A,A,A
8075,A,A,A,A,A,A,A,A,A,A
8076,A,A,A,A,A,A,A,A,A,A
8077,A,A,A,A,A,A,A,A,A,A
8078,A,A,A,A,A,A,A,A,A,A
8079,A,A,A,A,A,A,A,A,A,A
8080,A,A,A,A,A,A,A,A,A,A
8081,A,A,A,A,A,A,A,A,A,A
8082,A,A,A,A,A,A,A,A,A,A
8083,A,A,A,A,A,A,A,A,A,A
8084,A,A,A,A,A,A,A,A,A,A
8085,A,A,A,A,A,A,A,A,A,A
8086,A,A,A,A,A,A,A,A,A,A
8087,A,A,A,A,A,A,A,A,A,A
8088,A,A,A,A,A,A,A,A,A,A
8089,A,A,A,A,A,A,A,A,A,A
8090,A,A,A,A,A,A,A,A,A,A
8091,A,A,A,A,A,A,A,A,A,A
8092,A,A,A,A,A,A,A,A,A,A
8093,A,A,A,A,A,A,A,A,A,A
8094,A,A,A,A,A,A,A,A,A,A
8095,A,A,A,A,A,A,A,A,A,A
8096,A,A,A,A,A,A,A,A,A,A
8097,A,A,A,A,A,A,A,A,A,A
8098,B,B,B,B,B,B,B,B,B,B
8099,A,A,A,A,A,A,A,A,A,A
8100,A,A,A,A,A,A,A,A,A,A
8101,A,A,A,A,A,A,A,A,A,A
8102,A,A,A,A,A,A,A,A,A,A
8103,A,A,A,A,A,A,A,A,A,A
8104,A,A,A,A,A,A,A,A,A,A
8105,A,A,A,A,A,A,A,A,A,A
8106,A,A,A,A,A,A,A,A,A,A
8107,A,A,A,A,A,A,A,A,A,A
8108,A,A,A,A,A,A,A,A,A,A
8109,A,A,A,A,A,A,A,A,A,A
8110,A,A,A,A,A,A,A,A,A,A
8111,A,A,A,A,A,A,A,A,A,A
8112,A,A,A,A,A,A,A,A,A,A
8113,A,A,A,A,A,A,A,A,A,A
8114,A,A,A,A,A,A,A,A,A,A
8115,A,A,A,A,A,A,A,A,A,A
8116,A,A,A,A,A,A,A,A,A,A
8117,A,A,A,A,A,A,A,A,A,A
8118,A,A,A,A,A,A,A,A,A,A
8119,A,A,A,A,A,A,A,A,A,A
8120,A,A,A,A,A,A,A,A,A,A
8121,A,A,A,A,A,A,A,A,A,A
8122,A,A,A,A,A,A,A,A,A,A
8123,A,A,A,A,A,A,A,A,A,A
8124,A,A,A,A,A,A,A,A,A,A
8125,E,E,E,E,E,E,E,E,E,E
8126,I,I,I,O,O,O,O,O,O,O
8127,J,J,J,J,J,J,J,J,J,J
8128,I,I,I,I,I,I,I,I,I,I
8129,A,A,A,A,A,A,A,A,A,A
8130,J,J,J,J,J,J,J,J,J,J
8131,A,A,A,A,A,A,A,A,A,A
8132,A,A,A,A,A,A,A,A,A,A
8133,A,A,A,A,A,A,A,A,A,A
8134,A,A,A,A,A,A,A,A,A,A
8135,J,J,J,J,J,J,J,J,J,J
8136,A,A,A,A,A,A,A,A,A,A
8137,A,A,A,A,A,A,A,A,A,A
8139,A,A,A,A,A,A,A,A,A,A
8140,A,A,A,A,A,A,A,A,A,A
8141,A,A,A,A,A,A,A,A,A,A
8142,E,E,E,E,E,E,E,E,E,E
8143,A,A,A,A,A,A,A,A,A,A
8144,A,A,A,A,A,A,A,A,A,A
8145,A,A,A,A,A,A,A,A,A,A
8146,A,A,A,A,A,A,A,A,A,A
8147,A,A,A,A,A,A,A,A,A,A
8148,A,A,A,A,A,A,A,A,A,A
8149,A,A,A,A,A,A,A,A,A,A
8150,A,A,A,A,A,A,A,A,A,A
8151,A,A,A,A,A,A,A,A,A,A
8152,A,A,A,A,A,A,A,A,A,A
8153,A,A,A,A,A,A,A,A,A,A
8154,A,A,A,A,A,A,A,A,A,A
8155,A,A,A,A,A,A,A,A,A,A
8156,A,A,A,A,A,A,A,A,A,A
8157,A,A,A,A,A,A,A,A,A,A
8158,A,A,A,A,A,A,A,A,A,A
8159,A,A,A,A,A,A,A,A,A,A
8160,A,A,A,A,A,A,A,A,A,A
8161,A,A,A,A,A,A,A,A,A,A
8162,A,A,A,A,A,A,A,A,A,A
8163,B,B,B,B,B,B,B,B,B,B
8164,B,B,B,B,B,B,B,B,B,B
8165,H,H,H,H,H,H,H,H,H,H
8166,D,D,D,D,D,D,D,D,D,D
8167,D,D,D,D,D,D,D,D,D,D
8168,I,I,I,I,I,I,I,I,I,I
8169,A,A,A,A,A,A,A,A,A,A
8170,A,A,A,A,A,A,A,A,A,A
8171,A,A,A,A,A,A,A,A,A,A
8172,A,A,A,A,A,A,A,A,A,A
8173,A,A,A,A,A,A,A,A,A,A
8174,A,A,A,A,A,A,A,A,A,A
8175,A,A,A,A,A,A,A,A,A,A
8176,A,A,A,A,A,A,A,A,A,A
8177,A,A,A,A,A,A,A,A,A,A
8178,A,A,A,A,A,A,A,A,A,A
8179,A,A,A,A,A,A,A,A,A,A
8180,A,A,A,A,A,A,A,A,A,A
8181,A,A,A,A,A,A,A,A,A,A
8182,A,A,A,A,A,A,A,A,A,A
8183,A,A,A,A,A,A,A,A,A,A
8184,A,A,A,A,A,A,A,A,A,A
8186,A,A,A,A,A,A,A,A,A,A
8189,A,A,A,A,A,A,A,A,A,A
8192,A,A,A,A,A,A,A,A,A,A
8195,A,A,A,A,A,A,A,A,A,A
8198,A,A,A,A,A,A,A,A,A,A
8200,A,A,A,A,A,A,A,A,A,A
8202,A,A,A,A,A,A,A,A,A,A
8204,A,A,A,A,A,A,A,A,A,A
8206,A,A,A,A,A,A,A,A,A,A
8209,A,A,A,A,A,A,A,A,A,A
8212,A,A,A,A,A,A,A,A,A,A
8215,A,A,A,A,A,A,A,A,A,A
8218,A,A,A,A,A,A,A,A,A,A
8221,A,A,A,A,A,A,A,A,A,A
8224,A,A,A,A,A,A,A,A,A,A
8227,A,A,A,A,A,A,A,A,A,A
8230,A,A,A,A,A,A,A,A,A,A
8233,A,A,A,A,A,A,A,A,A,A
8236,A,A,A,A,A,A,A,A,A,A
8239,A,A,A,A,A,A,A,A,A,A
8242,A,A,A,A,A,A,A,A,A,A
8245,A,A,A,A,A,A,A,A,A,A
8248,A,A,A,A,A,A,A,A,A,A
8251,A,A,A,A,A,A,A,A,A,A
8253,A,A,A,A,A,A,A,A,A,A
8254,A,A,A,A,A,A,A,A,A,A
8255,A,A,A,A,A,A,A,A,A,A
8256,A,A,A,A,A,A,A,A,A,A
8257,A,A,A,A,A,A,A,A,A,A
8258,A,A,A,A,A,A,A,A,A,A
8259,A,A,A,A,A,A,A,A,A,A
8260,A,A,A,A,A,A,A,A,A,A
8261,A,A,A,A,A,A,A,A,A,A
8262,A,A,A,A,A,A,A,A,A,A
8263,A,A,A,A,A,A,A,A,A,A
8264,A,A,A,A,A,A,A,A,A,A
8265,A,A,A,A,A,A,A,A,A,A
8266,A,A,A,A,A,A,A,A,A,A
8267,A,A,A,A,A,A,A,A,A,A
8268,A,A,A,A,A,A,A,A,A,A
8269,A,A,A,A,A,A,A,A,A,A
8270,A,A,A,A,A,A,A,A,A,A
8271,A,A,A,A,A,A,A,A,A,A
8272,A,A,A,A,A,A,A,A,A,A
8273,A,A,A,A,A,A,A,A,A,A
8274,A,A,A,A,A,A,A,A,A,A
8275,I,I,I,I,I,I,I,I,I,I
8276,E,E,E,E,E,E,E,E,E,E
8277,E,E,E,E,E,E,E,E,E,E
8278,E,E,E,E,E,E,E,E,E,E
8279,E,E,E,E,E,E,E,E,E,E
8280,E,E,E,E,E,E,E,E,E,E
8281,E,E,E,E,E,E,E,E,E,E
8282,E,E,E,E,E,E,E,E,E,E
8283,E,E,E,E,E,E,E,E,E,E
8284,I,I,I,O,O,O,O,O,O,O
8285,E,E,E,E,E,E,E,E,E,E
8286,E,E,E,E,E,E,E,E,E,E
8287,E,E,E,E,E,E,E,E,E,E
8288,E,E,E,E,E,E,E,E,E,E
8290,E,E,E,E,E,E,E,E,E,E
8295,E,E,E,E,E,E,E,E,E,E
8297,E,E,E,E,E,E,E,E,E,E
8298,E,E,E,E,E,E,E,E,E,E
8299,E,E,E,E,E,E,E,E,E,E
8302,E,E,E,E,E,E,E,E,E,E
8303,E,E,E,E,E,E,E,E,E,E
8306,E,E,E,E,E,E,E,E,E,E
8307,E,E,E,E,E,E,E,E,E,E
8308,E,E,E,E,E,E,E,E,E,E
8309,E,E,E,E,E,E,E,E,E,E
8310,E,E,E,E,E,E,E,E,E,E
8311,E,E,E,E,E,E,E,E,E,E
8312,E,E,E,E,E,E,E,E,E,E
8313,D,D,D,D,D,D,D,D,D,D
8314,I,I,I,O,O,O,O,O,O,O
8315,E,E,E,E,E,E,E,E,E,E
8316,E,E,E,E,E,E,E,E,E,E
8317,E,E,E,E,E,E,E,E,E,E
8318,E,E,E,E,E,E,E,E,E,E
8319,E,E,E,E,E,E,E,E,E,E
8321,I,I,I,O,O,O,O,O,O,O
8322,E,E,E,E,E,E,E,E,E,E
8323,E,E,E,E,E,E,E,E,E,E
8324,E,E,E,E,E,E,E,E,E,E
8325,I,I,I,O,O,O,O,O,O,O
8326,C,C,C,C,C,C,C,C,C,C
8327,C,C,C,C,C,C,C,C,C,C
8328,C,C,C,C,C,C,C,C,C,C
8329,C,C,C,C,C,C,C,C,C,C
8330,C,C,C,C,C,C,C,C,C,C
8331,C,C,C,C,C,C,C,C,C,C
8332,E,E,E,E,E,E,E,E,E,E
8333,C,C,C,C,C,C,C,C,C,C
8334,C,C,C,C,C,C,C,C,C,C
8335,C,C,C,C,C,C,C,C,C,C
8336,C,C,C,C,C,C,C,C,C,C
8337,E,E,E,E,E,E,E,E,E,E
8338,C,C,C,C,C,C,C,C,C,C
8339,C,C,C,C,C,C,C,C,C,C
8340,E,E,E,E,E,E,E,E,E,E
8341,E,E,E,E,E,E,E,E,E,E
8342,E,E,E,E,E,E,E,E,E,E
8343,E,E,E,E,E,E,E,E,E,E
8344,E,E,E,E,E,E,E,E,E,E
8345,E,E,E,E,E,E,E,E,E,E
8346,E,E,E,E,E,E,E,E,E,E
8347,E,E,E,E,E,E,E,E,E,E
8348,E,E,E,E,E,E,E,E,E,E
8349,E,E,E,E,E,E,E,E,E,E
8351,E,E,E,E,E,E,E,E,E,E
8352,E,E,E,E,E,E,E,E,E,E
8353,E,E,E,E,E,E,E,E,E,E
8355,E,E,E,E,E,E,E,E,E,E
8356,E,E,E,E,E,O,O,O,O,O
8357,E,E,E,E,E,E,E,E,E,E
8358,E,E,E,E,E,E,E,E,E,E
8360,E,E,E,E,E,E,E,E,E,E
8361,E,E,E,E,E,E,E,E,E,E
8362,E,E,E,E,E,E,E,E,E,E
8363,E,E,E,E,E,E,E,E,E,E
8364,E,E,E,E,E,E,E,E,E,E
8365,E,E,E,E,E,E,E,E,E,E
8366,E,E,E,E,E,E,E,E,E,E
8367,O,O,O,O,O,O,O,O,O,O
8368,E,E,E,E,E,E,E,E,E,E
8369,C,C,C,C,C,C,C,C,C,C
8370,C,C,C,C,C,C,C,C,C,C
8371,I,I,I,O,O,O,O,O,O,O
8372,E,E,E,E,E,E,E,E,E,E
8373,E,E,E,E,E,E,E,E,E,E
8374,E,E,E,E,E,E,E,E,E,E
8375,I,I,I,O,O,O,O,O,O,O
8376,C,C,C,C,C,C,C,C,C,C
8377,I,I,I,O,O,O,O,O,O,O
8378,C,C,C,C,C,C,C,C,C,C
8379,E,E,E,E,E,E,E,E,E,E
8380,C,C,C,C,C,C,C,C,C,C
8381,E,E,E,E,E,E,E,E,E,E
8382,C,C,C,C,C,C,C,C,C,C
8383,C,C,C,C,C,C,C,C,C,C
8384,E,E,E,E,E,E,E,E,E,E
8385,C,C,C,C,C,C,C,C,C,C
8386,C,C,C,C,C,C,C,C,C,C
8387,E,E,E,E,E,E,E,E,E,E
8388,C,C,C,C,C,C,C,C,C,C
8389,E,E,E,E,E,E,E,E,E,E
8390,I,I,L,L,L,L,L,L,L,L
8391,C,C,C,C,C,C,C,C,C,C
8392,E,E,E,E,E,E,E,E,E,E
8393,E,E,E,E,E,E,E,E,E,E
8394,E,E,E,E,E,E,E,E,E,E
8395,C,C,C,C,C,C,C,C,C,C
8396,E,E,E,E,E,E,E,E,E,E
8397,E,E,E,E,E,E,E,E,E,E
8398,E,E,E,E,E,E,E,E,E,E
8399,O,O,O,O,O,O,O,O,O,O
8400,C,C,C,C,C,C,C,C,C,C
8401,E,E,E,E,E,E,E,E,E,E
8402,C,C,C,C,C,C,C,C,C,C
8404,E,E,E,E,E,E,E,E,E,E
8405,E,E,E,E,E,E,E,E,E,E
8406,C,C,C,C,C,C,C,C,C,C
8407,E,E,E,E,E,E,E,E,E,E
8408,E,E,E,E,E,E,E,E,E,E
8409,E,E,E,E,E,E,E,E,E,E
8410,C,C,C,C,C,C,C,C,C,C
8411,E,E,E,E,E,E,E,E,E,E
8412,E,E,E,E,E,E,E,E,E,E
8413,C,C,C,C,C,C,C,C,C,C
8414,C,C,C,C,C,C,C,C,C,C
8415,C,C,C,C,C,C,C,C,C,C
8416,C,C,C,C,C,C,C,C,C,C
8417,C,C,C,C,C,C,C,C,C,C
8418,C,C,C,C,C,C,C,C,C,C
8419,C,C,C,C,C,C,C,C,C,C
8420,C,C,C,C,C,C,C,C,C,C
8421,C,C,C,C,C,C,C,C,C,C
8422,I,I,I,I,I,C,C,C,C,C
8423,C,C,C,C,C,C,C,C,C,C
8424,C,C,C,C,C,C,C,C,C,C
8425,C,C,C,C,C,C,C,C,C,C
8426,C,C,C,C,C,C,C,C,C,C
8427,C,C,C,C,C,C,C,C,C,C
8428,C,C,C,C,C,C,C,C,C,C
8429,C,C,C,C,C,C,C,C,C,C
8430,C,C,C,C,C,C,C,C,C,C
8431,C,C,C,C,C,C,C,C,C,C
8432,C,C,C,C,C,C,C,C,C,C
8433,E,E,E,E,E,E,E,E,E,E
8434,C,C,C,C,C,C,C,C,C,C
8435,C,C,C,C,C,C,C,C,C,C
8436,C,C,C,C,C,C,C,C,C,C
8437,C,C,C,C,C,C,C,C,C,C
8438,E,E,C,C,C,C,C,C,C,C
8439,C,C,C,C,C,C,C,C,C,C
8440,C,C,C,C,C,C,C,C,C,C
8441,C,C,C,C,C,C,C,C,C,C
8442,C,C,C,C,C,C,C,C,C,C
8443,C,C,C,C,C,C,C,C,C,C
8444,C,C,C,C,C,C,C,C,C,C
8445,C,C,C,C,C,C,C,C,C,C
8446,C,C,C,C,C,C,C,C,C,C
8447,C,C,C,C,C,C,C,C,C,C
8448,C,C,C,C,C,C,C,C,C,C
8449,E,E,E,E,E,E,E,E,E,E
8450,E,E,E,E,E,E,E,E,E,E
8451,I,I,I,O,O,O,O,O,O,O
8452,E,E,E,E,E,E,E,E,E,E
8453,I,I,I,O,O,O,O,O,O,O
8454,E,E,E,E,E,E,E,E,E,E
8455,E,E,E,E,E,E,E,E,E,E
8456,E,E,E,E,E,E,E,E,E,E
8457,E,E,E,E,E,E,E,E,E,E
8458,I,I,I,O,O,O,O,O,O,O
8459,E,E,E,E,E,E,E,E,E,E
8460,E,E,E,E,E,E,E,E,E,E
8461,E,E,E,E,E,E,E,E,E,E
8462,E,E,E,E,E,E,E,E,E,E
8463,E,E,E,E,E,E,E,E,E,E
8464,E,E,E,E,E,E,E,E,E,E
8465,I,I,I,O,O,O,O,O,O,O
8466,C,C,C,C,C,C,C,C,C,C
8467,I,I,I,O,O,O,O,O,O,O
8468,E,E,E,E,E,E,E,E,E,E
8469,E,E,E,E,E,E,E,E,E,E
8470,E,E,E,E,E,E,E,E,E,E
8471,I,I,I,O,O,O,O,O,O,O
8472,E,E,E,E,E,E,E,E,E,E
8473,E,E,E,E,E,E,E,E,E,E
8474,E,E,E,E,E,E,E,E,E,E
8475,E,E,E,E,E,E,E,E,E,E
8476,E,E,E,E,E,E,E,E,E,E
8477,O,O,O,O,O,O,O,O,O,O
8478,I,I,I,O,O,O,O,O,O,O
8479,E,E,E,E,E,E,E,E,E,E
8480,E,E,E,E,E,E,E,E,E,E
8481,E,E,E,E,E,E,E,E,E,E
8482,I,I,I,O,O,O,O,O,O,O
8483,E,E,E,E,E,E,E,E,E,E
8484,E,E,E,E,E,E,E,E,E,E
8485,O,O,O,O,O,O,O,O,O,O
8486,E,E,E,E,E,E,E,E,E,E
8487,E,E,E,E,E,E,E,E,E,E
8488,I,I,I,O,O,O,O,O,O,O
8489,E,E,E,E,E,E,E,E,E,E
8490,E,E,E,E,E,E,E,E,E,E
8491,E,E,E,E,E,E,E,E,E,E
8492,E,E,E,E,E,E,E,E,E,E
8493,E,E,E,E,E,E,E,E,E,E
8494,E,E,E,E,E,E,E,E,E,E
8496,E,E,E,E,E,E,E,E,E,E
8499,E,E,E,E,E,E,E,E,E,E
8502,E,E,E,E,E,E,E,E,E,E
8503,E,E,E,E,E,E,E,E,E,E
8505,E,E,E,E,E,E,E,E,E,E
8506,E,E,E,E,E,E,E,E,E,E
8507,E,E,E,E,E,E,E,E,E,E
8508,C,C,C,C,C,C,C,C,C,C
8509,E,E,E,E,E,E,E,E,E,E
8510,C,C,C,C,C,C,C,C,C,C
8511,E,E,E,E,E,E,E,E,E,E
8512,C,C,C,C,C,C,C,C,C,C
8513,E,E,E,E,E,E,E,E,E,E
8514,E,E,E,E,E,E,E,E,E,E
8515,E,E,E,E,E,E,E,E,E,E
8516,E,E,E,E,E,E,E,E,E,E
8517,E,E,E,E,E,E,E,E,E,E
8518,C,C,C,C,C,C,C,C,C,C
8521,C,C,C,C,C,C,C,C,C,C
8522,C,C,C,C,C,C,C,C,C,C
8523,C,C,C,C,C,C,C,C,C,C
8524,C,C,C,C,C,C,C,C,C,C
8525,C,C,C,C,C,C,C,C,C,C
8526,C,C,C,C,C,C,C,C,C,C
8527,C,C,C,C,C,C,C,C,C,C
8528,C,C,C,C,C,C,C,C,C,C
8529,C,C,C,C,C,C,C,C,C,C
8530,C,C,C,C,C,C,C,C,C,C
8531,C,C,C,C,C,C,C,C,C,C
8532,E,E,E,E,E,E,E,E,E,E
8533,C,C,C,C,C,C,C,C,C,C
8534,I,I,I,O,O,O,O,O,O,O
8535,I,I,I,O,O,O,O,O,O,O
8536,I,I,I,O,O,O,O,O,O,O
8538,C,C,C,C,C,C,C,C,C,C
8540,C,C,C,C,C,C,C,C,C,C
8542,E,E,E,E,E,E,E,E,E,E
8543,C,C,C,C,C,C,C,C,C,C
8544,C,C,C,C,C,C,C,C,C,C
8545,C,C,C,C,C,C,C,C,C,C
8546,C,C,C,C,C,C,C,C,C,C
8547,C,C,C,C,C,C,C,C,C,C
8548,C,C,C,C,C,C,C,C,C,C
8549,C,C,C,C,C,C,C,C,C,C
8550,C,C,C,C,C,C,C,C,C,C
8551,E,E,E,E,E,E,E,E,E,E
8552,E,E,E,E,E,E,E,E,E,E
8556,E,E,E,E,E,E,E,E,E,E
8557,E,E,E,E,E,E,E,E,E,E
8558,E,E,E,E,E,E,E,E,E,E
8560,E,E,E,E,E,E,E,E,E,E
8564,I,I,I,O,O,O,O,O,O,O
8565,E,E,E,E,E,E,E,E,E,E
8566,L,L,L,L,L,L,L,L,L,L
8568,E,E,E,E,E,E,E,E,E,E
8570,E,E,E,E,E,E,E,E,E,E
8571,E,E,E,E,E,E,E,E,E,E
8572,I,I,I,O,O,O,O,O,O,O
8573,E,E,E,E,E,E,E,E,E,E
8574,I,I,I,O,O,O,O,O,O,O
8575,I,I,I,O,O,O,O,O,O,O
8576,E,E,E,E,E,E,E,E,E,E
8577,E,E,E,E,E,E,E,E,E,E
8578,I,I,I,O,O,O,O,O,O,O
8579,E,E,E,E,E,E,E,E,E,E
8580,O,O,O,O,O,O,O,O,O,O
8581,E,E,E,E,E,E,E,E,E,E
8582,E,E,E,E,E,E,E,E,E,E
8583,E,E,E,E,E,E,E,E,E,E
8584,O,O,O,O,O,O,O,O,O,O
8585,E,E,E,E,E,E,E,E,E,E
8587,L,L,L,L,L,L,L,L,L,L
8588,E,E,E,E,E,E,E,E,E,E
8589,E,E,E,E,E,E,E,E,E,E
8590,E,E,E,E,E,E,E,E,E,E
8591,E,E,E,E,E,E,E,E,E,E
8592,E,E,E,E,E,E,E,E,E,E
8594,E,E,E,E,E,E,E,E,E,E
8595,E,E,E,E,E,E,E,E,E,E
8596,E,E,E,E,E,E,E,E,E,E
8597,I,I,I,O,O,O,O,O,O,O
8598,I,I,I,O,O,O,O,O,O,O
8599,E,E,E,E,E,E,E,E,E,E
8601,E,E,E,E,E,E,E,E,E,E
8602,E,E,E,E,E,E,E,E,E,E
8605,E,E,E,E,E,E,E,E,E,E
8606,E,E,E,E,E,E,E,E,E,E
8607,E,E,E,E,E,E,E,E,E,E
8608,I,I,I,O,O,O,O,O,O,O
8609,I,I,I,O,O,O,O,O,O,O
8610,E,E,E,E,E,E,E,E,E,E
8611,E,E,E,E,E,E,E,E,E,E
8612,O,O,O,O,O,O,O,O,O,O
8614,E,E,E,E,E,E,E,E,E,E
8616,E,E,E,E,E,E,E,E,E,E
8617,I,I,I,O,O,O,O,O,O,O
8618,E,E,E,E,E,E,E,E,E,E
8619,D,D,D,D,D,D,D,D,D,D
8620,E,E,E,E,E,E,E,E,E,E
8621,E,E,E,E,E,E,E,E,E,E
8622,E,E,E,E,E,E,E,E,E,E
8623,E,E,E,E,E,E,E,E,E,E
8624,E,E,E,E,E,E,E,E,E,E
8625,E,E,E,E,E,E,E,E,E,E
8626,C,C,C,C,C,C,C,C,C,C
8627,I,I,I,I,I,I,I,I,I,I
8628,D,D,D,D,D,D,D,D,D,D
8629,D,D,D,D,D,D,D,D,D,D
8630,D,D,D,D,D,D,D,D,D,D
8631,D,D,D,D,D,D,D,D,D,D
8632,D,D,D,D,D,D,D,D,D,D
8633,D,D,D,D,D,D,D,D,D,D
8634,D,D,D,D,D,D,D,D,D,D
8635,D,D,D,D,D,D,D,D,D,D
8636,D,D,D,D,D,D,D,D,D,D
8637,D,D,D,D,D,D,D,D,D,D
8638,D,D,D,D,D,D,D,D,D,D
8639,D,D,D,D,D,D,D,D,D,D
8640,D,D,D,D,D,D,D,D,D,D
8641,D,D,D,D,D,D,D,D,D,D
8642,D,D,D,D,D,D,D,D,D,D
8643,D,D,D,D,D,D,D,D,D,D
8644,D,D,D,D,D,D,D,D,D,D
8645,D,D,D,D,D,D,D,D,D,D
8646,D,D,D,D,D,D,D,D,D,D
8647,I,I,I,I,I,I,I,I,I,I
8648,D,D,D,D,D,D,D,D,D,D
8649,D,D,D,D,D,D,D,D,D,D
8650,D,D,D,D,D,D,D,D,D,D
8651,D,D,D,D,D,D,D,D,D,D
8652,D,D,D,D,D,D,D,D,D,D
8653,D,D,D,D,D,D,D,D,D,D
8654,D,D,D,D,D,D,D,D,D,D
8655,D,D,D,D,D,D,D,D,D,D
8656,D,D,D,D,D,D,D,D,D,D
8657,D,D,D,D,D,D,D,D,D,D
8658,D,D,D,D,D,D,D,D,D,D
8659,D,D,D,D,D,D,D,D,D,D
8660,D,D,D,D,D,D,D,D,D,D
8661,D,D,D,D,D,D,D,D,D,D
8662,D,D,D,D,D,D,D,D,D,D
8663,D,D,D,D,D,D,D,D,D,D
8664,I,I,I,I,I,I,I,I,I,I
8665,D,D,D,D,D,D,D,D,D,D
8666,D,D,D,D,D,D,D,D,D,D
8667,D,D,D,D,D,D,D,D,D,D
8668,D,D,D,D,D,D,D,D,D,D
8669,D,D,D,D,D,D,D,D,D,D
8670,D,D,D,D,D,D,D,D,D,D
8671,D,D,D,D,D,D,D,D,D,D
8672,D,D,D,D,D,D,D,D,D,D
8673,D,D,D,D,D,D,D,D,D,D
8674,D,D,D,D,D,D,D,D,D,D
8675,D,D,D,D,D,D,D,D,D,D
8676,D,D,D,D,D,D,D,D,D,D
8677,D,D,D,D,D,D,D,D,D,D
8678,E,E,E,E,E,E,E,E,E,E
8679,E,E,E,E,E,E,E,E,E,E
8680,E,E,E,E,E,E,E,E,E,E
8681,D,D,D,D,D,D,D,D,D,D
8682,D,D,D,D,D,D,D,D,D,D
8683,D,D,D,D,D,D,D,D,D,D
8684,D,D,D,D,D,D,D,D,D,D
8685,D,D,D,D,D,D,D,D,D,D
8686,D,D,D,D,D,D,D,D,D,D
8687,D,D,D,D,D,D,D,D,D,D
8688,D,D,D,D,D,D,D,D,D,D
8689,D,D,D,D,D,D,D,D,D,D
8690,D,D,D,D,D,D,D,D,D,D
8691,D,D,D,D,D,D,D,D,D,D
8692,D,D,D,D,D,D,D,D,D,D
8693,D,D,D,D,D,D,D,D,D,D
8694,E,E,E,E,E,E,E,E,E,E
8695,D,D,D,D,D,D,D,D,D,D
8696,D,D,D,D,D,D,D,D,D,D
8697,D,D,D,D,D,D,D,D,D,D
8698,D,D,D,D,D,D,D,D,D,D
8699,D,D,D,D,D,D,D,D,D,D
8700,D,D,D,D,D,D,D,D,D,D
8701,D,D,D,D,D,D,D,D,D,D
8702,D,D,D,D,D,D,D,D,D,D
8703,D,D,D,D,D,D,D,D,D,D
8704,D,D,D,D,D,D,D,D,D,D
8705,D,D,D,D,D,D,D,D,D,D
8706,D,D,D,D,D,D,D,D,D,D
8707,E,E,E,E,E,E,E,E,E,E
8708,C,C,C,C,C,C,C,C,C,C
8709,E,E,E,E,E,E,E,E,E,E
8710,C,C,C,C,C,C,C,C,C,C
8711,E,E,E,E,E,E,E,E,E,E
8712,E,E,E,E,E,E,E,E,E,E
8713,E,E,E,E,E,E,E,E,E,E
8714,E,E,E,E,E,E,E,E,E,E
8715,E,E,E,E,E,E,E,E,E,E
8716,E,E,E,E,E,E,E,E,E,E
8717,E,E,E,E,E,E,E,E,E,E
8718,E,E,E,E,E,E,E,E,E,E
8719,E,E,E,E,E,E,E,E,E,E
8720,I,I,I,O,O,O,O,O,O,O
8721,E,E,E,E,E,E,E,E,E,E
8722,E,E,E,E,E,E,E,E,E,E
8723,E,E,E,E,E,E,E,E,E,E
8724,E,E,E,E,E,E,E,E,E,E
8725,E,E,E,E,E,E,E,E,E,E
8726,A,A,A,A,A,A,A,A,A,A
8727,A,A,A,A,A,A,A,A,A,A
8728,A,A,A,A,A,A,A,A,A,A
8729,J,J,J,J,J,J,J,J,J,J
8730,D,D,D,D,D,D,D,D,D,D
8731,D,D,D,D,D,D,D,D,D,D
8732,D,D,D,D,D,D,D,D,D,D
8733,D,D,D,D,D,D,D,D,D,D
8734,D,D,D,D,D,D,D,D,D,D
8735,D,D,D,D,D,D,D,D,D,D
8736,D,D,D,D,D,D,D,D,D,D
8737,D,D,D,D,D,D,D,D,D,D
8738,D,D,D,D,D,D,D,D,D,D
8739,D,D,D,D,D,D,D,D,D,D
8740,D,D,D,D,D,D,D,D,D,D
8741,I,I,I,I,I,I,I,I,I,I
8742,E,E,E,E,E,E,E,E,E,E
8743,I,I,I,O,O,O,O,O,O,O
8744,E,E,E,E,E,E,E,E,E,E
8745,E,E,E,E,E,E,E,E,E,E
8746,E,E,E,E,E,E,E,E,E,E
8747,J,J,J,J,J,J,J,J,J,J
8749,I,I,I,I,I,I,I,I,I,I
8750,D,D,D,D,D,D,D,D,D,D
8751,D,D,D,D,D,D,D,D,D,D
8752,D,D,D,D,D,D,D,D,D,D
8753,D,D,D,D,D,D,D,D,D,D
8754,D,D,D,D,D,D,D,D,D,D
8755,E,E,E,E,E,E,E,E,E,E
8756,E,E,E,E,E,E,E,E,E,E
8757,E,E,E,E,E,E,E,E,E,E
8758,E,E,E,E,E,E,E,E,E,E
8759,E,E,E,E,E,E,E,E,E,E
8760,E,E,E,E,E,E,E,E,E,E
8761,E,E,E,E,E,E,E,E,E,E
8763,E,E,E,E,E,E,E,E,E,E
8764,E,E,E,E,E,E,E,E,E,E
8765,E,E,E,E,E,E,E,E,E,E
8766,I,I,I,I,I,I,I,I,I,I
8767,J,J,J,J,J,J,J,J,J,J
8768,E,E,E,E,E,E,E,E,E,E
8769,J,J,J,J,J,J,J,J,J,J
8770,I,I,I,O,O,O,O,O,O,O
8771,E,E,E,E,E,E,E,E,E,E
8772,E,E,E,E,E,E,E,E,E,E
8775,E,E,E,E,E,E,E,E,E,E
8776,E,E,E,E,E,E,E,E,E,E
8777,E,E,E,E,E,E,E,E,E,E
8778,I,I,I,O,O,O,O,O,O,O
8779,O,O,O,O,O,O,O,O,O,O
8780,E,E,E,E,E,E,E,E,E,E
8781,E,E,E,E,E,E,E,E,E,E
8782,E,E,E,E,E,E,E,E,E,E
8783,E,E,E,E,E,E,E,E,E,E
8785,I,I,I,O,O,O,O,O,O,O
8786,E,E,E,E,E,E,E,E,E,E
8789,E,E,E,E,E,E,E,E,E,E
8791,J,J,J,J,J,J,J,J,J,J
8792,I,I,I,O,O,O,O,O,O,O
8793,E,E,E,E,E,E,E,E,E,E
8794,E,E,E,E,E,E,E,E,E,E
8795,E,E,E,E,E,E,E,E,E,E
8796,E,E,E,E,E,E,E,E,E,E
8797,E,E,E,E,E,E,E,E,E,E
8798,I,I,I,O,O,O,O,O,O,O
8799,E,E,E,E,E,E,E,E,E,E
8800,I,I,I,O,O,O,O,O,O,O
8801,I,I,I,O,O,O,O,O,O,O
8802,E,E,E,E,E,E,E,E,E,E
8803,O,O,O,O,O,O,O,O,O,O
8804,E,E,E,E,E,E,E,E,E,E
8805,E,E,E,E,E,E,E,E,E,E
8806,E,E,E,E,E,E,E,E,E,E
8807,I,I,I,O,O,O,O,O,O,O
8808,E,E,E,E,E,E,E,E,E,E
8809,O,O,O,O,O,O,O,O,O,O
8810,A,A,A,A,A,A,A,A,A,A
8811,A,A,A,A,A,A,A,A,A,A
8812,A,A,A,A,A,A,A,A,A,A
8813,A,A,A,A,A,A,A,A,A,A
8814,A,A,A,A,A,A,A,A,A,A
8815,A,A,A,A,A,A,A,A,A,A
8816,A,A,A,A,A,A,A,A,A,A
8817,A,A,A,A,A,A,A,A,A,A
8818,A,A,A,A,A,A,A,A,A,A
8819,A,A,A,A,A,A,A,A,A,A
8820,A,A,A,A,A,A,A,A,A,A
8821,A,A,A,A,A,A,A,A,A,A
8822,A,A,A,A,A,A,A,A,A,A
8823,A,A,A,A,A,A,A,A,A,A
8824,A,A,A,A,A,A,A,A,A,A
8825,A,A,A,A,A,A,A,A,A,A
8826,A,A,A,A,A,A,A,A,A,A
8827,A,A,A,A,A,A,A,A,A,A
8828,A,A,A,A,A,A,A,A,A,A
8829,A,A,A,A,A,A,A,A,A,A
8830,A,A,A,A,A,A,A,A,A,A
8831,A,A,A,A,A,A,A,A,A,A
8832,A,A,A,A,A,A,A,A,A,A
8833,A,A,A,A,A,A,A,A,A,A
8834,A,A,A,A,A,A,A,A,A,A
8835,A,A,A,A,A,A,A,A,A,A
8836,A,A,A,A,A,A,A,A,A,A
8837,A,A,A,A,A,A,A,A,A,A
8838,A,A,A,A,A,A,A,A,A,A
8839,A,A,A,A,A,A,A,A,A,A
8840,A,A,A,A,A,A,A,A,A,A
8841,A,A,A,A,A,A,A,A,A,A
8842,A,A,A,A,A,A,A,A,A,A
8843,A,A,A,A,A,A,A,A,A,A
8844,A,A,A,A,A,A,A,A,A,A
8845,A,A,A,A,A,A,A,A,A,A
8846,A,A,A,A,A,A,A,A,A,A
8847,A,A,A,A,A,A,A,A,A,A
8848,A,A,A,A,A,A,A,A,A,A
8849,A,A,A,A,A,A,A,A,A,A
8850,A,A,A,A,A,A,A,A,A,A
8851,A,A,A,A,A,A,A,A,A,A
8852,A,A,A,A,A,A,A,A,A,A
8853,A,A,A,A,A,A,A,A,A,A
8854,A,A,A,A,A,A,A,A,A,A
8855,A,A,A,A,A,A,A,A,A,A
8856,A,A,A,A,A,A,A,A,A,A
8857,A,A,A,A,A,A,A,A,A,A
8858,A,A,A,A,A,A,A,A,A,A
8859,A,A,A,A,A,A,A,A,A,A
8860,A,A,A,A,A,A,A,A,A,A
8861,A,A,A,A,A,A,A,A,A,A
8862,A,A,A,A,A,A,A,A,A,A
8863,A,A,A,A,A,A,A,A,A,A
8864,A,A,A,A,A,A,A,A,A,A
8865,A,A,A,A,A,A,A,A,A,A
8866,A,A,A,A,A,A,A,A,A,A
8867,A,A,A,A,A,A,A,A,A,A
8868,A,A,A,A,A,A,A,A,A,A
8869,A,A,A,A,A,A,A,A,A,A
8870,A,A,A,A,A,A,A,A,A,A
8871,A,A,A,A,A,A,A,A,A,A
8872,A,A,A,A,A,A,A,A,A,A
8873,A,A,A,A,A,A,A,A,A,A
8874,A,A,A,A,A,A,A,A,A,A
8875,A,A,A,A,A,A,A,A,A,A
8876,A,A,A,A,A,A,A,A,A,A
8877,A,A,A,A,A,A,A,A,A,A
8878,A,A,A,A,A,A,A,A,A,A
8879,A,A,A,A,A,A,A,A,A,A
8880,A,A,A,A,A,A,A,A,A,A
8881,A,A,A,A,A,A,A,A,A,A
8882,A,A,A,A,A,A,A,A,A,A
8883,A,A,A,A,A,A,A,A,A,A
8884,A,A,A,A,A,A,A,A,A,A
8885,A,A,A,A,A,A,A,A,A,A
8886,I,I,I,I,I,I,I,I,I,I
8887,A,A,A,A,A,A,A,A,A,A
8888,A,A,A,A,A,A,A,A,A,A
8889,A,A,A,A,A,A,A,A,A,A
8890,A,A,A,A,A,A,A,A,A,A
8891,A,A,A,A,A,A,A,A,A,A
8892,A,A,A,A,A,A,A,A,A,A
8893,A,A,A,A,A,A,A,A,A,A
8894,A,A,A,A,A,A,A,A,A,A
8895,A,A,A,A,A,A,A,A,A,A
8896,A,A,A,A,A,A,A,A,A,A
8897,A,A,A,A,A,A,A,A,A,A
8898,A,A,A,A,A,A,A,A,A,A
8899,A,A,A,A,A,A,A,A,A,A
8900,A,A,A,A,A,A,A,A,A,A
8901,A,A,A,A,A,A,A,A,A,A
8902,A,A,A,A,A,A,A,A,A,A
8903,A,A,A,A,A,A,A,A,A,A
8904,A,A,A,A,A,A,A,A,A,A
8905,A,A,A,A,A,A,A,A,A,A
8906,A,A,A,A,A,A,A,A,A,A
8907,A,A,A,A,A,A,A,A,A,A
8908,A,A,A,A,A,A,A,A,A,A
8909,A,A,A,A,A,A,A,A,A,A
8910,A,A,A,A,A,A,A,A,A,A
8911,A,A,A,A,A,A,A,A,A,A
8912,A,A,A,A,A,A,A,A,A,A
8913,A,A,A,A,A,A,A,A,A,A
8914,A,A,A,A,A,A,A,A,A,A
8915,A,A,A,A,A,A,A,A,A,A
8916,A,A,A,A,A,A,A,A,A,A
8917,A,A,A,A,A,A,A,A,A,A
8918,A,A,A,A,A,A,A,A,A,A
8919,A,A,A,A,A,A,A,A,A,A
8920,A,A,A,A,A,A,A,A,A,A
8921,A,A,A,A,A,A,A,A,A,A
8922,A,A,A,A,A,A,A,A,A,A
8923,A,A,A,A,A,A,A,A,A,A
8924,A,A,A,A,A,A,A,A,A,A
8925,A,A,A,A,A,A,A,A,A,A
8926,A,A,A,A,A,A,A,A,A,A
8927,A,A,A,A,A,A,A,A,A,A
8928,A,A,A,A,A,A,A,A,A,A
8929,A,A,A,A,A,A,A,A,A,A
8930,A,A,A,A,A,A,A,A,A,A
8931,A,A,A,A,A,A,A,A,A,A
8932,A,A,A,A,A,A,A,A,A,A
8933,A,A,A,A,A,A,A,A,A,A
8934,A,A,A,A,A,A,A,A,A,A
8935,A,A,A,A,A,A,A,A,A,A
8936,A,A,A,A,A,A,A,A,A,A
8937,A,A,A,A,A,A,A,A,A,A
8938,A,A,A,A,A,A,A,A,A,A
8939,A,A,A,A,A,A,A,A,A,A
8940,A,A,A,A,A,A,A,A,A,A
8941,A,A,A,A,A,A,A,A,A,A
8942,A,A,A,A,A,A,A,A,A,A
8943,A,A,A,A,A,A,A,A,A,A
8944,A,A,A,A,A,A,A,A,A,A
8945,A,A,A,A,A,A,A,A,A,A
8946,A,A,A,A,A,A,A,A,A,A
8947,A,A,A,A,A,A,A,A,A,A
8948,A,A,A,A,A,A,A,A,A,A
8949,A,A,A,A,A,A,A,A,A,A
8950,A,A,A,A,A,A,A,A,A,A
8951,A,A,A,A,A,A,A,A,A,A
8952,A,A,A,A,A,A,A,A,A,A
8953,A,A,A,A,A,A,A,A,A,A
8954,A,A,A,A,A,A,A,A,A,A
8955,A,A,A,A,A,A,A,A,A,A
8956,A,A,A,A,A,A,A,A,A,A
8957,A,A,A,A,A,A,A,A,A,A
8958,A,A,A,A,A,A,A,A,A,A
8959,A,A,A,A,A,A,A,A,A,A
8960,A,A,A,A,A,A,A,A,A,A
8961,A,A,A,A,A,A,A,A,A,A
8962,A,A,A,A,A,A,A,A,A,A
8963,A,A,A,A,A,A,A,A,A,A
8964,A,A,A,A,A,A,A,A,A,A
8965,A,A,A,A,A,A,A,A,A,A
8966,A,A,A,A,A,A,A,A,A,A
8967,A,A,A,A,A,A,A,A,A,A
8968,A,A,A,A,A,A,A,A,A,A
8969,A,A,A,A,A,A,A,A,A,A
8970,A,A,A,A,A,A,A,A,A,A
8971,A,A,A,A,A,A,A,A,A,A
8972,A,A,A,A,A,A,A,A,A,A
8973,A,A,A,A,A,A,A,A,A,A
8974,A,A,A,A,A,A,A,A,A,A
8975,A,A,A,A,A,A,A,A,A,A
8976,A,A,A,A,A,A,A,A,A,A
8977,A,A,A,A,A,A,A,A,A,A
8978,A,A,A,A,A,A,A,A,A,A
8979,A,A,A,A,A,A,A,A,A,A
8980,A,A,A,A,A,A,A,A,A,A
8981,A,A,A,A,A,A,A,A,A,A
8982,A,A,A,A,A,A,A,A,A,A
8983,A,A,A,A,A,A,A,A,A,A
8984,A,A,A,A,A,A,A,A,A,A
8985,A,A,A,A,A,A,A,A,A,A
8986,A,A,A,A,A,A,A,A,A,A
8987,A,A,A,A,A,A,A,A,A,A
8988,A,A,A,A,A,A,A,A,A,A
8989,A,A,A,A,A,A,A,A,A,A
8990,A,A,A,A,A,A,A,A,A,A
8991,A,A,A,A,A,A,A,A,A,A
8992,A,A,A,A,A,A,A,A,A,A
8993,A,A,A,A,A,A,A,A,A,A
8994,A,A,A,A,A,A,A,A,A,A
8995,A,A,A,A,A,A,A,A,A,A
8996,A,A,A,A,A,A,A,A,A,A
8997,A,A,A,A,A,A,A,A,A,A
8998,A,A,A,A,A,A,A,A,A,A
8999,A,A,A,A,A,A,A,A,A,A
9000,A,A,A,A,A,A,A,A,A,A
9001,A,A,A,A,A,A,A,A,A,A
9002,A,A,A,A,A,A,A,A,A,A
9003,A,A,A,A,A,A,A,A,A,A
9004,A,A,A,A,A,A,A,A,A,A
9005,A,A,A,A,A,A,A,A,A,A
9006,A,A,A,A,A,A,A,A,A,A
9007,A,A,A,A,A,A,A,A,A,A
9008,A,A,A,A,A,A,A,A,A,A
9009,A,A,A,A,A,A,A,A,A,A
9010,A,A,A,A,A,A,A,A,A,A
9011,A,A,A,A,A,A,A,A,A,A
9012,A,A,A,A,A,A,A,A,A,A
9013,A,A,A,A,A,A,A,A,A,A
9014,A,A,A,A,A,A,A,A,A,A
9015,A,A,A,A,A,A,A,A,A,A
9016,A,A,A,A,A,A,A,A,A,A
9017,A,A,A,A,A,A,A,A,A,A
9018,A,A,A,A,A,A,A,A,A,A
9019,A,A,A,A,A,A,A,A,A,A
9020,A,A,A,A,A,A,A,A,A,A
9021,A,A,A,A,A,A,A,A,A,A
9022,A,A,A,A,A,A,A,A,A,A
9023,A,A,A,A,A,A,A,A,A,A
9024,A,A,A,A,A,A,A,A,A,A
9025,A,A,A,A,A,A,A,A,A,A
9026,A,A,A,A,A,A,A,A,A,A
9027,A,A,A,A,A,A,A,A,A,A
9028,A,A,A,A,A,A,A,A,A,A
9029,A,A,A,A,A,A,A,A,A,A
9030,A,A,A,A,A,A,A,A,A,A
9031,A,A,A,A,A,A,A,A,A,A
9032,A,A,A,A,A,A,A,A,A,A
9033,A,A,A,A,A,A,A,A,A,A
9034,A,A,A,A,A,A,A,A,A,A
9035,A,A,A,A,A,A,A,A,A,A
9036,A,A,A,A,A,A,A,A,A,A
9037,A,A,A,A,A,A,A,A,A,A
9038,A,A,A,A,A,A,A,A,A,A
9039,A,A,A,A,A,A,A,A,A,A
9040,A,A,A,A,A,A,A,A,A,A
9041,A,A,A,A,A,A,A,A,A,A
9042,A,A,A,A,A,A,A,A,A,A
9043,A,A,A,A,A,A,A,A,A,A
9044,A,A,A,A,A,A,A,A,A,A
9045,A,A,A,A,A,A,A,A,A,A
9046,A,A,A,A,A,A,A,A,A,A
9047,A,A,A,A,A,A,A,A,A,A
9048,A,A,A,A,A,A,A,A,A,A
9049,A,A,A,A,A,A,A,A,A,A
9050,A,A,A,A,A,A,A,A,A,A
9051,A,A,A,A,A,A,A,A,A,A
9052,A,A,A,A,A,A,A,A,A,A
9053,A,A,A,A,A,A,A,A,A,A
9054,A,A,A,A,A,A,A,A,A,A
9055,A,A,A,A,A,A,A,A,A,A
9056,A,A,A,A,A,A,A,A,A,A
9057,A,A,A,A,A,A,A,A,A,A
9058,A,A,A,A,A,A,A,A,A,A
9059,A,A,A,A,A,A,A,A,A,A
9060,C,C,C,C,C,C,C,C,C,C
9061,C,C,C,C,C,C,C,C,C,C
9062,C,C,C,C,C,C,C,C,C,C
9063,C,C,C,C,C,C,C,C,C,C
9064,C,C,C,C,C,C,C,C,C,C
9065,C,C,C,C,C,C,C,C,C,C
9066,C,C,C,C,C,C,C,C,C,C
9067,C,C,C,C,C,C,C,C,C,C
9068,C,C,C,C,C,C,C,C,C,C
9069,C,C,C,C,C,C,C,C,C,C
9070,C,C,C,C,C,C,C,C,C,C
9071,C,C,C,C,C,C,C,C,C,C
9072,C,C,C,C,C,C,C,C,C,C
9073,C,C,C,C,C,C,C,C,C,C
9074,C,C,C,C,C,C,C,C,C,C
9075,C,C,C,C,C,C,C,C,C,C
9076,C,C,C,C,C,C,C,C,C,C
9077,C,C,C,C,C,C,C,C,C,C
9078,C,C,C,C,C,C,C,C,C,C
9079,C,C,C,C,C,C,C,C,C,C
9080,C,C,C,C,C,C,C,C,C,C
9081,I,I,I,I,I,I,I,I,I,I
9082,I,I,I,I,I,I,I,I,I,I
9083,A,A,A,A,A,A,A,A,A,A
9084,A,A,A,A,A,A,A,A,A,A
9085,A,A,A,A,A,A,A,A,A,A
9086,A,A,A,A,A,A,A,A,A,A
9087,A,A,A,A,A,A,A,A,A,A
9088,A,A,A,A,A,A,A,A,A,A
9089,A,A,A,A,A,A,A,A,A,A
9091,A,A,A,A,A,A,A,A,A,A
9094,A,A,A,A,A,A,A,A,A,A
9096,A,A,A,A,A,A,A,A,A,A
9097,A,A,A,A,A,A,A,A,A,A
9098,A,A,A,A,A,A,A,A,A,A
9099,A,A,A,A,A,A,A,A,A,A
9100,A,A,A,A,A,A,A,A,A,A
9101,A,A,A,A,A,A,A,A,A,A
9102,A,A,A,A,A,A,A,A,A,A
9103,A,A,A,A,A,A,A,A,A,A
9104,A,A,A,A,A,A,A,A,A,A
9105,A,A,A,A,A,A,A,A,A,A
9106,A,A,A,A,A,A,A,A,A,A
9107,A,A,A,A,A,A,A,A,A,A
9108,A,A,A,A,A,A,A,A,A,A
9109,A,A,A,A,A,A,A,A,A,A
9110,A,A,A,A,A,A,A,A,A,A
9111,A,A,A,A,A,A,A,A,A,A
9112,A,A,A,A,A,A,A,A,A,A
9113,A,A,A,A,A,A,A,A,A,A
9114,A,A,A,A,A,A,A,A,A,A
9115,A,A,A,A,A,A,A,A,A,A
9116,A,A,A,A,A,A,A,A,A,A
9117,A,A,A,A,A,A,A,A,A,A
9118,A,A,A,A,A,A,A,A,A,A
9119,A,A,A,A,A,A,A,A,A,A
9120,A,A,A,A,A,A,A,A,A,A
9121,A,A,A,A,A,A,A,A,A,A
9122,A,A,A,A,A,A,A,A,A,A
9123,A,A,A,A,A,A,A,A,A,A
9124,A,A,A,A,A,A,A,A,A,A
9125,A,A,A,A,A,A,A,A,A,A
9126,A,A,A,A,A,A,A,A,A,A
9127,A,A,A,A,A,A,A,A,A,A
9128,A,A,A,A,A,A,A,A,A,A
9129,A,A,A,A,A,A,A,A,A,A
9130,A,A,A,A,A,A,A,A,A,A
9131,A,A,A,A,A,A,A,A,A,A
9132,A,A,A,A,A,A,A,A,A,A
9133,A,A,A,A,A,A,A,A,A,A
9134,A,A,A,A,A,A,A,A,A,A
9135,A,A,A,A,A,A,A,A,A,A
9136,A,A,A,A,A,A,A,A,A,A
9137,A,A,A,A,A,A,A,A,A,A
9138,A,A,A,A,A,A,A,A,A,A
9139,A,A,A,A,A,A,A,A,A,A
9140,A,A,A,A,A,A,A,A,A,A
9141,A,A,A,A,A,A,A,A,A,A
9142,A,A,A,A,A,A,A,A,A,A
9143,A,A,A,A,A,A,A,A,A,A
9144,A,A,A,A,A,A,A,A,A,A
9145,A,A,A,A,A,A,A,A,A,A
9146,A,A,A,A,A,A,A,A,A,A
9147,A,A,A,A,A,A,A,A,A,A
9148,A,A,A,A,A,A,A,A,A,A
9149,A,A,A,A,A,A,A,A,A,A
9150,A,A,A,A,A,A,A,A,A,A
9151,A,A,A,A,A,A,A,A,A,A
9152,A,A,A,A,A,A,A,A,A,A
9153,A,A,A,A,A,A,A,A,A,A
9154,A,A,A,A,A,A,A,A,A,A
9155,A,A,A,A,A,A,A,A,A,A
9156,A,A,A,A,A,A,A,A,A,A
9157,I,I,I,I,I,I,I,I,I,I
9158,A,A,A,A,A,A,A,A,A,A
9159,A,A,A,A,A,A,A,A,A,A
9160,I,I,I,I,I,I,I,I,I,I
9161,A,A,A,A,A,A,A,A,A,A
9162,A,A,A,A,A,A,A,A,A,A
9163,I,I,I,I,I,I,I,I,I,I
9164,A,A,A,A,A,A,A,A,A,A
9165,I,I,I,I,I,I,I,I,I,I
9166,A,A,A,A,A,A,A,A,A,A
9167,A,A,A,A,A,A,A,A,A,A
9168,I,I,I,I,I,I,I,I,I,I
9169,A,A,A,A,A,A,A,A,A,A
9170,A,A,A,A,A,A,A,A,A,A
9171,A,A,A,A,A,A,A,A,A,A
9172,A,A,A,A,A,A,A,A,A,A
9173,A,A,A,A,A,A,A,A,A,A
9174,A,A,A,A,A,A,A,A,A,A
9175,A,A,A,A,A,A,A,A,A,A
9176,A,A,A,A,A,A,A,A,A,A
9177,A,A,A,A,A,A,A,A,A,A
9178,A,A,A,A,A,A,A,A,A,A
9179,A,A,A,A,A,A,A,A,A,A
9180,A,A,A,A,A,A,A,A,A,A
9181,A,A,A,A,A,A,A,A,A,A
9182,A,A,A,A,A,A,A,A,A,A
9183,A,A,A,A,A,A,A,A,A,A
9184,A,A,A,A,A,A,A,A,A,A
9185,A,A,A,A,A,A,A,A,A,A
9186,A,A,A,A,A,A,A,A,A,A
9187,A,A,A,A,A,A,A,A,A,A
9188,A,A,A,A,A,A,A,A,A,A
9189,A,A,A,A,A,A,A,A,A,A
9190,A,A,A,A,A,A,A,A,A,A
9191,A,A,A,A,A,A,A,A,A,A
9192,A,A,A,A,A,A,A,A,A,A
9193,A,A,A,A,A,A,A,A,A,A
9194,A,A,A,A,A,A,A,A,A,A
9195,A,A,A,A,A,A,A,A,A,A
9196,A,A,A,A,A,A,A,A,A,A
9197,A,A,A,A,A,A,A,A,A,A
9198,A,A,A,A,A,A,A,A,A,A
9199,A,A,A,A,A,A,A,A,A,A
9200,A,A,A,A,A,A,A,A,A,A
9201,A,A,A,A,A,A,A,A,A,A
9202,A,A,A,A,A,A,A,A,A,A
9203,A,A,A,A,A,A,A,A,A,A
9204,A,A,A,A,A,A,A,A,A,A
9205,A,A,A,A,A,A,A,A,A,A
9206,A,A,A,A,A,A,A,A,A,A
9207,A,A,A,A,A,A,A,A,A,A
9208,A,A,A,A,A,A,A,A,A,A
9209,A,A,A,A,A,A,A,A,A,A
9210,A,A,A,A,A,A,A,A,A,A
9211,A,A,A,A,A,A,A,A,A,A
9212,A,A,A,A,A,A,A,A,A,A
9213,A,A,A,A,A,A,A,A,A,A
9214,A,A,A,A,A,A,A,A,A,A
9215,A,A,A,A,A,A,A,A,A,A
9216,A,A,A,A,A,A,A,A,A,A
9217,A,A,A,A,A,A,A,A,A,A
9218,A,A,A,A,A,A,A,A,A,A
9219,A,A,A,A,A,A,A,A,A,A
9220,A,A,A,A,A,A,A,A,A,A
9221,A,A,A,A,A,A,A,A,A,A
9222,A,A,A,A,A,A,A,A,A,A
9223,A,A,A,A,A,A,A,A,A,A
9224,A,A,A,A,A,A,A,A,A,A
9225,A,A,A,A,A,A,A,A,A,A
9227,L,L,L,L,L,L,L,L,L,L
9231,L,L,L,L,L,L,L,L,L,L
9232,L,L,L,L,L,L,L,L,L,L
9233,H,H,H,H,H,H,H,H,H,H
9234,A,A,A,A,A,A,A,A,A,A
9235,A,A,A,A,A,A,A,A,A,A
9236,A,A,A,A,A,A,A,A,A,A
9237,A,A,A,A,A,A,A,A,A,A
9238,A,A,A,A,A,A,A,A,A,A
9239,A,A,A,A,A,A,A,A,A,A
9240,A,A,A,A,A,A,A,A,A,A
9241,A,A,A,A,A,A,A,A,A,A
9242,A,A,A,A,A,A,A,A,A,A
9243,A,A,A,A,A,A,A,A,A,A
9244,A,A,A,A,A,A,A,A,A,A
9245,A,A,A,A,A,A,A,A,A,A
9246,A,A,A,A,A,A,A,A,A,A
9247,A,A,A,A,A,A,A,A,A,A
9248,A,A,A,A,A,A,A,A,A,A
9249,A,A,A,A,A,A,A,A,A,A
9250,A,A,A,A,A,A,A,A,A,A
9251,A,A,A,A,A,A,A,A,A,A
9252,A,A,A,A,A,A,A,A,A,A
9253,A,A,A,A,A,A,A,A,A,A
9254,A,A,A,A,A,A,A,A,A,A
9255,A,A,A,A,A,A,A,A,A,A
9256,A,A,A,A,A,A,A,A,A,A
9257,A,A,A,A,A,A,A,A,A,A
9258,A,A,A,A,A,A,A,A,A,A
9259,A,A,A,A,A,A,A,A,A,A
9260,A,A,A,A,A,A,A,A,A,A
9261,A,A,A,A,A,A,A,A,A,A
9262,A,A,A,A,A,A,A,A,A,A
9263,A,A,A,A,A,A,A,A,A,A
9264,A,A,A,A,A,A,A,A,A,A
9265,A,A,A,A,A,A,A,A,A,A
9266,A,A,A,A,A,A,A,A,A,A
9267,A,A,A,A,A,A,A,A,A,A
9268,A,A,A,A,A,A,A,A,A,A
9269,A,A,A,A,A,A,A,A,A,A
9270,A,A,A,A,A,A,A,A,A,A
9271,A,A,A,A,A,A,A,A,A,A
9272,A,A,A,A,A,A,A,A,A,A
9273,A,A,A,A,A,A,A,A,A,A
9274,A,A,A,A,A,A,A,A,A,A
9275,A,A,A,A,A,A,A,A,A,A
9276,A,A,A,A,A,A,A,A,A,A
9277,A,A,A,A,A,A,A,A,A,A
9278,A,A,A,A,A,A,A,A,A,A
9279,A,A,A,A,A,A,A,A,A,A
9280,A,A,A,A,A,A,A,A,A,A
9281,A,A,A,A,A,A,A,A,A,A
9282,A,A,A,A,A,A,A,A,A,A
9283,A,A,A,A,A,A,A,A,A,A
9284,A,A,A,A,A,A,A,A,A,A
9285,A,A,A,A,A,A,A,A,A,A
9286,A,A,A,A,A,A,A,A,A,A
9287,A,A,A,A,A,A,A,A,A,A
9288,A,A,A,A,A,A,A,A,A,A
9289,A,A,A,A,A,A,A,A,A,A
9290,A,A,A,A,A,A,A,A,A,A
9291,A,A,A,A,A,A,A,A,A,A
9292,A,A,A,A,A,A,A,A,A,A
9293,A,A,A,A,A,A,A,A,A,A
9294,A,A,A,A,A,A,A,A,A,A
9295,A,A,A,A,A,A,A,A,A,A
9296,A,A,A,A,A,A,A,A,A,A
9297,A,A,A,A,A,A,A,A,A,A
9298,A,A,A,A,A,A,A,A,A,A
9299,A,A,A,A,A,A,A,A,A,A
9300,A,A,A,A,A,A,A,A,A,A
9301,A,A,A,A,A,A,A,A,A,A
9302,A,A,A,A,A,A,A,A,A,A
9303,A,A,A,A,A,A,A,A,A,A
9304,A,A,A,A,A,A,A,A,A,A
9305,A,A,A,A,A,A,A,A,A,A
9306,A,A,A,A,A,A,A,A,A,A
9307,A,A,A,A,A,A,A,A,A,A
9308,A,A,A,A,A,A,A,A,A,A
9309,A,A,A,A,A,A,A,A,A,A
9310,A,A,A,A,A,A,A,A,A,A
9311,A,A,A,A,A,A,A,A,A,A
9312,A,A,A,A,A,A,A,A,A,A
9313,A,A,A,A,A,A,A,A,A,A
9314,A,A,A,A,A,A,A,A,A,A
9315,A,A,A,A,A,A,A,A,A,A
9316,A,A,A,A,A,A,A,A,A,A
9317,A,A,A,A,A,A,A,A,A,A
9318,A,A,A,A,A,A,A,A,A,A
9319,A,A,A,A,A,A,A,A,A,A
9320,A,A,A,A,A,A,A,A,A,A
9321,A,A,A,A,A,A,A,A,A,A
9322,A,A,A,A,A,A,A,A,A,A
9323,A,A,A,A,A,A,A,A,A,A
9324,A,A,A,A,A,A,A,A,A,A
9325,A,A,A,A,A,A,A,A,A,A
9326,A,A,A,A,A,A,A,A,A,A
9327,A,A,A,A,A,A,A,A,A,A
9328,A,A,A,A,A,A,A,A,A,A
9329,I,I,I,O,O,O,O,O,O,O
9330,O,O,O,O,O,O,O,O,O,O
9331,O,O,O,O,O,O,O,O,O,O
9332,E,E,E,E,E,E,E,E,E,E
9333,A,A,A,A,A,A,A,A,A,A
9334,A,A,A,A,A,A,A,A,A,A
9335,A,A,A,A,A,A,A,A,A,A
9336,A,A,A,A,A,A,A,A,A,A
9337,A,A,A,A,A,A,A,A,A,A
9338,A,A,A,A,A,A,A,A,A,A
9339,A,A,A,A,A,A,A,A,A,A
9340,A,A,A,A,A,A,A,A,A,A
9341,A,A,A,A,A,A,A,A,A,A
9342,A,A,A,A,A,A,A,A,A,A
9343,A,A,A,A,A,A,A,A,A,A
9344,A,A,A,A,A,A,A,A,A,A
9345,A,A,A,A,A,A,A,A,A,A
9346,A,A,A,A,A,A,A,A,A,A
9347,A,A,A,A,A,A,A,A,A,A
9348,A,A,A,A,A,A,A,A,A,A
9349,A,A,A,A,A,A,A,A,A,A
9350,A,A,A,A,A,A,A,A,A,A
9351,A,A,A,A,A,A,A,A,A,A
9352,A,A,A,A,A,A,A,A,A,A
9353,A,A,A,A,A,A,A,A,A,A
9354,A,A,A,A,A,A,A,A,A,A
9355,A,A,A,A,A,A,A,A,A,A
9356,A,A,A,A,A,A,A,A,A,A
9357,A,A,A,A,A,A,A,A,A,A
9358,A,A,A,A,A,A,A,A,A,A
9359,A,A,A,A,A,A,A,A,A,A
9360,A,A,A,A,A,A,A,A,A,A
9361,A,A,A,A,A,A,A,A,A,A
9362,A,A,A,A,A,A,A,A,A,A
9363,A,A,A,A,A,A,A,A,A,A
9364,A,A,A,A,A,A,A,A,A,A
9365,A,A,A,A,A,A,A,A,A,A
9366,A,A,A,A,A,A,A,A,A,A
9367,A,A,A,A,A,A,A,A,A,A
9368,A,A,A,A,A,A,A,A,A,A
9369,A,A,A,A,A,A,A,A,A,A
9370,A,A,A,A,A,A,A,A,A,A
9371,A,A,A,A,A,A,A,A,A,A
9372,A,A,A,A,A,A,A,A,A,A
9373,A,A,A,A,A,A,A,A,A,A
9374,A,A,A,A,A,A,A,A,A,A
9375,A,A,A,A,A,A,A,A,A,A
9376,A,A,A,A,A,A,A,A,A,A
9377,A,A,A,A,A,A,A,A,A,A
9378,A,A,A,A,A,A,A,A,A,A
9379,A,A,A,A,A,A,A,A,A,A
9380,A,A,A,A,A,A,A,A,A,A
9381,A,A,A,A,A,A,A,A,A,A
9382,A,A,A,A,A,A,A,A,A,A
9383,A,A,A,A,A,A,A,A,A,A
9384,A,A,A,A,A,A,A,A,A,A
9385,A,A,A,A,A,A,A,A,A,A
9386,A,A,A,A,A,A,A,A,A,A
9387,A,A,A,A,A,A,A,A,A,A
9388,A,A,A,A,A,A,A,A,A,A
9389,A,A,A,A,A,A,A,A,A,A
9390,A,A,A,A,A,A,A,A,A,A
9391,A,A,A,A,A,A,A,A,A,A
9392,A,A,A,A,A,A,A,A,A,A
9393,A,A,A,A,A,A,A,A,A,A
9394,A,A,A,A,A,A,A,A,A,A
9395,A,A,A,A,A,A,A,A,A,A
9396,A,A,A,A,A,A,A,A,A,A
9397,A,A,A,A,A,A,A,A,A,A
9398,A,A,A,A,A,A,A,A,A,A
9399,A,A,A,A,A,A,A,A,A,A
9400,A,A,A,A,A,A,A,A,A,A
9401,A,A,A,A,A,A,A,A,A,A
9402,A,A,A,A,A,A,A,A,A,A
9403,A,A,A,A,A,A,A,A,A,A
9404,A,A,A,A,A,A,A,A,A,A
9405,A,A,A,A,A,A,A,A,A,A
9406,A,A,A,A,A,A,A,A,A,A
9407,A,A,A,A,A,A,A,A,A,A
9408,A,A,A,A,A,A,A,A,A,A
9409,A,A,A,A,A,A,A,A,A,A
9410,A,A,A,A,A,A,A,A,A,A
9411,A,A,A,A,A,A,A,A,A,A
9412,A,A,A,A,A,A,A,A,A,A
9413,A,A,A,A,A,A,A,A,A,A
9414,A,A,A,A,A,A,A,A,A,A
9415,A,A,A,A,A,A,A,A,A,A
9416,A,A,A,A,A,A,A,A,A,A
9417,A,A,A,A,A,A,A,A,A,A
9418,A,A,A,A,A,A,A,A,A,A
9420,A,A,A,A,A,A,A,A,A,A
9423,A,A,A,A,A,A,A,A,A,A
9426,A,A,A,A,A,A,A,A,A,A
9429,A,A,A,A,A,A,A,A,A,A
9432,A,A,A,A,A,A,A,A,A,A
9435,A,A,A,A,A,A,A,A,A,A
9438,A,A,A,A,A,A,A,A,A,A
9441,A,A,A,A,A,A,A,A,A,A
9442,A,A,A,A,A,A,A,A,A,A
9444,A,A,A,A,A,A,A,A,A,A
9446,A,A,A,A,A,A,A,A,A,A
9447,A,A,A,A,A,A,A,A,A,A
9448,A,A,A,A,A,A,A,A,A,A
9449,A,A,A,A,A,A,A,A,A,A
9450,A,A,A,A,A,A,A,A,A,A
9451,A,A,A,A,A,A,A,A,A,A
9452,A,A,A,A,A,A,A,A,A,A
9453,A,A,A,A,A,A,A,A,A,A
9454,A,A,A,A,A,A,A,A,A,A
9455,A,A,A,A,A,A,A,A,A,A
9456,A,A,A,A,A,A,A,A,A,A
9457,A,A,A,A,A,A,A,A,A,A
9458,A,A,A,A,A,A,A,A,A,A
9459,A,A,A,A,A,A,A,A,A,A
9460,A,A,A,A,A,A,A,A,A,A
9461,A,A,A,A,A,A,A,A,A,A
9462,J,J,J,J,J,J,J,J,J,J
9463,A,A,A,A,A,A,A,A,A,A
9464,A,A,A,A,A,A,A,A,A,A
9465,A,A,A,A,A,A,A,A,A,A
9466,A,A,A,A,A,A,A,A,A,A
9467,A,A,A,A,A,A,A,A,A,A
9468,A,A,A,A,A,A,A,A,A,A
9469,A,A,A,A,A,A,A,A,A,A
9470,A,A,A,A,A,A,A,A,A,A
9471,A,A,A,A,A,A,A,A,A,A
9472,A,A,A,A,A,A,A,A,A,A
9473,A,A,A,A,A,A,A,A,A,A
9474,A,A,A,A,A,A,A,A,A,A
9475,A,A,A,A,A,A,A,A,A,A
9476,A,A,A,A,A,A,A,A,A,A
9477,A,A,A,A,A,A,A,A,A,A
9478,A,A,A,A,A,A,A,A,A,A
9479,A,A,A,A,A,A,A,A,A,A
9480,A,A,A,A,A,A,A,A,A,A
9481,A,A,A,A,A,A,A,A,A,A
9482,A,A,A,A,A,A,A,A,A,A
9483,A,A,A,A,A,A,A,A,A,A
9484,A,A,A,A,A,A,A,A,A,A
9485,A,A,A,A,A,A,A,A,A,A
9486,A,A,A,A,A,A,A,A,A,A
9487,A,A,A,A,A,A,A,A,A,A
9488,A,A,A,A,A,A,A,A,A,A
9489,A,A,A,A,A,A,A,A,A,A
9490,A,A,A,A,A,A,A,A,A,A
9491,A,A,A,A,A,A,A,A,A,A
9492,A,A,A,A,A,A,A,A,A,A
9493,A,A,A,A,A,A,A,A,A,A
9494,A,A,A,A,A,A,A,A,A,A
9495,A,A,A,A,A,A,A,A,A,A
9496,A,A,A,A,A,A,A,A,A,A
9497,A,A,A,A,A,A,A,A,A,A
9498,A,A,A,A,A,A,A,A,A,A
9499,A,A,A,A,A,A,A,A,A,A
9501,A,A,A,A,A,A,A,A,A,A
9502,A,A,A,A,A,A,A,A,A,A
9503,A,A,A,A,A,A,A,A,A,A
9504,A,A,A,A,A,A,A,A,A,A
9505,A,A,A,A,A,A,A,A,A,A
9506,A,A,A,A,A,A,A,A,A,A
9507,A,A,A,A,A,A,A,A,A,A
9508,A,A,A,A,A,A,A,A,A,A
9509,A,A,A,A,A,A,A,A,A,A
9510,A,A,A,A,A,A,A,A,A,A
9511,A,A,A,A,A,A,A,A,A,A
9512,A,A,A,A,A,A,A,A,A,A
9513,A,A,A,A,A,A,A,A,A,A
9514,A,A,A,A,A,A,A,A,A,A
9515,A,A,A,A,A,A,A,A,A,A
9516,A,A,A,A,A,A,A,A,A,A
9517,A,A,A,A,A,A,A,A,A,A
9518,A,A,A,A,A,A,A,A,A,A
9519,A,A,A,A,A,A,A,A,A,A
9520,A,A,A,A,A,A,A,A,A,A
9521,A,A,A,A,A,A,A,A,A,A
9522,A,A,A,A,A,A,A,A,A,A
9523,A,A,A,A,A,A,A,A,A,A
9525,A,A,A,A,A,A,A,A,A,A
9526,A,A,A,A,A,A,A,A,A,A
9527,A,A,A,A,A,A,A,A,A,A
9528,A,A,A,A,A,A,A,A,A,A
9529,A,A,A,A,A,A,A,A,A,A
9530,A,A,A,A,A,A,A,A,A,A
9531,A,A,A,A,A,A,A,A,A,A
9532,A,A,A,A,A,A,A,A,A,A
9533,A,A,A,A,A,A,A,A,A,A
9534,A,A,A,A,A,A,A,A,A,A
9535,A,A,A,A,A,A,A,A,A,A
9536,A,A,A,A,A,A,A,A,A,A
9537,A,A,A,A,A,A,A,A,A,A
9538,A,A,A,A,A,A,A,A,A,A
9539,A,A,A,A,A,A,A,A,A,A
9540,A,A,A,A,A,A,A,A,A,A
9541,A,A,A,A,A,A,A,A,A,A
9542,A,A,A,A,A,A,A,A,A,A
9543,A,A,A,A,A,A,A,A,A,A
9544,A,A,A,A,A,A,A,A,A,A
9545,A,A,A,A,A,A,A,A,A,A
9546,A,A,A,A,A,A,A,A,A,A
9547,A,A,A,A,A,A,A,A,A,A
9548,A,A,A,A,A,A,A,A,A,A
9549,A,A,A,A,A,A,A,A,A,A
9550,A,A,A,A,A,A,A,A,A,A
9551,A,A,A,A,A,A,A,A,A,A
9552,A,A,A,A,A,A,A,A,A,A
9553,A,A,A,A,A,A,A,A,A,A
9554,A,A,A,A,A,A,A,A,A,A
9555,A,A,A,A,A,A,A,A,A,A
9556,A,A,A,A,A,A,A,A,A,A
9557,A,A,A,A,A,A,A,A,A,A
9558,A,A,A,A,A,A,A,A,A,A
9559,A,A,A,A,A,A,A,A,A,A
9560,A,A,A,A,A,A,A,A,A,A
9561,A,A,A,A,A,A,A,A,A,A
9562,A,A,A,A,A,A,A,A,A,A
9563,A,A,A,A,A,A,A,A,A,A
9564,A,A,A,A,A,A,A,A,A,A
9565,A,A,A,A,A,A,A,A,A,A
9566,L,L,L,L,L,L,L,L,L,L
9567,A,A,A,A,A,A,A,A,A,A
9568,L,L,L,L,L,L,L,L,L,L
9569,A,A,A,A,A,A,A,A,A,A
9570,A,A,A,A,A,A,A,A,A,A
9571,A,A,A,A,A,A,A,A,A,A
9572,A,A,A,A,A,A,A,A,A,A
9573,A,A,A,A,A,A,A,A,A,A
9574,A,A,A,A,A,A,A,A,A,A
9575,A,A,A,A,A,A,A,A,A,A
9576,A,A,A,A,A,A,A,A,A,A
9577,A,A,A,A,A,A,A,A,A,A
9578,A,A,A,A,A,A,A,A,A,A
9579,A,A,A,A,A,A,A,A,A,A
9580,A,A,A,A,A,A,A,A,A,A
9581,A,A,A,A,A,A,A,A,A,A
9582,A,A,A,A,A,A,A,A,A,A
9583,A,A,A,A,A,A,A,A,A,A
9584,A,A,A,A,A,A,A,A,A,A
9585,A,A,A,A,A,A,A,A,A,A
9586,A,A,A,A,A,A,A,A,A,A
9587,A,A,A,A,A,A,A,A,A,A
9588,A,A,A,A,A,A,A,A,A,A
9589,A,A,A,A,A,A,A,A,A,A
9590,A,A,A,A,A,A,A,A,A,A
9591,A,A,A,A,A,A,A,A,A,A
9592,A,A,A,A,A,A,A,A,A,A
9593,A,A,A,A,A,A,A,A,A,A
9594,A,A,A,A,A,A,A,A,A,A
9595,A,A,A,A,A,A,A,A,A,A
9596,A,A,A,A,A,A,A,A,A,A
9597,A,A,A,A,A,A,A,A,A,A
9598,A,A,A,A,A,A,A,A,A,A
9599,A,A,A,A,A,A,A,A,A,A
9600,A,A,A,A,A,A,A,A,A,A
9601,A,A,A,A,A,A,A,A,A,A
9602,A,A,A,A,A,A,A,A,A,A
9603,A,A,A,A,A,A,A,A,A,A
9604,A,A,A,A,A,A,A,A,A,A
9605,A,A,A,A,A,A,A,A,A,A
9606,A,A,A,A,A,A,A,A,A,A
9607,A,A,A,A,A,A,A,A,A,A
9608,A,A,A,A,A,A,A,A,A,A
9609,A,A,A,A,A,A,A,A,A,A
9610,A,A,A,A,A,A,A,A,A,A
9611,A,A,A,A,A,A,A,A,A,A
9612,A,A,A,A,A,A,A,A,A,A
9613,A,A,A,A,A,A,A,A,A,A
9614,A,A,A,A,A,A,A,A,A,A
9615,A,A,A,A,A,A,A,A,A,A
9616,A,A,A,A,A,A,A,A,A,A
9617,A,A,A,A,A,A,A,A,A,A
9618,A,A,A,A,A,A,A,A,A,A
9619,A,A,A,A,A,A,A,A,A,A
9620,A,A,A,A,A,A,A,A,A,A
9621,A,A,A,A,A,A,A,A,A,A
9622,A,A,A,A,A,A,A,A,A,A
9623,A,A,A,A,A,A,A,A,A,A
9624,A,A,A,A,A,A,A,A,A,A
9625,A,A,A,A,A,A,A,A,A,A
9626,A,A,A,A,A,A,A,A,A,A
9627,A,A,A,A,A,A,A,A,A,A
9628,A,A,A,A,A,A,A,A,A,A
9629,A,A,A,A,A,A,A,A,A,A
9630,A,A,A,A,A,A,A,A,A,A
9631,A,A,A,A,A,A,A,A,A,A
9632,A,A,A,A,A,A,A,A,A,A
9633,A,A,A,A,A,A,A,A,A,A
9634,A,A,A,A,A,A,A,A,A,A
9635,A,A,A,A,A,A,A,A,A,A
9636,A,A,A,A,A,A,A,A,A,A
9637,A,A,A,A,A,A,A,A,A,A
9638,A,A,A,A,A,A,A,A,A,A
9639,A,A,A,A,A,A,A,A,A,A
9640,A,A,A,A,A,A,A,A,A,A
9641,A,A,A,A,A,A,A,A,A,A
9642,A,A,A,A,A,A,A,A,A,A
9643,A,A,A,A,A,A,A,A,A,A
9644,A,A,A,A,A,A,A,A,A,A
9645,A,A,A,A,A,A,A,A,A,A
9646,A,A,A,A,A,A,A,A,A,A
9647,A,A,A,A,A,A,A,A,A,A
9648,A,A,A,A,A,A,A,A,A,A
9649,A,A,A,A,A,A,A,A,A,A
9650,A,A,A,A,A,A,A,A,A,A
9651,A,A,A,A,A,A,A,A,A,A
9652,A,A,A,A,A,A,A,A,A,A
9653,A,A,A,A,A,A,A,A,A,A
9654,A,A,A,A,A,A,A,A,A,A
9655,A,A,A,A,A,A,A,A,A,A
9656,A,A,A,A,A,A,A,A,A,A
9657,A,A,A,A,A,A,A,A,A,A
9658,A,A,A,A,A,A,A,A,A,A
9659,A,A,A,A,A,A,A,A,A,A
9660,A,A,A,A,A,A,A,A,A,A
9661,A,A,A,A,A,A,A,A,A,A
9662,A,A,A,A,A,A,A,A,A,A
9663,A,A,A,A,A,A,A,A,A,A
9664,A,A,A,A,A,A,A,A,A,A
9665,A,A,A,A,A,A,A,A,A,A
9666,A,A,A,A,A,A,A,A,A,A
9667,A,A,A,A,A,A,A,A,A,A
9668,A,A,A,A,A,A,A,A,A,A
9669,A,A,A,A,A,A,A,A,A,A
9670,A,A,A,A,A,A,A,A,A,A
9671,A,A,A,A,A,A,A,A,A,A
9672,A,A,A,A,A,A,A,A,A,A
9673,A,A,A,A,A,A,A,A,A,A
9674,A,A,A,A,A,A,A,A,A,A
9675,A,A,A,A,A,A,A,A,A,A
9676,A,A,A,A,A,A,A,A,A,A
9677,A,A,A,A,A,A,A,A,A,A
9678,A,A,A,A,A,A,A,A,A,A
9679,A,A,A,A,A,A,A,A,A,A
9680,A,A,A,A,A,A,A,A,A,A
9681,A,A,A,A,A,A,A,A,A,A
9682,A,A,A,A,A,A,A,A,A,A
9683,A,A,A,A,A,A,A,A,A,A
9684,A,A,A,A,A,A,A,A,A,A
9685,A,A,A,A,A,A,A,A,A,A
9686,A,A,A,A,A,A,A,A,A,A
9687,A,A,A,A,A,A,A,A,A,A
9688,A,A,A,A,A,A,A,A,A,A
9689,A,A,A,A,A,A,A,A,A,A
9690,A,A,A,A,A,A,A,A,A,A
9691,A,A,A,A,A,A,A,A,A,A
9692,A,A,A,A,A,A,A,A,A,A
9693,A,A,A,A,A,A,A,A,A,A
9694,A,A,A,A,A,A,A,A,A,A
9695,A,A,A,A,A,A,A,A,A,A
9696,A,A,A,A,A,A,A,A,A,A
9697,A,A,A,A,A,A,A,A,A,A
9698,A,A,A,A,A,A,A,A,A,A
9699,A,A,A,A,A,A,A,A,A,A
9700,A,A,A,A,A,A,A,A,A,A
9701,A,A,A,A,A,A,A,A,A,A
9702,A,A,A,A,A,A,A,A,A,A
9703,A,A,A,A,A,A,A,A,A,A
9704,A,A,A,A,A,A,A,A,A,A
9705,A,A,A,A,A,A,A,A,A,A
9706,A,A,A,A,A,A,A,A,A,A
9707,A,A,A,A,A,A,A,A,A,A
9708,A,A,A,A,A,A,A,A,A,A
9709,A,A,A,A,A,A,A,A,A,A
9710,A,A,A,A,A,A,A,A,A,A
9711,A,A,A,A,A,A,A,A,A,A
9712,A,A,A,A,A,A,A,A,A,A
9713,A,A,A,A,A,A,A,A,A,A
9714,A,A,A,A,A,A,A,A,A,A
9715,A,A,A,A,A,A,A,A,A,A
9716,A,A,A,A,A,A,A,A,A,A
9717,A,A,A,A,A,A,A,A,A,A
9718,A,A,A,A,A,A,A,A,A,A
9719,A,A,A,A,A,A,A,A,A,A
9720,A,A,A,A,A,A,A,A,A,A
9721,A,A,A,A,A,A,A,A,A,A
9722,A,A,A,A,A,A,A,A,A,A
9723,A,A,A,A,A,A,A,A,A,A
9724,A,A,A,A,A,A,A,A,A,A
9725,A,A,A,A,A,A,A,A,A,A
9726,A,A,A,A,A,A,A,A,A,A
9727,A,A,A,A,A,A,A,A,A,A
9728,A,A,A,A,A,A,A,A,A,A
9729,A,A,A,A,A,A,A,A,A,A
9730,A,A,A,A,A,A,A,A,A,A
9731,A,A,A,A,A,A,A,A,A,A
9732,A,A,A,A,A,A,A,A,A,A
9733,A,A,A,A,A,A,A,A,A,A
9734,A,A,A,A,A,A,A,A,A,A
9735,A,A,A,A,A,A,A,A,A,A
9736,A,A,A,A,A,A,A,A,A,A
9737,A,A,A,A,A,A,A,A,A,A
9738,A,A,A,A,A,A,A,A,A,A
9739,A,A,A,A,A,A,A,A,A,A
9740,A,A,A,A,A,A,A,A,A,A
9741,A,A,A,A,A,A,A,A,A,A
9742,A,A,A,A,A,A,A,A,A,A
9743,A,A,A,A,A,A,A,A,A,A
9744,A,A,A,A,A,A,A,A,A,A
9745,A,A,A,A,A,A,A,A,A,A
9746,A,A,A,A,A,A,A,A,A,A
9747,A,A,A,A,A,A,A,A,A,A
9748,A,A,A,A,A,A,A,A,A,A
9749,A,A,A,A,A,A,A,A,A,A
9750,A,A,A,A,A,A,A,A,A,A
9751,A,A,A,A,A,A,A,A,A,A
9752,A,A,A,A,A,A,A,A,A,A
9753,A,A,A,A,A,A,A,A,A,A
9754,A,A,A,A,A,A,A,A,A,A
9755,A,A,A,A,A,A,A,A,A,A
9756,A,A,A,A,A,A,A,A,A,A
9757,A,A,A,A,A,A,A,A,A,A
9758,A,A,A,A,A,A,A,A,A,A
9759,A,A,A,A,A,A,A,A,A,A
9760,A,A,A,A,A,A,A,A,A,A
9761,A,A,A,A,A,A,A,A,A,A
9762,A,A,A,A,A,A,A,A,A,A
9763,A,A,A,A,A,A,A,A,A,A
9764,A,A,A,A,A,A,A,A,A,A
9765,H,H,H,H,H,H,H,H,H,H
9766,A,A,A,A,A,A,A,A,A,A
9767,A,A,A,A,A,A,A,A,A,A
9768,A,A,A,A,A,A,A,A,A,A
9769,A,A,A,A,A,A,A,A,A,A
9770,A,A,A,A,A,A,A,A,A,A
9771,A,A,A,A,A,A,A,A,A,A
9772,A,A,A,A,A,A,A,A,A,A
9773,A,A,A,A,A,A,A,A,A,A
9774,A,A,A,A,A,A,A,A,A,A
9775,A,A,A,A,A,A,A,A,A,A
9776,A,A,A,A,A,A,A,A,A,A
9777,A,A,A,A,A,A,A,A,A,A
9778,A,A,A,A,A,A,A,A,A,A
9779,A,A,A,A,A,A,A,A,A,A
9780,A,A,A,A,A,A,A,A,A,A
9781,A,A,A,A,A,A,A,A,A,A
9782,A,A,A,A,A,A,A,A,A,A
9783,A,A,A,A,A,A,A,A,A,A
9784,A,A,A,A,A,A,A,A,A,A
9785,A,A,A,A,A,A,A,A,A,A
9786,A,A,A,A,A,A,A,A,A,A
9787,A,A,A,A,A,A,A,A,A,A
9788,A,A,A,A,A,A,A,A,A,A
9789,A,A,A,A,A,A,A,A,A,A
9790,A,A,A,A,A,A,A,A,A,A
9791,A,A,A,A,A,A,A,A,A,A
9792,A,A,A,A,A,A,A,A,A,A
9793,A,A,A,A,A,A,A,A,A,A
9794,A,A,A,A,A,A,A,A,A,A
9795,A,A,A,A,A,A,A,A,A,A
9796,A,A,A,A,A,A,A,A,A,A
9797,A,A,A,A,A,A,A,A,A,A
9798,A,A,A,A,A,A,A,A,A,A
9799,A,A,A,A,A,A,A,A,A,A
9800,A,A,A,A,A,A,A,A,A,A
9801,A,A,A,A,A,A,A,A,A,A
9802,A,A,A,A,A,A,A,A,A,A
9803,A,A,A,A,A,A,A,A,A,A
9804,A,A,A,A,A,A,A,A,A,A
9805,A,A,A,A,A,A,A,A,A,A
9806,A,A,A,A,A,A,A,A,A,A
9807,A,A,A,A,A,A,A,A,A,A
9808,A,A,A,A,A,A,A,A,A,A
9809,A,A,A,A,A,A,A,A,A,A
9810,A,A,A,A,A,A,A,A,A,A
9811,A,A,A,A,A,A,A,A,A,A
9812,A,A,A,A,A,A,A,A,A,A
9813,A,A,A,A,A,A,A,A,A,A
9814,A,A,A,A,A,A,A,A,A,A
9815,A,A,A,A,A,A,A,A,A,A
9816,A,A,A,A,A,A,A,A,A,A
9817,A,A,A,A,A,A,A,A,A,A
9818,A,A,A,A,A,A,A,A,A,A
9819,A,A,A,A,A,A,A,A,A,A
9820,A,A,A,A,A,A,A,A,A,A
9821,A,A,A,A,A,A,A,A,A,A
9822,A,A,A,A,A,A,A,A,A,A
9823,A,A,A,A,A,A,A,A,A,A
9824,A,A,A,A,A,A,A,A,A,A
9825,A,A,A,A,A,A,A,A,A,A
9826,A,A,A,A,A,A,A,A,A,A
9827,A,A,A,A,A,A,A,A,A,A
9828,A,A,A,A,A,A,A,A,A,A
9829,A,A,A,A,A,A,A,A,A,A
9830,A,A,A,A,A,A,A,A,A,A
9831,A,A,A,A,A,A,A,A,A,A
9832,A,A,A,A,A,A,A,A,A,A
9833,A,A,A,A,A,A,A,A,A,A
9834,A,A,A,A,A,A,A,A,A,A
9835,A,A,A,A,A,A,A,A,A,A
9836,A,A,A,A,A,A,A,A,A,A
9837,A,A,A,A,A,A,A,A,A,A
9838,A,A,A,A,A,A,A,A,A,A
9839,A,A,A,A,A,A,A,A,A,A
9840,A,A,A,A,A,A,A,A,A,A
9841,A,A,A,A,A,A,A,A,A,A
9842,A,A,A,A,A,A,A,A,A,A
9843,A,A,A,A,A,A,A,A,A,A
9844,A,A,A,A,A,A,A,A,A,A
9845,A,A,A,A,A,A,A,A,A,A
9846,A,A,A,A,A,A,A,A,A,A
9847,A,A,A,A,A,A,A,A,A,A
9848,A,A,A,A,A,A,A,A,A,A
9849,A,A,A,A,A,A,A,A,A,A
9850,A,A,A,A,A,A,A,A,A,A
9851,A,A,A,A,A,A,A,A,A,A
9852,A,A,A,A,A,A,A,A,A,A
9853,A,A,A,A,A,A,A,A,A,A
9854,A,A,A,A,A,A,A,A,A,A
9855,A,A,A,A,A,A,A,A,A,A
9856,A,A,A,A,A,A,A,A,A,A
9857,A,A,A,A,A,A,A,A,A,A
9858,A,A,A,A,A,A,A,A,A,A
9859,A,A,A,A,A,A,A,A,A,A
9860,A,A,A,A,A,A,A,A,A,A
9861,A,A,A,A,A,A,A,A,A,A
9862,A,A,A,A,A,A,A,A,A,A
9863,A,A,A,A,A,A,A,A,A,A
9864,A,A,A,A,A,A,A,A,A,A
9865,A,A,A,A,A,A,A,A,A,A
9866,A,A,A,A,A,A,A,A,A,A
9867,A,A,A,A,A,A,A,A,A,A
9868,A,A,A,A,A,A,A,A,A,A
9869,A,A,A,A,A,A,A,A,A,A
9870,A,A,A,A,A,A,A,A,A,A
9871,A,A,A,A,A,A,A,A,A,A
9872,A,A,A,A,A,A,A,A,A,A
9873,A,A,A,A,A,A,A,A,A,A
9874,A,A,A,A,A,A,A,A,A,A
9875,A,A,A,A,A,A,A,A,A,A
9876,A,A,A,A,A,A,A,A,A,A
9877,A,A,A,A,A,A,A,A,A,A
9878,A,A,A,A,A,A,A,A,A,A
9879,A,A,A,A,A,A,A,A,A,A
9880,A,A,A,A,A,A,A,A,A,A
9881,A,A,A,A,A,A,A,A,A,A
9882,A,A,A,A,A,A,A,A,A,A
9883,A,A,A,A,A,A,A,A,A,A
9884,A,A,A,A,A,A,A,A,A,A
9885,A,A,A,A,A,A,A,A,A,A
9886,A,A,A,A,A,A,A,A,A,A
9887,A,A,A,A,A,A,A,A,A,A
9888,A,A,A,A,A,A,A,A,A,A
9889,A,A,A,A,A,A,A,A,A,A
9890,A,A,A,A,A,A,A,A,A,A
9891,A,A,A,A,A,A,A,A,A,A
9892,A,A,A,A,A,A,A,A,A,A
9893,A,A,A,A,A,A,A,A,A,A
9894,A,A,A,A,A,A,A,A,A,A
9895,A,A,A,A,A,A,A,A,A,A
9896,A,A,A,A,A,A,A,A,A,A
9897,A,A,A,A,A,A,A,A,A,A
9898,A,A,A,A,A,A,A,A,A,A
9899,A,A,A,A,A,A,A,A,A,A
9900,A,A,A,A,A,A,A,A,A,A
9901,A,A,A,A,A,A,A,A,A,A
9902,A,A,A,A,A,A,A,A,A,A
9903,A,A,A,A,A,A,A,A,A,A
9904,A,A,A,A,A,A,A,A,A,A
9905,A,A,A,A,A,A,A,A,A,A
9906,A,A,A,A,A,A,A,A,A,A
9907,A,A,A,A,A,A,A,A,A,A
9908,A,A,A,A,A,A,A,A,A,A
9909,A,A,A,A,A,A,A,A,A,A
9910,A,A,A,A,A,A,A,A,A,A
9911,A,A,A,A,A,A,A,A,A,A
9912,A,A,A,A,A,A,A,A,A,A
9913,A,A,A,A,A,A,A,A,A,A
9914,A,A,A,A,A,A,A,A,A,A
9915,A,A,A,A,A,A,A,A,A,A
9916,A,A,A,A,A,A,A,A,A,A
9917,A,A,A,A,A,A,A,A,A,A
9918,A,A,A,A,A,A,A,A,A,A
9919,A,A,A,A,A,A,A,A,A,A
9920,A,A,A,A,A,A,A,A,A,A
9921,A,A,A,A,A,A,A,A,A,A
9922,A,A,A,A,A,A,A,A,A,A
9923,A,A,A,A,A,A,A,A,A,A
9924,A,A,A,A,A,A,A,A,A,A
9925,A,A,A,A,A,A,A,A,A,A
9926,A,A,A,A,A,A,A,A,A,A
9927,A,A,A,A,A,A,A,A,A,A
9928,A,A,A,A,A,A,A,A,A,A
9929,A,A,A,A,A,A,A,A,A,A
9930,A,A,A,A,A,A,A,A,A,A
9931,A,A,A,A,A,A,A,A,A,A
9932,A,A,A,A,A,A,A,A,A,A
9933,A,A,A,A,A,A,A,A,A,A
9934,A,A,A,A,A,A,A,A,A,A
9935,A,A,A,A,A,A,A,A,A,A
9936,A,A,A,A,A,A,A,A,A,A
9937,A,A,A,A,A,A,A,A,A,A
9938,A,A,A,A,A,A,A,A,A,A
9939,A,A,A,A,A,A,A,A,A,A
9940,A,A,A,A,A,A,A,A,A,A
9941,A,A,A,A,A,A,A,A,A,A
9942,A,A,A,A,A,A,A,A,A,A
9943,A,A,A,A,A,A,A,A,A,A
9944,A,A,A,A,A,A,A,A,A,A
9945,A,A,A,A,A,A,A,A,A,A
9946,A,A,A,A,A,A,A,A,A,A
9947,A,A,A,A,A,A,A,A,A,A
9948,A,A,A,A,A,A,A,A,A,A
9949,A,A,A,A,A,A,A,A,A,A
9950,A,A,A,A,A,A,A,A,A,A
9951,A,A,A,A,A,A,A,A,A,A
9952,A,A,A,A,A,A,A,A,A,A
9953,A,A,A,A,A,A,A,A,A,A
9954,A,A,A,A,A,A,A,A,A,A
9955,A,A,A,A,A,A,A,A,A,A
9956,A,A,A,A,A,A,A,A,A,A
9957,A,A,A,A,A,A,A,A,A,A
9958,A,A,A,A,A,A,A,A,A,A
9959,A,A,A,A,A,A,A,A,A,A
9960,A,A,A,A,A,A,A,A,A,A
9961,A,A,A,A,A,A,A,A,A,A
9962,A,A,A,A,A,A,A,A,A,A
9963,A,A,A,A,A,A,A,A,A,A
9964,A,A,A,A,A,A,A,A,A,A
9965,A,A,A,A,A,A,A,A,A,A
9966,A,A,A,A,A,A,A,A,A,A
9967,A,A,A,A,A,A,A,A,A,A
9968,A,A,A,A,A,A,A,A,A,A
9969,A,A,A,A,A,A,A,A,A,A
9970,A,A,A,A,A,A,A,A,A,A
9971,A,A,A,A,A,A,A,A,A,A
9972,A,A,A,A,A,A,A,A,A,A
9973,A,A,A,A,A,A,A,A,A,A
9974,A,A,A,A,A,A,A,A,A,A
9975,A,A,A,A,A,A,A,A,A,A
9976,A,A,A,A,A,A,A,A,A,A
9977,A,A,A,A,A,A,A,A,A,A
9978,A,A,A,A,A,A,A,A,A,A
9979,A,A,A,A,A,A,A,A,A,A
9980,A,A,A,A,A,A,A,A,A,A
9981,A,A,A,A,A,A,A,A,A,A
9982,A,A,A,A,A,A,A,A,A,A
9983,A,A,A,A,A,A,A,A,A,A
9984,A,A,A,A,A,A,A,A,A,A
9985,A,A,A,A,A,A,A,A,A,A
9986,A,A,A,A,A,A,A,A,A,A
9987,A,A,A,A,A,A,A,A,A,A
9988,A,A,A,A,A,A,A,A,A,A
9989,A,A,A,A,A,A,A,A,A,A
9990,A,A,A,A,A,A,A,A,A,A
9991,A,A,A,A,A,A,A,A,A,A
9992,H,H,H,H,H,H,H,H,H,H
9993,A,A,A,A,A,A,A,A,A,A
9994,A,A,A,A,A,A,A,A,A,A
9995,A,A,A,A,A,A,A,A,A,A
9996,A,A,A,A,A,A,A,A,A,A
9997,A,A,A,A,A,A,A,A,A,A
9998,A,A,A,A,A,A,A,A,A,A
9999,A,A,A,A,A,A,A,A,A,A
10000,A,A,A,A,A,A,A,A,A,A
10001,A,A,A,A,A,A,A,A,A,A
10002,A,A,A,A,A,A,A,A,A,A
10003,A,A,A,A,A,A,A,A,A,A
10004,A,A,A,A,A,A,A,A,A,A
10005,A,A,A,A,A,A,A,A,A,A
10006,A,A,A,A,A,A,A,A,A,A
10007,A,A,A,A,A,A,A,A,A,A
10008,A,A,A,A,A,A,A,A,A,A
10009,A,A,A,A,A,A,A,A,A,A
10010,A,A,A,A,A,A,A,A,A,A
10011,A,A,A,A,A,A,A,A,A,A
10012,A,A,A,A,A,A,A,A,A,A
10013,A,A,A,A,A,A,A,A,A,A
10014,A,A,A,A,A,A,A,A,A,A
10015,A,A,A,A,A,A,A,A,A,A
10016,A,A,A,A,A,A,A,A,A,A
10017,A,A,A,A,A,A,A,A,A,A
10018,A,A,A,A,A,A,A,A,A,A
10019,A,A,A,A,A,A,A,A,A,A
10020,A,A,A,A,A,A,A,A,A,A
10021,A,A,A,A,A,A,A,A,A,A
10022,A,A,A,A,A,A,A,A,A,A
10023,A,A,A,A,A,A,A,A,A,A
10024,A,A,A,A,A,A,A,A,A,A
10025,A,A,A,A,A,A,A,A,A,A
10026,A,A,A,A,A,A,A,A,A,A
10027,A,A,A,A,A,A,A,A,A,A
10028,A,A,A,A,A,A,A,A,A,A
10029,A,A,A,A,A,A,A,A,A,A
10030,A,A,A,A,A,A,A,A,A,A
10031,A,A,A,A,A,A,A,A,A,A
10032,A,A,A,A,A,A,A,A,A,A
10033,A,A,A,A,A,A,A,A,A,A
10034,A,A,A,A,A,A,A,A,A,A
10035,A,A,A,A,A,A,A,A,A,A
10036,A,A,A,A,A,A,A,A,A,A
10037,A,A,A,A,A,A,A,A,A,A
10038,A,A,A,A,A,A,A,A,A,A
10039,A,A,A,A,A,A,A,A,A,A
10040,A,A,A,A,A,A,A,A,A,A
10041,A,A,A,A,A,A,A,A,A,A
10042,A,A,A,A,A,A,A,A,A,A
10043,A,A,A,A,A,A,A,A,A,A
10044,A,A,A,A,A,A,A,A,A,A
10045,A,A,A,A,A,A,A,A,A,A
10046,A,A,A,A,A,A,A,A,A,A
10047,A,A,A,A,A,A,A,A,A,A
10048,A,A,A,A,A,A,A,A,A,A
10049,A,A,A,A,A,A,A,A,A,A
10050,A,A,A,A,A,A,A,A,A,A
10051,A,A,A,A,A,A,A,A,A,A
10052,A,A,A,A,A,A,A,A,A,A
10053,A,A,A,A,A,A,A,A,A,A
10054,A,A,A,A,A,A,A,A,A,A
10055,A,A,A,A,A,A,A,A,A,A
10056,A,A,A,A,A,A,A,A,A,A
10057,A,A,A,A,A,A,A,A,A,A
10058,A,A,A,A,A,A,A,A,A,A
10059,A,A,A,A,A,A,A,A,A,A
10060,A,A,A,A,A,A,A,A,A,A
10061,A,A,A,A,A,A,A,A,A,A
10062,A,A,A,A,A,A,A,A,A,A
10063,A,A,A,A,A,A,A,A,A,A
10064,A,A,A,A,A,A,A,A,A,A
10065,A,A,A,A,A,A,A,A,A,A
10066,A,A,A,A,A,A,A,A,A,A
10067,A,A,A,A,A,A,A,A,A,A
10068,A,A,A,A,A,A,A,A,A,A
10069,A,A,A,A,A,A,A,A,A,A
10070,A,A,A,A,A,A,A,A,A,A
10071,A,A,A,A,A,A,A,A,A,A
10072,A,A,A,A,A,A,A,A,A,A
10073,A,A,A,A,A,A,A,A,A,A
10074,A,A,A,A,A,A,A,A,A,A
10075,A,A,A,A,A,A,A,A,A,A
10076,A,A,A,A,A,A,A,A,A,A
10077,A,A,A,A,A,A,A,A,A,A
10078,A,A,A,A,A,A,A,A,A,A
10079,A,A,A,A,A,A,A,A,A,A
10080,A,A,A,A,A,A,A,A,A,A
10081,A,A,A,A,A,A,A,A,A,A
10082,A,A,A,A,A,A,A,A,A,A
10083,A,A,A,A,A,A,A,A,A,A
10084,A,A,A,A,A,A,A,A,A,A
10085,A,A,A,A,A,A,A,A,A,A
10086,A,A,A,A,A,A,A,A,A,A
10087,A,A,A,A,A,A,A,A,A,A
10088,A,A,A,A,A,A,A,A,A,A
10089,A,A,A,A,A,A,A,A,A,A
10090,A,A,A,A,A,A,A,A,A,A
10091,A,A,A,A,A,A,A,A,A,A
10092,A,A,A,A,A,A,A,A,A,A
10093,A,A,A,A,A,A,A,A,A,A
10094,A,A,A,A,A,A,A,A,A,A
10095,A,A,A,A,A,A,A,A,A,A
10096,A,A,A,A,A,A,A,A,A,A
10097,A,A,A,A,A,A,A,A,A,A
10098,A,A,A,A,A,A,A,A,A,A
10099,A,A,A,A,A,A,A,A,A,A
10100,A,A,A,A,A,A,A,A,A,A
10101,A,A,A,A,A,A,A,A,A,A
10102,A,A,A,A,A,A,A,A,A,A
10103,A,A,A,A,A,A,A,A,A,A
10104,A,A,A,A,A,A,A,A,A,A
10105,A,A,A,A,A,A,A,A,A,A
10106,A,A,A,A,A,A,A,A,A,A
10107,A,A,A,A,A,A,A,A,A,A
10108,A,A,A,A,A,A,A,A,A,A
10109,A,A,A,A,A,A,A,A,A,A
10110,A,A,A,A,A,A,A,A,A,A
10111,A,A,A,A,A,A,A,A,A,A
10112,A,A,A,A,A,A,A,A,A,A
10113,A,A,A,A,A,A,A,A,A,A
10114,A,A,A,A,A,A,A,A,A,A
10115,A,A,A,A,A,A,A,A,A,A
10116,A,A,A,A,A,A,A,A,A,A
10117,A,A,A,A,A,A,A,A,A,A
10118,A,A,A,A,A,A,A,A,A,A
10119,A,A,A,A,A,A,A,A,A,A
10120,A,A,A,A,A,A,A,A,A,A
10121,A,A,A,A,A,A,A,A,A,A
10122,A,A,A,A,A,A,A,A,A,A
10123,A,A,A,A,A,A,A,A,A,A
10124,A,A,A,A,A,A,A,A,A,A
10125,A,A,A,A,A,A,A,A,A,A
10126,A,A,A,A,A,A,A,A,A,A
10127,A,A,A,A,A,A,A,A,A,A
10128,A,A,A,A,A,A,A,A,A,A
10129,A,A,A,A,A,A,A,A,A,A
10130,A,A,A,A,A,A,A,A,A,A
10131,A,A,A,A,A,A,A,A,A,A
10132,A,A,A,A,A,A,A,A,A,A
10133,A,A,A,A,A,A,A,A,A,A
10134,A,A,A,A,A,A,A,A,A,A
10135,A,A,A,A,A,A,A,A,A,A
10136,A,A,A,A,A,A,A,A,A,A
10137,A,A,A,A,A,A,A,A,A,A
10138,A,A,A,A,A,A,A,A,A,A
10139,A,A,A,A,A,A,A,A,A,A
10140,A,A,A,A,A,A,A,A,A,A
10141,A,A,A,A,A,A,A,A,A,A
10142,A,A,A,A,A,A,A,A,A,A
10143,A,A,A,A,A,A,A,A,A,A
10144,A,A,A,A,A,A,A,A,A,A
10145,A,A,A,A,A,A,A,A,A,A
10146,A,A,A,A,A,A,A,A,A,A
10147,A,A,A,A,A,A,A,A,A,A
10148,A,A,A,A,A,A,A,A,A,A
10149,A,A,A,A,A,A,A,A,A,A
10150,A,A,A,A,A,A,A,A,A,A
10151,A,A,A,A,A,A,A,A,A,A
10152,A,A,A,A,A,A,A,A,A,A
10153,A,A,A,A,A,A,A,A,A,A
10154,A,A,A,A,A,A,A,A,A,A
10155,A,A,A,A,A,A,A,A,A,A
10156,A,A,A,A,A,A,A,A,A,A
10157,A,A,A,A,A,A,A,A,A,A
10158,A,A,A,A,A,A,A,A,A,A
10159,A,A,A,A,A,A,A,A,A,A
10160,A,A,A,A,A,A,A,A,A,A
10161,A,A,A,A,A,A,A,A,A,A
10162,A,A,A,A,A,A,A,A,A,A
10163,A,A,A,A,A,A,A,A,A,A
10164,A,A,A,A,A,A,A,A,A,A
10165,A,A,A,A,A,A,A,A,A,A
10166,J,J,J,J,J,J,J,J,J,J
10167,A,A,A,A,A,A,A,A,A,A
10168,I,I,I,I,I,I,I,I,I,I
10169,A,A,A,A,A,A,A,A,A,A
10170,A,A,A,A,A,A,A,A,A,A
10171,A,A,A,A,A,A,A,A,A,A
10172,A,A,A,A,A,A,A,A,A,A
10173,A,A,A,A,A,A,A,A,A,A
10174,A,A,A,A,A,A,A,A,A,A
10175,A,A,A,A,A,A,A,A,A,A
10176,A,A,A,A,A,A,A,A,A,A
10177,A,A,A,A,A,A,A,A,A,A
10178,A,A,A,A,A,A,A,A,A,A
10179,A,A,A,A,A,A,A,A,A,A
10180,A,A,A,A,A,A,A,A,A,A
10181,A,A,A,A,A,A,A,A,A,A
10182,A,A,A,A,A,A,A,A,A,A
10183,A,A,A,A,A,A,A,A,A,A
10184,A,A,A,A,A,A,A,A,A,A
10185,A,A,A,A,A,A,A,A,A,A
10186,A,A,A,A,A,A,A,A,A,A
10187,A,A,A,A,A,A,A,A,A,A
10188,A,A,A,A,A,A,A,A,A,A
10189,A,A,A,A,A,A,A,A,A,A
10190,A,A,A,A,A,A,A,A,A,A
10191,A,A,A,A,A,A,A,A,A,A
10192,A,A,A,A,A,A,A,A,A,A
10193,A,A,A,A,A,A,A,A,A,A
10194,A,A,A,A,A,A,A,A,A,A
10195,A,A,A,A,A,A,A,A,A,A
10196,A,A,A,A,A,A,A,A,A,A
10197,A,A,A,A,A,A,A,A,A,A
10198,A,A,A,A,A,A,A,A,A,A
10199,A,A,A,A,A,A,A,A,A,A
10200,A,A,A,A,A,A,A,A,A,A
10201,A,A,A,A,A,A,A,A,A,A
10202,A,A,A,A,A,A,A,A,A,A
10203,A,A,A,A,A,A,A,A,A,A
10204,A,A,A,A,A,A,A,A,A,A
10205,A,A,A,A,A,A,A,A,A,A
10206,A,A,A,A,A,A,A,A,A,A
10207,A,A,A,A,A,A,A,A,A,A
10208,A,A,A,A,A,A,A,A,A,A
10209,A,A,A,A,A,A,A,A,A,A
10210,A,A,A,A,A,A,A,A,A,A
10211,A,A,A,A,A,A,A,A,A,A
10212,A,A,A,A,A,A,A,A,A,A
10213,A,A,A,A,A,A,A,A,A,A
10214,A,A,A,A,A,A,A,A,A,A
10215,A,A,A,A,A,A,A,A,A,A
10216,A,A,A,A,A,A,A,A,A,A
10217,I,I,I,I,I,I,I,I,I,I
10218,A,A,A,A,A,A,A,A,A,A
10219,A,A,A,A,A,A,A,A,A,A
10220,A,A,A,A,A,A,A,A,A,A
10221,A,A,A,A,A,A,A,A,A,A
10222,A,A,A,A,A,A,A,A,A,A
10223,A,A,A,A,A,A,A,A,A,A
10224,A,A,A,A,A,A,A,A,A,A
10225,A,A,A,A,A,A,A,A,A,A
10226,A,A,A,A,A,A,A,A,A,A
10227,A,A,A,A,A,A,A,A,A,A
10228,A,A,A,A,A,A,A,A,A,A
10229,A,A,A,A,A,A,A,A,A,A
10230,A,A,A,A,A,A,A,A,A,A
10231,A,A,A,A,A,A,A,A,A,A
10232,A,A,A,A,A,A,A,A,A,A
10233,A,A,A,A,A,A,A,A,A,A
10234,A,A,A,A,A,A,A,A,A,A
10235,A,A,A,A,A,A,A,A,A,A
10236,A,A,A,A,A,A,A,A,A,A
10237,A,A,A,A,A,A,A,A,A,A
10238,A,A,A,A,A,A,A,A,A,A
10239,A,A,A,A,A,A,A,A,A,A
10240,A,A,A,A,A,A,A,A,A,A
10241,A,A,A,A,A,A,A,A,A,A
10242,A,A,A,A,A,A,A,A,A,A
10243,A,A,A,A,A,A,A,A,A,A
10244,A,A,A,A,A,A,A,A,A,A
10245,A,A,A,A,A,A,A,A,A,A
10246,A,A,A,A,A,A,A,A,A,A
10247,A,A,A,A,A,A,A,A,A,A
10248,A,A,A,A,A,A,A,A,A,A
10249,A,A,A,A,A,A,A,A,A,A
10250,A,A,A,A,A,A,A,A,A,A
10251,A,A,A,A,A,A,A,A,A,A
10252,A,A,A,A,A,A,A,A,A,A
10253,A,A,A,A,A,A,A,A,A,A
10254,A,A,A,A,A,A,A,A,A,A
10255,A,A,A,A,A,A,A,A,A,A
10256,A,A,A,A,A,A,A,A,A,A
10257,A,A,A,A,A,A,A,A,A,A
10258,A,A,A,A,A,A,A,A,A,A
10259,A,A,A,A,A,A,A,A,A,A
10260,A,A,A,A,A,A,A,A,A,A
10261,A,A,A,A,A,A,A,A,A,A
10262,A,A,A,A,A,A,A,A,A,A
10263,A,A,A,A,A,A,A,A,A,A
10264,A,A,A,A,A,A,A,A,A,A
10265,A,A,A,A,A,A,A,A,A,A
10266,A,A,A,A,A,A,A,A,A,A
10267,A,A,A,A,A,A,A,A,A,A
10268,A,A,A,A,A,A,A,A,A,A
10269,A,A,A,A,A,A,A,A,A,A
10270,A,A,A,A,A,A,A,A,A,A
10271,A,A,A,A,A,A,A,A,A,A
10272,A,A,A,A,A,A,A,A,A,A
10273,A,A,A,A,A,A,A,A,A,A
10274,A,A,A,A,A,A,A,A,A,A
10275,A,A,A,A,A,A,A,A,A,A
10276,A,A,A,A,A,A,A,A,A,A
10277,A,A,A,A,A,A,A,A,A,A
10278,A,A,A,A,A,A,A,A,A,A
10279,A,A,A,A,A,A,A,A,A,A
10280,A,A,A,A,A,A,A,A,A,A
10281,A,A,A,A,A,A,A,A,A,A
10282,A,A,A,A,A,A,A,A,A,A
10283,A,A,A,A,A,A,A,A,A,A
10284,A,A,A,A,A,A,A,A,A,A
10285,A,A,A,A,A,A,A,A,A,A
10286,A,A,A,A,A,A,A,A,A,A
10287,A,A,A,A,A,A,A,A,A,A
10288,A,A,A,A,A,A,A,A,A,A
10289,A,A,A,A,A,A,A,A,A,A
10290,A,A,A,A,A,A,A,A,A,A
10291,A,A,A,A,A,A,A,A,A,A
10292,A,A,A,A,A,A,A,A,A,A
10293,A,A,A,A,A,A,A,A,A,A
10294,A,A,A,A,A,A,A,A,A,A
10295,A,A,A,A,A,A,A,A,A,A
10296,A,A,A,A,A,A,A,A,A,A
10297,A,A,A,A,A,A,A,A,A,A
10298,A,A,A,A,A,A,A,A,A,A
10299,A,A,A,A,A,A,A,A,A,A
10300,A,A,A,A,A,A,A,A,A,A
10301,A,A,A,A,A,A,A,A,A,A
10302,J,J,J,J,J,J,J,J,J,J
10303,A,A,A,A,A,A,A,A,A,A
10304,A,A,A,A,A,A,A,A,A,A
10305,A,A,A,A,A,A,A,A,A,A
10306,A,A,A,A,A,A,A,A,A,A
10307,A,A,A,A,A,A,A,A,A,A
10308,A,A,A,A,A,A,A,A,A,A
10309,A,A,A,A,A,A,A,A,A,A
10310,A,A,A,A,A,A,A,A,A,A
10311,A,A,A,A,A,A,A,A,A,A
10312,A,A,A,A,A,A,A,A,A,A
10313,A,A,A,A,A,A,A,A,A,A
10314,A,A,A,A,A,A,A,A,A,A
10315,A,A,A,A,A,A,A,A,A,A
10316,A,A,A,A,A,A,A,A,A,A
10317,A,A,A,A,A,A,A,A,A,A
10318,A,A,A,A,A,A,A,A,A,A
10319,A,A,A,A,A,A,A,A,A,A
10320,A,A,A,A,A,A,A,A,A,A
10321,A,A,A,A,A,A,A,A,A,A
10322,A,A,A,A,A,A,A,A,A,A
10323,A,A,A,A,A,A,A,A,A,A
10324,A,A,A,A,A,A,A,A,A,A
10325,A,A,A,A,A,A,A,A,A,A
10326,A,A,A,A,A,A,A,A,A,A
10327,A,A,A,A,A,A,A,A,A,A
10328,A,A,A,A,A,A,A,A,A,A
10329,A,A,A,A,A,A,A,A,A,A
10330,A,A,A,A,A,A,A,A,A,A
10331,A,A,A,A,A,A,A,A,A,A
10332,A,A,A,A,A,A,A,A,A,A
10333,A,A,A,A,A,A,A,A,A,A
10334,A,A,A,A,A,A,A,A,A,A
10335,A,A,A,A,A,A,A,A,A,A
10336,A,A,A,A,A,A,A,A,A,A
10337,A,A,A,A,A,A,A,A,A,A
10338,A,A,A,A,A,A,A,A,A,A
10339,A,A,A,A,A,A,A,A,A,A
10340,A,A,A,A,A,A,A,A,A,A
10341,A,A,A,A,A,A,A,A,A,A
10342,A,A,A,A,A,A,A,A,A,A
10343,A,A,A,A,A,A,A,A,A,A
10344,A,A,A,A,A,A,A,A,A,A
10345,A,A,A,A,A,A,A,A,A,A
10346,A,A,A,A,A,A,A,A,A,A
10347,A,A,A,A,A,A,A,A,A,A
10348,A,A,A,A,A,A,A,A,A,A
10349,A,A,A,A,A,A,A,A,A,A
10350,A,A,A,A,A,A,A,A,A,A
10351,A,A,A,A,A,A,A,A,A,A
10352,A,A,A,A,A,A,A,A,A,A
10353,A,A,A,A,A,A,A,A,A,A
10354,A,A,A,A,A,A,A,A,A,A
10355,A,A,A,A,A,A,A,A,A,A
10356,A,A,A,A,A,A,A,A,A,A
10357,A,A,A,A,A,A,A,A,A,A
10358,A,A,A,A,A,A,A,A,A,A
10359,A,A,A,A,A,A,A,A,A,A
10360,A,A,A,A,A,A,A,A,A,A
10361,A,A,A,A,A,A,A,A,A,A
10362,A,A,A,A,A,A,A,A,A,A
10363,A,A,A,A,A,A,A,A,A,A
10364,A,A,A,A,A,A,A,A,A,A
10365,A,A,A,A,A,A,A,A,A,A
10366,A,A,A,A,A,A,A,A,A,A
10367,A,A,A,A,A,A,A,A,A,A
10368,A,A,A,A,A,A,A,A,A,A
10369,A,A,A,A,A,A,A,A,A,A
10370,A,A,A,A,A,A,A,A,A,A
10371,A,A,A,A,A,A,A,A,A,A
10372,A,A,A,A,A,A,A,A,A,A
10373,A,A,A,A,A,A,A,A,A,A
10374,A,A,A,A,A,A,A,A,A,A
10375,A,A,A,A,A,A,A,A,A,A
10376,A,A,A,A,A,A,A,A,A,A
10377,A,A,A,A,A,A,A,A,A,A
10378,A,A,A,A,A,A,A,A,A,A
10379,A,A,A,A,A,A,A,A,A,A
10380,A,A,A,A,A,A,A,A,A,A
10381,A,A,A,A,A,A,A,A,A,A
10382,A,A,A,A,A,A,A,A,A,A
10383,A,A,A,A,A,A,A,A,A,A
10384,A,A,A,A,A,A,A,A,A,A
10385,A,A,A,A,A,A,A,A,A,A
10386,A,A,A,A,A,A,A,A,A,A
10387,A,A,A,A,A,A,A,A,A,A
10388,A,A,A,A,A,A,A,A,A,A
10389,A,A,A,A,A,A,A,A,A,A
10390,A,A,A,A,A,A,A,A,A,A
10391,A,A,A,A,A,A,A,A,A,A
10392,A,A,A,A,A,A,A,A,A,A
10393,A,A,A,A,A,A,A,A,A,A
10394,A,A,A,A,A,A,A,A,A,A
10395,A,A,A,A,A,A,A,A,A,A
10396,A,A,A,A,A,A,A,A,A,A
10397,A,A,A,A,A,A,A,A,A,A
10398,A,A,A,A,A,A,A,A,A,A
10399,A,A,A,A,A,A,A,A,A,A
10400,A,A,A,A,A,A,A,A,A,A
10401,A,A,A,A,A,A,A,A,A,A
10402,A,A,A,A,A,A,A,A,A,A
10403,A,A,A,A,A,A,A,A,A,A
10404,A,A,A,A,A,A,A,A,A,A
10405,A,A,A,A,A,A,A,A,A,A
10406,A,A,A,A,A,A,A,A,A,A
10407,A,A,A,A,A,A,A,A,A,A
10408,A,A,A,A,A,A,A,A,A,A
10409,A,A,A,A,A,A,A,A,A,A
10410,A,A,A,A,A,A,A,A,A,A
10411,A,A,A,A,A,A,A,A,A,A
10412,A,A,A,A,A,A,A,A,A,A
10413,A,A,A,A,A,A,A,A,A,A
10414,A,A,A,A,A,A,A,A,A,A
10415,A,A,A,A,A,A,A,A,A,A
10416,A,A,A,A,A,A,A,A,A,A
10417,A,A,A,A,A,A,A,A,A,A
10418,A,A,A,A,A,A,A,A,A,A
10419,A,A,A,A,A,A,A,A,A,A
10420,A,A,A,A,A,A,A,A,A,A
10421,A,A,A,A,A,A,A,A,A,A
10422,A,A,A,A,A,A,A,A,A,A
10423,A,A,A,A,A,A,A,A,A,A
10424,A,A,A,A,A,A,A,A,A,A
10425,A,A,A,A,A,A,A,A,A,A
10426,A,A,A,A,A,A,A,A,A,A
10427,A,A,A,A,A,A,A,A,A,A
10428,A,A,A,A,A,A,A,A,A,A
10429,A,A,A,A,A,A,A,A,A,A
10430,A,A,A,A,A,A,A,A,A,A
10431,A,A,A,A,A,A,A,A,A,A
10432,A,A,A,A,A,A,A,A,A,A
10433,A,A,A,A,A,A,A,A,A,A
10434,A,A,A,A,A,A,A,A,A,A
10435,A,A,A,A,A,A,A,A,A,A
10436,A,A,A,A,A,A,A,A,A,A
10437,A,A,A,A,A,A,A,A,A,A
10438,A,A,A,A,A,A,A,A,A,A
10439,A,A,A,A,A,A,A,A,A,A
10440,A,A,A,A,A,A,A,A,A,A
10441,A,A,A,A,A,A,A,A,A,A
10442,A,A,A,A,A,A,A,A,A,A
10443,A,A,A,A,A,A,A,A,A,A
10444,A,A,A,A,A,A,A,A,A,A
10445,A,A,A,A,A,A,A,A,A,A
10446,A,A,A,A,A,A,A,A,A,A
10447,A,A,A,A,A,A,A,A,A,A
10448,A,A,A,A,A,A,A,A,A,A
10449,A,A,A,A,A,A,A,A,A,A
10450,A,A,A,A,A,A,A,A,A,A
10451,A,A,A,A,A,A,A,A,A,A
10452,A,A,A,A,A,A,A,A,A,A
10453,A,A,A,A,A,A,A,A,A,A
10454,A,A,A,A,A,A,A,A,A,A
10455,A,A,A,A,A,A,A,A,A,A
10456,A,A,A,A,A,A,A,A,A,A
10457,A,A,A,A,A,A,A,A,A,A
10458,A,A,A,A,A,A,A,A,A,A
10459,A,A,A,A,A,A,A,A,A,A
10460,A,A,A,A,A,A,A,A,A,A
10461,A,A,A,A,A,A,A,A,A,A
10462,A,A,A,A,A,A,A,A,A,A
10463,A,A,A,A,A,A,A,A,A,A
10464,A,A,A,A,A,A,A,A,A,A
10465,A,A,A,A,A,A,A,A,A,A
10466,A,A,A,A,A,A,A,A,A,A
10467,A,A,A,A,A,A,A,A,A,A
10468,A,A,A,A,A,A,A,A,A,A
10469,A,A,A,A,A,A,A,A,A,A
10470,A,A,A,A,A,A,A,A,A,A
10471,A,A,A,A,A,A,A,A,A,A
10472,A,A,A,A,A,A,A,A,A,A
10473,A,A,A,A,A,A,A,A,A,A
10474,L,L,L,L,L,L,L,L,L,L
10475,A,A,A,A,A,A,A,A,A,A
10476,A,A,A,A,A,A,A,A,A,A
10477,A,A,A,A,A,A,A,A,A,A
10478,A,A,A,A,A,A,A,A,A,A
10479,A,A,A,A,A,A,A,A,A,A
10480,A,A,A,A,A,A,A,A,A,A
10481,A,A,A,A,A,A,A,A,A,A
10482,A,A,A,A,A,A,A,A,A,A
10483,A,A,A,A,A,A,A,A,A,A
10484,A,A,A,A,A,A,A,A,A,A
10485,A,A,A,A,A,A,A,A,A,A
10486,A,A,A,A,A,A,A,A,A,A
10487,A,A,A,A,A,A,A,A,A,A
10488,A,A,A,A,A,A,A,A,A,A
10489,A,A,A,A,A,A,A,A,A,A
10490,A,A,A,A,A,A,A,A,A,A
10491,A,A,A,A,A,A,A,A,A,A
10492,A,A,A,A,A,A,A,A,A,A
10493,A,A,A,A,A,A,A,A,A,A
10494,A,A,A,A,A,A,A,A,A,A
10495,A,A,A,A,A,A,A,A,A,A
10496,A,A,A,A,A,A,A,A,A,A
10497,A,A,A,A,A,A,A,A,A,A
10498,A,A,A,A,A,A,A,A,A,A
10499,A,A,A,A,A,A,A,A,A,A
10500,A,A,A,A,A,A,A,A,A,A
10501,A,A,A,A,A,A,A,A,A,A
10502,A,A,A,A,A,A,A,A,A,A
10503,A,A,A,A,A,A,A,A,A,A
10504,A,A,A,A,A,A,A,A,A,A
10505,A,A,A,A,A,A,A,A,A,A
10506,A,A,A,A,A,A,A,A,A,A
10507,A,A,A,A,A,A,A,A,A,A
10508,A,A,A,A,A,A,A,A,A,A
10509,A,A,A,A,A,A,A,A,A,A
10510,A,A,A,A,A,A,A,A,A,A
10511,A,A,A,A,A,A,A,A,A,A
10512,A,A,A,A,A,A,A,A,A,A
10513,A,A,A,A,A,A,A,A,A,A
10514,A,A,A,A,A,A,A,A,A,A
10515,A,A,A,A,A,A,A,A,A,A
10516,A,A,A,A,A,A,A,A,A,A
10517,A,A,A,A,A,A,A,A,A,A
10518,A,A,A,A,A,A,A,A,A,A
10519,A,A,A,A,A,A,A,A,A,A
10520,A,A,A,A,A,A,A,A,A,A
10521,A,A,A,A,A,A,A,A,A,A
10522,A,A,A,A,A,A,A,A,A,A
10523,A,A,A,A,A,A,A,A,A,A
10524,A,A,A,A,A,A,A,A,A,A
10525,A,A,A,A,A,A,A,A,A,A
10526,A,A,A,A,A,A,A,A,A,A
10527,A,A,A,A,A,A,A,A,A,A
10528,A,A,A,A,A,A,A,A,A,A
10529,A,A,A,A,A,A,A,A,A,A
10530,A,A,A,A,A,A,A,A,A,A
10531,A,A,A,A,A,A,A,A,A,A
10532,A,A,A,A,A,A,A,A,A,A
10533,A,A,A,A,A,A,A,A,A,A
10534,A,A,A,A,A,A,A,A,A,A
10535,A,A,A,A,A,A,A,A,A,A
10536,A,A,A,A,A,A,A,A,A,A
10537,A,A,A,A,A,A,A,A,A,A
10538,A,A,A,A,A,A,A,A,A,A
10539,A,A,A,A,A,A,A,A,A,A
10540,A,A,A,A,A,A,A,A,A,A
10541,A,A,A,A,A,A,A,A,A,A
10542,A,A,A,A,A,A,A,A,A,A
10543,A,A,A,A,A,A,A,A,A,A
10544,A,A,A,A,A,A,A,A,A,A
10545,A,A,A,A,A,A,A,A,A,A
10546,A,A,A,A,A,A,A,A,A,A
10547,A,A,A,A,A,A,A,A,A,A
10548,A,A,A,A,A,A,A,A,A,A
10549,A,A,A,A,A,A,A,A,A,A
10550,A,A,A,A,A,A,A,A,A,A
10551,A,A,A,A,A,A,A,A,A,A
10552,A,A,A,A,A,A,A,A,A,A
10553,A,A,A,A,A,A,A,A,A,A
10554,A,A,A,A,A,A,A,A,A,A
10555,A,A,A,A,A,A,A,A,A,A
10556,A,A,A,A,A,A,A,A,A,A
10557,A,A,A,A,A,A,A,A,A,A
10558,A,A,A,A,A,A,A,A,A,A
10559,A,A,A,A,A,A,A,A,A,A
10560,A,A,A,A,A,A,A,A,A,A
10561,A,A,A,A,A,A,A,A,A,A
10562,A,A,A,A,A,A,A,A,A,A
10563,L,L,L,L,L,L,L,L,L,L
10564,L,L,L,L,L,L,L,L,L,L
10565,L,L,L,L,L,L,L,L,L,L
10566,A,A,A,A,A,A,A,A,A,A
10567,A,A,A,A,A,A,A,A,A,A
10568,A,A,A,A,A,A,A,A,A,A
10569,A,A,A,A,A,A,A,A,A,A
10570,A,A,A,A,A,A,A,A,A,A
10571,A,A,A,A,A,A,A,A,A,A
10572,A,A,A,A,A,A,A,A,A,A
10573,A,A,A,A,A,A,A,A,A,A
10574,A,A,A,A,A,A,A,A,A,A
10575,A,A,A,A,A,A,A,A,A,A
10576,A,A,A,A,A,A,A,A,A,A
10577,A,A,A,A,A,A,A,A,A,A
10578,A,A,A,A,A,A,A,A,A,A
10579,A,A,A,A,A,A,A,A,A,A
10580,A,A,A,A,A,A,A,A,A,A
10581,A,A,A,A,A,A,A,A,A,A
10582,A,A,A,A,A,A,A,A,A,A
10583,A,A,A,A,A,A,A,A,A,A
10584,A,A,A,A,A,A,A,A,A,A
10585,A,A,A,A,A,A,A,A,A,A
10586,A,A,A,A,A,A,A,A,A,A
10587,A,A,A,A,A,A,A,A,A,A
10588,A,A,A,A,A,A,A,A,A,A
10589,A,A,A,A,A,A,A,A,A,A
10590,A,A,A,A,A,A,A,A,A,A
10591,A,A,A,A,A,A,A,A,A,A
10592,A,A,A,A,A,A,A,A,A,A
10593,A,A,A,A,A,A,A,A,A,A
10594,A,A,A,A,A,A,A,A,A,A
10595,A,A,A,A,A,A,A,A,A,A
10596,A,A,A,A,A,A,A,A,A,A
10597,A,A,A,A,A,A,A,A,A,A
10598,A,A,A,A,A,A,A,A,A,A
10599,A,A,A,A,A,A,A,A,A,A
10600,A,A,A,A,A,A,A,A,A,A
10601,A,A,A,A,A,A,A,A,A,A
10602,A,A,A,A,A,A,A,A,A,A
10603,A,A,A,A,A,A,A,A,A,A
10604,A,A,A,A,A,A,A,A,A,A
10605,A,A,A,A,A,A,A,A,A,A
10606,A,A,A,A,A,A,A,A,A,A
10607,A,A,A,A,A,A,A,A,A,A
10608,A,A,A,A,A,A,A,A,A,A
10609,A,A,A,A,A,A,A,A,A,A
10610,A,A,A,A,A,A,A,A,A,A
10611,A,A,A,A,A,A,A,A,A,A
10612,A,A,A,A,A,A,A,A,A,A
10613,A,A,A,A,A,A,A,A,A,A
10614,A,A,A,A,A,A,A,A,A,A
10615,A,A,A,A,A,A,A,A,A,A
10616,A,A,A,A,A,A,A,A,A,A
10617,A,A,A,A,A,A,A,A,A,A
10618,A,A,A,A,A,A,A,A,A,A
10619,A,A,A,A,A,A,A,A,A,A
10620,A,A,A,A,A,A,A,A,A,A
10621,A,A,A,A,A,A,A,A,A,A
10622,A,A,A,A,A,A,A,A,A,A
10623,A,A,A,A,A,A,A,A,A,A
10624,A,A,A,A,A,A,A,A,A,A
10625,A,A,A,A,A,A,A,A,A,A
10626,A,A,A,A,A,A,A,A,A,A
10627,A,A,A,A,A,A,A,A,A,A
10628,A,A,A,A,A,A,A,A,A,A
10629,A,A,A,A,A,A,A,A,A,A
10630,A,A,A,A,A,A,A,A,A,A
10631,A,A,A,A,A,A,A,A,A,A
10632,A,A,A,A,A,A,A,A,A,A
10633,A,A,A,A,A,A,A,A,A,A
10634,A,A,A,A,A,A,A,A,A,A
10635,A,A,A,A,A,A,A,A,A,A
10636,A,A,A,A,A,A,A,A,A,A
10637,A,A,A,A,A,A,A,A,A,A
10638,A,A,A,A,A,A,A,A,A,A
10639,A,A,A,A,A,A,A,A,A,A
10640,A,A,A,A,A,A,A,A,A,A
10641,A,A,A,A,A,A,A,A,A,A
10642,A,A,A,A,A,A,A,A,A,A
10643,A,A,A,A,A,A,A,A,A,A
10644,A,A,A,A,A,A,A,A,A,A
10645,L,L,L,L,L,L,L,L,L,L
10646,A,A,A,A,A,A,A,A,A,A
10647,A,A,A,A,A,A,A,A,A,A
10648,A,A,A,A,A,A,A,A,A,A
10649,A,A,A,A,A,A,A,A,A,A
10650,A,A,A,A,A,A,A,A,A,A
10651,A,A,A,A,A,A,A,A,A,A
10652,A,A,A,A,A,A,A,A,A,A
10653,A,A,A,A,A,A,A,A,A,A
10654,A,A,A,A,A,A,A,A,A,A
10655,A,A,A,A,A,A,A,A,A,A
10656,A,A,A,A,A,A,A,A,A,A
10657,A,A,A,A,A,A,A,A,A,A
10658,A,A,A,A,A,A,A,A,A,A
10659,A,A,A,A,A,A,A,A,A,A
10660,A,A,A,A,A,A,A,A,A,A
10661,A,A,A,A,A,A,A,A,A,A
10662,A,A,A,A,A,A,A,A,A,A
10663,A,A,A,A,A,A,A,A,A,A
10664,A,A,A,A,A,A,A,A,A,A
10665,A,A,A,A,A,A,A,A,A,A
10666,A,A,A,A,A,A,A,A,A,A
10667,A,A,A,A,A,A,A,A,A,A
10668,A,A,A,A,A,A,A,A,A,A
10669,A,A,A,A,A,A,A,A,A,A
10670,A,A,A,A,A,A,A,A,A,A
10671,A,A,A,A,A,A,A,A,A,A
10672,A,A,A,A,A,A,A,A,A,A
10673,A,A,A,A,A,A,A,A,A,A
10674,A,A,A,A,A,A,A,A,A,A
10675,A,A,A,A,A,A,A,A,A,A
10676,A,A,A,A,A,A,A,A,A,A
10677,A,A,A,A,A,A,A,A,A,A
10678,A,A,A,A,A,A,A,A,A,A
10679,A,A,A,A,A,A,A,A,A,A
10680,A,A,A,A,A,A,A,A,A,A
10681,A,A,A,A,A,A,A,A,A,A
10682,A,A,A,A,A,A,A,A,A,A
10683,A,A,A,A,A,A,A,A,A,A
10684,A,A,A,A,A,A,A,A,A,A
10685,A,A,A,A,A,A,A,A,A,A
10686,A,A,A,A,A,A,A,A,A,A
10687,A,A,A,A,A,A,A,A,A,A
10688,A,A,A,A,A,A,A,A,A,A
10689,A,A,A,A,A,A,A,A,A,A
10690,A,A,A,A,A,A,A,A,A,A
10691,A,A,A,A,A,A,A,A,A,A
10692,A,A,A,A,A,A,A,A,A,A
10693,A,A,A,A,A,A,A,A,A,A
10694,A,A,A,A,A,A,A,A,A,A
10695,A,A,A,A,A,A,A,A,A,A
10696,A,A,A,A,A,A,A,A,A,A
10697,A,A,A,A,A,A,A,A,A,A
10698,A,A,A,A,A,A,A,A,A,A
10699,A,A,A,A,A,A,A,A,A,A
10700,A,A,A,A,A,A,A,A,A,A
10701,A,A,A,A,A,A,A,A,A,A
10702,A,A,A,A,A,A,A,A,A,A
10703,A,A,A,A,A,A,A,A,A,A
10704,A,A,A,A,A,A,A,A,A,A
10705,A,A,A,A,A,A,A,A,A,A
10706,A,A,A,A,A,A,A,A,A,A
10707,A,A,A,A,A,A,A,A,A,A
10708,A,A,A,A,A,A,A,A,A,A
10709,A,A,A,A,A,A,A,A,A,A
10710,A,A,A,A,A,A,A,A,A,A
10711,A,A,A,A,A,A,A,A,A,A
10712,A,A,A,A,A,A,A,A,A,A
10713,A,A,A,A,A,A,A,A,A,A
10714,A,A,A,A,A,A,A,A,A,A
10715,A,A,A,A,A,A,A,A,A,A
10716,A,A,A,A,A,A,A,A,A,A
10717,A,A,A,A,A,A,A,A,A,A
10718,A,A,A,A,A,A,A,A,A,A
10719,A,A,A,A,A,A,A,A,A,A
10720,A,A,A,A,A,A,A,A,A,A
10721,A,A,A,A,A,A,A,A,A,A
10722,A,A,A,A,A,A,A,A,A,A
10723,A,A,A,A,A,A,A,A,A,A
10724,A,A,A,A,A,A,A,A,A,A
10725,A,A,A,A,A,A,A,A,A,A
10726,A,A,A,A,A,A,A,A,A,A
10727,A,A,A,A,A,A,A,A,A,A
10728,A,A,A,A,A,A,A,A,A,A
10729,A,A,A,A,A,A,A,A,A,A
10730,A,A,A,A,A,A,A,A,A,A
10731,A,A,A,A,A,A,A,A,A,A
10732,A,A,A,A,A,A,A,A,A,A
10733,A,A,A,A,A,A,A,A,A,A
10734,A,A,A,A,A,A,A,A,A,A
10735,A,A,A,A,A,A,A,A,A,A
10736,A,A,A,A,A,A,A,A,A,A
10737,A,A,A,A,A,A,A,A,A,A
10738,A,A,A,A,A,A,A,A,A,A
10739,A,A,A,A,A,A,A,A,A,A
10740,A,A,A,A,A,A,A,A,A,A
10741,A,A,A,A,A,A,A,A,A,A
10742,A,A,A,A,A,A,A,A,A,A
10743,A,A,A,A,A,A,A,A,A,A
10744,A,A,A,A,A,A,A,A,A,A
10745,A,A,A,A,A,A,A,A,A,A
10746,A,A,A,A,A,A,A,A,A,A
10747,A,A,A,A,A,A,A,A,A,A
10748,A,A,A,A,A,A,A,A,A,A
10749,A,A,A,A,A,A,A,A,A,A
10750,A,A,A,A,A,A,A,A,A,A
10751,A,A,A,A,A,A,A,A,A,A
10752,A,A,A,A,A,A,A,A,A,A
10753,A,A,A,A,A,A,A,A,A,A
10754,A,A,A,A,A,A,A,A,A,A
10755,A,A,A,A,A,A,A,A,A,A
10756,A,A,A,A,A,A,A,A,A,A
10757,A,A,A,A,A,A,A,A,A,A
10758,A,A,A,A,A,A,A,A,A,A
10759,A,A,A,A,A,A,A,A,A,A
10760,A,A,A,A,A,A,A,A,A,A
10761,A,A,A,A,A,A,A,A,A,A
10762,A,A,A,A,A,A,A,A,A,A
10763,A,A,A,A,A,A,A,A,A,A
10764,A,A,A,A,A,A,A,A,A,A
10765,A,A,A,A,A,A,A,A,A,A
10766,A,A,A,A,A,A,A,A,A,A
10767,A,A,A,A,A,A,A,A,A,A
10768,A,A,A,A,A,A,A,A,A,A
10769,A,A,A,A,A,A,A,A,A,A
10770,A,A,A,A,A,A,A,A,A,A
10771,A,A,A,A,A,A,A,A,A,A
10772,A,A,A,A,A,A,A,A,A,A
10773,A,A,A,A,A,A,A,A,A,A
10774,A,A,A,A,A,A,A,A,A,A
10775,A,A,A,A,A,A,A,A,A,A
10776,A,A,A,A,A,A,A,A,A,A
10777,A,A,A,A,A,A,A,A,A,A
10778,A,A,A,A,A,A,A,A,A,A
10779,A,A,A,A,A,A,A,A,A,A
10780,A,A,A,A,A,A,A,A,A,A
10781,A,A,A,A,A,A,A,A,A,A
10782,A,A,A,A,A,A,A,A,A,A
10783,A,A,A,A,A,A,A,A,A,A
10784,A,A,A,A,A,A,A,A,A,A
10785,A,A,A,A,A,A,A,A,A,A
10786,A,A,A,A,A,A,A,A,A,A
10787,A,A,A,A,A,A,A,A,A,A
10788,A,A,A,A,A,A,A,A,A,A
10789,A,A,A,A,A,A,A,A,A,A
10790,A,A,A,A,A,A,A,A,A,A
10791,A,A,A,A,A,A,A,A,A,A
10792,A,A,A,A,A,A,A,A,A,A
10793,A,A,A,A,A,A,A,A,A,A
10794,A,A,A,A,A,A,A,A,A,A
10795,A,A,A,A,A,A,A,A,A,A
10796,A,A,A,A,A,A,A,A,A,A
10797,A,A,A,A,A,A,A,A,A,A
10798,A,A,A,A,A,A,A,A,A,A
10799,A,A,A,A,A,A,A,A,A,A
10800,A,A,A,A,A,A,A,A,A,A
10801,A,A,A,A,A,A,A,A,A,A
10802,A,A,A,A,A,A,A,A,A,A
10803,A,A,A,A,A,A,A,A,A,A
10804,A,A,A,A,A,A,A,A,A,A
10805,A,A,A,A,A,A,A,A,A,A
10806,A,A,A,A,A,A,A,A,A,A
10807,A,A,A,A,A,A,A,A,A,A
10808,A,A,A,A,A,A,A,A,A,A
10809,A,A,A,A,A,A,A,A,A,A
10810,A,A,A,A,A,A,A,A,A,A
10811,A,A,A,A,A,A,A,A,A,A
10812,A,A,A,A,A,A,A,A,A,A
10813,A,A,A,A,A,A,A,A,A,A
10814,A,A,A,A,A,A,A,A,A,A
10815,A,A,A,A,A,A,A,A,A,A
10816,A,A,A,A,A,A,A,A,A,A
10817,A,A,A,A,A,A,A,A,A,A
10818,A,A,A,A,A,A,A,A,A,A
10819,A,A,A,A,A,A,A,A,A,A
10820,A,A,A,A,A,A,A,A,A,A
10821,A,A,A,A,A,A,A,A,A,A
10822,A,A,A,A,A,A,A,A,A,A
10823,A,A,A,A,A,A,A,A,A,A
10824,A,A,A,A,A,A,A,A,A,A
10825,A,A,A,A,A,A,A,A,A,A
10826,A,A,A,A,A,A,A,A,A,A
10827,A,A,A,A,A,A,A,A,A,A
10828,A,A,A,A,A,A,A,A,A,A
10829,A,A,A,A,A,A,A,A,A,A
10830,A,A,A,A,A,A,A,A,A,A
10831,A,A,A,A,A,A,A,A,A,A
10832,A,A,A,A,A,A,A,A,A,A
10833,A,A,A,A,A,A,A,A,A,A
10834,A,A,A,A,A,A,A,A,A,A
10835,A,A,A,A,A,A,A,A,A,A
10836,A,A,A,A,A,A,A,A,A,A
10837,A,A,A,A,A,A,A,A,A,A
10838,A,A,A,A,A,A,A,A,A,A
10839,A,A,A,A,A,A,A,A,A,A
10840,A,A,A,A,A,A,A,A,A,A
10841,A,A,A,A,A,A,A,A,A,A
10842,A,A,A,A,A,A,A,A,A,A
10843,A,A,A,A,A,A,A,A,A,A
10844,A,A,A,A,A,A,A,A,A,A
10845,A,A,A,A,A,A,A,A,A,A
10846,A,A,A,A,A,A,A,A,A,A
10847,A,A,A,A,A,A,A,A,A,A
10848,A,A,A,A,A,A,A,A,A,A
10849,A,A,A,A,A,A,A,A,A,A
10850,A,A,A,A,A,A,A,A,A,A
10851,A,A,A,A,A,A,A,A,A,A
10852,A,A,A,A,A,A,A,A,A,A
10853,A,A,A,A,A,A,A,A,A,A
10854,A,A,A,A,A,A,A,A,A,A
10855,A,A,A,A,A,A,A,A,A,A
10856,A,A,A,A,A,A,A,A,A,A
10857,A,A,A,A,A,A,A,A,A,A
10858,A,A,A,A,A,A,A,A,A,A
10859,A,A,A,A,A,A,A,A,A,A
10860,A,A,A,A,A,A,A,A,A,A
10861,A,A,A,A,A,A,A,A,A,A
10862,A,A,A,A,A,A,A,A,A,A
10863,A,A,A,A,A,A,A,A,A,A
10864,A,A,A,A,A,A,A,A,A,A
10865,A,A,A,A,A,A,A,A,A,A
10866,A,A,A,A,A,A,A,A,A,A
10867,A,A,A,A,A,A,A,A,A,A
10868,A,A,A,A,A,A,A,A,A,A
10869,A,A,A,A,A,A,A,A,A,A
10870,A,A,A,A,A,A,A,A,A,A
10871,A,A,A,A,A,A,A,A,A,A
10872,A,A,A,A,A,A,A,A,A,A
10873,A,A,A,A,A,A,A,A,A,A
10874,A,A,A,A,A,A,A,A,A,A
10875,A,A,A,A,A,A,A,A,A,A
10876,A,A,A,A,A,A,A,A,A,A
10877,A,A,A,A,A,A,A,A,A,A
10878,A,A,A,A,A,A,A,A,A,A
10879,A,A,A,A,A,A,A,A,A,A
10880,A,A,A,A,A,A,A,A,A,A
10881,A,A,A,A,A,A,A,A,A,A
10882,A,A,A,A,A,A,A,A,A,A
10883,A,A,A,A,A,A,A,A,A,A
10884,A,A,A,A,A,A,A,A,A,A
10885,A,A,A,A,A,A,A,A,A,A
10886,A,A,A,A,A,A,A,A,A,A
10887,A,A,A,A,A,A,A,A,A,A
10888,A,A,A,A,A,A,A,A,A,A
10889,A,A,A,A,A,A,A,A,A,A
10890,A,A,A,A,A,A,A,A,A,A
10891,A,A,A,A,A,A,A,A,A,A
10892,A,A,A,A,A,A,A,A,A,A
10893,A,A,A,A,A,A,A,A,A,A
10894,A,A,A,A,A,A,A,A,A,A
10895,A,A,A,A,A,A,A,A,A,A
10896,A,A,A,A,A,A,A,A,A,A
10897,A,A,A,A,A,A,A,A,A,A
10898,A,A,A,A,A,A,A,A,A,A
10899,J,J,J,J,J,J,J,J,J,J
10900,J,J,J,J,J,J,J,J,J,J
10901,A,A,A,A,A,A,A,A,A,A
10902,A,A,A,A,A,A,A,A,A,A
10903,A,A,A,A,A,A,A,A,A,A
10904,A,A,A,A,A,A,A,A,A,A
10905,A,A,A,A,A,A,A,A,A,A
10906,A,A,A,A,A,A,A,A,A,A
10907,A,A,A,A,A,A,A,A,A,A
10908,A,A,A,A,A,A,A,A,A,A
10909,A,A,A,A,A,A,A,A,A,A
10910,A,A,A,A,A,A,A,A,A,A
10911,A,A,A,A,A,A,A,A,A,A
10912,A,A,A,A,A,A,A,A,A,A
10913,A,A,A,A,A,A,A,A,A,A
10914,A,A,A,A,A,A,A,A,A,A
10915,A,A,A,A,A,A,A,A,A,A
10916,L,L,L,L,L,L,L,L,L,L
10917,A,A,A,A,A,A,A,A,A,A
10918,A,A,A,A,A,A,A,A,A,A
10919,A,A,A,A,A,A,A,A,A,A
10920,A,A,A,A,A,A,A,A,A,A
10921,A,A,A,A,A,A,A,A,A,A
10922,A,A,A,A,A,A,A,A,A,A
10923,A,A,A,A,A,A,A,A,A,A
10924,A,A,A,A,A,A,A,A,A,A
10925,A,A,A,A,A,A,A,A,A,A
10926,A,A,A,A,A,A,A,A,A,A
10927,A,A,A,A,A,A,A,A,A,A
10928,A,A,A,A,A,A,A,A,A,A
10929,A,A,A,A,A,A,A,A,A,A
10930,A,A,A,A,A,A,A,A,A,A
10931,A,A,A,A,A,A,A,A,A,A
10932,A,A,A,A,A,A,A,A,A,A
10933,A,A,A,A,A,A,A,A,A,A
10934,A,A,A,A,A,A,A,A,A,A
10935,A,A,A,A,A,A,A,A,A,A
10936,A,A,A,A,A,A,A,A,A,A
10937,A,A,A,A,A,A,A,A,A,A
10938,A,A,A,A,A,A,A,A,A,A
10939,A,A,A,A,A,A,A,A,A,A
10940,A,A,A,A,A,A,A,A,A,A
10941,A,A,A,A,A,A,A,A,A,A
10942,A,A,A,A,A,A,A,A,A,A
10943,A,A,A,A,A,A,A,A,A,A
10944,A,A,A,A,A,A,A,A,A,A
10945,A,A,A,A,A,A,A,A,A,A
10946,A,A,A,A,A,A,A,A,A,A
10947,A,A,A,A,A,A,A,A,A,A
10948,A,A,A,A,A,A,A,A,A,A
10949,A,A,A,A,A,A,A,A,A,A
10950,A,A,A,A,A,A,A,A,A,A
10951,A,A,A,A,A,A,A,A,A,A
10952,A,A,A,A,A,A,A,A,A,A
10953,A,A,A,A,A,A,A,A,A,A
10954,A,A,A,A,A,A,A,A,A,A
10955,A,A,A,A,A,A,A,A,A,A
10956,A,A,A,A,A,A,A,A,A,A
10957,A,A,A,A,A,A,A,A,A,A
10958,A,A,A,A,A,A,A,A,A,A
10959,A,A,A,A,A,A,A,A,A,A
10960,A,A,A,A,A,A,A,A,A,A
10961,A,A,A,A,A,A,A,A,A,A
10962,A,A,A,A,A,A,A,A,A,A
10963,A,A,A,A,A,A,A,A,A,A
10964,A,A,A,A,A,A,A,A,A,A
10965,A,A,A,A,A,A,A,A,A,A
10966,A,A,A,A,A,A,A,A,A,A
10967,A,A,A,A,A,A,A,A,A,A
10968,A,A,A,A,A,A,A,A,A,A
10969,A,A,A,A,A,A,A,A,A,A
10970,A,A,A,A,A,A,A,A,A,A
10971,A,A,A,A,A,A,A,A,A,A
10972,A,A,A,A,A,A,A,A,A,A
10973,A,A,A,A,A,A,A,A,A,A
10974,A,A,A,A,A,A,A,A,A,A
10975,A,A,A,A,A,A,A,A,A,A
10976,A,A,A,A,A,A,A,A,A,A
10977,A,A,A,A,A,A,A,A,A,A
10978,A,A,A,A,A,A,A,A,A,A
10979,A,A,A,A,A,A,A,A,A,A
10980,A,A,A,A,A,A,A,A,A,A
10981,A,A,A,A,A,A,A,A,A,A
10982,A,A,A,A,A,A,A,A,A,A
10983,A,A,A,A,A,A,A,A,A,A
10984,A,A,A,A,A,A,A,A,A,A
10985,A,A,A,A,A,A,A,A,A,A
10986,A,A,A,A,A,A,A,A,A,A
10987,A,A,A,A,A,A,A,A,A,A
10988,A,A,A,A,A,A,A,A,A,A
10989,A,A,A,A,A,A,A,A,A,A
10990,A,A,A,A,A,A,A,A,A,A
10991,A,A,A,A,A,A,A,A,A,A
10992,A,A,A,A,A,A,A,A,A,A
10993,A,A,A,A,A,A,A,A,A,A
10994,A,A,A,A,A,A,A,A,A,A
10995,A,A,A,A,A,A,A,A,A,A
10996,A,A,A,A,A,A,A,A,A,A
10997,A,A,A,A,A,A,A,A,A,A
10998,A,A,A,A,A,A,A,A,A,A
10999,A,A,A,A,A,A,A,A,A,A
11000,A,A,A,A,A,A,A,A,A,A
11001,A,A,A,A,A,A,A,A,A,A
11002,A,A,A,A,A,A,A,A,A,A
11003,A,A,A,A,A,A,A,A,A,A
11004,A,A,A,A,A,A,A,A,A,A
11005,A,A,A,A,A,A,A,A,A,A
11006,A,A,A,A,A,A,A,A,A,A
11007,A,A,A,A,A,A,A,A,A,A
11008,A,A,A,A,A,A,A,A,A,A
11009,A,A,A,A,A,A,A,A,A,A
11010,A,A,A,A,A,A,A,A,A,A
11011,A,A,A,A,A,A,A,A,A,A
11012,A,A,A,A,A,A,A,A,A,A
11013,A,A,A,A,A,A,A,A,A,A
11014,A,A,A,A,A,A,A,A,A,A
11015,A,A,A,A,A,A,A,A,A,A
11016,A,A,A,A,A,A,A,A,A,A
11017,A,A,A,A,A,A,A,A,A,A
11018,A,A,A,A,A,A,A,A,A,A
11019,A,A,A,A,A,A,A,A,A,A
11020,A,A,A,A,A,A,A,A,A,A
11021,A,A,A,A,A,A,A,A,A,A
11022,A,A,A,A,A,A,A,A,A,A
11023,A,A,A,A,A,A,A,A,A,A
11024,A,A,A,A,A,A,A,A,A,A
11025,A,A,A,A,A,A,A,A,A,A
11026,A,A,A,A,A,A,A,A,A,A
11027,A,A,A,A,A,A,A,A,A,A
11028,A,A,A,A,A,A,A,A,A,A
11029,A,A,A,A,A,A,A,A,A,A
11030,A,A,A,A,A,A,A,A,A,A
11031,A,A,A,A,A,A,A,A,A,A
11032,A,A,A,A,A,A,A,A,A,A
11033,A,A,A,A,A,A,A,A,A,A
11034,A,A,A,A,A,A,A,A,A,A
11035,A,A,A,A,A,A,A,A,A,A
11036,A,A,A,A,A,A,A,A,A,A
11037,A,A,A,A,A,A,A,A,A,A
11038,A,A,A,A,A,A,A,A,A,A
11039,A,A,A,A,A,A,A,A,A,A
11040,A,A,A,A,A,A,A,A,A,A
11041,J,J,J,J,J,J,J,J,J,J
11042,A,A,A,A,A,A,A,A,A,A
11043,A,A,A,A,A,A,A,A,A,A
11044,A,A,A,A,A,A,A,A,A,A
11045,A,A,A,A,A,A,A,A,A,A
11046,A,A,A,A,A,A,A,A,A,A
11047,A,A,A,A,A,A,A,A,A,A
11048,A,A,A,A,A,A,A,A,A,A
11049,A,A,A,A,A,A,A,A,A,A
11050,A,A,A,A,A,A,A,A,A,A
11051,A,A,A,A,A,A,A,A,A,A
11052,A,A,A,A,A,A,A,A,A,A
11053,A,A,A,A,A,A,A,A,A,A
11054,A,A,A,A,A,A,A,A,A,A
11055,A,A,A,A,A,A,A,A,A,A
11056,A,A,A,A,A,A,A,A,A,A
11057,A,A,A,A,A,A,A,A,A,A
11058,A,A,A,A,A,A,A,A,A,A
11059,A,A,A,A,A,A,A,A,A,A
11060,A,A,A,A,A,A,A,A,A,A
11061,A,A,A,A,A,A,A,A,A,A
11062,A,A,A,A,A,A,A,A,A,A
11063,A,A,A,A,A,A,A,A,A,A
11064,A,A,A,A,A,A,A,A,A,A
11065,A,A,A,A,A,A,A,A,A,A
11066,A,A,A,A,A,A,A,A,A,A
11067,A,A,A,A,A,A,A,A,A,A
11068,A,A,A,A,A,A,A,A,A,A
11069,A,A,A,A,A,A,A,A,A,A
11070,A,A,A,A,A,A,A,A,A,A
11071,A,A,A,A,A,A,A,A,A,A
11072,A,A,A,A,A,A,A,A,A,A
11073,A,A,A,A,A,A,A,A,A,A
11074,A,A,A,A,A,A,A,A,A,A
11075,A,A,A,A,A,A,A,A,A,A
11076,A,A,A,A,A,A,A,A,A,A
11077,A,A,A,A,A,A,A,A,A,A
11078,A,A,A,A,A,A,A,A,A,A
11079,A,A,A,A,A,A,A,A,A,A
11080,A,A,A,A,A,A,A,A,A,A
11081,A,A,A,A,A,A,A,A,A,A
11082,A,A,A,A,A,A,A,A,A,A
11083,A,A,A,A,A,A,A,A,A,A
11084,A,A,A,A,A,A,A,A,A,A
11085,A,A,A,A,A,A,A,A,A,A
11086,A,A,A,A,A,A,A,A,A,A
11087,A,A,A,A,A,A,A,A,A,A
11088,A,A,A,A,A,A,A,A,A,A
11089,A,A,A,A,A,A,A,A,A,A
11090,A,A,A,A,A,A,A,A,A,A
11091,A,A,A,A,A,A,A,A,A,A
11092,A,A,A,A,A,A,A,A,A,A
11093,A,A,A,A,A,A,A,A,A,A
11094,A,A,A,A,A,A,A,A,A,A
11095,A,A,A,A,A,A,A,A,A,A
11096,A,A,A,A,A,A,A,A,A,A
11097,A,A,A,A,A,A,A,A,A,A
11098,A,A,A,A,A,A,A,A,A,A
11099,A,A,A,A,A,A,A,A,A,A
11100,A,A,A,A,A,A,A,A,A,A
11101,A,A,A,A,A,A,A,A,A,A
11102,A,A,A,A,A,A,A,A,A,A
11103,A,A,A,A,A,A,A,A,A,A
11104,A,A,A,A,A,A,A,A,A,A
11105,A,A,A,A,A,A,A,A,A,A
11106,A,A,A,A,A,A,A,A,A,A
11107,A,A,A,A,A,A,A,A,A,A
11108,A,A,A,A,A,A,A,A,A,A
11109,A,A,A,A,A,A,A,A,A,A
11110,A,A,A,A,A,A,A,A,A,A
11111,A,A,A,A,A,A,A,A,A,A
11112,A,A,A,A,A,A,A,A,A,A
11113,A,A,A,A,A,A,A,A,A,A
11114,A,A,A,A,A,A,A,A,A,A
11115,A,A,A,A,A,A,A,A,A,A
11116,A,A,A,A,A,A,A,A,A,A
11117,A,A,A,A,A,A,A,A,A,A
11118,A,A,A,A,A,A,A,A,A,A
11119,A,A,A,A,A,A,A,A,A,A
11120,A,A,A,A,A,A,A,A,A,A
11121,A,A,A,A,A,A,A,A,A,A
11122,A,A,A,A,A,A,A,A,A,A
11123,A,A,A,A,A,A,A,A,A,A
11124,A,A,A,A,A,A,A,A,A,A
11125,A,A,A,A,A,A,A,A,A,A
11126,A,A,A,A,A,A,A,A,A,A
11127,A,A,A,A,A,A,A,A,A,A
11128,A,A,A,A,A,A,A,A,A,A
11129,A,A,A,A,A,A,A,A,A,A
11130,A,A,A,A,A,A,A,A,A,A
11131,A,A,A,A,A,A,A,A,A,A
11132,A,A,A,A,A,A,A,A,A,A
11133,A,A,A,A,A,A,A,A,A,A
11134,A,A,A,A,A,A,A,A,A,A
11135,A,A,A,A,A,A,A,A,A,A
11136,A,A,A,A,A,A,A,A,A,A
11137,A,A,A,A,A,A,A,A,A,A
11138,A,A,A,A,A,A,A,A,A,A
11139,A,A,A,A,A,A,A,A,A,A
11140,A,A,A,A,A,A,A,A,A,A
11141,A,A,A,A,A,A,A,A,A,A
11142,A,A,A,A,A,A,A,A,A,A
11143,A,A,A,A,A,A,A,A,A,A
11144,A,A,A,A,A,A,A,A,A,A
11145,A,A,A,A,A,A,A,A,A,A
11146,A,A,A,A,A,A,A,A,A,A
11147,A,A,A,A,A,A,A,A,A,A
11148,A,A,A,A,A,A,A,A,A,A
11149,A,A,A,A,A,A,A,A,A,A
11150,A,A,A,A,A,A,A,A,A,A
11151,A,A,A,A,A,A,A,A,A,A
11152,A,A,A,A,A,A,A,A,A,A
11153,A,A,A,A,A,A,A,A,A,A
11154,A,A,A,A,A,A,A,A,A,A
11155,A,A,A,A,A,A,A,A,A,A
11156,A,A,A,A,A,A,A,A,A,A
11157,A,A,A,A,A,A,A,A,A,A
11158,A,A,A,A,A,A,A,A,A,A
11159,A,A,A,A,A,A,A,A,A,A
11160,A,A,A,A,A,A,A,A,A,A
11161,A,A,A,A,A,A,A,A,A,A
11162,A,A,A,A,A,A,A,A,A,A
11163,A,A,A,A,A,A,A,A,A,A
11164,A,A,A,A,A,A,A,A,A,A
11165,A,A,A,A,A,A,A,A,A,A
11166,A,A,A,A,A,A,A,A,A,A
11167,A,A,A,A,A,A,A,A,A,A
11168,A,A,A,A,A,A,A,A,A,A
11169,A,A,A,A,A,A,A,A,A,A
11170,A,A,A,A,A,A,A,A,A,A
11171,A,A,A,A,A,A,A,A,A,A
11172,I,I,I,I,I,I,I,I,I,I
11173,A,A,A,A,A,A,A,A,A,A
11174,A,A,A,A,A,A,A,A,A,A
11175,A,A,A,A,A,A,A,A,A,A
11176,A,A,A,A,A,A,A,A,A,A
11177,A,A,A,A,A,A,A,A,A,A
11178,A,A,A,A,A,A,A,A,A,A
11179,A,A,A,A,A,A,A,A,A,A
11180,A,A,A,A,A,A,A,A,A,A
11181,A,A,A,A,A,A,A,A,A,A
11182,A,A,A,A,A,A,A,A,A,A
11183,A,A,A,A,A,A,A,A,A,A
11184,A,A,A,A,A,A,A,A,A,A
11185,A,A,A,A,A,A,A,A,A,A
11186,A,A,A,A,A,A,A,A,A,A
11187,A,A,A,A,A,A,A,A,A,A
11188,A,A,A,A,A,A,A,A,A,A
11189,A,A,A,A,A,A,A,A,A,A
11190,A,A,A,A,A,A,A,A,A,A
11191,A,A,A,A,A,A,A,A,A,A
11192,A,A,A,A,A,A,A,A,A,A
11193,A,A,A,A,A,A,A,A,A,A
11194,I,I,I,I,I,I,I,I,I,I
11195,A,A,A,A,A,A,A,A,A,A
11196,A,A,A,A,A,A,A,A,A,A
11197,A,A,A,A,A,A,A,A,A,A
11198,A,A,A,A,A,A,A,A,A,A
11199,A,A,A,A,A,A,A,A,A,A
11200,A,A,A,A,A,A,A,A,A,A
11201,A,A,A,A,A,A,A,A,A,A
11202,A,A,A,A,A,A,A,A,A,A
11203,A,A,A,A,A,A,A,A,A,A
11204,A,A,A,A,A,A,A,A,A,A
11205,A,A,A,A,A,A,A,A,A,A
11206,A,A,A,A,A,A,A,A,A,A
11207,B,B,B,B,B,B,B,B,B,B
11208,A,A,A,A,A,A,A,A,A,A
11209,A,A,A,A,A,A,A,A,A,A
11210,A,A,A,A,A,A,A,A,A,A
11211,B,B,B,B,B,B,B,B,B,B
11212,A,A,A,A,A,A,A,A,A,A
11213,A,A,A,A,A,A,A,A,A,A
11214,A,A,A,A,A,A,A,A,A,A
11215,A,A,A,A,A,A,A,A,A,A
11216,B,B,B,B,B,B,B,B,B,B
11217,A,A,A,A,A,A,A,A,A,A
11218,B,B,B,B,B,B,B,B,B,B
11219,A,A,A,A,A,A,A,A,A,A
11220,B,B,B,B,B,B,B,B,B,B
11221,A,A,A,A,A,A,A,A,A,A
11222,B,B,B,B,B,B,B,B,B,B
11223,A,A,A,A,A,A,A,A,A,A
11224,B,B,B,B,B,B,B,B,B,B
11225,A,A,A,A,A,A,A,A,A,A
11226,A,A,A,A,A,A,A,A,A,A
11227,B,B,B,B,B,B,B,B,B,B
11228,A,A,A,A,A,A,A,A,A,A
11229,B,B,B,B,B,B,B,B,B,B
11230,A,A,A,A,A,A,A,A,A,A
11231,B,B,B,B,B,B,B,B,B,B
11232,A,A,A,A,A,A,A,A,A,A
11233,A,A,A,A,A,A,A,A,A,A
11234,A,A,A,A,A,A,A,A,A,A
11235,A,A,A,A,A,A,A,A,A,A
11236,A,A,A,A,A,A,A,A,A,A
11237,A,A,A,A,A,A,A,A,A,A
11238,A,A,A,A,A,A,A,A,A,A
11239,A,A,A,A,A,A,A,A,A,A
11240,A,A,A,A,A,A,A,A,A,A
11241,A,A,A,A,A,A,A,A,A,A
11242,A,A,A,A,A,A,A,A,A,A
11243,A,A,A,A,A,A,A,A,A,A
11244,A,A,A,A,A,A,A,A,A,A
11245,A,A,A,A,A,A,A,A,A,A
11246,A,A,A,A,A,A,A,A,A,A
11247,A,A,A,A,A,A,A,A,A,A
11248,A,A,A,A,A,A,A,A,A,A
11249,A,A,A,A,A,A,A,A,A,A
11250,A,A,A,A,A,A,A,A,A,A
11251,A,A,A,A,A,A,A,A,A,A
11252,A,A,A,A,A,A,A,A,A,A
11253,A,A,A,A,A,A,A,A,A,A
11254,A,A,A,A,A,A,A,A,A,A
11255,A,A,A,A,A,A,A,A,A,A
11256,A,A,A,A,A,A,A,A,A,A
11257,A,A,A,A,A,A,A,A,A,A
11258,A,A,A,A,A,A,A,A,A,A
11259,A,A,A,A,A,A,A,A,A,A
11260,A,A,A,A,A,A,A,A,A,A
11261,A,A,A,A,A,A,A,A,A,A
11262,A,A,A,A,A,A,A,A,A,A
11263,A,A,A,A,A,A,A,A,A,A
11264,A,A,A,A,A,A,A,A,A,A
11265,A,A,A,A,A,A,A,A,A,A
11266,A,A,A,A,A,A,A,A,A,A
11267,A,A,A,A,A,A,A,A,A,A
11268,A,A,A,A,A,A,A,A,A,A
11269,A,A,A,A,A,A,A,A,A,A
11270,A,A,A,A,A,A,A,A,A,A
11271,A,A,A,A,A,A,A,A,A,A
11272,A,A,A,A,A,A,A,A,A,A
11273,A,A,A,A,A,A,A,A,A,A
11274,A,A,A,A,A,A,A,A,A,A
11275,A,A,A,A,A,A,A,A,A,A
11276,A,A,A,A,A,A,A,A,A,A
11277,A,A,A,A,A,A,A,A,A,A
11278,A,A,A,A,A,A,A,A,A,A
11279,A,A,A,A,A,A,A,A,A,A
11280,A,A,A,A,A,A,A,A,A,A
11281,A,A,A,A,A,A,A,A,A,A
11282,A,A,A,A,A,A,A,A,A,A
11283,A,A,A,A,A,A,A,A,A,A
11284,A,A,A,A,A,A,A,A,A,A
11285,A,A,A,A,A,A,A,A,A,A
11286,A,A,A,A,A,A,A,A,A,A
11287,A,A,A,A,A,A,A,A,A,A
11288,A,A,A,A,A,A,A,A,A,A
11289,A,A,A,A,A,A,A,A,A,A
11290,A,A,A,A,A,A,A,A,A,A
11291,A,A,A,A,A,A,A,A,A,A
11292,A,A,A,A,A,A,A,A,A,A
11293,A,A,A,A,A,A,A,A,A,A
11294,A,A,A,A,A,A,A,A,A,A
11295,A,A,A,A,A,A,A,A,A,A
11296,A,A,A,A,A,A,A,A,A,A
11297,A,A,A,A,A,A,A,A,A,A
11298,A,A,A,A,A,A,A,A,A,A
11299,A,A,A,A,A,A,A,A,A,A
11300,A,A,A,A,A,A,A,A,A,A
11301,A,A,A,A,A,A,A,A,A,A
11302,A,A,A,A,A,A,A,A,A,A
11303,A,A,A,A,A,A,A,A,A,A
11304,A,A,A,A,A,A,A,A,A,A
11305,A,A,A,A,A,A,A,A,A,A
11306,A,A,A,A,A,A,A,A,A,A
11307,A,A,A,A,A,A,A,A,A,A
11308,A,A,A,A,A,A,A,A,A,A
11309,A,A,A,A,A,A,A,A,A,A
11310,A,A,A,A,A,A,A,A,A,A
11311,A,A,A,A,A,A,A,A,A,A
11312,A,A,A,A,A,A,A,A,A,A
11313,A,A,A,A,A,A,A,A,A,A
11314,A,A,A,A,A,A,A,A,A,A
11315,A,A,A,A,A,A,A,A,A,A
11316,A,A,A,A,A,A,A,A,A,A
11317,A,A,A,A,A,A,A,A,A,A
11318,A,A,A,A,A,A,A,A,A,A
11319,A,A,A,A,A,A,A,A,A,A
11320,A,A,A,A,A,A,A,A,A,A
11321,A,A,A,A,A,A,A,A,A,A
11322,A,A,A,A,A,A,A,A,A,A
11323,I,I,I,I,I,I,I,I,I,I
11324,A,A,A,A,A,A,A,A,A,A
11325,A,A,A,A,A,A,A,A,A,A
11326,A,A,A,A,A,A,A,A,A,A
11327,A,A,A,A,A,A,A,A,A,A
11328,A,A,A,A,A,A,A,A,A,A
11329,A,A,A,A,A,A,A,A,A,A
11330,A,A,A,A,A,A,A,A,A,A
11331,A,A,A,A,A,A,A,A,A,A
11332,A,A,A,A,A,A,A,A,A,A
11333,A,A,A,A,A,A,A,A,A,A
11334,E,E,E,E,E,E,E,E,E,E
11335,A,A,A,A,A,A,A,A,A,A
11336,A,A,A,A,A,A,A,A,A,A
11337,A,A,A,A,A,A,A,A,A,A
11338,A,A,A,A,A,A,A,A,A,A
11339,A,A,A,A,A,A,A,A,A,A
11340,A,A,A,A,A,A,A,A,A,A
11341,A,A,A,A,A,A,A,A,A,A
11342,A,A,A,A,A,A,A,A,A,A
11343,A,A,A,A,A,A,A,A,A,A
11344,A,A,A,A,A,A,A,A,A,A
11345,A,A,A,A,A,A,A,A,A,A
11346,A,A,A,A,A,A,A,A,A,A
11347,A,A,A,A,A,A,A,A,A,A
11348,I,I,I,I,I,I,I,I,I,I
11349,A,A,A,A,A,A,A,A,A,A
11350,A,A,A,A,A,A,A,A,A,A
11351,A,A,A,A,A,A,A,A,A,A
11352,A,A,A,A,A,A,A,A,A,A
11353,A,A,A,A,A,A,A,A,A,A
11354,A,A,A,A,A,A,A,A,A,A
11355,A,A,A,A,A,A,A,A,A,A
11356,A,A,A,A,A,A,A,A,A,A
11357,A,A,A,A,A,A,A,A,A,A
11358,A,A,A,A,A,A,A,A,A,A
11359,A,A,A,A,A,A,A,A,A,A
11360,A,A,A,A,A,A,A,A,A,A
11361,A,A,A,A,A,A,A,A,A,A
11362,A,A,A,A,A,A,A,A,A,A
11363,A,A,A,A,A,A,A,A,A,A
11364,A,A,A,A,A,A,A,A,A,A
11365,A,A,A,A,A,A,A,A,A,A
11366,A,A,A,A,A,A,A,A,A,A
11367,A,A,A,A,A,A,A,A,A,A
11368,A,A,A,A,A,A,A,A,A,A
11369,A,A,A,A,A,A,A,A,A,A
11370,A,A,A,A,A,A,A,A,A,A
11371,A,A,A,A,A,A,A,A,A,A
11372,A,A,A,A,A,A,A,A,A,A
11373,A,A,A,A,A,A,A,A,A,A
11374,A,A,A,A,A,A,A,A,A,A
11375,A,A,A,A,A,A,A,A,A,A
11376,A,A,A,A,A,A,A,A,A,A
11377,A,A,A,A,A,A,A,A,A,A
11378,A,A,A,A,A,A,A,A,A,A
11379,A,A,A,A,A,A,A,A,A,A
11380,A,A,A,A,A,A,A,A,A,A
11381,A,A,A,A,A,A,A,A,A,A
11382,A,A,A,A,A,A,A,A,A,A
11383,A,A,A,A,A,A,A,A,A,A
11384,A,A,A,A,A,A,A,A,A,A
11385,A,A,A,A,A,A,A,A,A,A
11386,A,A,A,A,A,A,A,A,A,A
11387,A,A,A,A,A,A,A,A,A,A
11388,A,A,A,A,A,A,A,A,A,A
11389,A,A,A,A,A,A,A,A,A,A
11390,A,A,A,A,A,A,A,A,A,A
11391,A,A,A,A,A,A,A,A,A,A
11392,A,A,A,A,A,A,A,A,A,A
11393,A,A,A,A,A,A,A,A,A,A
11394,A,A,A,A,A,A,A,A,A,A
11395,A,A,A,A,A,A,A,A,A,A
11396,A,A,A,A,A,A,A,A,A,A
11397,A,A,A,A,A,A,A,A,A,A
11398,A,A,A,A,A,A,A,A,A,A
11399,A,A,A,A,A,A,A,A,A,A
11400,A,A,A,A,A,A,A,A,A,A
11401,A,A,A,A,A,A,A,A,A,A
11402,A,A,A,A,A,A,A,A,A,A
11403,A,A,A,A,A,A,A,A,A,A
11404,A,A,A,A,A,A,A,A,A,A
11405,A,A,A,A,A,A,A,A,A,A
11406,A,A,A,A,A,A,A,A,A,A
11407,A,A,A,A,A,A,A,A,A,A
11408,A,A,A,A,A,A,A,A,A,A
11409,A,A,A,A,A,A,A,A,A,A
11410,A,A,A,A,A,A,A,A,A,A
11411,A,A,A,A,A,A,A,A,A,A
11412,A,A,A,A,A,A,A,A,A,A
11413,A,A,A,A,A,A,A,A,A,A
11414,A,A,A,A,A,A,A,A,A,A
11415,A,A,A,A,A,A,A,A,A,A
11416,A,A,A,A,A,A,A,A,A,A
11417,A,A,A,A,A,A,A,A,A,A
11418,A,A,A,A,A,A,A,A,A,A
11419,A,A,A,A,A,A,A,A,A,A
11420,A,A,A,A,A,A,A,A,A,A
11421,A,A,A,A,A,A,A,A,A,A
11422,A,A,A,A,A,A,A,A,A,A
11423,A,A,A,A,A,A,A,A,A,A
11424,A,A,A,A,A,A,A,A,A,A
11425,A,A,A,A,A,A,A,A,A,A
11426,A,A,A,A,A,A,A,A,A,A
11427,A,A,A,A,A,A,A,A,A,A
11428,A,A,A,A,A,A,A,A,A,A
11429,A,A,A,A,A,A,A,A,A,A
11430,A,A,A,A,A,A,A,A,A,A
11431,A,A,A,A,A,A,A,A,A,A
11432,A,A,A,A,A,A,A,A,A,A
11433,A,A,A,A,A,A,A,A,A,A
11434,A,A,A,A,A,A,A,A,A,A
11435,A,A,A,A,A,A,A,A,A,A
11436,A,A,A,A,A,A,A,A,A,A
11437,J,J,J,J,J,J,J,J,J,J
11438,I,I,I,I,I,I,I,I,I,I
11439,I,I,I,I,I,I,I,I,I,I
11440,A,A,A,A,A,A,A,A,A,A
11441,A,A,A,A,A,A,A,A,A,A
11442,A,A,A,A,A,A,A,A,A,A
11443,I,I,I,I,I,I,I,I,I,I
11444,A,A,A,A,A,A,A,A,A,A
11445,A,A,A,A,A,A,A,A,A,A
11446,A,A,A,A,A,A,A,A,A,A
11447,A,A,A,A,A,A,A,A,A,A
11448,A,A,A,A,A,A,A,A,A,A
11449,A,A,A,A,A,A,A,A,A,A
11450,A,A,A,A,A,A,A,A,A,A
11451,I,I,I,I,I,I,I,I,I,I
11452,I,I,I,I,I,I,I,I,I,I
11453,L,L,L,L,L,L,L,L,L,L
11454,I,I,I,I,I,I,I,I,I,I
11455,A,A,A,A,A,A,A,A,A,A
11456,I,I,I,I,I,I,I,I,I,I
11457,B,B,B,B,B,B,B,B,B,B
11458,B,B,B,B,B,B,B,B,B,B
11459,A,A,A,A,A,A,A,A,A,A
11460,B,B,B,B,B,B,B,B,B,B
11461,B,B,B,B,B,B,B,B,B,B
11462,B,B,B,B,B,B,B,B,B,B
11463,B,B,B,B,B,B,B,B,B,B
11464,B,B,B,B,B,B,B,B,B,B
11466,B,B,B,B,B,B,B,B,B,B
11467,B,B,B,B,B,B,B,B,B,B
11468,B,B,B,B,B,B,B,B,B,B
11469,B,B,B,B,B,B,B,B,B,B
11470,B,B,B,B,B,B,B,B,B,B
11471,B,B,B,B,A,A,A,A,A,A
11472,B,B,B,B,B,B,B,B,B,B
11473,B,B,B,B,B,B,B,B,B,B
11475,B,B,B,B,B,B,B,B,B,B
11477,A,A,A,A,A,A,A,A,A,A
11478,A,A,A,A,A,A,A,A,A,A
11479,A,A,A,A,A,A,A,A,A,A
11480,A,A,A,A,A,A,A,A,A,A
11481,A,A,A,A,A,A,A,A,A,A
11482,A,A,A,A,A,A,A,A,A,A
11483,A,A,A,A,A,A,A,A,A,A
11484,A,A,A,A,A,A,A,A,A,A
11485,A,A,A,A,A,A,A,A,A,A
11486,A,A,A,A,A,A,A,A,A,A
11488,A,A,A,A,A,A,A,A,A,A
11489,A,A,A,A,A,A,A,A,A,A
11490,A,A,A,A,A,A,A,A,A,A
11491,A,A,A,A,A,A,A,A,A,A
11492,A,A,A,A,A,A,A,A,A,A
11493,A,A,A,A,A,A,A,A,A,A
11494,A,A,A,A,A,A,A,A,A,A
11495,A,A,A,A,A,A,A,A,A,A
11496,A,A,A,A,A,A,A,A,A,A
11497,A,A,A,A,A,A,A,A,A,A
11498,A,A,A,A,A,A,A,A,A,A
11499,A,A,A,A,A,A,A,A,A,A
11500,A,A,A,A,A,A,A,A,A,A
11501,A,A,A,A,A,A,A,A,A,A
11502,A,A,A,A,A,A,A,A,A,A
11503,A,A,A,A,A,A,A,A,A,A
11504,A,A,A,A,A,A,A,A,A,A
11505,A,A,A,A,A,A,A,A,A,A
11506,A,A,A,A,A,A,A,A,A,A
11507,A,A,A,A,A,A,A,A,A,A
11509,A,A,A,A,A,A,A,A,A,A
11510,A,A,A,A,A,A,A,A,A,A
11511,A,A,A,A,A,A,A,A,A,A
11512,A,A,A,A,A,A,A,A,A,A
11513,A,A,A,A,A,A,A,A,A,A
11514,A,A,A,A,A,A,A,A,A,A
11515,A,A,A,A,A,A,A,A,A,A
11516,A,A,A,A,A,A,A,A,A,A
11517,A,A,A,A,A,A,A,A,A,A
11518,A,A,A,A,A,A,A,A,A,A
11519,A,A,A,A,A,A,A,A,A,A
11520,A,A,A,A,A,A,A,A,A,A
11521,A,A,A,A,A,A,A,A,A,A
11522,A,A,A,A,A,A,A,A,A,A
11523,A,A,A,A,A,A,A,A,A,A
11525,A,A,A,A,A,A,A,A,A,A
11526,A,A,A,A,A,A,A,A,A,A
11527,A,A,A,A,A,A,A,A,A,A
11528,A,A,A,A,A,A,A,A,A,A
11529,A,A,A,A,A,A,A,A,A,A
11530,A,A,A,A,A,A,A,A,A,A
11531,A,A,A,A,A,A,A,A,A,A
11532,A,A,A,A,A,A,A,A,A,A
11533,A,A,A,A,A,A,A,A,A,A
11534,A,A,A,A,A,A,A,A,A,A
11535,A,A,A,A,A,A,A,A,A,A
11536,A,A,A,A,A,A,A,A,A,A
11538,A,A,A,A,A,A,A,A,A,A
11539,A,A,A,A,A,A,A,A,A,A
11540,A,A,A,A,A,A,A,A,A,A
11541,A,A,A,A,A,A,A,A,A,A
11542,A,A,A,A,A,A,A,A,A,A
11543,A,A,A,A,A,A,A,A,A,A
11544,A,A,A,A,A,A,A,A,A,A
11545,A,A,A,A,A,A,A,A,A,A
11546,A,A,A,A,A,A,A,A,A,A
11547,A,A,A,A,A,A,A,A,A,A
11548,A,A,A,A,A,A,A,A,A,A
11549,A,A,A,A,A,A,A,A,A,A
11550,A,A,A,A,A,A,A,A,A,A
11551,A,A,A,A,A,A,A,A,A,A
11552,A,A,A,A,A,A,A,A,A,A
11553,A,A,A,A,A,A,A,A,A,A
11554,A,A,A,A,A,A,A,A,A,A
11555,A,A,A,A,A,A,A,A,A,A
11556,A,A,A,A,A,A,A,A,A,A
11557,A,A,A,A,A,A,A,A,A,A
11558,A,A,A,A,A,A,A,A,A,A
11559,A,A,A,A,A,A,A,A,A,A
11560,A,A,A,A,A,A,A,A,A,A
11561,A,A,A,A,A,A,A,A,A,A
11592,A,A,A,A,A,A,A,A,A,A
11597,A,A,A,A,A,A,A,A,A,A
11602,A,A,A,A,A,A,A,A,A,A
11632,A,A,A,A,A,A,A,A,A,A
11634,A,A,A,A,A,A,A,A,A,A
11637,A,A,A,A,A,A,A,A,A,A
11640,A,A,A,A,A,A,A,A,A,A
11642,B,B,B,B,B,B,B,B,B,B
11643,A,A,A,A,A,A,A,A,A,B
11644,A,A,A,A,A,A,A,A,A,B
11646,A,A,A,A,A,A,A,A,A,B
11648,A,A,A,A,A,A,A,A,A,B
11649,A,A,A,A,A,A,A,A,A,B
11653,B,B,B,B,B,B,B,B,B,B
11654,A,A,A,A,A,A,A,A,A,B
11655,A,A,A,A,A,A,A,A,A,B
11656,A,A,A,A,A,A,A,A,A,B
11657,A,A,A,A,A,A,A,A,A,B
11658,B,B,B,B,B,B,B,B,B,B
11664,A,A,A,A,A,A,A,A,A,A
11666,A,A,A,A,A,A,A,A,A,A
11667,A,A,A,A,A,A,A,A,A,A
11669,A,A,A,A,A,A,A,A,A,A
11672,A,A,A,A,A,A,A,A,A,A
11673,A,A,A,A,A,A,A,A,A,A
11674,A,A,A,A,A,A,A,A,A,A
11676,A,A,A,A,A,A,A,A,A,A
11677,A,A,A,A,A,A,A,A,A,A
11765,P,P,P,P,P,P,P,P,P,P
11766,P,P,P,P,P,P,P,P,P,P
11767,P,P,P,P,P,P,P,P,P,P
11768,P,P,P,P,P,P,P,P,P,P
11769,P,P,P,P,P,P,P,P,P,P
11770,P,P,P,P,P,P,P,P,P,P
11771,P,P,P,P,P,P,P,P,P,P
11772,P,P,P,P,P,P,P,P,P,P
11773,P,P,P,P,P,P,P,P,P,P
11774,P,P,P,P,P,P,P,P,P,P
11775,P,P,P,P,P,P,P,P,P,P
11776,P,P,P,P,P,P,P,P,P,P
11777,P,P,P,P,P,P,P,P,P,P
11778,P,P,P,P,P,P,P,P,P,P
11779,P,P,P,P,P,P,P,P,P,P
11780,P,P,P,P,P,P,P,P,P,P
11781,P,P,P,P,P,P,P,P,P,P
11782,P,P,P,P,P,P,P,P,P,P
11783,P,P,P,P,P,P,P,P,P,P
11784,P,P,P,P,P,P,P,P,P,P
11785,P,P,P,P,P,P,P,P,P,P
11786,P,P,P,P,P,P,P,P,P,P
11787,P,P,P,P,P,P,P,P,P,P
11788,P,P,P,P,P,P,P,P,P,P
11789,P,P,P,P,P,P,P,P,P,P
11790,P,P,P,P,P,P,P,P,P,P
11791,I,I,I,I,I,I,I,I,I,I
11792,P,P,P,P,P,P,P,P,P,P
11793,P,P,P,P,P,P,P,P,P,P
11794,P,P,P,P,P,P,P,P,P,P
11795,P,P,P,P,P,P,P,P,P,P
11796,P,P,P,P,P,P,P,P,P,P
11797,P,P,P,P,P,P,P,P,P,P
11798,P,P,P,P,P,P,P,P,P,P
11799,P,P,P,P,P,P,P,P,P,P
11800,P,P,P,P,P,P,P,P,P,P
11801,P,P,P,P,P,P,P,P,P,P
11802,P,P,P,P,P,P,P,P,P,P
11803,P,P,P,P,P,P,P,P,P,P
11804,P,P,P,P,P,P,P,P,P,P
11805,P,P,P,P,P,P,P,P,P,P
11806,P,P,P,P,P,P,P,P,P,P
11807,P,P,P,P,P,P,P,P,P,P
11808,P,P,P,P,P,P,P,P,P,P
11809,P,P,P,P,P,P,P,P,P,P
11810,P,P,P,P,P,P,P,P,P,P
11811,P,P,P,P,P,P,P,P,P,P
11812,P,P,P,P,P,P,P,P,P,P
11813,P,P,P,P,P,P,P,P,P,P
11814,P,P,P,P,P,P,P,P,P,P
11815,P,P,P,P,P,P,P,P,P,P
11816,A,A,A,A,A,A,A,A,A,A
11817,P,P,P,P,P,P,P,P,P,P
11818,P,P,P,P,P,P,P,P,P,P
11819,P,P,P,P,P,P,P,P,P,P
11820,P,P,P,P,P,P,P,P,P,P
11821,P,P,P,P,P,P,P,P,P,P
11822,P,P,P,P,P,P,P,P,P,P
11823,I,I,I,I,I,I,I,I,I,I
11824,P,P,P,P,P,P,P,P,P,P
11825,P,P,P,P,P,P,P,P,P,P
11826,P,P,P,P,P,P,P,P,P,P
11827,P,P,P,P,P,P,P,P,P,P
11828,P,P,P,P,P,P,P,P,P,P
11829,P,P,P,P,P,P,P,P,P,P
11830,P,P,P,P,P,P,P,P,P,P
11831,P,P,P,P,P,P,P,P,P,P
11832,P,P,P,P,P,P,P,P,P,P
11833,P,P,P,P,P,P,P,P,P,P
11834,P,P,P,P,P,P,P,P,P,P
11835,P,P,P,P,P,P,P,P,P,P
11836,P,P,P,P,P,P,P,P,P,P
11837,P,P,P,P,P,P,P,P,P,P
11838,P,P,P,P,P,P,P,P,P,P
11839,P,P,P,P,P,P,P,P,P,P
11840,P,P,P,P,P,P,P,P,P,P
11841,P,P,P,P,P,P,P,P,P,P
11842,P,P,P,P,P,P,P,P,P,P
11843,P,P,P,P,P,P,P,P,P,P
11844,P,P,P,P,P,P,P,P,P,P
11845,P,P,P,P,P,P,P,P,P,P
11846,P,P,P,P,P,P,P,P,P,P
11847,P,P,P,P,P,P,P,P,P,P
11848,P,P,P,P,P,P,P,P,P,P
11849,P,P,P,P,P,P,P,P,P,P
11850,P,P,P,P,P,P,P,P,P,P
11851,I,I,I,I,I,I,I,I,I,I
11852,P,P,P,P,P,P,P,P,P,P
11853,P,P,P,P,P,P,P,P,P,P
11854,P,P,P,P,P,P,P,P,P,P
11855,P,P,P,P,P,P,P,P,P,P
11856,P,P,P,P,P,P,P,P,P,P
11857,P,P,P,P,P,P,P,P,P,P
11858,P,P,P,P,P,P,P,P,P,P
11859,P,P,P,P,P,P,P,P,P,P
11860,P,P,P,P,P,P,P,P,P,P
11861,P,P,P,P,P,P,P,P,P,P
11862,P,P,P,P,P,P,P,P,P,P
11863,P,P,P,P,P,P,P,P,P,P
11864,P,P,P,P,P,P,P,P,P,P
11865,P,P,P,P,P,P,P,P,P,P
11866,P,P,P,P,P,P,P,P,P,P
11867,P,P,P,P,P,P,P,P,P,P
11868,P,P,P,P,P,P,P,P,P,P
11869,P,P,P,P,P,P,P,P,P,P
11870,P,P,P,P,P,P,P,P,P,P
11871,A,A,A,A,A,A,A,A,A,B
11872,P,P,P,P,P,P,P,P,P,P
11873,P,P,P,P,P,P,P,P,P,P
11874,P,P,P,P,P,P,P,P,P,P
11875,P,P,P,P,P,P,P,P,P,P
11876,P,P,P,P,P,P,P,P,P,P
11877,P,P,P,P,P,P,P,P,P,P
11878,P,P,P,P,P,P,P,P,P,P
11879,P,P,P,P,P,P,P,P,P,P
11880,P,P,P,P,P,P,P,P,P,P
11881,P,P,P,P,P,P,P,P,P,P
11882,P,P,P,P,P,P,P,P,P,P
11883,P,P,P,P,P,P,P,P,P,P
11884,P,P,P,P,P,P,P,P,P,P
11885,P,P,P,P,P,P,P,P,P,P
11886,P,P,P,P,P,P,P,P,P,P
11887,I,I,I,I,I,I,I,I,I,I
11888,P,P,P,P,P,P,P,P,P,P
11889,P,P,P,P,P,P,P,P,P,P
11890,P,P,P,P,P,P,P,P,P,P
11891,P,P,P,P,P,P,P,P,P,P
11892,P,P,P,P,P,P,P,P,P,P
11893,P,P,P,P,P,P,P,P,P,P
11894,P,P,P,P,P,P,P,P,P,P
11895,P,P,P,P,P,P,P,P,P,P
11896,D,D,D,D,D,D,D,D,D,D
11897,D,D,D,D,D,D,D,D,D,D
11898,D,D,D,D,D,D,D,D,D,D
11899,D,D,D,D,D,D,D,D,D,D
11900,D,D,D,D,D,D,D,D,D,D
11901,D,D,D,D,D,D,D,D,D,D
11902,D,D,D,D,D,D,D,D,D,D
11903,D,D,D,D,D,D,D,D,D,D
11904,D,D,D,D,D,D,D,D,D,D
11905,D,D,D,D,D,D,D,D,D,D
11906,D,D,D,D,D,D,D,D,D,D
11907,D,D,D,D,D,D,D,D,D,D
11908,L,L,L,L,L,L,L,L,L,L
11909,L,L,L,L,L,L,L,L,L,L
11910,H,H,H,H,H,H,H,H,H,H
11911,A,A,A,A,A,A,A,A,A,A
11912,A,A,A,A,A,A,A,A,A,A
11913,A,A,A,A,A,A,A,A,A,A
11914,A,A,A,A,A,A,A,A,A,A
11915,A,A,A,A,A,A,A,A,A,A
11916,A,A,A,A,A,A,A,A,A,A
11917,A,A,A,A,A,A,A,A,A,A
11918,A,A,A,A,A,A,A,A,A,A
11919,A,A,A,A,A,A,A,A,A,A
11920,A,A,A,A,A,A,A,A,A,A
11921,A,A,A,A,A,A,A,A,A,A
11922,A,A,A,A,A,A,A,A,A,A
11923,A,A,A,A,A,A,A,A,A,A
11924,A,A,A,A,A,A,A,A,A,A
11925,A,A,A,A,A,A,A,A,A,A
11926,A,A,A,A,A,A,A,A,A,A
11927,A,A,A,A,A,A,A,A,A,A
11928,A,A,A,A,A,A,A,A,A,A
11929,A,A,A,A,A,A,A,A,A,A
11930,A,A,A,A,A,A,A,A,A,A
11931,A,A,A,A,A,A,A,A,A,A
11932,A,A,A,A,A,A,A,A,A,A
11933,A,A,A,A,A,A,A,A,A,A
11934,A,A,A,A,A,A,A,A,A,A
11935,A,A,A,A,A,A,A,A,A,A
11936,A,A,A,A,A,A,A,A,A,A
11937,A,A,A,A,A,A,A,A,A,A
11938,A,A,A,A,A,A,A,A,A,A
11939,A,A,A,A,A,A,A,A,A,A
11940,A,A,A,A,A,A,A,A,A,A
11941,A,A,A,A,A,A,A,A,A,A
11942,A,A,A,A,A,A,A,A,A,A
11943,A,A,A,A,A,A,A,A,A,A
11944,A,A,A,A,A,A,A,A,A,A
11945,A,A,A,A,A,A,A,A,A,A
11946,A,A,A,A,A,A,A,A,A,A
11947,A,A,A,A,A,A,A,A,A,A
11948,A,A,A,A,A,A,A,A,A,A
11949,A,A,A,A,A,A,A,A,A,A
11950,A,A,A,A,A,A,A,A,A,A
11951,A,A,A,A,A,A,A,A,A,A
11952,A,A,A,A,A,A,A,A,A,A
11953,A,A,A,A,A,A,A,A,A,A
11954,A,A,A,A,A,A,A,A,A,A
11955,A,A,A,A,A,A,A,A,A,A
11956,A,A,A,A,A,A,A,A,A,A
11957,A,A,A,A,A,A,A,A,A,A
11958,A,A,A,A,A,A,A,A,A,A
11959,A,A,A,A,A,A,A,A,A,A
11960,A,A,A,A,A,A,A,A,A,A
11961,A,A,A,A,A,A,A,A,A,A
11962,A,A,A,A,A,A,A,A,A,A
11963,A,A,A,A,A,A,A,A,A,A
11964,A,A,A,A,A,A,A,A,A,A
11965,A,A,A,A,A,A,A,A,A,A
11966,A,A,A,A,A,A,A,A,A,A
11967,A,A,A,A,A,A,A,A,A,A
11968,A,A,A,A,A,A,A,A,A,A
11969,A,A,A,A,A,A,A,A,A,A
11970,A,A,A,A,A,A,A,A,A,A
11971,A,A,A,A,A,A,A,A,A,A
11972,A,A,A,A,A,A,A,A,A,A
11973,A,A,A,A,A,A,A,A,A,A
11974,A,A,A,A,A,A,A,A,A,A
11975,A,A,A,A,A,A,A,A,A,A
11976,A,A,A,A,A,A,A,A,A,A
11977,A,A,A,A,A,A,A,A,A,A
11978,A,A,A,A,A,A,A,A,A,A
11979,A,A,A,A,A,A,A,A,A,A
11980,A,A,A,A,A,A,A,A,A,A
11981,A,A,A,A,A,A,A,A,A,A
11982,A,A,A,A,A,A,A,A,A,A
11983,A,A,A,A,A,A,A,A,A,A
11984,A,A,A,A,A,A,A,A,A,A
11985,A,A,A,A,A,A,A,A,A,A
11986,A,A,A,A,A,A,A,A,A,A
11987,A,A,A,A,A,A,A,A,A,A
11988,A,A,A,A,A,A,A,A,A,A
11989,A,A,A,A,A,A,A,A,A,A
11990,A,A,A,A,A,A,A,A,A,A
11991,A,A,A,A,A,A,A,A,A,A
11992,A,A,A,A,A,A,A,A,A,A
11993,A,A,A,A,A,A,A,A,A,A
11994,A,A,A,A,A,A,A,A,A,A
11995,A,A,A,A,A,A,A,A,A,A
11996,A,A,A,A,A,A,A,A,A,A
11997,A,A,A,A,A,A,A,A,A,A
11998,A,A,A,A,A,A,A,A,A,A
11999,A,A,A,A,A,A,A,A,A,A
12000,A,A,A,A,A,A,A,A,A,A
12001,A,A,A,A,A,A,A,A,A,A
12002,A,A,A,A,A,A,A,A,A,A
12003,A,A,A,A,A,A,A,A,A,A
12004,A,A,A,A,A,A,A,A,A,A
12005,A,A,A,A,A,A,A,A,A,A
12006,A,A,A,A,A,A,A,A,A,A
12007,A,A,A,A,A,A,A,A,A,A
12008,A,A,A,A,A,A,A,A,A,A
12009,A,A,A,A,A,A,A,A,A,A
12010,A,A,A,A,A,A,A,A,A,A
12011,A,A,A,A,A,A,A,A,A,A
12012,A,A,A,A,A,A,A,A,A,A
12013,A,A,A,A,A,A,A,A,A,A
12014,A,A,A,A,A,A,A,A,A,A
12015,A,A,A,A,A,A,A,A,A,A
12016,A,A,A,A,A,A,A,A,A,A
12017,A,A,A,A,A,A,A,A,A,A
12018,A,A,A,A,A,A,A,A,A,A
12019,A,A,A,A,A,A,A,A,A,A
12020,A,A,A,A,A,A,A,A,A,A
12021,A,A,A,A,A,A,A,A,A,A
12022,A,A,A,A,A,A,A,A,A,A
12023,A,A,A,A,A,A,A,A,A,A
12024,A,A,A,A,A,A,A,A,A,A
12025,A,A,A,A,A,A,A,A,A,A
12026,A,A,A,A,A,A,A,A,A,A
12027,A,A,A,A,A,A,A,A,A,A
12028,A,A,A,A,A,A,A,A,A,A
12029,A,A,A,A,A,A,A,A,A,A
12030,A,A,A,A,A,A,A,A,A,A
12031,A,A,A,A,A,A,A,A,A,A
12032,A,A,A,A,A,A,A,A,A,A
12033,A,A,A,A,A,A,A,A,A,A
12034,A,A,A,A,A,A,A,A,A,A
12035,A,A,A,A,A,A,A,A,A,A
12036,A,A,A,A,A,A,A,A,A,A
12037,A,A,A,A,A,A,A,A,A,A
12038,A,A,A,A,A,A,A,A,A,A
12039,A,A,A,A,A,A,A,A,A,A
12040,A,A,A,A,A,A,A,A,A,A
12041,A,A,A,A,A,A,A,A,A,A
12042,A,A,A,A,A,A,A,A,A,A
12043,A,A,A,A,A,A,A,A,A,A
12044,A,A,A,A,A,A,A,A,A,A
12045,A,A,A,A,A,A,A,A,A,A
12046,A,A,A,A,A,A,A,A,A,A
12047,A,A,A,A,A,A,A,A,A,A
12048,A,A,A,A,A,A,A,A,A,A
12049,A,A,A,A,A,A,A,A,A,A
12050,A,A,A,A,A,A,A,A,A,A
12051,A,A,A,A,A,A,A,A,A,A
12052,A,A,A,A,A,A,A,A,A,A
12053,A,A,A,A,A,A,A,A,A,A
12054,A,A,A,A,A,A,A,A,A,A
12055,A,A,A,A,A,A,A,A,A,A
12056,A,A,A,A,A,A,A,A,A,A
12057,A,A,A,A,A,A,A,A,A,A
12058,A,A,A,A,A,A,A,A,A,A
12059,L,L,L,L,L,L,L,L,L,L
12060,A,A,A,A,A,A,A,A,A,A
12061,A,A,A,A,A,A,A,A,A,A
12062,A,A,A,A,A,A,A,A,A,A
12063,A,A,A,A,A,A,A,A,A,A
12064,A,A,A,A,A,A,A,A,A,A
12065,A,A,A,A,A,A,A,A,A,A
12066,A,A,A,A,A,A,A,A,A,A
12067,A,A,A,A,A,A,A,A,A,A
12068,A,A,A,A,A,A,A,A,A,A
12069,A,A,A,A,A,A,A,A,A,A
12070,A,A,A,A,A,A,A,A,A,A
12071,A,A,A,A,A,A,A,A,A,A
12072,A,A,A,A,A,A,A,A,A,A
12073,A,A,A,A,A,A,A,A,A,A
12074,A,A,A,A,A,A,A,A,A,A
12075,A,A,A,A,A,A,A,A,A,A
12076,A,A,A,A,A,A,A,A,A,A
12077,A,A,A,A,A,A,A,A,A,A
12078,A,A,A,A,A,A,A,A,A,A
12079,A,A,A,A,A,A,A,A,A,A
12080,A,A,A,A,A,A,A,A,A,A
12081,A,A,A,A,A,A,A,A,A,A
12082,A,A,A,A,A,A,A,A,A,A
12083,A,A,A,A,A,A,A,A,A,A
12084,A,A,A,A,A,A,A,A,A,A
12085,A,A,A,A,A,A,A,A,A,A
12086,A,A,A,A,A,A,A,A,A,A
12087,A,A,A,A,A,A,A,A,A,A
12088,A,A,A,A,A,A,A,A,A,A
12089,A,A,A,A,A,A,A,A,A,A
12090,A,A,A,A,A,A,A,A,A,A
12091,A,A,A,A,A,A,A,A,A,A
12092,A,A,A,A,A,A,A,A,A,A
12093,A,A,A,A,A,A,A,A,A,A
12094,A,A,A,A,A,A,A,A,A,A
12095,A,A,A,A,A,A,A,A,A,A
12096,A,A,A,A,A,A,A,A,A,A
12097,A,A,A,A,A,A,A,A,A,A
12098,A,A,A,A,A,A,A,A,A,A
12099,A,A,A,A,A,A,A,A,A,A
12100,A,A,A,A,A,A,A,A,A,A
12101,A,A,A,A,A,A,A,A,A,A
12102,A,A,A,A,A,A,A,A,A,A
12103,A,A,A,A,A,A,A,A,A,A
12104,A,A,A,A,A,A,A,A,A,A
12105,A,A,A,A,A,A,A,A,A,A
12106,A,A,A,A,A,A,A,A,A,A
12107,A,A,A,A,A,A,A,A,A,A
12108,A,A,A,A,A,A,A,A,A,A
12109,A,A,A,A,A,A,A,A,A,A
12110,A,A,A,A,A,A,A,A,A,A
12111,A,A,A,A,A,A,A,A,A,A
12112,A,A,A,A,A,A,A,A,A,A
12113,A,A,A,A,A,A,A,A,A,A
12114,A,A,A,A,A,A,A,A,A,A
12115,A,A,A,A,A,A,A,A,A,A
12116,A,A,A,A,A,A,A,A,A,A
12117,A,A,A,A,A,A,A,A,A,A
12118,A,A,A,A,A,A,A,A,A,A
12119,A,A,A,A,A,A,A,A,A,A
12120,A,A,A,A,A,A,A,A,A,A
12121,A,A,A,A,A,A,A,A,A,A
12122,A,A,A,A,A,A,A,A,A,A
12123,A,A,A,A,A,A,A,A,A,A
12124,A,A,A,A,A,A,A,A,A,A
12125,A,A,A,A,A,A,A,A,A,A
12126,A,A,A,A,A,A,A,A,A,A
12127,A,A,A,A,A,A,A,A,A,A
12128,A,A,A,A,A,A,A,A,A,A
12129,A,A,A,A,A,A,A,A,A,A
12130,A,A,A,A,A,A,A,A,A,A
12131,A,A,A,A,A,A,A,A,A,A
12132,A,A,A,A,A,A,A,A,A,A
12133,A,A,A,A,A,A,A,A,A,A
12134,A,A,A,A,A,A,A,A,A,A
12135,A,A,A,A,A,A,A,A,A,A
12136,A,A,A,A,A,A,A,A,A,A
12137,A,A,A,A,A,A,A,A,A,A
12138,A,A,A,A,A,A,A,A,A,A
12139,A,A,A,A,A,A,A,A,A,A
12140,A,A,A,A,A,A,A,A,A,A
12141,A,A,A,A,A,A,A,A,A,A
12142,A,A,A,A,A,A,A,A,A,A
12143,A,A,A,A,A,A,A,A,A,A
12144,A,A,A,A,A,A,A,A,A,A
12145,A,A,A,A,A,A,A,A,A,A
12146,A,A,A,A,A,A,A,A,A,A
12147,A,A,A,A,A,A,A,A,A,A
12148,A,A,A,A,A,A,A,A,A,A
12149,A,A,A,A,A,A,A,A,A,A
12150,A,A,A,A,A,A,A,A,A,A
12151,A,A,A,A,A,A,A,A,A,A
12152,A,A,A,A,A,A,A,A,A,A
12153,A,A,A,A,A,A,A,A,A,A
12154,A,A,A,A,A,A,A,A,A,A
12155,A,A,A,A,A,A,A,A,A,A
12156,A,A,A,A,A,A,A,A,A,A
12157,A,A,A,A,A,A,A,A,A,A
12158,A,A,A,A,A,A,A,A,A,A
12159,A,A,A,A,A,A,A,A,A,A
12160,A,A,A,A,A,A,A,A,A,A
12161,A,A,A,A,A,A,A,A,A,A
12162,A,A,A,A,A,A,A,A,A,A
12163,A,A,A,A,A,A,A,A,A,A
12164,A,A,A,A,A,A,A,A,A,A
12165,A,A,A,A,A,A,A,A,A,A
12166,A,A,A,A,A,A,A,A,A,A
12167,A,A,A,A,A,A,A,A,A,A
12168,A,A,A,A,A,A,A,A,A,A
12169,A,A,A,A,A,A,A,A,A,A
12170,A,A,A,A,A,A,A,A,A,A
12171,A,A,A,A,A,A,A,A,A,A
12172,A,A,A,A,A,A,A,A,A,A
12173,A,A,A,A,A,A,A,A,A,A
12174,A,A,A,A,A,A,A,A,A,A
12175,A,A,A,A,A,A,A,A,A,A
12176,A,A,A,A,A,A,A,A,A,A
12177,A,A,A,A,A,A,A,A,A,A
12178,A,A,A,A,A,A,A,A,A,A
12179,A,A,A,A,A,A,A,A,A,A
12180,A,A,A,A,A,A,A,A,A,A
12181,A,A,A,A,A,A,A,A,A,A
12182,A,A,A,A,A,A,A,A,A,A
12183,A,A,A,A,A,A,A,A,A,A
12184,A,A,A,A,A,A,A,A,A,A
12185,A,A,A,A,A,A,A,A,A,A
12186,A,A,A,A,A,A,A,A,A,A
12187,A,A,A,A,A,A,A,A,A,A
12188,A,A,A,A,A,A,A,A,A,A
12189,A,A,A,A,A,A,A,A,A,A
12190,A,A,A,A,A,A,A,A,A,A
12191,A,A,A,A,A,A,A,A,A,A
12192,A,A,A,A,A,A,A,A,A,A
12193,A,A,A,A,A,A,A,A,A,A
12194,A,A,A,A,A,A,A,A,A,A
12195,A,A,A,A,A,A,A,A,A,A
12196,A,A,A,A,A,A,A,A,A,A
12197,A,A,A,A,A,A,A,A,A,A
12198,A,A,A,A,A,A,A,A,A,A
12199,A,A,A,A,A,A,A,A,A,A
12200,A,A,A,A,A,A,A,A,A,A
12201,A,A,A,A,A,A,A,A,A,A
12202,A,A,A,A,A,A,A,A,A,A
12203,A,A,A,A,A,A,A,A,A,A
12204,A,A,A,A,A,A,A,A,A,A
12205,A,A,A,A,A,A,A,A,A,A
12206,A,A,A,A,A,A,A,A,A,A
12207,A,A,A,A,A,A,A,A,A,A
12208,A,A,A,A,A,A,A,A,A,A
12209,A,A,A,A,A,A,A,A,A,A
12210,A,A,A,A,A,A,A,A,A,A
12211,A,A,A,A,A,A,A,A,A,A
12212,A,A,A,A,A,A,A,A,A,A
12213,A,A,A,A,A,A,A,A,A,A
12214,A,A,A,A,A,A,A,A,A,A
12215,A,A,A,A,A,A,A,A,A,A
12216,A,A,A,A,A,A,A,A,A,A
12217,A,A,A,A,A,A,A,A,A,A
12218,A,A,A,A,A,A,A,A,A,A
12219,A,A,A,A,A,A,A,A,A,A
12220,A,A,A,A,A,A,A,A,A,A
12221,A,A,A,A,A,A,A,A,A,A
12222,A,A,A,A,A,A,A,A,A,A
12223,A,A,A,A,A,A,A,A,A,A
12224,A,A,A,A,A,A,A,A,A,A
12225,A,A,A,A,A,A,A,A,A,A
12226,A,A,A,A,A,A,A,A,A,A
12227,A,A,A,A,A,A,A,A,A,A
12228,A,A,A,A,A,A,A,A,A,A
12229,A,A,A,A,A,A,A,A,A,A
12230,A,A,A,A,A,A,A,A,A,A
12231,A,A,A,A,A,A,A,A,A,A
12232,A,A,A,A,A,A,A,A,A,A
12233,A,A,A,A,A,A,A,A,A,A
12234,A,A,A,A,A,A,A,A,A,A
12235,A,A,A,A,A,A,A,A,A,A
12236,A,A,A,A,A,A,A,A,A,A
12237,A,A,A,A,A,A,A,A,A,A
12238,A,A,A,A,A,A,A,A,A,A
12239,A,A,A,A,A,A,A,A,A,A
12240,A,A,A,A,A,A,A,A,A,A
12241,A,A,A,A,A,A,A,A,A,A
12242,A,A,A,A,A,A,A,A,A,A
12243,A,A,A,A,A,A,A,A,A,A
12244,A,A,A,A,A,A,A,A,A,A
12245,A,A,A,A,A,A,A,A,A,A
12246,A,A,A,A,A,A,A,A,A,A
12247,A,A,A,A,A,A,A,A,A,A
12248,A,A,A,A,A,A,A,A,A,A
12249,A,A,A,A,A,A,A,A,A,A
12250,A,A,A,A,A,A,A,A,A,A
12251,A,A,A,A,A,A,A,A,A,A
12252,A,A,A,A,A,A,A,A,A,A
12253,A,A,A,A,A,A,A,A,A,A
12254,A,A,A,A,A,A,A,A,A,A
12255,A,A,A,A,A,A,A,A,A,A
12256,A,A,A,A,A,A,A,A,A,A
12257,A,A,A,A,A,A,A,A,A,A
12258,A,A,A,A,A,A,A,A,A,A
12259,A,A,A,A,A,A,A,A,A,A
12260,A,A,A,A,A,A,A,A,A,A
12261,A,A,A,A,A,A,A,A,A,A
12262,A,A,A,A,A,A,A,A,A,A
12263,A,A,A,A,A,A,A,A,A,A
12264,A,A,A,A,A,A,A,A,A,A
12265,A,A,A,A,A,A,A,A,A,A
12266,A,A,A,A,A,A,A,A,A,A
12267,A,A,A,A,A,A,A,A,A,A
12268,A,A,A,A,A,A,A,A,A,A
12269,A,A,A,A,A,A,A,A,A,A
12270,A,A,A,A,A,A,A,A,A,A
12271,A,A,A,A,A,A,A,A,A,A
12272,A,A,A,A,A,A,A,A,A,A
12273,A,A,A,A,A,A,A,A,A,A
12274,A,A,A,A,A,A,A,A,A,A
12275,A,A,A,A,A,A,A,A,A,A
12276,A,A,A,A,A,A,A,A,A,A
12277,A,A,A,A,A,A,A,A,A,A
12278,A,A,A,A,A,A,A,A,A,A
12279,A,A,A,A,A,A,A,A,A,A
12280,A,A,A,A,A,A,A,A,A,A
12281,A,A,A,A,A,A,A,A,A,A
12282,A,A,A,A,A,A,A,A,A,A
12283,A,A,A,A,A,A,A,A,A,A
12284,A,A,A,A,A,A,A,A,A,A
12285,A,A,A,A,A,A,A,A,A,A
12286,A,A,A,A,A,A,A,A,A,A
12287,A,A,A,A,A,A,A,A,A,A
12288,A,A,A,A,A,A,A,A,A,A
12289,A,A,A,A,A,A,A,A,A,A
12290,A,A,A,A,A,A,A,A,A,A
12291,A,A,A,A,A,A,A,A,A,A
12292,A,A,A,A,A,A,A,A,A,A
12293,A,A,A,A,A,A,A,A,A,A
12294,A,A,A,A,A,A,A,A,A,A
12295,A,A,A,A,A,A,A,A,A,A
12296,A,A,A,A,A,A,A,A,A,A
12297,A,A,A,A,A,A,A,A,A,A
12298,A,A,A,A,A,A,A,A,A,A
12299,A,A,A,A,A,A,A,A,A,A
12300,A,A,A,A,A,A,A,A,A,A
12301,A,A,A,A,A,A,A,A,A,A
12302,A,A,A,A,A,A,A,A,A,A
12303,A,A,A,A,A,A,A,A,A,A
12304,A,A,A,A,A,A,A,A,A,A
12305,A,A,A,A,A,A,A,A,A,A
12306,A,A,A,A,A,A,A,A,A,A
12307,A,A,A,A,A,A,A,A,A,A
12308,A,A,A,A,A,A,A,A,A,A
12309,A,A,A,A,A,A,A,A,A,A
12310,A,A,A,A,A,A,A,A,A,A
12311,A,A,A,A,A,A,A,A,A,A
12312,A,A,A,A,A,A,A,A,A,A
12313,A,A,A,A,A,A,A,A,A,A
12314,A,A,A,A,A,A,A,A,A,A
12315,A,A,A,A,A,A,A,A,A,A
12316,A,A,A,A,A,A,A,A,A,A
12317,A,A,A,A,A,A,A,A,A,A
12318,A,A,A,A,A,A,A,A,A,A
12319,A,A,A,A,A,A,A,A,A,A
12320,A,A,A,A,A,A,A,A,A,A
12321,A,A,A,A,A,A,A,A,A,A
12322,A,A,A,A,A,A,A,A,A,A
12323,D,D,D,D,D,D,D,D,D,D
12324,B,B,B,B,B,B,B,B,B,B
12325,B,B,B,B,B,B,B,B,B,B
12326,B,B,B,B,B,B,B,B,B,B
12327,B,B,B,B,B,B,B,B,B,B
12328,D,D,D,D,D,D,D,D,D,D
12329,D,D,D,D,D,D,D,D,D,D
12330,B,B,B,B,B,B,B,B,B,B
12331,B,B,B,B,B,B,B,B,B,B
12332,C,C,C,C,C,C,C,C,C,C
12333,B,B,B,B,B,B,B,B,B,B
12334,D,D,D,D,D,D,D,D,D,D
12335,I,I,I,I,I,I,I,I,I,I
12336,B,B,B,B,B,B,B,B,B,B
12337,B,B,B,B,B,B,B,B,B,B
12338,B,B,B,B,B,B,B,B,B,B
12339,I,I,I,I,I,I,I,I,I,I
12340,D,D,D,D,D,D,D,D,D,D
12341,B,B,B,B,B,B,B,B,B,B
12342,B,B,B,B,B,B,B,B,B,B
12343,B,B,B,B,B,B,B,B,B,B
12344,B,B,B,B,B,B,B,B,B,B
12345,B,B,B,B,B,B,B,B,B,B
12346,B,B,B,B,B,B,B,B,B,B
12347,B,B,B,B,B,B,B,B,B,B
12348,B,B,B,B,B,B,B,B,B,B
12349,B,B,B,B,B,B,B,B,B,B
12350,B,B,B,B,B,B,B,B,B,B
12351,B,B,B,B,B,B,B,B,B,B
12352,B,B,B,B,B,B,B,B,B,B
12353,B,B,B,B,B,B,B,B,B,B
12354,B,B,B,B,B,B,B,B,B,B
12355,B,B,B,B,B,B,B,B,B,B
12356,C,C,C,C,C,C,C,C,C,C
12357,D,D,D,D,D,D,D,D,D,D
12358,B,B,B,B,B,B,B,B,B,B
12359,A,A,A,A,A,A,A,A,A,A
12360,A,A,A,A,A,A,A,A,A,A
12361,A,A,A,A,A,A,A,A,A,A
12362,A,A,A,A,A,A,A,A,A,A
12363,A,A,A,A,A,A,A,A,A,A
12364,A,A,A,A,A,A,A,A,A,A
12365,A,A,A,A,A,A,A,A,A,A
12366,A,A,A,A,A,A,A,A,A,A
12367,A,A,A,A,A,A,A,A,A,A
12368,A,A,A,A,A,A,A,A,A,A
12369,A,A,A,A,A,A,A,A,A,A
12370,A,A,A,A,A,A,A,A,A,A
12371,A,A,A,A,A,A,A,A,A,A
12372,A,A,A,A,A,A,A,A,A,A
12373,A,A,A,A,A,A,A,A,A,A
12374,A,A,A,A,A,A,A,A,A,A
12375,A,A,A,A,A,A,A,A,A,A
12376,A,A,A,A,A,A,A,A,A,A
12377,A,A,A,A,A,A,A,A,A,A
12378,A,A,A,A,A,A,A,A,A,A
12379,A,A,A,A,A,A,A,A,A,A
12380,A,A,A,A,A,A,A,A,A,A
12381,A,A,A,A,A,A,A,A,A,A
12382,A,A,A,A,A,A,A,A,A,A
12383,A,A,A,A,A,A,A,A,A,A
12384,A,A,A,A,A,A,A,A,A,A
12385,A,A,A,A,A,A,A,A,A,A
12386,A,A,A,A,A,A,A,A,A,A
12387,A,A,A,A,A,A,A,A,A,A
12388,A,A,A,A,A,A,A,A,A,A
12389,A,A,A,A,A,A,A,A,A,A
12390,A,A,A,A,A,A,A,A,A,A
12391,A,A,A,A,A,A,A,A,A,A
12392,A,A,A,A,A,A,A,A,A,A
12393,A,A,A,A,A,A,A,A,A,A
12394,A,A,A,A,A,A,A,A,A,A
12395,A,A,A,A,A,A,A,A,A,A
12396,A,A,A,A,A,A,A,A,A,A
12397,A,A,A,A,A,A,A,A,A,A
12398,A,A,A,A,A,A,A,A,A,A
12399,A,A,A,A,A,A,A,A,A,A
12400,A,A,A,A,A,A,A,A,A,A
12401,A,A,A,A,A,A,A,A,A,A
12402,A,A,A,A,A,A,A,A,A,A
12403,A,A,A,A,A,A,A,A,A,A
12404,A,A,A,A,A,A,A,A,A,A
12405,A,A,A,A,A,A,A,A,A,A
12406,A,A,A,A,A,A,A,A,A,A
12407,A,A,A,A,A,A,A,A,A,A
12408,A,A,A,A,A,A,A,A,A,A
12409,A,A,A,A,A,A,A,A,A,A
12410,A,A,A,A,A,A,A,A,A,A
12411,A,A,A,A,A,A,A,A,A,A
12412,A,A,A,A,A,A,A,A,A,A
12413,A,A,A,A,A,A,A,A,A,A
12414,A,A,A,A,A,A,A,A,A,A
12415,A,A,A,A,A,A,A,A,A,A
12416,A,A,A,A,A,A,A,A,A,A
12417,A,A,A,A,A,A,A,A,A,A
12418,A,A,A,A,A,A,A,A,A,A
12419,A,A,A,A,A,A,A,A,A,A
12420,A,A,A,A,A,A,A,A,A,A
12421,A,A,A,A,A,A,A,A,A,A
12422,A,A,A,A,A,A,A,A,A,A
12423,A,A,A,A,A,A,A,A,A,A
12424,A,A,A,A,A,A,A,A,A,A
12425,A,A,A,A,A,A,A,A,A,A
12426,A,A,A,A,A,A,A,A,A,A
12427,A,A,A,A,A,A,A,A,A,A
12428,A,A,A,A,A,A,A,A,A,A
12429,A,A,A,A,A,A,A,A,A,A
12430,A,A,A,A,A,A,A,A,A,A
12431,A,A,A,A,A,A,A,A,A,A
12432,A,A,A,A,A,A,A,A,A,A
12433,A,A,A,A,A,A,A,A,A,A
12434,A,A,A,A,A,A,A,A,A,A
12435,A,A,A,A,A,A,A,A,A,A
12436,A,A,A,A,A,A,A,A,A,A
12437,A,A,A,A,A,A,A,A,A,A
12438,A,A,A,A,A,A,A,A,A,A
12439,A,A,A,A,A,A,A,A,A,A
12440,A,A,A,A,A,A,A,A,A,A
12441,A,A,A,A,A,A,A,A,A,A
12442,A,A,A,A,A,A,A,A,A,A
12443,A,A,A,A,A,A,A,A,A,A
12444,A,A,A,A,A,A,A,A,A,A
12445,A,A,A,A,A,A,A,A,A,A
12446,A,A,A,A,A,A,A,A,A,A
12447,A,A,A,A,A,A,A,A,A,A
12448,A,A,A,A,A,A,A,A,A,A
12449,A,A,A,A,A,A,A,A,A,A
12450,A,A,A,A,A,A,A,A,A,A
12451,A,A,A,A,A,A,A,A,A,A
12452,A,A,A,A,A,A,A,A,A,A
12453,A,A,A,A,A,A,A,A,A,A
12454,A,A,A,A,A,A,A,A,A,A
12455,A,A,A,A,A,A,A,A,A,A
12456,A,A,A,A,A,A,A,A,A,A
12457,A,A,A,A,A,A,A,A,A,A
12458,A,A,A,A,A,A,A,A,A,A
12459,A,A,A,A,A,A,A,A,A,A
12460,A,A,A,A,A,A,A,A,A,A
12461,A,A,A,A,A,A,A,A,A,A
12462,A,A,A,A,A,A,A,A,A,A
12463,A,A,A,A,A,A,A,A,A,A
12464,A,A,A,A,A,A,A,A,A,A
12465,A,A,A,A,A,A,A,A,A,A
12466,A,A,A,A,A,A,A,A,A,A
12467,A,A,A,A,A,A,A,A,A,A
12468,A,A,A,A,A,A,A,A,A,A
12469,A,A,A,A,A,A,A,A,A,A
12470,A,A,A,A,A,A,A,A,A,A
12471,A,A,A,A,A,A,A,A,A,A
12472,A,A,A,A,A,A,A,A,A,A
12473,A,A,A,A,A,A,A,A,A,A
12474,A,A,A,A,A,A,A,A,A,A
12475,A,A,A,A,A,A,A,A,A,A
12476,A,A,A,A,A,A,A,A,A,A
12477,A,A,A,A,A,A,A,A,A,A
12478,A,A,A,A,A,A,A,A,A,A
12479,A,A,A,A,A,A,A,A,A,A
12480,A,A,A,A,A,A,A,A,A,A
12481,A,A,A,A,A,A,A,A,A,A
12482,A,A,A,A,A,A,A,A,A,A
12483,A,A,A,A,A,A,A,A,A,A
12484,A,A,A,A,A,A,A,A,A,A
12485,A,A,A,A,A,A,A,A,A,A
12486,A,A,A,A,A,A,A,A,A,A
12487,A,A,A,A,A,A,A,A,A,A
12488,A,A,A,A,A,A,A,A,A,A
12489,A,A,A,A,A,A,A,A,A,A
12490,A,A,A,A,A,A,A,A,A,A
12491,A,A,A,A,A,A,A,A,A,A
12492,A,A,A,A,A,A,A,A,A,A
12493,A,A,A,A,A,A,A,A,A,A
12494,A,A,A,A,A,A,A,A,A,A
12495,A,A,A,A,A,A,A,A,A,A
12496,A,A,A,A,A,A,A,A,A,A
12497,A,A,A,A,A,A,A,A,A,A
12498,A,A,A,A,A,A,A,A,A,A
12499,A,A,A,A,A,A,A,A,A,A
12500,A,A,A,A,A,A,A,A,A,A
12501,A,A,A,A,A,A,A,A,A,A
12502,A,A,A,A,A,A,A,A,A,A
12503,A,A,A,A,A,A,A,A,A,A
12504,A,A,A,A,A,A,A,A,A,A
12505,A,A,A,A,A,A,A,A,A,A
12506,A,A,A,A,A,A,A,A,A,A
12507,A,A,A,A,A,A,A,A,A,A
12508,A,A,A,A,A,A,A,A,A,A
12509,A,A,A,A,A,A,A,A,A,A
12510,A,A,A,A,A,A,A,A,A,A
12511,A,A,A,A,A,A,A,A,A,A
12512,A,A,A,A,A,A,A,A,A,A
12513,A,A,A,A,A,A,A,A,A,A
12514,A,A,A,A,A,A,A,A,A,A
12515,A,A,A,A,A,A,A,A,A,A
12516,A,A,A,A,A,A,A,A,A,A
12517,A,A,A,A,A,A,A,A,A,A
12518,A,A,A,A,A,A,A,A,A,A
12519,A,A,A,A,A,A,A,A,A,A
12520,A,A,A,A,A,A,A,A,A,A
12521,A,A,A,A,A,A,A,A,A,A
12522,A,A,A,A,A,A,A,A,A,A
12523,A,A,A,A,A,A,A,A,A,A
12524,A,A,A,A,A,A,A,A,A,A
12525,A,A,A,A,A,A,A,A,A,A
12526,A,A,A,A,A,A,A,A,A,A
12527,A,A,A,A,A,A,A,A,A,A
12528,A,A,A,A,A,A,A,A,A,A
12529,A,A,A,A,A,A,A,A,A,A
12530,A,A,A,A,A,A,A,A,A,A
12531,A,A,A,A,A,A,A,A,A,A
12532,A,A,A,A,A,A,A,A,A,A
12533,A,A,A,A,A,A,A,A,A,A
12534,A,A,A,A,A,A,A,A,A,A
12535,A,A,A,A,A,A,A,A,A,A
12536,A,A,A,A,A,A,A,A,A,A
12537,A,A,A,A,A,A,A,A,A,A
12538,A,A,A,A,A,A,A,A,A,A
12539,A,A,A,A,A,A,A,A,A,A
12540,A,A,A,A,A,A,A,A,A,A
12541,A,A,A,A,A,A,A,A,A,A
12542,A,A,A,A,A,A,A,A,A,A
12543,A,A,A,A,A,A,A,A,A,A
12544,A,A,A,A,A,A,A,A,A,A
12545,A,A,A,A,A,A,A,A,A,A
12546,A,A,A,A,A,A,A,A,A,A
12547,A,A,A,A,A,A,A,A,A,A
12548,A,A,A,A,A,A,A,A,A,A
12549,A,A,A,A,A,A,A,A,A,A
12550,A,A,A,A,A,A,A,A,A,A
12551,A,A,A,A,A,A,A,A,A,A
12552,A,A,A,A,A,A,A,A,A,A
12553,A,A,A,A,A,A,A,A,A,A
12554,A,A,A,A,A,A,A,A,A,A
12555,A,A,A,A,A,A,A,A,A,A
12556,A,A,A,A,A,A,A,A,A,A
12557,A,A,A,A,A,A,A,A,A,A
12558,A,A,A,A,A,A,A,A,A,A
12559,A,A,A,A,A,A,A,A,A,A
12560,A,A,A,A,A,A,A,A,A,A
12561,A,A,A,A,A,A,A,A,A,A
12562,A,A,A,A,A,A,A,A,A,A
12563,A,A,A,A,A,A,A,A,A,A
12564,A,A,A,A,A,A,A,A,A,A
12565,A,A,A,A,A,A,A,A,A,A
12566,A,A,A,A,A,A,A,A,A,A
12567,A,A,A,A,A,A,A,A,A,A
12568,A,A,A,A,A,A,A,A,A,A
12569,A,A,A,A,A,A,A,A,A,A
12570,A,A,A,A,A,A,A,A,A,A
12571,A,A,A,A,A,A,A,A,A,A
12572,A,A,A,A,A,A,A,A,A,A
12573,A,A,A,A,A,A,A,A,A,A
12574,A,A,A,A,A,A,A,A,A,A
12575,A,A,A,A,A,A,A,A,A,A
12576,A,A,A,A,A,A,A,A,A,A
12577,A,A,A,A,A,A,A,A,A,A
12578,A,A,A,A,A,A,A,A,A,A
12579,A,A,A,A,A,A,A,A,A,A
12580,A,A,A,A,A,A,A,A,A,A
12581,A,A,A,A,A,A,A,A,A,A
12582,A,A,A,A,A,A,A,A,A,A
12583,A,A,A,A,A,A,A,A,A,A
12584,A,A,A,A,A,A,A,A,A,A
12585,A,A,A,A,A,A,A,A,A,A
12586,A,A,A,A,A,A,A,A,A,A
12587,A,A,A,A,A,A,A,A,A,A
12588,A,A,A,A,A,A,A,A,A,A
12589,A,A,A,A,A,A,A,A,A,A
12590,A,A,A,A,A,A,A,A,A,A
12591,A,A,A,A,A,A,A,A,A,A
12592,A,A,A,A,A,A,A,A,A,A
12593,A,A,A,A,A,A,A,A,A,A
12594,A,A,A,A,A,A,A,A,A,A
12595,A,A,A,A,A,A,A,A,A,A
12596,A,A,A,A,A,A,A,A,A,A
12597,A,A,A,A,A,A,A,A,A,A
12598,A,A,A,A,A,A,A,A,A,A
12599,A,A,A,A,A,A,A,A,A,A
12600,A,A,A,A,A,A,A,A,A,A
12601,A,A,A,A,A,A,A,A,A,A
12602,A,A,A,A,A,A,A,A,A,A
12603,A,A,A,A,A,A,A,A,A,A
12604,A,A,A,A,A,A,A,A,A,A
12605,A,A,A,A,A,A,A,A,A,A
12606,A,A,A,A,A,A,A,A,A,A
12607,A,A,A,A,A,A,A,A,A,A
12608,A,A,A,A,A,A,A,A,A,A
12609,A,A,A,A,A,A,A,A,A,A
12610,A,A,A,A,A,A,A,A,A,A
12611,A,A,A,A,A,A,A,A,A,A
12612,A,A,A,A,A,A,A,A,A,A
12613,A,A,A,A,A,A,A,A,A,A
12614,A,A,A,A,A,A,A,A,A,A
12615,A,A,A,A,A,A,A,A,A,A
12616,A,A,A,A,A,A,A,A,A,A
12617,A,A,A,A,A,A,A,A,A,A
12618,A,A,A,A,A,A,A,A,A,A
12619,A,A,A,A,A,A,A,A,A,A
12620,A,A,A,A,A,A,A,A,A,A
12621,A,A,A,A,A,A,A,A,A,A
12622,A,A,A,A,A,A,A,A,A,A
12623,A,A,A,A,A,A,A,A,A,A
12624,A,A,A,A,A,A,A,A,A,A
12625,A,A,A,A,A,A,A,A,A,A
12626,A,A,A,A,A,A,A,A,A,A
12627,A,A,A,A,A,A,A,A,A,A
12628,A,A,A,A,A,A,A,A,A,A
12629,A,A,A,A,A,A,A,A,A,A
12630,A,A,A,A,A,A,A,A,A,A
12631,A,A,A,A,A,A,A,A,A,A
12632,A,A,A,A,A,A,A,A,A,A
12633,A,A,A,A,A,A,A,A,A,A
12634,A,A,A,A,A,A,A,A,A,A
12635,A,A,A,A,A,A,A,A,A,A
12636,A,A,A,A,A,A,A,A,A,A
12637,A,A,A,A,A,A,A,A,A,A
12638,A,A,A,A,A,A,A,A,A,A
12639,A,A,A,A,A,A,A,A,A,A
12640,A,A,A,A,A,A,A,A,A,A
12641,A,A,A,A,A,A,A,A,A,A
12642,A,A,A,A,A,A,A,A,A,A
12643,A,A,A,A,A,A,A,A,A,A
12644,A,A,A,A,A,A,A,A,A,A
12645,A,A,A,A,A,A,A,A,A,A
12646,A,A,A,A,A,A,A,A,A,A
12647,A,A,A,A,A,A,A,A,A,A
12648,B,B,B,B,B,B,B,B,B,B
12649,B,B,B,B,B,B,B,B,B,B
12650,B,B,B,B,B,B,B,B,B,B
12651,B,B,B,B,B,B,B,B,B,B
12652,B,B,B,B,B,B,B,B,B,B
12653,B,B,B,B,B,B,B,B,B,B
12654,B,B,B,B,B,B,B,B,B,B
12655,B,B,B,B,B,B,B,B,B,B
12656,B,B,B,B,B,B,B,B,B,B
12657,B,B,B,B,B,B,B,B,B,B
12658,B,B,B,B,B,B,B,B,B,B
12659,I,I,I,I,I,I,I,I,I,I
12660,B,B,B,B,B,B,B,B,B,B
12666,B,B,B,B,B,B,B,B,B,B
12668,B,B,B,B,B,B,B,B,B,B
12669,B,B,B,B,B,B,B,B,B,B
12670,B,B,B,B,B,B,B,B,B,B
12671,B,B,B,B,B,B,B,B,B,B
12672,B,B,B,B,B,B,B,B,B,B
12673,B,B,B,B,B,B,B,B,B,B
12674,B,B,B,B,B,B,B,B,B,B
12675,B,B,B,B,B,B,B,B,B,B
12676,B,B,B,B,B,B,B,B,B,B
12677,E,E,E,E,E,E,E,E,E,E
12678,A,A,A,A,A,A,A,A,A,A
12679,A,A,A,A,A,A,A,A,A,A
12680,A,A,A,A,A,A,A,A,A,A
12681,L,L,L,L,L,L,L,L,L,L
12682,A,A,A,A,A,A,A,A,A,A
12683,A,A,A,A,A,A,A,A,A,A
12684,A,A,A,A,A,A,A,A,A,A
12685,A,A,A,A,A,A,A,A,A,A
12686,A,A,A,A,A,A,A,A,A,A
12687,A,A,A,A,A,A,A,A,A,A
12688,A,A,A,A,A,A,A,A,A,A
12689,A,A,A,A,A,A,A,A,A,A
12690,A,A,A,A,A,A,A,A,A,A
12691,A,A,A,A,A,A,A,A,A,A
12692,A,A,A,A,A,A,A,A,A,A
12693,A,A,A,A,A,A,A,A,A,A
12694,A,A,A,A,A,A,A,A,A,A
12695,A,A,A,A,A,A,A,A,A,A
12696,A,A,A,A,A,A,A,A,A,A
12697,A,A,A,A,A,A,A,A,A,A
12698,A,A,A,A,A,A,A,A,A,A
12699,A,A,A,A,A,A,A,A,A,A
12700,A,A,A,A,A,A,A,A,A,A
12701,A,A,A,A,A,A,A,A,A,A
12702,A,A,A,A,A,A,A,A,A,A
12703,A,A,A,A,A,A,A,A,A,A
12704,A,A,A,A,A,A,A,A,A,A
12705,A,A,A,A,A,A,A,A,A,A
12706,A,A,A,A,A,A,A,A,A,A
12707,A,A,A,A,A,A,A,A,A,A
12708,A,A,A,A,A,A,A,A,A,A
12709,A,A,A,A,A,A,A,A,A,A
12710,A,A,A,A,A,A,A,A,A,A
12711,A,A,A,A,A,A,A,A,A,A
12712,A,A,A,A,A,A,A,A,A,A
12713,A,A,A,A,A,A,A,A,A,A
12714,A,A,A,A,A,A,A,A,A,A
12715,A,A,A,A,A,A,A,A,A,A
12716,A,A,A,A,A,A,A,A,A,A
12717,A,A,A,A,A,A,A,A,A,A
12718,A,A,A,A,A,A,A,A,A,A
12719,A,A,A,A,A,A,A,A,A,A
12720,A,A,A,A,A,A,A,A,A,A
12721,A,A,A,A,A,A,A,A,A,A
12722,A,A,A,A,A,A,A,A,A,A
12723,A,A,A,A,A,A,A,A,A,A
12724,A,A,A,A,A,A,A,A,A,A
12725,A,A,A,A,A,A,A,A,A,A
12726,A,A,A,A,A,A,A,A,A,A
12727,A,A,A,A,A,A,A,A,A,A
12728,A,A,A,A,A,A,A,A,A,A
12729,A,A,A,A,A,A,A,A,A,A
12730,A,A,A,A,A,A,A,A,A,A
12731,A,A,A,A,A,A,A,A,A,A
12732,A,A,A,A,A,A,A,A,A,A
12733,A,A,A,A,A,A,A,A,A,A
12734,A,A,A,A,A,A,A,A,A,A
12735,A,A,A,A,A,A,A,A,A,A
12736,A,A,A,A,A,A,A,A,A,A
12737,A,A,A,A,A,A,A,A,A,A
12738,A,A,A,A,A,A,A,A,A,A
12739,A,A,A,A,A,A,A,A,A,A
12740,A,A,A,A,A,A,A,A,A,A
12741,A,A,A,A,A,A,A,A,A,A
12742,A,A,A,A,A,A,A,A,A,A
12743,A,A,A,A,A,A,A,A,A,A
12744,A,A,A,A,A,A,A,A,A,A
12745,A,A,A,A,A,A,A,A,A,A
12746,A,A,A,A,A,A,A,A,A,A
12747,A,A,A,A,A,A,A,A,A,A
12748,A,A,A,A,A,A,A,A,A,A
12749,A,A,A,A,A,A,A,A,A,A
12750,A,A,A,A,A,A,A,A,A,A
12751,A,A,A,A,A,A,A,A,A,A
12752,A,A,A,A,A,A,A,A,A,A
12753,A,A,A,A,A,A,A,A,A,A
12754,A,A,A,A,A,A,A,A,A,A
12755,A,A,A,A,A,A,A,A,A,A
12756,A,A,A,A,A,A,A,A,A,A
12757,A,A,A,A,A,A,A,A,A,A
12758,A,A,A,A,A,A,A,A,A,A
12759,A,A,A,A,A,A,A,A,A,A
12760,A,A,A,A,A,A,A,A,A,A
12761,A,A,A,A,A,A,A,A,A,A
12762,A,A,A,A,A,A,A,A,A,A
12763,A,A,A,A,A,A,A,A,A,A
12764,A,A,A,A,A,A,A,A,A,A
12765,A,A,A,A,A,A,A,A,A,A
12766,A,A,A,A,A,A,A,A,A,A
12767,A,A,A,A,A,A,A,A,A,A
12768,A,A,A,A,A,A,A,A,A,A
12769,A,A,A,A,A,A,A,A,A,A
12770,A,A,A,A,A,A,A,A,A,A
12771,A,A,A,A,A,A,A,A,A,A
12772,A,A,A,A,A,A,A,A,A,A
12773,A,A,A,A,A,A,A,A,A,A
12774,A,A,A,A,A,A,A,A,A,A
12775,A,A,A,A,A,A,A,A,A,A
12776,A,A,A,A,A,A,A,A,A,A
12777,A,A,A,A,A,A,A,A,A,A
12778,A,A,A,A,A,A,A,A,A,A
12779,A,A,A,A,A,A,A,A,A,A
12780,A,A,A,A,A,A,A,A,A,A
12781,A,A,A,A,A,A,A,A,A,A
12782,A,A,A,A,A,A,A,A,A,A
12783,A,A,A,A,A,A,A,A,A,A
12784,A,A,A,A,A,A,A,A,A,A
12785,A,A,A,A,A,A,A,A,A,A
12786,A,A,A,A,A,A,A,A,A,A
12787,A,A,A,A,A,A,A,A,A,A
12788,A,A,A,A,A,A,A,A,A,A
12789,A,A,A,A,A,A,A,A,A,A
12790,A,A,A,A,A,A,A,A,A,A
12791,A,A,A,A,A,A,A,A,A,A
12792,A,A,A,A,A,A,A,A,A,A
12793,A,A,A,A,A,A,A,A,A,A
12794,A,A,A,A,A,A,A,A,A,A
12795,A,A,A,A,A,A,A,A,A,A
12796,A,A,A,A,A,A,A,A,A,A
12797,A,A,A,A,A,A,A,A,A,A
12798,A,A,A,A,A,A,A,A,A,A
12799,A,A,A,A,A,A,A,A,A,A
12800,A,A,A,A,A,A,A,A,A,A
12801,A,A,A,A,A,A,A,A,A,A
12802,A,A,A,A,A,A,A,A,A,A
12803,A,A,A,A,A,A,A,A,A,A
12804,A,A,A,A,A,A,A,A,A,A
12805,A,A,A,A,A,A,A,A,A,A
12806,A,A,A,A,A,A,A,A,A,A
12807,A,A,A,A,A,A,A,A,A,A
12808,A,A,A,A,A,A,A,A,A,A
12809,A,A,A,A,A,A,A,A,A,A
12810,A,A,A,A,A,A,A,A,A,A
12811,A,A,A,A,A,A,A,A,A,A
12812,A,A,A,A,A,A,A,A,A,A
12813,A,A,A,A,A,A,A,A,A,A
12814,A,A,A,A,A,A,A,A,A,A
12815,A,A,A,A,A,A,A,A,A,A
12816,A,A,A,A,A,A,A,A,A,A
12817,A,A,A,A,A,A,A,A,A,A
12818,A,A,A,A,A,A,A,A,A,A
12819,A,A,A,A,A,A,A,A,A,A
12820,A,A,A,A,A,A,A,A,A,A
12821,A,A,A,A,A,A,A,A,A,A
12822,A,A,A,A,A,A,A,A,A,A
12823,A,A,A,A,A,A,A,A,A,A
12824,A,A,A,A,A,A,A,A,A,A
12825,A,A,A,A,A,A,A,A,A,A
12826,A,A,A,A,A,A,A,A,A,A
12827,A,A,A,A,A,A,A,A,A,A
12828,A,A,A,A,A,A,A,A,A,A
12829,A,A,A,A,A,A,A,A,A,A
12830,A,A,A,A,A,A,A,A,A,A
12831,A,A,A,A,A,A,A,A,A,A
12832,A,A,A,A,A,A,A,A,A,A
12833,A,A,A,A,A,A,A,A,A,A
12834,A,A,A,A,A,A,A,A,A,A
12835,A,A,A,A,A,A,A,A,A,A
12836,A,A,A,A,A,A,A,A,A,A
12837,A,A,A,A,A,A,A,A,A,A
12838,A,A,A,A,A,A,A,A,A,A
12839,A,A,A,A,A,A,A,A,A,A
12840,A,A,A,A,A,A,A,A,A,A
12841,A,A,A,A,A,A,A,A,A,A
12842,A,A,A,A,A,A,A,A,A,A
12843,A,A,A,A,A,A,A,A,A,A
12844,A,A,A,A,A,A,A,A,A,A
12845,A,A,A,A,A,A,A,A,A,A
12846,A,A,A,A,A,A,A,A,A,A
12847,A,A,A,A,A,A,A,A,A,A
12848,A,A,A,A,A,A,A,A,A,A
12849,A,A,A,A,A,A,A,A,A,A
12850,A,A,A,A,A,A,A,A,A,A
12851,A,A,A,A,A,A,A,A,A,A
12852,A,A,A,A,A,A,A,A,A,A
12853,A,A,A,A,A,A,A,A,A,A
12854,A,A,A,A,A,A,A,A,A,A
12855,A,A,A,A,A,A,A,A,A,A
12856,A,A,A,A,A,A,A,A,A,A
12857,A,A,A,A,A,A,A,A,A,A
12858,A,A,A,A,A,A,A,A,A,A
12859,A,A,A,A,A,A,A,A,A,A
12860,A,A,A,A,A,A,A,A,A,A
12861,A,A,A,A,A,A,A,A,A,A
12862,A,A,A,A,A,A,A,A,A,A
12863,A,A,A,A,A,A,A,A,A,A
12864,A,A,A,A,A,A,A,A,A,A
12865,A,A,A,A,A,A,A,A,A,A
12866,A,A,A,A,A,A,A,A,A,A
12867,A,A,A,A,A,A,A,A,A,A
12868,A,A,A,A,A,A,A,A,A,A
12869,A,A,A,A,A,A,A,A,A,A
12870,A,A,A,A,A,A,A,A,A,A
12871,A,A,A,A,A,A,A,A,A,A
12872,A,A,A,A,A,A,A,A,A,A
12873,A,A,A,A,A,A,A,A,A,A
12874,A,A,A,A,A,A,A,A,A,A
12875,A,A,A,A,A,A,A,A,A,A
12876,A,A,A,A,A,A,A,A,A,A
12877,A,A,A,A,A,A,A,A,A,A
12878,A,A,A,A,A,A,A,A,A,A
12879,A,A,A,A,A,A,A,A,A,A
12880,A,A,A,A,A,A,A,A,A,A
12881,A,A,A,A,A,A,A,A,A,A
12882,A,A,A,A,A,A,A,A,A,A
12883,A,A,A,A,A,A,A,A,A,A
12884,A,A,A,A,A,A,A,A,A,A
12885,A,A,A,A,A,A,A,A,A,A
12886,A,A,A,A,A,A,A,A,A,A
12887,A,A,A,A,A,A,A,A,A,A
12888,A,A,A,A,A,A,A,A,A,A
12889,A,A,A,A,A,A,A,A,A,A
12890,A,A,A,A,A,A,A,A,A,A
12891,A,A,A,A,A,A,A,A,A,A
12892,A,A,A,A,A,A,A,A,A,A
12893,A,A,A,A,A,A,A,A,A,A
12894,A,A,A,A,A,A,A,A,A,A
12895,A,A,A,A,A,A,A,A,A,A
12896,A,A,A,A,A,A,A,A,A,A
12897,A,A,A,A,A,A,A,A,A,A
12898,A,A,A,A,A,A,A,A,A,A
12899,A,A,A,A,A,A,A,A,A,A
12900,A,A,A,A,A,A,A,A,A,A
12901,A,A,A,A,A,A,A,A,A,A
12902,A,A,A,A,A,A,A,A,A,A
12903,A,A,A,A,A,A,A,A,A,A
12904,A,A,A,A,A,A,A,A,A,A
12905,A,A,A,A,A,A,A,A,A,A
12906,A,A,A,A,A,A,A,A,A,A
12907,A,A,A,A,A,A,A,A,A,A
12908,A,A,A,A,A,A,A,A,A,A
12909,A,A,A,A,A,A,A,A,A,A
12910,A,A,A,A,A,A,A,A,A,A
12911,A,A,A,A,A,A,A,A,A,A
12912,A,A,A,A,A,A,A,A,A,A
12913,A,A,A,A,A,A,A,A,A,A
12914,A,A,A,A,A,A,A,A,A,A
12915,A,A,A,A,A,A,A,A,A,A
12916,A,A,A,A,A,A,A,A,A,A
12917,A,A,A,A,A,A,A,A,A,A
12918,A,A,A,A,A,A,A,A,A,A
12919,A,A,A,A,A,A,A,A,A,A
12920,A,A,A,A,A,A,A,A,A,A
12921,A,A,A,A,A,A,A,A,A,A
12922,A,A,A,A,A,A,A,A,A,A
12923,A,A,A,A,A,A,A,A,A,A
12924,A,A,A,A,A,A,A,A,A,A
12925,A,A,A,A,A,A,A,A,A,A
12926,A,A,A,A,A,A,A,A,A,A
12927,A,A,A,A,A,A,A,A,A,A
12928,A,A,A,A,A,A,A,A,A,A
12929,A,A,A,A,A,A,A,A,A,A
12930,A,A,A,A,A,A,A,A,A,A
12931,A,A,A,A,A,A,A,A,A,A
12932,A,A,A,A,A,A,A,A,A,A
12933,A,A,A,A,A,A,A,A,A,A
12934,A,A,A,A,A,A,A,A,A,A
12935,A,A,A,A,A,A,A,A,A,A
12936,A,A,A,A,A,A,A,A,A,A
12937,A,A,A,A,A,A,A,A,A,A
12938,A,A,A,A,A,A,A,A,A,A
12939,A,A,A,A,A,A,A,A,A,A
12940,A,A,A,A,A,A,A,A,A,A
12941,A,A,A,A,A,A,A,A,A,A
12942,A,A,A,A,A,A,A,A,A,A
12943,A,A,A,A,A,A,A,A,A,A
12944,A,A,A,A,A,A,A,A,A,A
12945,A,A,A,A,A,A,A,A,A,A
12946,A,A,A,A,A,A,A,A,A,A
12947,A,A,A,A,A,A,A,A,A,A
12948,A,A,A,A,A,A,A,A,A,A
12949,A,A,A,A,A,A,A,A,A,A
12950,A,A,A,A,A,A,A,A,A,A
12951,A,A,A,A,A,A,A,A,A,A
12952,A,A,A,A,A,A,A,A,A,A
12953,A,A,A,A,A,A,A,A,A,A
12954,A,A,A,A,A,A,A,A,A,A
12955,A,A,A,A,A,A,A,A,A,A
12956,A,A,A,A,A,A,A,A,A,A
12957,A,A,A,A,A,A,A,A,A,A
12958,A,A,A,A,A,A,A,A,A,A
12959,A,A,A,A,A,A,A,A,A,A
12960,A,A,A,A,A,A,A,A,A,A
12961,A,A,A,A,A,A,A,A,A,A
12962,A,A,A,A,A,A,A,A,A,A
12963,I,I,I,I,I,I,I,I,I,I
12964,I,I,I,I,I,I,I,I,I,I
12965,I,I,I,I,I,I,I,I,I,I
12966,I,I,I,I,I,I,I,I,I,I
12967,D,D,D,D,D,D,D,D,D,D
12968,D,D,D,D,D,D,D,D,D,D
12969,D,D,D,D,D,D,D,D,D,D
12970,D,D,D,D,D,D,D,D,D,D
12971,D,D,D,D,D,D,D,D,D,D
12972,D,D,D,D,D,D,D,D,D,D
12973,D,D,D,D,D,D,D,D,D,D
12974,D,D,D,D,D,D,D,D,D,D
12975,D,D,D,D,D,D,D,D,D,D
12976,D,D,D,D,D,D,D,D,D,D
12977,D,D,D,D,D,D,D,D,D,D
12978,D,D,D,D,D,D,D,D,D,D
12979,D,D,D,D,D,D,D,D,D,D
12980,D,D,D,D,D,D,D,D,D,D
12981,D,D,D,D,D,D,D,D,D,D
12982,D,D,D,D,D,D,D,D,D,D
12983,D,D,D,D,D,D,D,D,D,D
12984,D,D,D,D,D,D,D,D,D,D
12985,D,D,D,D,D,D,D,D,D,D
12986,D,D,D,D,D,D,D,D,D,D
12987,D,D,D,D,D,D,D,D,D,D
12988,D,D,D,D,D,D,D,D,D,D
12989,D,D,D,D,D,D,D,D,D,D
12990,I,I,I,I,I,I,I,I,I,I
12991,D,D,D,D,D,D,D,D,D,D
12992,D,D,D,D,D,D,D,D,D,D
12993,D,D,D,D,D,D,D,D,D,D
12994,D,D,D,D,D,D,D,D,D,D
12995,D,D,D,D,D,D,D,D,D,D
12996,D,D,D,D,D,D,D,D,D,D
12997,D,D,D,D,D,D,D,D,D,D
12998,D,D,D,D,D,D,D,D,D,D
12999,I,I,I,I,I,I,I,I,I,I
13000,D,D,D,D,D,D,D,D,D,D
13001,D,D,D,D,D,D,D,D,D,D
13002,D,D,D,D,D,D,D,D,D,D
13003,L,L,L,L,L,L,L,L,L,L
13004,A,A,A,A,A,A,A,A,A,A
13005,A,A,A,A,A,A,A,A,A,A
13006,A,A,A,A,A,A,A,A,A,A
13007,A,A,A,A,A,A,A,A,A,A
13008,A,A,A,A,A,A,A,A,A,A
13009,A,A,A,A,A,A,A,A,A,A
13010,A,A,A,A,A,A,A,A,A,A
13011,L,L,L,L,L,L,L,L,L,L
13012,A,A,A,A,A,A,A,A,A,A
13013,A,A,A,A,A,A,A,A,A,A
13014,A,A,A,A,A,A,A,A,A,A
13015,A,A,A,A,A,A,A,A,A,A
13016,A,A,A,A,A,A,A,A,A,A
13017,A,A,A,A,A,A,A,A,A,A
13018,A,A,A,A,A,A,A,A,A,A
13019,A,A,A,A,A,A,A,A,A,A
13020,A,A,A,A,A,A,A,A,A,A
13021,A,A,A,A,A,A,A,A,A,A
13022,A,A,A,A,A,A,A,A,A,A
13023,A,A,A,A,A,A,A,A,A,A
13024,A,A,A,A,A,A,A,A,A,A
13025,A,A,A,A,A,A,A,A,A,A
13026,A,A,A,A,A,A,A,A,A,A
13027,A,A,A,A,A,A,A,A,A,A
13028,A,A,A,A,A,A,A,A,A,A
13029,A,A,A,A,A,A,A,A,A,A
13030,A,A,A,A,A,A,A,A,A,A
13031,A,A,A,A,A,A,A,A,A,A
13032,A,A,A,A,A,A,A,A,A,A
13033,A,A,A,A,A,A,A,A,A,A
13034,A,A,A,A,A,A,A,A,A,A
13035,A,A,A,A,A,A,A,A,A,A
13036,A,A,A,A,A,A,A,A,A,A
13037,A,A,A,A,A,A,A,A,A,A
13038,A,A,A,A,A,A,A,A,A,A
13039,A,A,A,A,A,A,A,A,A,A
13040,A,A,A,A,A,A,A,A,A,A
13041,A,A,A,A,A,A,A,A,A,A
13042,A,A,A,A,A,A,A,A,A,A
13043,A,A,A,A,A,A,A,A,A,A
13044,A,A,A,A,A,A,A,A,A,A
13045,I,I,I,I,I,I,I,I,I,I
13046,A,A,A,A,A,A,A,A,A,A
13047,A,A,A,A,A,A,A,A,A,A
13048,A,A,A,A,A,A,A,A,A,A
13049,A,A,A,A,A,A,A,A,A,A
13050,A,A,A,A,A,A,A,A,A,A
13051,A,A,A,A,A,A,A,A,A,A
13052,A,A,A,A,A,A,A,A,A,A
13053,A,A,A,A,A,A,A,A,A,A
13054,A,A,A,A,A,A,A,A,A,A
13055,A,A,A,A,A,A,A,A,A,A
13056,A,A,A,A,A,A,A,A,A,A
13057,A,A,A,A,A,A,A,A,A,A
13058,A,A,A,A,A,A,A,A,A,A
13059,A,A,A,A,A,A,A,A,A,A
13060,A,A,A,A,A,A,A,A,A,A
13061,A,A,A,A,A,A,A,A,A,A
13062,A,A,A,A,A,A,A,A,A,A
13063,A,A,A,A,A,A,A,A,A,A
13064,A,A,A,A,A,A,A,A,A,A
13065,A,A,A,A,A,A,A,A,A,A
13066,A,A,A,A,A,A,A,A,A,A
13067,A,A,A,A,A,A,A,A,A,A
13068,A,A,A,A,A,A,A,A,A,A
13069,A,A,A,A,A,A,A,A,A,A
13070,A,A,A,A,A,A,A,A,A,A
13071,A,A,A,A,A,A,A,A,A,A
13072,A,A,A,A,A,A,A,A,A,A
13073,A,A,A,A,A,A,A,A,A,A
13074,A,A,A,A,A,A,A,A,A,A
13075,A,A,A,A,A,A,A,A,A,A
13076,A,A,A,A,A,A,A,A,A,A
13077,A,A,A,A,A,A,A,A,A,A
13078,A,A,A,A,A,A,A,A,A,A
13079,A,A,A,A,A,A,A,A,A,A
13080,A,A,A,A,A,A,A,A,A,A
13081,A,A,A,A,A,A,A,A,A,A
13082,A,A,A,A,A,A,A,A,A,A
13083,A,A,A,A,A,A,A,A,A,A
13084,A,A,A,A,A,A,A,A,A,A
13085,A,A,A,A,A,A,A,A,A,A
13086,A,A,A,A,A,A,A,A,A,A
13087,A,A,A,A,A,A,A,A,A,A
13088,A,A,A,A,A,A,A,A,A,A
13089,A,A,A,A,A,A,A,A,A,A
13090,A,A,A,A,A,A,A,A,A,A
13091,A,A,A,A,A,A,A,A,A,A
13092,A,A,A,A,A,A,A,A,A,A
13093,A,A,A,A,A,A,A,A,A,A
13094,A,A,A,A,A,A,A,A,A,A
13095,A,A,A,A,A,A,A,A,A,A
13096,A,A,A,A,A,A,A,A,A,A
13097,A,A,A,A,A,A,A,A,A,A
13098,A,A,A,A,A,A,A,A,A,A
13099,A,A,A,A,A,A,A,A,A,A
13100,A,A,A,A,A,A,A,A,A,A
13101,A,A,A,A,A,A,A,A,A,A
13102,A,A,A,A,A,A,A,A,A,A
13103,A,A,A,A,A,A,A,A,A,A
13104,A,A,A,A,A,A,A,A,A,A
13105,A,A,A,A,A,A,A,A,A,A
13106,A,A,A,A,A,A,A,A,A,A
13107,A,A,A,A,A,A,A,A,A,A
13108,A,A,A,A,A,A,A,A,A,A
13109,A,A,A,A,A,A,A,A,A,A
13110,A,A,A,A,A,A,A,A,A,A
13111,A,A,A,A,A,A,A,A,A,A
13112,A,A,A,A,A,A,A,A,A,A
13113,A,A,A,A,A,A,A,A,A,A
13114,A,A,A,A,A,A,A,A,A,A
13115,A,A,A,A,A,A,A,A,A,A
13116,A,A,A,A,A,A,A,A,A,A
13117,I,I,I,I,I,I,I,I,I,I
13118,I,I,I,I,I,I,I,I,I,I
13119,A,A,A,A,A,A,A,A,A,A
13120,A,A,A,A,A,A,A,A,A,A
13121,A,A,A,A,A,A,A,A,A,A
13122,A,A,A,A,A,A,A,A,A,A
13123,A,A,A,A,A,A,A,A,A,A
13124,A,A,A,A,A,A,A,A,A,A
13125,A,A,A,A,A,A,A,A,A,A
13126,A,A,A,A,A,A,A,A,A,A
13127,A,A,A,A,A,A,A,A,A,A
13128,A,A,A,A,A,A,A,A,A,A
13129,A,A,A,A,A,A,A,A,A,A
13130,A,A,A,A,A,A,A,A,A,A
13131,A,A,A,A,A,A,A,A,A,A
13132,A,A,A,A,A,A,A,A,A,A
13133,A,A,A,A,A,A,A,A,A,A
13134,A,A,A,A,A,A,A,A,A,A
13135,A,A,A,A,A,A,A,A,A,A
13136,A,A,A,A,A,A,A,A,A,A
13137,A,A,A,A,A,A,A,A,A,A
13138,A,A,A,A,A,A,A,A,A,A
13139,A,A,A,A,A,A,A,A,A,A
13140,A,A,A,A,A,A,A,A,A,A
13141,A,A,A,A,A,A,A,A,A,A
13142,A,A,A,A,A,A,A,A,A,A
13143,A,A,A,A,A,A,A,A,A,A
13144,A,A,A,A,A,A,A,A,A,A
13145,A,A,A,A,A,A,A,A,A,A
13146,A,A,A,A,A,A,A,A,A,A
13147,A,A,A,A,A,A,A,A,A,A
13148,A,A,A,A,A,A,A,A,A,A
13149,A,A,A,A,A,A,A,A,A,A
13150,A,A,A,A,A,A,A,A,A,A
13151,A,A,A,A,A,A,A,A,A,A
13152,A,A,A,A,A,A,A,A,A,A
13153,A,A,A,A,A,A,A,A,A,A
13154,A,A,A,A,A,A,A,A,A,A
13155,A,A,A,A,A,A,A,A,A,A
13156,A,A,A,A,A,A,A,A,A,A
13157,A,A,A,A,A,A,A,A,A,A
13158,A,A,A,A,A,A,A,A,A,A
13159,A,A,A,A,A,A,A,A,A,A
13160,A,A,A,A,A,A,A,A,A,A
13161,A,A,A,A,A,A,A,A,A,A
13162,A,A,A,A,A,A,A,A,A,A
13163,A,A,A,A,A,A,A,A,A,A
13164,A,A,A,A,A,A,A,A,A,A
13165,A,A,A,A,A,A,A,A,A,A
13166,A,A,A,A,A,A,A,A,A,A
13167,A,A,A,A,A,A,A,A,A,A
13168,A,A,A,A,A,A,A,A,A,A
13169,A,A,A,A,A,A,A,A,A,A
13170,A,A,A,A,A,A,A,A,A,A
13171,A,A,A,A,A,A,A,A,A,A
13172,A,A,A,A,A,A,A,A,A,A
13173,A,A,A,A,A,A,A,A,A,A
13174,A,A,A,A,A,A,A,A,A,A
13175,A,A,A,A,A,A,A,A,A,A
13176,A,A,A,A,A,A,A,A,A,A
13177,A,A,A,A,A,A,A,A,A,A
13178,A,A,A,A,A,A,A,A,A,A
13179,A,A,A,A,A,A,A,A,A,A
13180,A,A,A,A,A,A,A,A,A,A
13181,A,A,A,A,A,A,A,A,A,A
13182,A,A,A,A,A,A,A,A,A,A
13183,A,A,A,A,A,A,A,A,A,A
13184,A,A,A,A,A,A,A,A,A,A
13185,A,A,A,A,A,A,A,A,A,A
13186,A,A,A,A,A,A,A,A,A,A
13187,A,A,A,A,A,A,A,A,A,A
13188,A,A,A,A,A,A,A,A,A,A
13189,A,A,A,A,A,A,A,A,A,A
13190,A,A,A,A,A,A,A,A,A,A
13191,A,A,A,A,A,A,A,A,A,A
13192,A,A,A,A,A,A,A,A,A,A
13193,A,A,A,A,A,A,A,A,A,A
13194,A,A,A,A,A,A,A,A,A,A
13195,A,A,A,A,A,A,A,A,A,A
13196,A,A,A,A,A,A,A,A,A,A
13197,A,A,A,A,A,A,A,A,A,A
13198,A,A,A,A,A,A,A,A,A,A
13199,A,A,A,A,A,A,A,A,A,A
13200,A,A,A,A,A,A,A,A,A,A
13201,A,A,A,A,A,A,A,A,A,A
13202,A,A,A,A,A,A,A,A,A,A
13203,A,A,A,A,A,A,A,A,A,A
13204,A,A,A,A,A,A,A,A,A,A
13205,A,A,A,A,A,A,A,A,A,A
13206,A,A,A,A,A,A,A,A,A,A
13207,A,A,A,A,A,A,A,A,A,A
13208,A,A,A,A,A,A,A,A,A,A
13209,A,A,A,A,A,A,A,A,A,A
13210,A,A,A,A,A,A,A,A,A,A
13211,A,A,A,A,A,A,A,A,A,A
13212,A,A,A,A,A,A,A,A,A,A
13213,A,A,A,A,A,A,A,A,A,A
13214,A,A,A,A,A,A,A,A,A,A
13215,A,A,A,A,A,A,A,A,A,A
13216,A,A,A,A,A,A,A,A,A,A
13217,A,A,A,A,A,A,A,A,A,A
13218,A,A,A,A,A,A,A,A,A,A
13219,A,A,A,A,A,A,A,A,A,A
13220,A,A,A,A,A,A,A,A,A,A
13221,A,A,A,A,A,A,A,A,A,A
13222,A,A,A,A,A,A,A,A,A,A
13223,A,A,A,A,A,A,A,A,A,A
13224,A,A,A,A,A,A,A,A,A,A
13225,A,A,A,A,A,A,A,A,A,A
13226,A,A,A,A,A,A,A,A,A,A
13227,A,A,A,A,A,A,A,A,A,A
13228,A,A,A,A,A,A,A,A,A,A
13229,A,A,A,A,A,A,A,A,A,A
13230,A,A,A,A,A,A,A,A,A,A
13231,A,A,A,A,A,A,A,A,A,A
13232,A,A,A,A,A,A,A,A,A,A
13233,A,A,A,A,A,A,A,A,A,A
13234,A,A,A,A,A,A,A,A,A,A
13235,A,A,A,A,A,A,A,A,A,A
13236,A,A,A,A,A,A,A,A,A,A
13237,A,A,A,A,A,A,A,A,A,A
13238,A,A,A,A,A,A,A,A,A,A
13239,A,A,A,A,A,A,A,A,A,A
13240,A,A,A,A,A,A,A,A,A,A
13241,A,A,A,A,A,A,A,A,A,A
13242,A,A,A,A,A,A,A,A,A,A
13243,A,A,A,A,A,A,A,A,A,A
13244,A,A,A,A,A,A,A,A,A,A
13245,A,A,A,A,A,A,A,A,A,A
13246,A,A,A,A,A,A,A,A,A,A
13247,A,A,A,A,A,A,A,A,A,A
13248,A,A,A,A,A,A,A,A,A,A
13249,A,A,A,A,A,A,A,A,A,A
13250,A,A,A,A,A,A,A,A,A,A
13251,A,A,A,A,A,A,A,A,A,A
13252,A,A,A,A,A,A,A,A,A,A
13253,A,A,A,A,A,A,A,A,A,A
13254,A,A,A,A,A,A,A,A,A,A
13255,A,A,A,A,A,A,A,A,A,A
13256,A,A,A,A,A,A,A,A,A,A
13257,A,A,A,A,A,A,A,A,A,A
13258,A,A,A,A,A,A,A,A,A,A
13259,A,A,A,A,A,A,A,A,A,A
13260,A,A,A,A,A,A,A,A,A,A
13261,A,A,A,A,A,A,A,A,A,A
13262,A,A,A,A,A,A,A,A,A,A
13263,A,A,A,A,A,A,A,A,A,A
13264,A,A,A,A,A,A,A,A,A,A
13265,A,A,A,A,A,A,A,A,A,A
13266,A,A,A,A,A,A,A,A,A,A
13267,A,A,A,A,A,A,A,A,A,A
13268,A,A,A,A,A,A,A,A,A,A
13269,A,A,A,A,A,A,A,A,A,A
13270,A,A,A,A,A,A,A,A,A,A
13271,A,A,A,A,A,A,A,A,A,A
13272,A,A,A,A,A,A,A,A,A,A
13273,A,A,A,A,A,A,A,A,A,A
13274,A,A,A,A,A,A,A,A,A,A
13275,A,A,A,A,A,A,A,A,A,A
13276,A,A,A,A,A,A,A,A,A,A
13277,A,A,A,A,A,A,A,A,A,A
13278,A,A,A,A,A,A,A,A,A,A
13279,A,A,A,A,A,A,A,A,A,A
13280,A,A,A,A,A,A,A,A,A,A
13281,A,A,A,A,A,A,A,A,A,A
13282,A,A,A,A,A,A,A,A,A,A
13283,A,A,A,A,A,A,A,A,A,A
13284,A,A,A,A,A,A,A,A,A,A
13285,A,A,A,A,A,A,A,A,A,A
13286,A,A,A,A,A,A,A,A,A,A
13287,A,A,A,A,A,A,A,A,A,A
13288,A,A,A,A,A,A,A,A,A,A
13289,A,A,A,A,A,A,A,A,A,A
13290,A,A,A,A,A,A,A,A,A,A
13291,A,A,A,A,A,A,A,A,A,A
13292,A,A,A,A,A,A,A,A,A,A
13293,A,A,A,A,A,A,A,A,A,A
13294,A,A,A,A,A,A,A,A,A,A
13295,A,A,A,A,A,A,A,A,A,A
13296,A,A,A,A,A,A,A,A,A,A
13297,A,A,A,A,A,A,A,A,A,A
13298,A,A,A,A,A,A,A,A,A,A
13299,A,A,A,A,A,A,A,A,A,A
13300,A,A,A,A,A,A,A,A,A,A
13301,A,A,A,A,A,A,A,A,A,A
13302,A,A,A,A,A,A,A,A,A,A
13303,A,A,A,A,A,A,A,A,A,A
13304,A,A,A,A,A,A,A,A,A,A
13305,A,A,A,A,A,A,A,A,A,A
13306,A,A,A,A,A,A,A,A,A,A
13307,A,A,A,A,A,A,A,A,A,A
13308,A,A,A,A,A,A,A,A,A,A
13309,A,A,A,A,A,A,A,A,A,A
13310,A,A,A,A,A,A,A,A,A,A
13311,A,A,A,A,A,A,A,A,A,A
13312,A,A,A,A,A,A,A,A,A,A
13313,A,A,A,A,A,A,A,A,A,A
13314,A,A,A,A,A,A,A,A,A,A
13315,A,A,A,A,A,A,A,A,A,A
13316,A,A,A,A,A,A,A,A,A,A
13317,A,A,A,A,A,A,A,A,A,A
13318,A,A,A,A,A,A,A,A,A,A
13319,A,A,A,A,A,A,A,A,A,A
13320,A,A,A,A,A,A,A,A,A,A
13321,A,A,A,A,A,A,A,A,A,A
13322,A,A,A,A,A,A,A,A,A,A
13323,A,A,A,A,A,A,A,A,A,A
13324,A,A,A,A,A,A,A,A,A,A
13325,A,A,A,A,A,A,A,A,A,A
13326,A,A,A,A,A,A,A,A,A,A
13327,A,A,A,A,A,A,A,A,A,A
13328,A,A,A,A,A,A,A,A,A,A
13329,A,A,A,A,A,A,A,A,A,A
13330,A,A,A,A,A,A,A,A,A,A
13331,A,A,A,A,A,A,A,A,A,A
13332,A,A,A,A,A,A,A,A,A,A
13333,A,A,A,A,A,A,A,A,A,A
13334,A,A,A,A,A,A,A,A,A,A
13335,A,A,A,A,A,A,A,A,A,A
13336,A,A,A,A,A,A,A,A,A,A
13337,A,A,A,A,A,A,A,A,A,A
13338,A,A,A,A,A,A,A,A,A,A
13339,A,A,A,A,A,A,A,A,A,A
13340,A,A,A,A,A,A,A,A,A,A
13341,A,A,A,A,A,A,A,A,A,A
13342,A,A,A,A,A,A,A,A,A,A
13343,A,A,A,A,A,A,A,A,A,A
13344,A,A,A,A,A,A,A,A,A,A
13345,A,A,A,A,A,A,A,A,A,A
13346,A,A,A,A,A,A,A,A,A,A
13347,A,A,A,A,A,A,A,A,A,A
13348,A,A,A,A,A,A,A,A,A,A
13349,A,A,A,A,A,A,A,A,A,A
13350,A,A,A,A,A,A,A,A,A,A
13351,A,A,A,A,A,A,A,A,A,A
13352,A,A,A,A,A,A,A,A,A,A
13353,A,A,A,A,A,A,A,A,A,A
13354,A,A,A,A,A,A,A,A,A,A
13355,A,A,A,A,A,A,A,A,A,A
13356,A,A,A,A,A,A,A,A,A,A
13357,A,A,A,A,A,A,A,A,A,A
13358,A,A,A,A,A,A,A,A,A,A
13359,A,A,A,A,A,A,A,A,A,A
13360,A,A,A,A,A,A,A,A,A,A
13361,A,A,A,A,A,A,A,A,A,A
13362,A,A,A,A,A,A,A,A,A,A
13363,A,A,A,A,A,A,A,A,A,A
13364,A,A,A,A,A,A,A,A,A,A
13365,A,A,A,A,A,A,A,A,A,A
13366,A,A,A,A,A,A,A,A,A,A
13367,A,A,A,A,A,A,A,A,A,A
13368,A,A,A,A,A,A,A,A,A,A
13369,A,A,A,A,A,A,A,A,A,A
13370,A,A,A,A,A,A,A,A,A,A
13371,A,A,A,A,A,A,A,A,A,A
13372,A,A,A,A,A,A,A,A,A,A
13373,A,A,A,A,A,A,A,A,A,A
13374,A,A,A,A,A,A,A,A,A,A
13375,A,A,A,A,A,A,A,A,A,A
13376,A,A,A,A,A,A,A,A,A,A
13377,A,A,A,A,A,A,A,A,A,A
13378,A,A,A,A,A,A,A,A,A,A
13379,A,A,A,A,A,A,A,A,A,A
13380,A,A,A,A,A,A,A,A,A,A
13381,A,A,A,A,A,A,A,A,A,A
13382,A,A,A,A,A,A,A,A,A,A
13383,A,A,A,A,A,A,A,A,A,A
13384,A,A,A,A,A,A,A,A,A,A
13385,A,A,A,A,A,A,A,A,A,A
13386,A,A,A,A,A,A,A,A,A,A
13387,A,A,A,A,A,A,A,A,A,A
13388,A,A,A,A,A,A,A,A,A,A
13389,A,A,A,A,A,A,A,A,A,A
13390,A,A,A,A,A,A,A,A,A,A
13391,A,A,A,A,A,A,A,A,A,A
13392,A,A,A,A,A,A,A,A,A,A
13393,A,A,A,A,A,A,A,A,A,A
13394,A,A,A,A,A,A,A,A,A,A
13395,A,A,A,A,A,A,A,A,A,A
13396,A,A,A,A,A,A,A,A,A,A
13397,A,A,A,A,A,A,A,A,A,A
13398,A,A,A,A,A,A,A,A,A,A
13399,A,A,A,A,A,A,A,A,A,A
13400,A,A,A,A,A,A,A,A,A,A
13401,A,A,A,A,A,A,A,A,A,A
13402,A,A,A,A,A,A,A,A,A,A
13403,A,A,A,A,A,A,A,A,A,A
13404,A,A,A,A,A,A,A,A,A,A
13405,A,A,A,A,A,A,A,A,A,A
13406,A,A,A,A,A,A,A,A,A,A
13407,A,A,A,A,A,A,A,A,A,A
13408,A,A,A,A,A,A,A,A,A,A
13409,A,A,A,A,A,A,A,A,A,A
13410,A,A,A,A,A,A,A,A,A,A
13411,A,A,A,A,A,A,A,A,A,A
13412,A,A,A,A,A,A,A,A,A,A
13413,A,A,A,A,A,A,A,A,A,A
13414,A,A,A,A,A,A,A,A,A,A
13415,A,A,A,A,A,A,A,A,A,A
13416,A,A,A,A,A,A,A,A,A,A
13417,A,A,A,A,A,A,A,A,A,A
13418,A,A,A,A,A,A,A,A,A,A
13419,A,A,A,A,A,A,A,A,A,A
13420,A,A,A,A,A,A,A,A,A,A
13421,A,A,A,A,A,A,A,A,A,A
13422,A,A,A,A,A,A,A,A,A,A
13423,A,A,A,A,A,A,A,A,A,A
13424,A,A,A,A,A,A,A,A,A,A
13425,A,A,A,A,A,A,A,A,A,A
13426,A,A,A,A,A,A,A,A,A,A
13427,A,A,A,A,A,A,A,A,A,A
13428,A,A,A,A,A,A,A,A,A,A
13429,A,A,A,A,A,A,A,A,A,A
13430,A,A,A,A,A,A,A,A,A,A
13431,A,A,A,A,A,A,A,A,A,A
13432,A,A,A,A,A,A,A,A,A,A
13433,A,A,A,A,A,A,A,A,A,A
13434,A,A,A,A,A,A,A,A,A,A
13435,A,A,A,A,A,A,A,A,A,A
13436,A,A,A,A,A,A,A,A,A,A
13437,A,A,A,A,A,A,A,A,A,A
13438,A,A,A,A,A,A,A,A,A,A
13439,A,A,A,A,A,A,A,A,A,A
13440,A,A,A,A,A,A,A,A,A,A
13441,A,A,A,A,A,A,A,A,A,A
13442,A,A,A,A,A,A,A,A,A,A
13443,A,A,A,A,A,A,A,A,A,A
13444,A,A,A,A,A,A,A,A,A,A
13445,A,A,A,A,A,A,A,A,A,A
13446,A,A,A,A,A,A,A,A,A,A
13447,A,A,A,A,A,A,A,A,A,A
13448,A,A,A,A,A,A,A,A,A,A
13449,A,A,A,A,A,A,A,A,A,A
13450,A,A,A,A,A,A,A,A,A,A
13451,A,A,A,A,A,A,A,A,A,A
13452,A,A,A,A,A,A,A,A,A,A
13453,A,A,A,A,A,A,A,A,A,A
13454,A,A,A,A,A,A,A,A,A,A
13455,A,A,A,A,A,A,A,A,A,A
13456,A,A,A,A,A,A,A,A,A,A
13457,A,A,A,A,A,A,A,A,A,A
13458,A,A,A,A,A,A,A,A,A,A
13459,A,A,A,A,A,A,A,A,A,A
13460,A,A,A,A,A,A,A,A,A,A
13461,A,A,A,A,A,A,A,A,A,A
13462,A,A,A,A,A,A,A,A,A,A
13463,A,A,A,A,A,A,A,A,A,A
13464,A,A,A,A,A,A,A,A,A,A
13465,A,A,A,A,A,A,A,A,A,A
13466,A,A,A,A,A,A,A,A,A,A
13467,A,A,A,A,A,A,A,A,A,A
13468,A,A,A,A,A,A,A,A,A,A
13469,A,A,A,A,A,A,A,A,A,A
13470,A,A,A,A,A,A,A,A,A,A
13471,A,A,A,A,A,A,A,A,A,A
13472,A,A,A,A,A,A,A,A,A,A
13473,A,A,A,A,A,A,A,A,A,A
13474,A,A,A,A,A,A,A,A,A,A
13475,A,A,A,A,A,A,A,A,A,A
13476,A,A,A,A,A,A,A,A,A,A
13477,A,A,A,A,A,A,A,A,A,A
13478,A,A,A,A,A,A,A,A,A,A
13479,A,A,A,A,A,A,A,A,A,A
13480,A,A,A,A,A,A,A,A,A,A
13481,A,A,A,A,A,A,A,A,A,A
13482,A,A,A,A,A,A,A,A,A,A
13483,A,A,A,A,A,A,A,A,A,A
13484,A,A,A,A,A,A,A,A,A,A
13485,A,A,A,A,A,A,A,A,A,A
13486,A,A,A,A,A,A,A,A,A,A
13487,A,A,A,A,A,A,A,A,A,A
13488,A,A,A,A,A,A,A,A,A,A
13489,A,A,A,A,A,A,A,A,A,A
13490,A,A,A,A,A,A,A,A,A,A
13491,A,A,A,A,A,A,A,A,A,A
13492,A,A,A,A,A,A,A,A,A,A
13493,A,A,A,A,A,A,A,A,A,A
13494,A,A,A,A,A,A,A,A,A,A
13495,A,A,A,A,A,A,A,A,A,A
13496,A,A,A,A,A,A,A,A,A,A
13497,A,A,A,A,A,A,A,A,A,A
13498,A,A,A,A,A,A,A,A,A,A
13499,A,A,A,A,A,A,A,A,A,A
13500,A,A,A,A,A,A,A,A,A,A
13501,A,A,A,A,A,A,A,A,A,A
13502,A,A,A,A,A,A,A,A,A,A
13503,A,A,A,A,A,A,A,A,A,A
13504,A,A,A,A,A,A,A,A,A,A
13505,A,A,A,A,A,A,A,A,A,A
13506,A,A,A,A,A,A,A,A,A,A
13507,A,A,A,A,A,A,A,A,A,A
13508,A,A,A,A,A,A,A,A,A,A
13509,A,A,A,A,A,A,A,A,A,A
13510,A,A,A,A,A,A,A,A,A,A
13511,A,A,A,A,A,A,A,A,A,A
13512,A,A,A,A,A,A,A,A,A,A
13513,A,A,A,A,A,A,A,A,A,A
13514,A,A,A,A,A,A,A,A,A,A
13515,A,A,A,A,A,A,A,A,A,A
13516,A,A,A,A,A,A,A,A,A,A
13517,A,A,A,A,A,A,A,A,A,A
13518,A,A,A,A,A,A,A,A,A,A
13519,A,A,A,A,A,A,A,A,A,A
13520,A,A,A,A,A,A,A,A,A,A
13521,A,A,A,A,A,A,A,A,A,A
13522,A,A,A,A,A,A,A,A,A,A
13523,A,A,A,A,A,A,A,A,A,A
13524,A,A,A,A,A,A,A,A,A,A
13525,A,A,A,A,A,A,A,A,A,A
13526,A,A,A,A,A,A,A,A,A,A
13527,A,A,A,A,A,A,A,A,A,A
13528,A,A,A,A,A,A,A,A,A,A
13529,A,A,A,A,A,A,A,A,A,A
13530,A,A,A,A,A,A,A,A,A,A
13531,A,A,A,A,A,A,A,A,A,A
13532,A,A,A,A,A,A,A,A,A,A
13533,A,A,A,A,A,A,A,A,A,A
13534,A,A,A,A,A,A,A,A,A,A
13535,A,A,A,A,A,A,A,A,A,A
13536,A,A,A,A,A,A,A,A,A,A
13537,A,A,A,A,A,A,A,A,A,A
13538,A,A,A,A,A,A,A,A,A,A
13539,A,A,A,A,A,A,A,A,A,A
13540,A,A,A,A,A,A,A,A,A,A
13541,A,A,A,A,A,A,A,A,A,A
13542,A,A,A,A,A,A,A,A,A,A
13543,A,A,A,A,A,A,A,A,A,A
13544,A,A,A,A,A,A,A,A,A,A
13545,A,A,A,A,A,A,A,A,A,A
13546,A,A,A,A,A,A,A,A,A,A
13547,A,A,A,A,A,A,A,A,A,A
13548,A,A,A,A,A,A,A,A,A,A
13549,A,A,A,A,A,A,A,A,A,A
13550,A,A,A,A,A,A,A,A,A,A
13551,A,A,A,A,A,A,A,A,A,A
13552,A,A,A,A,A,A,A,A,A,A
13553,A,A,A,A,A,A,A,A,A,A
13554,A,A,A,A,A,A,A,A,A,A
13555,A,A,A,A,A,A,A,A,A,A
13556,A,A,A,A,A,A,A,A,A,A
13557,A,A,A,A,A,A,A,A,A,A
13558,A,A,A,A,A,A,A,A,A,A
13559,A,A,A,A,A,A,A,A,A,A
13560,A,A,A,A,A,A,A,A,A,A
13561,A,A,A,A,A,A,A,A,A,A
13562,A,A,A,A,A,A,A,A,A,A
13563,A,A,A,A,A,A,A,A,A,A
13564,A,A,A,A,A,A,A,A,A,A
13565,A,A,A,A,A,A,A,A,A,A
13566,A,A,A,A,A,A,A,A,A,A
13567,A,A,A,A,A,A,A,A,A,A
13568,A,A,A,A,A,A,A,A,A,A
13569,A,A,A,A,A,A,A,A,A,A
13570,A,A,A,A,A,A,A,A,A,A
13571,A,A,A,A,A,A,A,A,A,A
13572,A,A,A,A,A,A,A,A,A,A
13573,A,A,A,A,A,A,A,A,A,A
13574,A,A,A,A,A,A,A,A,A,A
13575,A,A,A,A,A,A,A,A,A,A
13576,A,A,A,A,A,A,A,A,A,A
13577,A,A,A,A,A,A,A,A,A,A
13578,A,A,A,A,A,A,A,A,A,A
13579,A,A,A,A,A,A,A,A,A,A
13580,A,A,A,A,A,A,A,A,A,A
13581,A,A,A,A,A,A,A,A,A,A
13582,A,A,A,A,A,A,A,A,A,A
13583,A,A,A,A,A,A,A,A,A,A
13584,A,A,A,A,A,A,A,A,A,A
13585,A,A,A,A,A,A,A,A,A,A
13586,A,A,A,A,A,A,A,A,A,A
13587,A,A,A,A,A,A,A,A,A,A
13588,A,A,A,A,A,A,A,A,A,A
13589,A,A,A,A,A,A,A,A,A,A
13590,A,A,A,A,A,A,A,A,A,A
13591,A,A,A,A,A,A,A,A,A,A
13592,A,A,A,A,A,A,A,A,A,A
13593,A,A,A,A,A,A,A,A,A,A
13594,A,A,A,A,A,A,A,A,A,A
13595,A,A,A,A,A,A,A,A,A,A
13596,A,A,A,A,A,A,A,A,A,A
13597,A,A,A,A,A,A,A,A,A,A
13598,A,A,A,A,A,A,A,A,A,A
13599,A,A,A,A,A,A,A,A,A,A
13600,A,A,A,A,A,A,A,A,A,A
13601,A,A,A,A,A,A,A,A,A,A
13602,A,A,A,A,A,A,A,A,A,A
13603,A,A,A,A,A,A,A,A,A,A
13604,A,A,A,A,A,A,A,A,A,A
13605,A,A,A,A,A,A,A,A,A,A
13606,A,A,A,A,A,A,A,A,A,A
13607,A,A,A,A,A,A,A,A,A,A
13608,A,A,A,A,A,A,A,A,A,A
13609,A,A,A,A,A,A,A,A,A,A
13610,A,A,A,A,A,A,A,A,A,A
13611,A,A,A,A,A,A,A,A,A,A
13612,A,A,A,A,A,A,A,A,A,A
13613,A,A,A,A,A,A,A,A,A,A
13614,A,A,A,A,A,A,A,A,A,A
13615,A,A,A,A,A,A,A,A,A,A
13616,A,A,A,A,A,A,A,A,A,A
13617,A,A,A,A,A,A,A,A,A,A
13618,A,A,A,A,A,A,A,A,A,A
13619,A,A,A,A,A,A,A,A,A,A
13620,A,A,A,A,A,A,A,A,A,A
13621,A,A,A,A,A,A,A,A,A,A
13622,A,A,A,A,A,A,A,A,A,A
13623,A,A,A,A,A,A,A,A,A,A
13624,A,A,A,A,A,A,A,A,A,A
13625,A,A,A,A,A,A,A,A,A,A
13626,A,A,A,A,A,A,A,A,A,A
13627,A,A,A,A,A,A,A,A,A,A
13628,A,A,A,A,A,A,A,A,A,A
13629,A,A,A,A,A,A,A,A,A,A
13630,A,A,A,A,A,A,A,A,A,A
13631,A,A,A,A,A,A,A,A,A,A
13632,A,A,A,A,A,A,A,A,A,A
13633,A,A,A,A,A,A,A,A,A,A
13634,A,A,A,A,A,A,A,A,A,A
13635,A,A,A,A,A,A,A,A,A,A
13636,A,A,A,A,A,A,A,A,A,A
13637,A,A,A,A,A,A,A,A,A,A
13638,A,A,A,A,A,A,A,A,A,A
13639,A,A,A,A,A,A,A,A,A,A
13640,A,A,A,A,A,A,A,A,A,A
13641,A,A,A,A,A,A,A,A,A,A
13642,A,A,A,A,A,A,A,A,A,A
13643,A,A,A,A,A,A,A,A,A,A
13644,A,A,A,A,A,A,A,A,A,A
13645,A,A,A,A,A,A,A,A,A,A
13646,A,A,A,A,A,A,A,A,A,A
13647,A,A,A,A,A,A,A,A,A,A
13648,A,A,A,A,A,A,A,A,A,A
13649,A,A,A,A,A,A,A,A,A,A
13650,A,A,A,A,A,A,A,A,A,A
13651,A,A,A,A,A,A,A,A,A,A
13652,A,A,A,A,A,A,A,A,A,A
13653,A,A,A,A,A,A,A,A,A,A
13654,A,A,A,A,A,A,A,A,A,A
13655,A,A,A,A,A,A,A,A,A,A
13656,A,A,A,A,A,A,A,A,A,A
13657,A,A,A,A,A,A,A,A,A,A
13658,A,A,A,A,A,A,A,A,A,A
13659,A,A,A,A,A,A,A,A,A,A
13660,A,A,A,A,A,A,A,A,A,A
13661,A,A,A,A,A,A,A,A,A,A
13662,A,A,A,A,A,A,A,A,A,A
13663,A,A,A,A,A,A,A,A,A,A
13664,A,A,A,A,A,A,A,A,A,A
13665,A,A,A,A,A,A,A,A,A,A
13666,A,A,A,A,A,A,A,A,A,A
13667,A,A,A,A,A,A,A,A,A,A
13668,A,A,A,A,A,A,A,A,A,A
13669,A,A,A,A,A,A,A,A,A,A
13670,A,A,A,A,A,A,A,A,A,A
13671,A,A,A,A,A,A,A,A,A,A
13672,A,A,A,A,A,A,A,A,A,A
13673,A,A,A,A,A,A,A,A,A,A
13674,A,A,A,A,A,A,A,A,A,A
13675,A,A,A,A,A,A,A,A,A,A
13676,A,A,A,A,A,A,A,A,A,A
13677,A,A,A,A,A,A,A,A,A,A
13678,A,A,A,A,A,A,A,A,A,A
13679,A,A,A,A,A,A,A,A,A,A
13680,A,A,A,A,A,A,A,A,A,A
13681,A,A,A,A,A,A,A,A,A,A
13682,A,A,A,A,A,A,A,A,A,A
13683,A,A,A,A,A,A,A,A,A,A
13684,A,A,A,A,A,A,A,A,A,A
13685,A,A,A,A,A,A,A,A,A,A
13686,A,A,A,A,A,A,A,A,A,A
13687,A,A,A,A,A,A,A,A,A,A
13688,A,A,A,A,A,A,A,A,A,A
13689,A,A,A,A,A,A,A,A,A,A
13690,A,A,A,A,A,A,A,A,A,A
13691,A,A,A,A,A,A,A,A,A,A
13692,A,A,A,A,A,A,A,A,A,A
13693,A,A,A,A,A,A,A,A,A,A
13694,A,A,A,A,A,A,A,A,A,A
13695,A,A,A,A,A,A,A,A,A,A
13696,A,A,A,A,A,A,A,A,A,A
13697,A,A,A,A,A,A,A,A,A,A
13698,A,A,A,A,A,A,A,A,A,A
13699,A,A,A,A,A,A,A,A,A,A
13700,A,A,A,A,A,A,A,A,A,A
13701,A,A,A,A,A,A,A,A,A,A
13702,A,A,A,A,A,A,A,A,A,A
13703,A,A,A,A,A,A,A,A,A,A
13704,A,A,A,A,A,A,A,A,A,A
13705,A,A,A,A,A,A,A,A,A,A
13706,A,A,A,A,A,A,A,A,A,A
13707,A,A,A,A,A,A,A,A,A,A
13708,A,A,A,A,A,A,A,A,A,A
13709,A,A,A,A,A,A,A,A,A,A
13710,A,A,A,A,A,A,A,A,A,A
13711,A,A,A,A,A,A,A,A,A,A
13712,A,A,A,A,A,A,A,A,A,A
13713,A,A,A,A,A,A,A,A,A,A
13714,A,A,A,A,A,A,A,A,A,A
13715,A,A,A,A,A,A,A,A,A,A
13716,A,A,A,A,A,A,A,A,A,A
13717,A,A,A,A,A,A,A,A,A,A
13718,A,A,A,A,A,A,A,A,A,A
13719,A,A,A,A,A,A,A,A,A,A
13720,A,A,A,A,A,A,A,A,A,A
13721,A,A,A,A,A,A,A,A,A,A
13722,A,A,A,A,A,A,A,A,A,A
13723,A,A,A,A,A,A,A,A,A,A
13724,I,I,I,I,I,I,I,I,I,I
13725,A,A,A,A,A,A,A,A,A,A
13726,A,A,A,A,A,A,A,A,A,A
13727,A,A,A,A,A,A,A,A,A,A
13728,A,A,A,A,A,A,A,A,A,A
13729,A,A,A,A,A,A,A,A,A,A
13730,A,A,A,A,A,A,A,A,A,A
13731,A,A,A,A,A,A,A,A,A,A
13732,A,A,A,A,A,A,A,A,A,A
13733,A,A,A,A,A,A,A,A,A,A
13734,A,A,A,A,A,A,A,A,A,A
13735,A,A,A,A,A,A,A,A,A,A
13736,A,A,A,A,A,A,A,A,A,A
13737,A,A,A,A,A,A,A,A,A,A
13738,A,A,A,A,A,A,A,A,A,A
13739,A,A,A,A,A,A,A,A,A,A
13740,A,A,A,A,A,A,A,A,A,A
13741,A,A,A,A,A,A,A,A,A,A
13742,A,A,A,A,A,A,A,A,A,A
13743,A,A,A,A,A,A,A,A,A,A
13744,A,A,A,A,A,A,A,A,A,A
13745,A,A,A,A,A,A,A,A,A,A
13746,A,A,A,A,A,A,A,A,A,A
13747,A,A,A,A,A,A,A,A,A,A
13748,A,A,A,A,A,A,A,A,A,A
13749,A,A,A,A,A,A,A,A,A,A
13750,A,A,A,A,A,A,A,A,A,A
13751,A,A,A,A,A,A,A,A,A,A
13752,A,A,A,A,A,A,A,A,A,A
13753,A,A,A,A,A,A,A,A,A,A
13754,A,A,A,A,A,A,A,A,A,A
13755,A,A,A,A,A,A,A,A,A,A
13756,A,A,A,A,A,A,A,A,A,A
13757,A,A,A,A,A,A,A,A,A,A
13758,A,A,A,A,A,A,A,A,A,A
13759,A,A,A,A,A,A,A,A,A,A
13760,A,A,A,A,A,A,A,A,A,A
13761,A,A,A,A,A,A,A,A,A,A
13762,A,A,A,A,A,A,A,A,A,A
13763,A,A,A,A,A,A,A,A,A,A
13764,A,A,A,A,A,A,A,A,A,A
13765,A,A,A,A,A,A,A,A,A,A
13766,A,A,A,A,A,A,A,A,A,A
13767,A,A,A,A,A,A,A,A,A,A
13768,A,A,A,A,A,A,A,A,A,A
13769,A,A,A,A,A,A,A,A,A,A
13770,A,A,A,A,A,A,A,A,A,A
13771,A,A,A,A,A,A,A,A,A,A
13772,A,A,A,A,A,A,A,A,A,A
13773,A,A,A,A,A,A,A,A,A,A
13774,A,A,A,A,A,A,A,A,A,A
13775,A,A,A,A,A,A,A,A,A,A
13776,A,A,A,A,A,A,A,A,A,A
13777,L,L,L,L,L,L,L,L,L,L
13778,A,A,A,A,A,A,A,A,A,A
13779,A,A,A,A,A,A,A,A,A,A
13780,A,A,A,A,A,A,A,A,A,A
13782,A,A,A,A,A,A,A,A,A,A
13783,A,A,A,A,A,A,A,A,A,A
13784,A,A,A,A,A,A,A,A,A,A
13785,A,A,A,A,A,A,A,A,A,A
13786,A,A,A,A,A,A,A,A,A,A
13787,A,A,A,A,A,A,A,A,A,A
13788,A,A,A,A,A,A,A,A,A,A
13789,A,A,A,A,A,A,A,A,A,A
13790,A,A,A,A,A,A,A,A,A,A
13791,A,A,A,A,A,A,A,A,A,A
13792,A,A,A,A,A,A,A,A,A,A
13793,A,A,A,A,A,A,A,A,A,A
13794,A,A,A,A,A,A,A,A,A,A
13795,A,A,A,A,A,A,A,A,A,A
13796,A,A,A,A,A,A,A,A,A,A
13797,A,A,A,A,A,A,A,A,A,A
13798,A,A,A,A,A,A,A,A,A,A
13799,A,A,A,A,A,A,A,A,A,A
13800,A,A,A,A,A,A,A,A,A,A
13801,A,A,A,A,A,A,A,A,A,A
13802,A,A,A,A,A,A,A,A,A,A
13803,A,A,A,A,A,A,A,A,A,A
13804,A,A,A,A,A,A,A,A,A,A
13805,A,A,A,A,A,A,A,A,A,A
13806,A,A,A,A,A,A,A,A,A,A
13807,A,A,A,A,A,A,A,A,A,A
13808,A,A,A,A,A,A,A,A,A,A
13809,A,A,A,A,A,A,A,A,A,A
13810,A,A,A,A,A,A,A,A,A,A
13811,A,A,A,A,A,A,A,A,A,A
13812,A,A,A,A,A,A,A,A,A,A
13813,A,A,A,A,A,A,A,A,A,A
13814,A,A,A,A,A,A,A,A,A,A
13815,A,A,A,A,A,A,A,A,A,A
13816,A,A,A,A,A,A,A,A,A,A
13817,A,A,A,A,A,A,A,A,A,A
13818,A,A,A,A,A,A,A,A,A,A
13819,A,A,A,A,A,A,A,A,A,A
13820,A,A,A,A,A,A,A,A,A,A
13821,A,A,A,A,A,A,A,A,A,A
13822,A,A,A,A,A,A,A,A,A,A
13823,A,A,A,A,A,A,A,A,A,A
13824,A,A,A,A,A,A,A,A,A,A
13825,A,A,A,A,A,A,A,A,A,A
13826,A,A,A,A,A,A,A,A,A,A
13827,A,A,A,A,A,A,A,A,A,A
13828,A,A,A,A,A,A,A,A,A,A
13829,A,A,A,A,A,A,A,A,A,A
13830,A,A,A,A,A,A,A,A,A,A
13831,A,A,A,A,A,A,A,A,A,A
13832,A,A,A,A,A,A,A,A,A,A
13833,A,A,A,A,A,A,A,A,A,A
13834,A,A,A,A,A,A,A,A,A,A
13835,A,A,A,A,A,A,A,A,A,A
13836,A,A,A,A,A,A,A,A,A,A
13837,A,A,A,A,A,A,A,A,A,A
13838,A,A,A,A,A,A,A,A,A,A
13839,A,A,A,A,A,A,A,A,A,A
13840,A,A,A,A,A,A,A,A,A,A
13841,A,A,A,A,A,A,A,A,A,A
13842,A,A,A,A,A,A,A,A,A,A
13843,A,A,A,A,A,A,A,A,A,A
13844,A,A,A,A,A,A,A,A,A,A
13845,A,A,A,A,A,A,A,A,A,A
13846,A,A,A,A,A,A,A,A,A,A
13847,A,A,A,A,A,A,A,A,A,A
13848,A,A,A,A,A,A,A,A,A,A
13849,A,A,A,A,A,A,A,A,A,A
13850,A,A,A,A,A,A,A,A,A,A
13851,A,A,A,A,A,A,A,A,A,A
13852,A,A,A,A,A,A,A,A,A,A
13853,A,A,A,A,A,A,A,A,A,A
13854,A,A,A,A,A,A,A,A,A,A
13855,A,A,A,A,A,A,A,A,A,A
13856,A,A,A,A,A,A,A,A,A,A
13857,A,A,A,A,A,A,A,A,A,A
13858,A,A,A,A,A,A,A,A,A,A
13859,A,A,A,A,A,A,A,A,A,A
13860,A,A,A,A,A,A,A,A,A,A
13861,A,A,A,A,A,A,A,A,A,A
13862,A,A,A,A,A,A,A,A,A,A
13863,A,A,A,A,A,A,A,A,A,A
13864,A,A,A,A,A,A,A,A,A,A
13865,A,A,A,A,A,A,A,A,A,A
13866,A,A,A,A,A,A,A,A,A,A
13867,A,A,A,A,A,A,A,A,A,A
13868,A,A,A,A,A,A,A,A,A,A
13869,A,A,A,A,A,A,A,A,A,A
13870,A,A,A,A,A,A,A,A,A,A
13871,A,A,A,A,A,A,A,A,A,A
13872,A,A,A,A,A,A,A,A,A,A
13873,A,A,A,A,A,A,A,A,A,A
13874,A,A,A,A,A,A,A,A,A,A
13875,A,A,A,A,A,A,A,A,A,A
13876,A,A,A,A,A,A,A,A,A,A
13877,A,A,A,A,A,A,A,A,A,A
13878,A,A,A,A,A,A,A,A,A,A
13879,A,A,A,A,A,A,A,A,A,A
13880,A,A,A,A,A,A,A,A,A,A
13881,A,A,A,A,A,A,A,A,A,A
13882,A,A,A,A,A,A,A,A,A,A
13883,A,A,A,A,A,A,A,A,A,A
13884,A,A,A,A,A,A,A,A,A,A
13885,A,A,A,A,A,A,A,A,A,A
13886,A,A,A,A,A,A,A,A,A,A
13887,A,A,A,A,A,A,A,A,A,A
13888,A,A,A,A,A,A,A,A,A,A
13889,A,A,A,A,A,A,A,A,A,A
13890,A,A,A,A,A,A,A,A,A,A
13891,A,A,A,A,A,A,A,A,A,A
13892,A,A,A,A,A,A,A,A,A,A
13893,A,A,A,A,A,A,A,A,A,A
13894,A,A,A,A,A,A,A,A,A,A
13895,A,A,A,A,A,A,A,A,A,A
13896,J,J,J,J,J,J,J,J,J,J
13897,A,A,A,A,A,A,A,A,A,A
13898,A,#N/A,A,A,#N/A,A,#N/A,A,A,A
13899,A,A,A,A,A,A,A,A,A,A
13900,A,A,A,A,A,A,A,A,A,A
13901,A,A,A,A,A,A,A,A,A,A
13902,A,A,A,A,A,A,A,A,A,A
13903,A,A,A,A,A,A,A,A,A,A
13904,A,A,A,A,A,A,A,A,A,A
13905,A,A,A,A,A,A,A,A,A,A
13906,A,A,A,A,A,A,A,A,A,A
13907,A,A,A,A,A,A,A,A,A,A
13908,A,A,A,A,A,A,A,A,A,A
13909,A,A,A,A,A,A,A,A,A,A
13910,A,A,A,A,A,A,A,A,A,A
13911,A,A,A,A,A,A,A,A,A,A
13912,A,A,A,A,A,A,A,A,A,A
13913,A,A,A,A,A,A,A,A,A,A
13914,A,A,A,A,A,A,A,A,A,A
13915,A,A,A,A,A,A,A,A,A,A
13916,A,A,A,A,A,A,A,A,A,A
13917,A,A,A,A,A,A,A,A,A,A
13918,A,A,A,A,A,A,A,A,A,A
13919,A,A,A,A,A,A,A,A,A,A
13920,A,A,A,A,A,A,A,A,A,A
13921,A,A,A,A,A,A,A,A,A,A
13922,A,A,A,A,A,A,A,A,A,A
13923,A,A,A,A,A,A,A,A,A,A
13924,B,B,B,B,B,B,B,B,B,B
13925,A,A,A,A,A,A,A,A,A,A
13926,A,A,A,A,A,A,A,A,A,A
13927,A,A,A,A,A,A,A,A,A,A
13928,A,A,A,A,A,A,A,A,A,A
13929,A,A,A,A,A,A,A,A,A,A
13930,A,A,A,A,A,A,A,A,A,A
13931,A,A,A,A,A,A,A,A,A,A
13932,A,A,A,A,A,A,A,A,A,A
13933,A,A,A,A,A,A,A,A,A,A
13934,A,A,A,A,A,A,A,A,A,A
13935,A,A,A,A,A,A,A,A,A,A
13936,A,A,A,A,A,A,A,A,A,A
13937,A,A,A,A,A,A,A,A,A,A
13938,A,A,A,A,A,A,A,A,A,A
13939,A,A,A,A,A,A,A,A,A,A
13940,A,A,A,A,A,A,A,A,A,A
13941,A,A,A,A,A,A,A,A,A,A
13942,A,A,A,A,A,A,A,A,A,A
13943,A,A,A,A,A,A,A,A,A,A
13944,A,A,A,A,A,A,A,A,A,A
13945,A,A,A,A,A,A,A,A,A,A
13946,A,A,A,A,A,A,A,A,A,A
13947,A,A,A,A,A,A,A,A,A,A
13948,A,A,A,A,A,A,A,A,A,A
13949,A,A,A,A,A,A,A,A,A,A
13950,A,A,A,A,A,A,A,A,A,A
13951,A,A,A,A,A,A,A,A,A,A
13952,A,A,A,A,A,A,A,A,A,A
13953,A,A,A,A,A,A,A,A,A,A
13954,A,A,A,A,A,A,A,A,A,A
13955,A,A,A,A,A,A,A,A,A,A
13956,A,A,A,A,A,A,A,A,A,A
13957,A,A,A,A,A,A,A,A,A,A
13958,A,A,A,A,A,A,A,A,A,A
13959,A,A,A,A,A,A,A,A,A,A
13960,A,A,A,A,A,A,A,A,A,A
13962,E,E,E,E,E,E,E,E,E,E
13963,E,E,E,E,E,E,E,E,E,E
13964,E,E,E,E,E,E,E,E,E,E
13965,A,A,A,A,A,A,A,A,A,A
13966,E,E,E,E,E,E,E,E,E,E
13967,E,E,E,E,E,E,E,E,E,E
13968,A,A,A,A,A,A,A,A,A,A
13969,E,E,E,E,E,E,E,E,E,E
13970,E,E,E,E,E,E,E,E,E,E
13971,E,E,E,E,E,E,E,E,E,E
13972,E,E,E,E,E,E,E,E,E,E
13973,A,A,A,A,A,A,A,A,A,A
13974,E,E,E,E,E,E,E,E,E,E
13975,E,E,E,E,E,E,E,E,E,E
13976,A,A,A,A,A,A,A,A,A,A
13977,J,J,J,J,J,J,J,J,J,J
13978,I,I,I,I,I,I,I,I,I,I
13979,A,A,A,A,A,A,A,A,A,A
13980,A,A,A,A,A,A,A,A,A,A
13981,B,B,B,B,B,B,B,B,B,B
13982,A,A,A,A,A,A,A,A,A,A
13983,E,E,E,E,E,E,E,E,E,E
13984,A,A,A,A,A,A,A,A,A,A
13985,A,A,A,A,A,A,A,A,A,A
13986,E,E,E,E,E,E,E,E,E,E
13987,A,A,A,A,A,A,A,A,A,A
13988,A,A,A,A,A,A,A,A,A,A
13989,E,E,E,E,E,E,E,E,E,E
13990,A,A,A,A,A,A,A,A,A,A
13991,A,#N/A,A,A,#N/A,A,#N/A,A,A,A
13992,A,A,A,A,A,A,A,A,A,A
13993,A,A,A,A,A,A,A,A,A,A
13994,A,A,A,A,A,A,A,A,A,A
13995,I,I,I,O,O,O,O,O,O,O
13996,J,J,J,J,J,J,J,J,J,J
13997,A,A,A,A,A,A,A,A,A,A
13998,A,A,A,A,A,A,A,A,A,A
13999,A,A,A,A,A,A,A,A,A,A
14000,A,A,A,A,A,A,A,A,A,A
14001,A,A,A,A,A,A,A,A,A,A
14002,A,A,A,A,A,A,A,A,A,A
14003,A,A,A,A,A,A,A,A,A,A
14004,A,A,A,A,A,A,A,A,A,A
14005,A,A,A,A,A,A,A,A,A,A
14006,A,A,A,A,A,A,A,A,A,A
14007,A,A,A,A,A,A,A,A,A,A
14008,A,A,A,A,A,A,A,A,A,A
14009,A,A,A,A,A,A,A,A,A,A
14010,A,A,A,A,A,A,A,A,A,A
14011,A,A,A,A,A,A,A,A,A,A
14012,A,A,A,A,A,A,A,A,A,A
14013,J,J,J,J,J,J,J,J,J,J
14014,J,J,J,J,J,J,J,J,J,J
14016,A,A,A,A,A,A,A,A,A,A
14017,E,E,E,E,E,E,E,E,E,E
14018,A,A,A,A,A,A,A,A,A,A
14020,A,A,A,A,A,A,A,A,A,A
14021,A,A,A,A,A,A,A,A,A,A
14022,A,A,A,A,A,A,A,A,A,A
14023,A,A,A,A,A,A,A,A,A,A
14024,A,A,A,A,A,A,A,A,A,A
14025,A,A,A,A,A,A,A,A,A,A
14026,A,A,A,A,A,A,A,A,A,A
14027,A,A,A,A,A,A,A,A,A,A
14028,A,A,A,A,A,A,A,A,A,A
14029,A,A,A,A,A,A,A,A,A,A
14030,A,A,A,A,A,A,A,A,A,A
14031,A,A,A,A,A,A,A,A,A,A
14032,A,A,A,A,A,A,A,A,A,A
14033,A,A,A,A,A,A,A,A,A,A
14034,A,A,A,A,A,A,A,A,A,A
14035,A,A,A,A,A,A,A,A,A,A
14036,A,A,A,A,A,A,A,A,A,A
14037,A,A,A,A,A,A,A,A,A,A
14038,A,A,A,A,A,A,A,A,A,A
14039,A,A,A,A,A,A,A,A,A,A
14040,A,A,A,A,A,A,A,A,A,A
14041,A,A,A,A,A,A,A,A,A,A
14042,A,A,A,A,A,A,A,A,A,A
14043,A,A,A,A,A,A,A,A,A,A
14044,A,A,A,A,A,A,A,A,A,A
14045,A,A,A,A,A,A,A,A,A,A
14046,A,A,A,A,A,A,A,A,A,A
14047,A,A,A,A,A,A,A,A,A,A
14048,A,A,A,A,A,A,A,A,A,A
14049,A,A,A,A,A,A,A,A,A,A
14050,A,A,A,A,A,A,A,A,A,A
14051,A,A,A,A,A,A,A,A,A,A
14052,A,A,A,A,A,A,A,A,A,A
14053,A,A,A,A,A,A,A,A,A,A
14054,A,A,A,A,A,A,A,A,A,A
14055,A,A,A,A,A,A,A,A,A,A
14056,A,A,A,A,A,A,A,A,A,A
14057,A,A,A,A,A,A,A,A,A,A
14058,A,A,A,A,A,A,A,A,A,A
14059,A,A,A,A,A,A,A,A,A,A
14060,A,A,A,A,A,A,A,A,A,A
14061,A,A,A,A,A,A,A,A,A,A
14062,A,A,A,A,A,A,A,A,A,A
14063,A,A,A,A,A,A,A,A,A,A
14064,A,A,A,A,A,A,A,A,A,A
14065,A,A,A,A,A,A,A,A,A,A
14066,A,A,A,A,A,A,A,A,A,A
14067,A,A,A,A,A,A,A,A,A,A
14068,A,A,A,A,A,A,A,A,A,A
14069,A,A,A,A,A,A,A,A,A,A
14070,A,A,A,A,A,A,A,A,A,A
14071,A,A,A,A,A,A,A,A,A,A
14072,A,A,A,A,A,A,A,A,A,A
14073,A,A,A,A,A,A,A,A,A,A
14074,A,A,A,A,A,A,A,A,A,A
14075,A,A,A,A,A,A,A,A,A,A
14076,A,A,A,A,A,A,A,A,A,A
14078,A,A,A,A,A,A,A,A,A,A
14079,A,A,A,A,A,A,A,A,A,A
14080,A,A,A,A,A,A,A,A,A,A
14081,A,A,A,A,A,A,A,A,A,A
14082,A,A,A,A,A,A,A,A,A,A
14083,A,A,A,A,A,A,A,A,A,A
14084,A,A,A,A,A,A,A,A,A,A
14085,A,A,A,A,A,A,A,A,A,A
14086,A,A,A,A,A,A,A,A,A,A
14087,A,A,A,A,A,A,A,A,A,A
14088,A,A,A,A,A,A,A,A,A,A
14089,A,A,A,A,A,A,A,A,A,A
14090,A,A,A,A,A,A,A,A,A,A
14091,A,A,A,A,A,A,A,A,A,A
14092,A,A,A,A,A,A,A,A,A,A
14093,A,A,A,A,A,A,A,A,A,A
14094,A,A,A,A,A,A,A,A,A,A
14095,A,A,A,A,A,A,A,A,A,A
14096,A,A,A,A,A,A,A,A,A,A
14097,A,A,A,A,A,A,A,A,A,A
14098,A,A,A,A,A,A,A,A,A,A
14099,A,A,A,A,A,A,A,A,A,A
14100,A,A,A,A,A,A,A,A,A,A
14101,A,A,A,A,A,A,A,A,A,A
14102,A,#N/A,A,A,#N/A,A,#N/A,A,A,A
14103,A,A,A,A,A,A,A,A,A,A
14104,A,A,A,A,A,A,A,A,A,A
14105,A,A,A,A,A,A,A,A,A,A
14106,A,#N/A,A,A,#N/A,A,#N/A,A,A,A
14107,A,A,A,A,A,A,A,A,A,A
14108,A,A,A,A,A,A,A,A,A,A
14109,A,A,A,A,A,A,A,A,A,A
14110,A,A,A,A,A,A,A,A,A,A
14111,A,A,A,A,A,A,A,A,A,A
14112,A,A,A,A,A,A,A,A,A,A
14113,A,A,A,A,A,A,A,A,A,A
14114,A,A,A,A,A,A,A,A,A,A
14115,A,A,A,A,A,A,A,A,A,A
14116,A,A,A,A,A,A,A,A,A,A
14117,E,E,E,E,E,E,E,E,E,E
14118,A,A,A,A,A,A,A,A,A,A
14119,L,L,L,L,L,L,L,L,L,L
14126,A,A,A,A,A,A,A,A,A,A
14127,E,E,E,E,E,E,E,E,E,E
14128,A,A,A,A,A,A,A,A,A,A
14129,E,E,E,E,E,E,E,C,C,C
14131,A,A,A,A,A,A,A,A,A,A
14132,A,A,A,A,A,A,A,A,A,A
14133,A,A,A,A,A,A,A,A,A,A
14134,A,A,A,A,A,A,A,A,A,A
14135,A,A,A,A,A,A,A,A,A,A
14136,A,A,A,A,A,A,A,A,A,A
14137,A,A,A,A,A,A,A,A,A,A
14138,A,A,A,A,A,A,A,A,A,A
14139,A,A,A,A,A,A,A,A,A,A
14140,A,A,A,A,A,A,A,A,A,A
14141,A,A,A,A,A,A,A,A,A,A
14142,A,A,A,A,A,A,A,A,A,A
14143,A,A,A,A,A,A,A,A,A,A
14144,A,A,A,A,A,A,A,A,A,A
14145,A,A,A,A,A,A,A,A,A,A
14146,A,A,A,A,A,A,A,A,A,A
14147,A,A,A,A,A,A,A,A,A,A
14148,A,A,A,A,A,A,A,A,A,A
14149,A,A,A,A,A,A,A,A,A,A
14150,A,A,A,A,A,A,A,A,A,A
14151,A,A,A,A,A,A,A,A,A,A
14152,A,A,A,A,A,A,A,A,A,A
14153,A,A,A,A,A,A,A,A,A,A
14154,A,A,A,A,A,A,A,A,A,A
14155,A,A,A,A,A,A,A,A,A,A
14156,A,A,A,A,A,A,A,A,A,A
14157,A,A,A,A,A,A,A,A,A,A
14158,A,A,A,A,A,A,A,A,A,A
14159,A,A,A,A,A,A,A,A,A,A
14160,A,A,A,A,A,A,A,A,A,A
14161,A,A,A,A,A,A,A,A,A,A
14162,A,A,A,A,A,A,A,A,A,A
14163,A,A,A,A,A,A,A,A,A,A
14164,A,A,A,A,A,A,A,A,A,A
14165,A,A,A,A,A,A,A,A,A,A
14166,A,A,A,A,A,A,A,A,A,A
14167,A,A,A,A,A,A,A,A,A,A
14168,A,A,A,A,A,A,A,A,A,A
14169,A,A,A,A,A,A,A,A,A,A
14170,A,A,A,A,A,A,A,A,A,A
14171,A,A,A,A,A,A,A,A,A,A
14172,A,A,A,A,A,A,A,A,A,A
14173,A,A,A,A,A,A,A,A,A,A
14174,A,A,A,A,A,A,A,A,A,A
14175,A,A,A,A,A,A,A,A,A,A
14176,A,A,A,A,A,A,A,A,A,A
14178,A,A,A,A,A,A,A,A,A,A
14179,A,A,A,A,A,A,A,A,A,A
14180,A,A,A,A,A,A,A,A,A,A
14181,A,A,A,A,A,A,A,A,A,A
14182,A,A,A,A,A,A,A,A,A,A
14183,A,A,A,A,A,A,A,A,A,A
14184,A,A,A,A,A,A,A,A,A,A
14185,A,A,A,A,A,A,A,A,A,A
14186,A,A,A,A,A,A,A,A,A,A
14187,A,A,A,A,A,A,A,A,A,A
14188,A,A,A,A,A,A,A,A,A,A
14189,A,A,A,A,A,A,A,A,A,A
14190,A,A,A,A,A,A,A,A,A,A
14191,A,A,A,A,A,A,A,A,A,A
14192,A,A,A,A,A,A,A,A,A,A
14193,A,A,A,A,A,A,A,A,A,A
14194,A,A,A,A,A,A,A,A,A,A
14195,A,A,A,A,A,A,A,A,A,A
14196,A,A,A,A,A,A,A,A,A,A
14197,A,A,A,A,A,A,A,A,A,A
14198,A,A,A,A,A,A,A,A,A,A
14199,A,A,A,A,A,A,A,A,A,A
14200,A,A,A,A,A,A,A,A,A,A
14201,A,A,A,A,A,A,A,A,A,A
14202,A,A,A,A,A,A,A,A,A,A
14203,A,A,A,A,A,A,A,A,A,A
14204,A,A,A,A,A,A,A,A,A,A
14205,A,A,A,A,A,A,A,A,A,A
14206,A,A,A,A,A,A,A,A,A,A
14207,A,A,A,A,A,A,A,A,A,A
14208,A,A,A,A,A,A,A,A,A,A
14209,A,A,A,A,A,A,A,A,A,A
14210,A,A,A,A,A,A,A,A,A,A
14211,A,A,A,A,A,A,A,A,A,A
14212,A,A,A,A,A,A,A,A,A,A
14214,A,A,A,A,A,A,A,A,A,A
14217,A,A,A,A,A,A,A,A,A,A
14220,A,A,A,A,A,A,A,A,A,A
14223,A,A,A,A,A,A,A,A,A,A
14225,A,A,A,A,A,A,A,A,A,A
14226,A,A,A,A,A,A,A,A,A,A
14227,A,A,A,A,A,A,A,A,A,A
14228,A,A,A,A,A,A,A,A,A,A
14229,A,A,A,A,A,A,A,A,A,A
14230,A,A,A,A,A,A,A,A,A,A
14231,A,A,A,A,A,A,A,A,A,A
14232,A,A,A,A,A,A,A,A,A,A
14233,A,A,A,A,A,A,A,A,A,A
14234,A,A,A,A,A,A,A,A,A,A
14235,A,A,A,A,A,A,A,A,A,A
14236,A,A,A,A,A,A,A,A,A,A
14237,A,A,A,A,A,A,A,A,A,A
14238,A,A,A,A,A,A,A,A,A,A
14239,A,A,A,A,A,A,A,A,A,A
14240,A,A,A,A,A,A,A,A,A,A
14241,A,A,A,A,A,A,A,A,A,A
14242,A,A,A,A,A,A,A,A,A,A
14243,A,A,A,A,A,A,A,A,A,A
14244,A,A,A,A,A,A,A,A,A,A
14245,A,A,A,A,A,A,A,A,A,A
14246,A,A,A,A,A,A,A,A,A,A
14247,A,A,A,A,A,A,A,A,A,A
14248,A,A,A,A,A,A,A,A,A,A
14249,A,A,A,A,A,A,A,A,A,A
14250,A,A,A,A,A,A,A,A,A,A
14251,A,A,A,A,A,A,A,A,A,A
14252,A,A,A,A,A,A,A,A,A,A
14253,A,A,A,A,A,A,A,A,A,A
14254,A,A,A,A,A,A,A,A,A,A
14257,A,A,A,A,A,A,A,A,A,A
14260,A,A,A,A,A,A,A,A,A,A
14263,A,A,A,A,A,A,A,A,A,A
14264,A,A,A,A,A,A,A,A,A,A
14265,A,A,A,A,A,A,A,A,A,A
14266,A,A,A,A,A,A,A,A,A,A
14267,A,A,A,A,A,A,A,A,A,A
14268,A,A,A,A,A,A,A,A,A,A
14269,A,A,A,A,A,A,A,A,A,A
14270,A,A,A,A,A,A,A,A,A,A
14271,A,A,A,A,A,A,A,A,A,A
14272,A,A,A,A,A,A,A,A,A,A
14273,A,A,A,A,A,A,A,A,A,A
14274,A,A,A,A,A,A,A,A,A,A
14275,A,A,A,A,A,A,A,A,A,A
14276,A,A,A,A,A,A,A,A,A,A
14277,A,A,A,A,A,A,A,A,A,A
14278,A,A,A,A,A,A,A,A,A,A
14279,A,A,A,A,A,A,A,A,A,A
14280,A,A,A,A,A,A,A,A,A,A
14281,A,A,A,A,A,A,A,A,A,A
14282,A,A,A,A,A,A,A,A,A,A
14283,A,A,A,A,A,A,A,A,A,A
14284,A,A,A,A,A,A,A,A,A,A
14285,A,A,A,A,A,A,A,A,A,A
14286,A,A,A,A,A,A,A,A,A,A
14287,A,A,A,A,A,A,A,A,A,A
14288,A,A,A,A,A,A,A,A,A,A
14289,A,A,A,A,A,A,A,A,A,A
14290,A,A,A,A,A,A,A,A,A,A
14291,A,A,A,A,A,A,A,A,A,A
14292,A,A,A,A,A,A,A,A,A,A
14293,A,A,A,A,A,A,A,A,A,A
14295,A,A,A,A,A,A,A,A,A,A
14298,A,A,A,A,A,A,A,A,A,A
14301,A,A,A,A,A,A,A,A,A,A
14304,A,A,A,A,A,A,A,A,A,A
14307,A,A,A,A,A,A,A,A,A,A
14310,A,A,A,A,A,A,A,A,A,A
14313,A,A,A,A,A,A,A,A,A,A
14316,A,A,A,A,A,A,A,A,A,A
14319,A,A,A,A,A,A,A,A,A,A
14322,A,A,A,A,A,A,A,A,A,A
14323,I,I,I,I,I,I,I,I,I,I
14325,A,A,A,A,A,A,A,A,A,A
14328,A,A,A,A,A,A,A,A,A,A
14331,A,A,A,A,A,A,A,A,A,A
14334,A,A,A,A,A,A,A,A,A,A
14337,A,A,A,A,A,A,A,A,A,A
14340,A,A,A,A,A,A,A,A,A,A
14343,A,A,A,A,A,A,A,A,A,A
14346,A,A,A,A,A,A,A,A,A,A
14349,A,A,A,A,A,A,A,A,A,A
14352,A,A,A,A,A,A,A,A,A,A
14355,A,A,A,A,A,A,A,A,A,A
14358,A,A,A,A,A,A,A,A,A,A
14361,A,A,A,A,A,A,A,A,A,A
14366,A,A,A,A,A,A,A,A,A,A
14369,A,A,A,A,A,A,A,A,A,A
14370,A,A,A,A,A,A,A,A,A,A
14371,A,A,A,A,A,A,A,A,A,A
14372,A,A,A,A,A,A,A,A,A,A
14373,A,A,A,A,A,A,A,A,A,A
14374,A,A,A,A,A,A,A,A,A,A
14375,A,A,A,A,A,A,A,A,A,A
14376,A,A,A,A,A,A,A,A,A,A
14377,A,A,A,A,A,A,A,A,A,A
14378,A,A,A,A,A,A,A,A,A,A
14379,A,A,A,A,A,A,A,A,A,A
14380,A,A,A,A,A,A,A,A,A,A
14381,A,A,A,A,A,A,A,A,A,A
14382,A,A,A,A,A,A,A,A,A,A
14383,A,A,A,A,A,A,A,A,A,A
14384,A,A,A,A,A,A,A,A,A,A
14385,A,A,A,A,A,A,A,A,A,A
14386,A,A,A,A,A,A,A,A,A,A
14387,A,A,A,A,A,A,A,A,A,A
14388,A,A,A,A,A,A,A,A,A,A
14389,A,A,A,A,A,A,A,A,A,A
14390,A,A,A,A,A,A,A,A,A,A
14391,A,A,A,A,A,A,A,A,A,A
14392,A,A,A,A,A,A,A,A,A,A
14393,A,A,A,A,A,A,A,A,A,A
14394,A,A,A,A,A,A,A,A,A,A
14395,A,A,A,A,A,A,A,A,A,A
14396,A,A,A,A,A,A,A,A,A,A
14397,A,A,A,A,A,A,A,A,A,A
14398,A,A,A,A,A,A,A,A,A,A
14399,A,A,A,A,A,A,A,A,A,A
14400,A,A,A,A,A,A,A,A,A,A
14401,A,A,A,A,A,A,A,A,A,A
14402,A,A,A,A,A,A,A,A,A,A
14403,A,A,A,A,A,A,A,A,A,A
14404,A,A,A,A,A,A,A,A,A,A
14405,A,A,A,A,A,A,A,A,A,A
14406,A,A,A,A,A,A,A,A,A,A
14407,A,A,A,A,A,A,A,A,A,A
14408,A,A,A,A,A,A,A,A,A,A
14409,A,A,A,A,A,A,A,A,A,A
14410,A,A,A,A,A,A,A,A,A,A
14411,A,A,A,A,A,A,A,A,A,A
14412,A,A,A,A,A,A,A,A,A,A
14413,L,L,L,L,L,L,L,L,L,L
14414,A,A,A,A,A,A,A,A,A,A
14415,A,A,A,A,A,A,A,A,A,A
14416,A,A,A,A,A,A,A,A,A,A
14417,A,A,A,A,A,A,A,A,A,A
14418,A,A,A,A,A,A,A,A,A,A
14419,A,A,A,A,A,A,A,A,A,A
14420,A,A,A,A,A,A,A,A,A,A
14421,A,A,A,A,A,A,A,A,A,A
14422,A,A,A,A,A,A,A,A,A,A
14423,A,A,A,A,A,A,A,A,A,A
14424,A,A,A,A,A,A,A,A,A,A
14425,A,A,A,A,A,A,A,A,A,A
14426,A,A,A,A,A,A,A,A,A,A
14427,A,A,A,A,A,A,A,A,A,A
14428,A,A,A,A,A,A,A,A,A,A
14429,A,A,A,A,A,A,A,A,A,A
14430,A,A,A,A,A,A,A,A,A,A
14431,A,A,A,A,A,A,A,A,A,A
14432,A,A,A,A,A,A,A,A,A,A
14433,A,A,A,A,A,A,A,A,A,A
14434,A,A,A,A,A,A,A,A,A,A
14435,A,A,A,A,A,A,A,A,A,A
14436,A,A,A,A,A,A,A,A,A,A
14437,A,A,A,A,A,A,A,A,A,A
14438,A,A,A,A,A,A,A,A,A,A
14439,A,A,A,A,A,A,A,A,A,A
14440,A,A,A,A,A,A,A,A,A,A
14441,A,A,A,A,A,A,A,A,A,A
14442,A,A,A,A,A,A,A,A,A,A
14443,A,A,A,A,A,A,A,A,A,A
14444,A,A,A,A,A,A,A,A,A,A
14445,A,A,A,A,A,A,A,A,A,A
14446,A,A,A,A,A,A,A,A,A,A
14447,A,A,A,A,A,A,A,A,A,A
14448,A,A,A,A,A,A,A,A,A,A
14449,A,A,A,A,A,A,A,A,A,A
14450,A,A,A,A,A,A,A,A,A,A
14451,A,A,A,A,A,A,A,A,A,A
14452,A,A,A,A,A,A,A,A,A,A
14453,A,A,A,A,A,A,A,A,A,A
14454,A,A,A,A,A,A,A,A,A,A
14455,A,A,A,A,A,A,A,A,A,A
14456,A,A,A,A,A,A,A,A,A,A
14457,A,A,A,A,A,A,A,A,A,A
14458,A,A,A,A,A,A,A,A,A,A
14459,A,A,A,A,A,A,A,A,A,A
14460,I,I,I,I,I,I,I,I,I,I
14461,A,A,A,A,A,A,A,A,A,A
14462,A,A,A,A,A,A,A,A,A,A
14463,A,A,A,A,A,A,A,A,A,A
14464,A,A,A,A,A,A,A,A,A,A
14465,A,A,A,A,A,A,A,A,A,A
14466,A,A,A,A,A,A,A,A,A,A
14467,A,A,A,A,A,A,A,A,A,A
14468,A,A,A,A,A,A,A,A,A,A
14469,A,A,A,A,A,A,A,A,A,A
14470,A,A,A,A,A,A,A,A,A,A
14471,A,A,A,A,A,A,A,A,A,A
14472,A,A,A,A,A,A,A,A,A,A
14473,A,A,A,A,A,A,A,A,A,A
14474,A,A,A,A,A,A,A,A,A,A
14475,A,A,A,A,A,A,A,A,A,A
14476,A,A,A,A,A,A,A,A,A,A
14477,A,A,A,A,A,A,A,A,A,A
14478,A,A,A,A,A,A,A,A,A,A
14479,A,A,A,A,A,A,A,A,A,A
14480,A,A,A,A,A,A,A,A,A,A
14481,A,A,A,A,A,A,A,A,A,A
14482,A,A,A,A,A,A,A,A,A,A
14483,A,A,A,A,A,A,A,A,A,A
14484,A,A,A,A,A,A,A,A,A,A
14485,A,A,A,A,A,A,A,A,A,A
14486,A,A,A,A,A,A,A,A,A,A
14487,A,A,A,A,A,A,A,A,A,A
14488,A,A,A,A,A,A,A,A,A,A
14489,A,A,A,A,A,A,A,A,A,A
14490,A,A,A,A,A,A,A,A,A,A
14491,A,A,A,A,A,A,A,A,A,A
14492,A,A,A,A,A,A,A,A,A,A
14493,A,A,A,A,A,A,A,A,A,A
14494,A,A,A,A,A,A,A,A,A,A
14495,A,A,A,A,A,A,A,A,A,A
14496,A,A,A,A,A,A,A,A,A,A
14497,A,A,A,A,A,A,A,A,A,A
14498,A,A,A,A,A,A,A,A,A,A
14499,A,A,A,A,A,A,A,A,A,A
14500,A,A,A,A,A,A,A,A,A,A
14501,A,A,A,A,A,A,A,A,A,A
14502,A,A,A,A,A,A,A,A,A,A
14503,A,A,A,A,A,A,A,A,A,A
14504,A,A,A,A,A,A,A,A,A,A
14505,A,A,A,A,A,A,A,A,A,A
14506,A,A,A,A,A,A,A,A,A,A
14507,A,A,A,A,A,A,A,A,A,A
14508,A,A,A,A,A,A,A,A,A,A
14509,A,A,A,A,A,A,A,A,A,A
14510,A,A,A,A,A,A,A,A,A,A
14511,A,A,A,A,A,A,A,A,A,A
14512,A,A,A,A,A,A,A,A,A,A
14513,A,A,A,A,A,A,A,A,A,A
14514,A,A,A,A,A,A,A,A,A,A
14515,A,A,A,A,A,A,A,A,A,A
14516,A,A,A,A,A,A,A,A,A,A
14517,A,A,A,A,A,A,A,A,A,A
14518,A,A,A,A,A,A,A,A,A,A
14519,A,A,A,A,A,A,A,A,A,A
14520,A,A,A,A,A,A,A,A,A,A
14521,A,A,A,A,A,A,A,A,A,A
14522,A,A,A,A,A,A,A,A,A,A
14523,A,A,A,A,A,A,A,A,A,A
14524,A,A,A,A,A,A,A,A,A,A
14525,A,A,A,A,A,A,A,A,A,A
14526,A,A,A,A,A,A,A,A,A,A
14527,A,A,A,A,A,A,A,A,A,A
14528,A,A,A,A,A,A,A,A,A,A
14529,A,A,A,A,A,A,A,A,A,A
14530,A,A,A,A,A,A,A,A,A,A
14531,A,A,A,A,A,A,A,A,A,A
14532,A,A,A,A,A,A,A,A,A,A
14533,A,A,A,A,A,A,A,A,A,A
14534,A,A,A,A,A,A,A,A,A,A
14535,A,A,A,A,A,A,A,A,A,A
14536,A,A,A,A,A,A,A,A,A,A
14537,A,A,A,A,A,A,A,A,A,A
14538,A,A,A,A,A,A,A,A,A,A
14539,A,A,A,A,A,A,A,A,A,A
14540,A,A,A,A,A,A,A,A,A,A
14541,A,A,A,A,A,A,A,A,A,A
14542,A,A,A,A,A,A,A,A,A,A
14543,A,A,A,A,A,A,A,A,A,A
14544,A,A,A,A,A,A,A,A,A,A
14545,A,A,A,A,A,A,A,A,A,A
14546,A,A,A,A,A,A,A,A,A,A
14547,A,A,H,H,H,H,H,H,H,H
14548,A,A,A,A,A,A,A,A,A,A
14549,A,A,A,A,A,A,A,A,A,A
14550,A,A,A,A,A,A,A,A,A,A
14551,A,A,A,A,A,A,A,A,A,A
14552,E,E,E,E,E,E,E,E,E,E
14556,A,A,A,A,A,A,A,A,A,A
14557,A,A,A,A,A,A,A,A,A,A
14558,A,A,A,A,A,A,A,A,A,A
14559,A,A,A,A,A,A,A,A,A,A
14560,A,A,A,A,A,A,A,A,A,A
14561,A,A,A,A,A,A,A,A,A,A
14562,A,A,A,A,A,A,A,A,A,A
14563,A,A,A,A,A,A,A,A,A,A
14564,A,A,A,A,A,A,A,A,A,A
14565,A,A,A,A,A,A,A,A,A,A
14566,A,A,A,A,A,A,A,A,A,A
14567,A,A,A,A,A,A,A,A,A,A
14568,A,A,A,A,A,A,A,A,A,A
14569,A,A,A,A,A,A,A,A,A,A
14570,A,A,A,A,A,A,A,A,A,A
14571,A,A,A,A,A,A,A,A,A,A
14572,A,A,A,A,A,A,A,A,A,A
14573,A,A,A,A,A,A,A,A,A,A
14574,A,A,A,A,A,A,A,A,A,A
14575,A,A,A,A,A,A,A,A,A,A
14576,A,A,A,A,A,A,A,A,A,A
14577,A,A,A,A,A,A,A,A,A,A
14578,A,A,A,A,A,A,A,A,A,A
14579,A,A,A,A,A,A,A,A,A,A
14580,A,A,A,A,A,A,A,A,A,A
14581,A,A,A,A,A,A,A,A,A,A
14582,A,A,A,A,A,A,A,A,A,A
14583,A,A,A,A,A,A,A,A,A,A
14584,A,A,A,A,A,A,A,A,A,A
14585,A,A,A,A,A,A,A,A,A,A
14586,A,A,A,A,A,A,A,A,A,A
14587,A,A,A,A,A,A,A,A,A,A
14588,A,A,A,A,A,A,A,A,A,A
14589,A,A,A,A,A,A,A,A,A,A
14590,A,A,A,A,A,A,A,A,A,A
14591,A,A,A,A,A,A,A,A,A,A
14592,A,A,A,A,A,A,A,A,A,A
14593,A,A,A,A,A,A,A,A,A,A
14594,A,A,A,A,A,A,A,A,A,A
14595,A,A,A,A,A,A,A,A,A,A
14596,A,A,A,A,A,A,A,A,A,A
14597,A,A,A,A,A,A,A,A,A,A
14598,A,A,A,A,A,A,A,A,A,A
14599,A,A,A,A,A,A,A,A,A,A
14600,A,A,A,A,A,A,A,A,A,A
14601,A,A,A,A,A,A,A,A,A,A
14602,A,A,A,A,A,A,A,A,A,A
14603,A,A,A,A,A,A,A,A,A,A
14604,A,A,A,A,A,A,A,A,A,A
14605,A,A,A,A,A,A,A,A,A,A
14606,A,A,A,A,A,A,A,A,A,A
14607,A,A,A,A,A,A,A,A,A,A
14608,A,A,A,A,A,A,A,A,A,A
14609,A,A,A,A,A,A,A,A,A,A
14610,A,A,A,A,A,A,A,A,A,A
14611,A,A,A,A,A,A,A,A,A,A
14612,A,A,A,A,A,A,A,A,A,A
14613,A,A,A,A,A,A,A,A,A,A
14614,A,A,A,A,A,A,A,A,A,A
14615,A,A,A,A,A,A,A,A,A,A
14616,A,A,A,A,A,A,A,A,A,A
14617,A,A,A,A,A,A,A,A,A,A
14618,A,A,A,A,A,A,A,A,A,A
14619,A,A,A,A,A,A,A,A,A,A
14620,A,A,A,A,A,A,A,A,A,A
14621,A,A,A,A,A,A,A,A,A,A
14622,A,A,A,A,A,A,A,A,A,A
14623,A,A,A,A,A,A,A,A,A,A
14624,A,A,A,A,A,A,A,A,A,A
14625,A,A,A,A,A,A,A,A,A,A
14626,A,A,A,A,A,A,A,A,A,A
14627,A,A,A,A,A,A,A,A,A,A
14628,A,A,A,A,A,A,A,A,A,A
14629,A,A,A,A,A,A,A,A,A,A
14630,A,A,A,A,A,A,A,A,A,A
14631,A,A,A,A,A,A,A,A,A,A
14632,A,A,A,A,A,A,A,A,A,A
14633,A,A,A,A,A,A,A,A,A,A
14634,A,A,A,A,A,A,A,A,A,A
14635,A,A,A,A,A,A,A,A,A,A
14636,A,A,A,A,A,A,A,A,A,A
14637,A,A,A,A,A,A,A,A,A,A
14638,A,A,A,A,A,A,A,A,A,A
14639,A,A,A,A,A,A,A,A,A,A
14640,A,A,A,A,A,A,A,A,A,A
14641,A,A,A,A,A,A,A,A,A,A
14642,A,A,A,A,A,A,A,A,A,A
14643,A,A,A,A,A,A,A,A,A,A
14644,A,A,A,A,A,A,A,A,A,A
14645,A,A,A,A,A,A,A,A,A,A
14646,A,A,A,A,A,A,A,A,A,A
14647,A,A,A,A,A,A,A,A,A,A
14648,A,A,A,A,A,A,A,A,A,A
14649,A,A,A,A,A,A,A,A,A,A
14650,A,A,A,A,A,A,A,A,A,A
14651,A,A,A,A,A,A,A,A,A,A
14652,A,A,A,A,A,A,A,A,A,A
14653,A,A,A,A,A,A,A,A,A,A
14654,A,A,A,A,A,A,A,A,A,A
14655,A,A,A,A,A,A,A,A,A,A
14656,A,A,A,A,A,A,A,A,A,A
14657,A,A,A,A,A,A,A,A,A,A
14658,A,A,A,A,A,A,A,A,A,A
14659,A,A,A,A,A,A,A,A,A,A
14660,A,A,A,A,A,A,A,A,A,A
14661,A,A,A,A,A,A,A,A,A,A
14662,A,A,A,A,A,A,A,A,A,A
14663,A,A,A,A,A,A,A,A,A,A
14664,A,A,A,A,A,A,A,A,A,A
14665,A,A,A,A,A,A,A,A,A,A
14666,A,A,A,A,A,A,A,A,A,A
14667,A,A,A,A,A,A,A,A,A,A
14668,A,A,A,A,A,A,A,A,A,A
14669,A,A,A,A,A,A,A,A,A,A
14670,A,A,A,A,A,A,A,A,A,A
14671,A,A,A,A,A,A,A,A,A,A
14672,A,A,A,A,A,A,A,A,A,A
14673,B,B,B,B,B,B,B,B,B,B
14674,B,B,B,B,B,B,B,B,B,B
14675,B,B,B,B,B,B,B,B,B,B
14676,B,B,B,B,B,B,B,B,B,B
14677,B,B,B,B,B,B,B,B,B,B
14678,B,B,B,B,B,B,B,B,B,B
14679,B,B,B,B,B,B,B,B,B,B
14680,B,B,B,B,B,B,B,B,B,B
14681,B,B,B,B,B,B,B,B,B,B
14682,B,B,B,B,B,B,B,B,B,B
14683,B,B,B,B,B,B,B,B,B,B
14684,B,B,B,B,B,B,B,B,B,B
14685,B,B,B,B,B,B,B,B,B,B
14686,B,B,B,B,B,B,B,B,B,B
14687,B,B,B,B,B,B,B,B,B,B
14688,B,B,B,B,B,B,B,B,B,B
14689,B,B,B,B,B,B,B,B,B,B
14690,B,B,B,B,B,B,B,B,B,B
14691,B,B,B,B,B,B,B,B,B,B
14692,B,B,B,B,B,B,B,B,B,B
14693,B,B,B,B,B,B,B,B,B,B
14694,B,B,B,B,B,B,B,B,B,B
14695,B,B,B,B,B,B,B,B,B,B
14696,B,B,B,B,B,B,B,B,B,B
14697,B,B,B,B,B,B,B,B,B,B
14698,B,B,B,B,B,B,B,B,B,B
14699,B,B,B,B,B,B,B,B,B,B
14700,B,B,B,B,B,B,B,B,B,B
14701,B,B,B,B,B,B,B,B,B,B
14702,B,B,B,B,B,B,B,B,B,B
14703,B,B,B,B,B,B,B,B,B,B
14704,B,B,B,B,B,B,B,B,B,B
14705,B,B,B,B,B,B,B,B,B,B
14706,B,B,B,B,B,B,B,B,B,B
14707,B,B,B,B,B,B,B,B,B,B
14708,B,B,B,B,B,B,B,B,B,B
14709,B,B,B,B,B,B,B,B,B,B
14710,B,B,B,B,B,B,B,B,B,B
14711,B,B,B,B,B,B,B,B,B,B
14712,B,B,B,B,B,B,B,B,B,B
14713,B,B,B,B,B,B,B,B,B,B
14714,B,B,B,B,B,B,B,B,B,B
14715,B,B,B,B,B,B,B,B,B,B
14716,B,B,B,B,B,B,B,B,B,B
14717,B,B,B,B,B,B,B,B,B,B
14718,B,B,B,B,B,B,B,B,B,B
14719,B,B,B,B,B,B,B,B,B,B
14720,B,B,B,B,B,B,B,B,B,B
14721,B,B,B,B,B,B,B,B,B,B
14722,B,B,B,B,B,B,B,B,B,B
14723,B,B,B,B,B,B,B,B,B,B
14724,B,B,B,B,B,B,B,B,B,B
14725,B,B,B,B,B,B,B,B,B,B
14726,B,B,B,B,B,B,B,B,B,B
14727,B,B,B,B,B,B,B,B,B,B
14728,B,B,B,B,B,B,B,B,B,B
14729,B,B,B,B,B,B,B,B,B,B
14730,B,B,B,B,B,B,B,B,B,B
14731,A,A,A,A,A,A,A,A,A,A
14732,A,A,A,A,A,A,A,A,A,A
14733,A,A,A,A,A,A,A,A,A,A
14734,A,A,A,A,A,A,A,A,A,A
14735,A,A,A,A,A,A,A,A,A,A
14736,A,A,A,A,A,A,A,A,A,A
14737,A,A,A,A,A,A,A,A,A,A
14738,A,A,A,A,A,A,A,A,A,A
14739,A,A,A,A,A,A,A,A,A,A
14740,A,A,A,A,A,A,A,A,A,A
14741,A,A,A,A,A,A,A,A,A,A
14742,A,A,A,A,A,A,A,A,A,A
14743,A,A,A,A,A,A,A,A,A,A
14744,A,A,A,A,A,A,A,A,A,A
14745,A,A,A,A,A,A,A,A,A,A
14746,A,A,A,A,A,A,A,A,A,A
14747,A,A,A,A,A,A,A,A,A,A
14748,A,A,A,A,A,A,A,A,A,A
14749,A,A,A,A,A,A,A,A,A,A
14750,A,A,A,A,A,A,A,A,A,A
14751,A,A,A,A,A,A,A,A,A,A
14752,A,A,A,A,A,A,A,A,A,A
14753,A,A,A,A,A,A,A,A,A,A
14754,A,A,A,A,A,A,A,A,A,A
14755,A,A,A,A,A,A,A,A,A,A
14756,A,A,A,A,A,A,A,A,A,A
14757,A,A,A,A,A,A,A,A,A,A
14758,A,A,A,A,A,A,A,A,A,A
14759,A,A,A,A,A,A,A,A,A,A
14760,A,A,A,A,A,A,A,A,A,A
14761,A,A,A,A,A,A,A,A,A,A
14762,A,A,A,A,A,A,A,A,A,A
14763,A,A,A,A,A,A,A,A,A,A
14764,A,A,A,A,A,A,A,A,A,A
14765,A,A,A,A,A,A,A,A,A,A
14766,A,A,A,A,A,A,A,A,A,A
14767,A,A,A,A,A,A,A,A,A,A
14768,A,A,A,A,A,A,A,A,A,A
14769,A,A,A,A,A,A,A,A,A,A
14770,A,A,A,A,A,A,A,A,A,A
14771,A,A,A,A,A,A,A,A,A,A
14772,A,A,A,A,A,A,A,A,A,A
14773,A,A,A,A,A,A,A,A,A,A
14774,A,A,A,A,A,A,A,A,A,A
14775,A,A,A,A,A,A,A,A,A,A
14776,A,A,A,A,A,A,A,A,A,A
14777,A,A,A,A,A,A,A,A,A,A
14778,A,A,A,A,A,A,A,A,A,A
14779,A,A,A,A,A,A,A,A,A,A
14780,A,A,A,A,A,A,A,A,A,A
14781,A,A,A,A,A,A,A,A,A,A
14782,A,A,A,A,A,A,A,A,A,A
14783,A,A,A,A,A,A,A,A,A,A
14784,A,A,A,A,A,A,A,A,A,A
14785,A,A,A,A,A,A,A,A,A,A
14786,A,A,A,A,A,A,A,A,A,A
14787,A,A,A,A,A,A,A,A,A,A
14788,A,A,A,A,A,A,A,A,A,A
14789,A,A,A,A,A,A,A,A,A,A
14790,A,A,A,A,A,A,A,A,A,A
14791,A,A,A,A,A,A,A,A,A,A
14792,A,A,A,A,A,A,A,A,A,A
14793,A,A,A,A,A,A,A,A,A,A
14794,A,A,A,A,A,A,A,A,A,A
14795,A,A,A,A,A,A,A,A,A,A
14796,A,A,A,A,A,A,A,A,A,A
14797,A,A,A,A,A,A,A,A,A,A
14798,A,A,A,A,A,A,A,A,A,A
14799,A,A,A,A,A,A,A,A,A,A
14800,A,A,A,A,A,A,A,A,A,A
14801,A,A,A,A,A,A,A,A,A,A
14802,A,A,A,A,A,A,A,A,A,A
14803,A,A,A,A,A,A,A,A,A,A
14804,A,A,A,A,A,A,A,A,A,A
14805,A,A,A,A,A,A,A,A,A,A
14806,A,A,A,A,A,A,A,A,A,A
14807,A,A,A,A,A,A,A,A,A,A
14808,A,A,A,A,A,A,A,A,A,A
14809,A,A,A,A,A,A,A,A,A,A
14810,A,A,A,A,A,A,A,A,A,A
14811,A,A,A,A,A,A,A,A,A,A
14812,A,A,A,A,A,A,A,A,A,A
14813,A,A,A,A,A,A,A,A,A,A
14814,A,A,A,A,A,A,A,A,A,A
14815,L,L,L,L,L,L,L,L,L,L
14816,A,A,A,A,A,A,A,A,A,A
14817,A,A,A,A,A,A,A,A,A,A
14818,A,A,A,A,A,A,A,A,A,A
14819,A,A,A,A,A,A,A,A,A,A
14820,A,A,A,A,A,A,A,A,A,A
14821,A,A,A,A,A,A,A,A,A,A
14822,A,A,A,A,A,A,A,A,A,A
14823,A,A,A,A,A,A,A,A,A,A
14824,A,A,A,A,A,A,A,A,A,A
14825,A,A,A,A,A,A,A,A,A,A
14826,A,A,A,A,A,A,A,A,A,A
14827,A,A,A,A,A,A,A,A,A,A
14828,A,A,A,A,A,A,A,A,A,A
14829,A,A,A,A,A,A,A,A,A,A
14830,A,A,A,A,A,A,A,A,A,A
14831,A,A,A,A,A,A,A,A,A,A
14832,A,A,A,A,A,A,A,A,A,A
14833,A,A,A,A,A,A,A,A,A,A
14834,A,A,A,A,A,A,A,A,A,A
14835,A,A,A,A,A,A,A,A,A,A
14836,A,A,A,A,A,A,A,A,A,A
14837,A,A,A,A,A,A,A,A,A,A
14838,A,A,A,A,A,A,A,A,A,A
14839,A,A,A,A,A,A,A,A,A,A
14840,A,A,A,A,A,A,A,A,A,A
14841,A,A,A,A,A,A,A,A,A,A
14842,A,A,A,A,A,A,A,A,A,A
14843,A,A,A,A,A,A,A,A,A,A
14844,A,A,A,A,A,A,A,A,A,A
14845,A,A,A,A,A,A,A,A,A,A
14846,A,A,A,A,A,A,A,A,A,A
14847,A,A,A,A,A,A,A,A,A,A
14848,A,A,A,A,A,A,A,A,A,A
14849,A,A,A,A,A,A,A,A,A,A
14850,A,A,A,A,A,A,A,A,A,A
14851,A,A,A,A,A,A,A,A,A,A
14852,A,A,A,A,A,A,A,A,A,A
14853,A,A,A,A,A,A,A,A,A,A
14854,A,A,A,A,A,A,A,A,A,A
14855,A,A,A,A,A,A,A,A,A,A
14856,A,A,A,A,A,A,A,A,A,A
14857,A,A,A,A,A,A,A,A,A,A
14858,A,A,A,A,A,A,A,A,A,A
14859,A,A,A,A,A,A,A,A,A,A
14860,A,A,A,A,A,A,A,A,A,A
14861,A,A,A,A,A,A,A,A,A,A
14862,A,A,A,A,A,A,A,A,A,A
14863,A,A,A,A,A,A,A,A,A,A
14864,A,A,A,A,A,A,A,A,A,A
14865,A,A,A,A,A,A,A,A,A,A
14866,A,A,A,A,A,A,A,A,A,A
14867,A,A,A,A,A,A,A,A,A,A
14868,A,A,A,A,A,A,A,A,A,A
14869,A,A,A,A,A,A,A,A,A,A
14870,A,A,A,A,A,A,A,A,A,A
14871,A,A,A,A,A,A,A,A,A,A
14872,A,A,A,A,A,A,A,A,A,A
14873,A,A,A,A,A,A,A,A,A,A
14874,A,A,A,A,A,A,A,A,A,A
14875,A,A,A,A,A,A,A,A,A,A
14876,A,A,A,A,A,A,A,A,A,A
14877,A,A,A,A,A,A,A,A,A,A
14878,A,A,A,A,A,A,A,A,A,A
14879,A,A,A,A,A,A,A,A,A,A
14880,A,A,A,A,A,A,A,A,A,A
14881,A,A,A,A,A,A,A,A,A,A
14882,A,A,A,A,A,A,A,A,A,A
14883,A,A,A,A,A,A,A,A,A,A
14886,B,B,B,B,B,B,B,B,B,B
14887,B,B,B,B,B,B,B,B,B,B
14888,A,A,A,A,A,A,A,A,A,B
14889,A,A,A,A,A,A,A,A,A,B
14890,A,A,A,A,A,A,A,A,A,B
14891,A,A,A,A,A,A,A,A,A,B
14892,A,A,A,A,A,A,A,A,A,B
14893,A,A,A,A,A,A,A,A,A,B
14895,A,A,A,A,A,A,A,A,A,A
14896,A,A,A,A,A,A,A,A,A,A
14897,A,A,A,A,A,A,A,A,A,A
14898,A,A,A,A,A,A,A,A,A,A
14899,A,A,A,A,A,A,A,A,A,A
14900,A,A,A,A,A,A,A,A,A,A
14901,A,A,A,A,A,A,A,A,A,A
14902,A,A,A,A,A,A,A,A,A,A
14903,A,A,A,A,A,A,A,A,A,A
14904,A,A,A,A,A,A,A,A,A,A
14905,A,A,A,A,A,A,A,A,A,A
14906,A,A,A,A,A,A,A,A,A,A
14907,A,A,A,A,A,A,A,A,A,A
14908,A,A,A,A,A,A,A,A,A,A
14909,A,A,A,A,A,A,A,A,A,A
14910,A,A,A,A,A,A,A,A,A,A
14911,A,A,A,A,A,A,A,A,A,A
14912,A,A,A,A,A,A,A,A,A,A
14913,A,A,A,A,A,A,A,A,A,A
14914,A,A,A,A,A,A,A,A,A,A
14915,A,A,A,A,A,A,A,A,A,A
14916,A,A,A,A,A,A,A,A,A,A
14917,A,A,A,A,A,A,A,A,A,A
14918,A,A,A,A,A,A,A,A,A,A
14919,A,A,A,A,A,A,A,A,A,A
14920,A,A,A,A,A,A,A,A,A,A
14921,A,A,A,A,A,A,A,A,A,A
14922,A,A,A,A,A,A,A,A,A,A
14923,A,A,A,A,A,A,A,A,A,A
14924,A,A,A,A,A,A,A,A,A,A
14925,A,A,A,A,A,A,A,A,A,A
14926,A,A,A,A,A,A,A,A,A,A
14927,A,A,A,A,A,A,A,A,A,A
14928,A,A,A,A,A,A,A,A,A,A
14929,A,A,A,A,A,A,A,A,A,A
14930,A,A,A,A,A,A,A,A,A,A
14931,A,A,A,A,A,A,A,A,A,A
14932,A,A,A,A,A,A,A,A,A,A
14933,A,A,A,A,A,A,A,A,A,A
14934,A,A,A,A,A,A,A,A,A,A
14935,A,A,A,A,A,A,A,A,A,A
14936,A,A,A,A,A,A,A,A,A,A
14937,A,A,A,A,A,A,A,A,A,A
14938,A,A,A,A,A,A,A,A,A,A
14939,A,A,A,A,A,A,A,A,A,A
14940,A,A,A,A,A,A,A,A,A,A
14941,A,A,A,A,A,A,A,A,A,A
14942,A,A,A,A,A,A,A,A,A,A
14943,A,A,A,A,A,A,A,A,A,A
14944,A,A,A,A,A,A,A,A,A,A
14945,A,A,A,A,A,A,A,A,A,A
14946,A,A,A,A,A,A,A,A,A,A
14947,A,A,A,A,A,A,A,A,A,A
14948,A,A,A,A,A,A,A,A,A,A
14949,A,A,A,A,A,A,A,A,A,A
14950,A,A,A,A,A,A,A,A,A,A
14951,A,A,A,A,A,A,A,A,A,A
14952,A,A,A,A,A,A,A,A,A,A
14953,A,A,A,A,A,A,A,A,A,A
14954,A,A,A,A,A,A,A,A,A,A
14955,A,A,A,A,A,A,A,A,A,A
14956,A,A,A,A,A,A,A,A,A,A
14957,A,A,A,A,A,A,A,A,A,A
14958,A,A,A,A,A,A,A,A,A,A
14959,A,A,A,A,A,A,A,A,A,A
14960,A,A,A,A,A,A,A,A,A,A
14961,A,A,A,A,A,A,A,A,A,A
14962,A,A,A,A,A,A,A,A,A,A
14963,A,A,A,A,A,A,A,A,A,A
14964,A,A,A,A,A,A,A,A,A,A
14965,A,A,A,A,A,A,A,A,A,A
14966,A,A,A,A,A,A,A,A,A,A
14967,A,A,A,A,A,A,A,A,A,A
14968,A,A,A,A,A,A,A,A,A,A
14969,A,A,A,A,A,A,A,A,A,A
14970,A,A,A,A,A,A,A,A,A,A
14971,A,A,A,A,A,A,A,A,A,A
14972,A,A,A,A,A,A,A,A,A,A
14973,A,A,A,A,A,A,A,A,A,A
14974,A,A,A,A,A,A,A,A,A,A
14975,A,A,A,A,A,A,A,A,A,A
14976,A,A,A,A,A,A,A,A,A,A
14977,A,A,A,A,A,A,A,A,A,A
14978,A,A,A,A,A,A,A,A,A,A
14979,A,A,A,A,A,A,A,A,A,A
14980,A,A,A,A,A,A,A,A,A,A
14981,A,A,A,A,A,A,A,A,A,A
14982,A,A,A,A,A,A,A,A,A,A
14983,A,A,A,A,A,A,A,A,A,A
14984,A,A,A,A,A,A,A,A,A,A
14985,A,A,A,A,A,A,A,A,A,A
14986,A,A,A,A,A,A,A,A,A,A
14987,A,A,A,A,A,A,A,A,A,A
14988,A,A,A,A,A,A,A,A,A,A
14989,A,A,A,A,A,A,A,A,A,A
14990,A,A,A,A,A,A,A,A,A,A
14991,A,A,A,A,A,A,A,A,A,A
14992,A,A,A,A,A,A,A,A,A,A
14993,A,A,A,A,A,A,A,A,A,A
14994,A,A,A,A,A,A,A,A,A,A
14995,A,A,A,A,A,A,A,A,A,A
14996,A,A,A,A,A,A,A,A,A,A
14997,A,A,A,A,A,A,A,A,A,A
14998,A,A,A,A,A,A,A,A,A,A
14999,A,A,A,A,A,A,A,A,A,A
15000,A,A,A,A,A,A,A,A,A,A
15001,A,A,A,A,A,A,A,A,A,A
15002,A,A,A,A,A,A,A,A,A,A
15003,A,A,A,A,A,A,A,A,A,A
15004,A,A,A,A,A,A,A,A,A,A
15005,A,A,A,A,A,A,A,A,A,A
15006,A,A,A,A,A,A,A,A,A,A
15007,A,A,A,A,A,A,A,A,A,A
15008,A,A,A,A,A,A,A,A,A,A
15009,A,A,A,A,A,A,A,A,A,A
15010,A,A,A,A,A,A,A,A,A,A
15011,A,A,A,A,A,A,A,A,A,A
15012,A,A,A,A,A,A,A,A,A,A
15013,A,A,A,A,A,A,A,A,A,A
15014,A,A,A,A,A,A,A,A,A,A
15015,A,A,A,A,A,A,A,A,A,A
15016,A,A,A,A,A,A,A,A,A,A
15017,A,A,A,A,A,A,A,A,A,A
15018,A,A,A,A,A,A,A,A,A,A
15019,A,A,A,A,A,A,A,A,A,A
15020,A,A,A,A,A,A,A,A,A,A
15021,A,A,A,A,A,A,A,A,A,A
15022,A,A,A,A,A,A,A,A,A,A
15023,A,A,A,A,A,A,A,A,A,A
15024,A,A,A,A,A,A,A,A,A,A
15025,A,A,A,A,A,A,A,A,A,A
15026,A,A,A,A,A,A,A,A,A,A
15027,A,A,A,A,A,A,A,A,A,A
15028,A,A,A,A,A,A,A,A,A,A
15029,A,A,A,A,A,A,A,A,A,A
15030,A,A,A,A,A,A,A,A,A,A
15031,A,A,A,A,A,A,A,A,A,A
15032,A,A,A,A,A,A,A,A,A,A
15033,A,A,A,A,A,A,A,A,A,A
15034,A,A,A,A,A,A,A,A,A,A
15035,A,A,A,A,A,A,A,A,A,A
15036,A,A,A,A,A,A,A,A,A,A
15037,A,A,A,A,A,A,A,A,A,A
15038,A,A,A,A,A,A,A,A,A,A
15039,A,A,A,A,A,A,A,A,A,A
15040,A,A,A,A,A,A,A,A,A,A
15041,A,A,A,A,A,A,A,A,A,A
15042,A,A,A,A,A,A,A,A,A,A
15043,A,A,A,A,A,A,A,A,A,A
15044,A,A,A,A,A,A,A,A,A,A
15045,A,A,A,A,A,A,A,A,A,A
15046,A,A,A,A,A,A,A,A,A,A
15047,A,A,A,A,A,A,A,A,A,A
15048,A,A,A,A,A,A,A,A,A,A
15049,A,A,A,A,A,A,A,A,A,A
15050,A,A,A,A,A,A,A,A,A,A
15051,A,A,A,A,A,A,A,A,A,A
15052,A,A,A,A,A,A,A,A,A,A
15053,A,A,A,A,A,A,A,A,A,A
15054,A,A,A,A,A,A,A,A,A,A
15055,A,A,A,A,A,A,A,A,A,A
15056,A,A,A,A,A,A,A,A,A,A
15057,A,A,A,A,A,A,A,A,A,A
15058,A,A,A,A,A,A,A,A,A,A
15059,A,A,A,A,A,A,A,A,A,A
15060,A,A,A,A,A,A,A,A,A,A
15061,I,I,I,I,I,I,I,I,I,I
15062,A,A,A,A,A,A,A,A,A,A
15063,I,I,I,I,I,I,I,I,I,I
15064,A,A,A,A,A,A,A,A,A,A
15065,A,A,A,A,A,A,A,A,A,A
15066,A,A,A,A,A,A,A,A,A,A
15067,A,A,A,A,A,A,A,A,A,A
15068,A,A,A,A,A,A,A,A,A,A
15069,A,A,A,A,A,A,A,A,A,A
15070,A,A,A,A,A,A,A,A,A,A
15071,A,A,A,A,A,A,A,A,A,A
15072,A,A,A,A,A,A,A,A,A,A
15073,A,A,A,A,A,A,A,A,A,A
15074,A,A,A,A,A,A,A,A,A,A
15075,A,A,A,A,A,A,A,A,A,A
15076,A,A,A,A,A,A,A,A,A,A
15077,A,A,A,A,A,A,A,A,A,A
15078,A,A,A,A,A,A,A,A,A,A
15079,A,A,A,A,A,A,A,A,A,A
15080,A,A,A,A,A,A,A,A,A,A
15081,A,A,A,A,A,A,A,A,A,A
15082,A,A,A,A,A,A,A,A,A,A
15083,A,A,A,A,A,A,A,A,A,A
15084,A,A,A,A,A,A,A,A,A,A
15085,A,A,A,A,A,A,A,A,A,A
15086,A,A,A,A,A,A,A,A,A,A
15087,A,A,A,A,A,A,A,A,A,A
15088,A,A,A,A,A,A,A,A,A,A
15089,A,A,A,A,A,A,A,A,A,A
15090,A,A,A,A,A,A,A,A,A,A
15091,A,A,A,A,A,A,A,A,A,A
15092,A,A,A,A,A,A,A,A,A,A
15093,A,A,A,A,A,A,A,A,A,A
15094,A,A,A,A,A,A,A,A,A,A
15095,A,A,A,A,A,A,A,A,A,A
15096,A,A,A,A,A,A,A,A,A,A
15097,A,A,A,A,A,A,A,A,A,A
15098,A,A,A,A,A,A,A,A,A,A
15099,A,A,A,A,A,A,A,A,A,A
15100,A,A,A,A,A,A,A,A,A,A
15101,A,A,A,A,A,A,A,A,A,A
15102,A,A,A,A,A,A,A,A,A,A
15103,A,A,A,A,A,A,A,A,A,A
15104,A,A,A,A,A,A,A,A,A,A
15105,A,A,A,A,A,A,A,A,A,A
15106,A,A,A,A,A,A,A,A,A,A
15107,A,A,A,A,A,A,A,A,A,A
15108,A,A,A,A,A,A,A,A,A,A
15109,A,A,A,A,A,A,A,A,A,A
15110,A,A,A,A,A,A,A,A,A,A
15111,A,A,A,A,A,A,A,A,A,A
15112,A,A,A,A,A,A,A,A,A,A
15113,A,A,A,A,A,A,A,A,A,A
15114,A,A,A,A,A,A,A,A,A,A
15115,A,A,A,A,A,A,A,A,A,A
15116,A,A,A,A,A,A,A,A,A,A
15117,A,A,A,A,A,A,A,A,A,A
15118,A,A,A,A,A,A,A,A,A,A
15119,A,A,A,A,A,A,A,A,A,A
15120,A,A,A,A,A,A,A,A,A,A
15121,A,A,A,A,A,A,A,A,A,A
15122,A,A,A,A,A,A,A,A,A,A
15123,A,A,A,A,A,A,A,A,A,A
15124,A,A,A,A,A,A,A,A,A,A
15125,A,A,A,A,A,A,A,A,A,A
15126,A,A,A,A,A,A,A,A,A,A
15127,A,A,A,A,A,A,A,A,A,A
15128,A,A,A,A,A,A,A,A,A,A
15129,A,A,A,A,A,A,A,A,A,A
15130,A,A,A,A,A,A,A,A,A,A
15131,A,A,A,A,A,A,A,A,A,A
15132,A,A,A,A,A,A,A,A,A,A
15133,A,A,A,A,A,A,A,A,A,A
15134,A,A,A,A,A,A,A,A,A,A
15135,A,A,A,A,A,A,A,A,A,A
15136,A,A,A,A,A,A,A,A,A,A
15137,A,A,A,A,A,A,A,A,A,A
15138,A,A,A,A,A,A,A,A,A,A
15139,L,L,L,L,L,L,L,L,L,L
15140,A,A,A,A,A,A,A,A,A,A
15141,A,A,A,A,A,A,A,A,A,A
15142,A,A,A,A,A,A,A,A,A,A
15143,A,A,A,A,A,A,A,A,A,A
15144,A,A,A,A,A,A,A,A,A,A
15145,A,A,A,A,A,A,A,A,A,A
15146,A,A,A,A,A,A,A,A,A,A
15147,A,A,A,A,A,A,A,A,A,A
15148,A,A,A,A,A,A,A,A,A,A
15149,A,A,A,A,A,A,A,A,A,A
15150,A,A,A,A,A,A,A,A,A,A
15151,A,A,A,A,A,A,A,A,A,A
15152,A,A,A,A,A,A,A,A,A,A
15153,A,A,A,A,A,A,A,A,A,A
15154,A,A,A,A,A,A,A,A,A,A
15155,A,A,A,A,A,A,A,A,A,A
15156,A,A,A,A,A,A,A,A,A,A
15157,A,A,A,A,A,A,A,A,A,A
15158,A,A,A,A,A,A,A,A,A,A
15159,A,A,A,A,A,A,A,A,A,A
15160,A,A,A,A,A,A,A,A,A,A
15161,A,A,A,A,A,A,A,A,A,A
15162,A,A,A,A,A,A,A,A,A,A
15163,A,A,A,A,A,A,A,A,A,A
15164,A,A,A,A,A,A,A,A,A,A
15165,A,A,A,A,A,A,A,A,A,A
15166,A,A,A,A,A,A,A,A,A,A
15167,A,A,A,A,A,A,A,A,A,A
15168,B,B,B,B,B,B,B,B,B,B
15169,A,A,A,A,A,A,A,A,A,A
15170,B,B,B,B,B,B,B,B,B,B
15171,B,B,B,B,B,B,B,B,B,B
15172,A,A,A,A,A,A,A,A,A,A
15173,B,B,B,B,B,B,B,B,B,B
15174,B,B,B,B,B,B,B,B,B,B
15175,A,A,A,A,A,A,A,A,A,A
15176,B,B,B,B,B,B,B,B,B,B
15177,B,B,B,B,B,B,B,B,B,B
15178,A,A,A,A,A,A,A,A,A,A
15179,B,B,B,B,B,B,B,B,B,B
15180,B,B,B,B,B,B,B,B,B,B
15181,A,A,A,A,A,A,A,A,A,A
15182,B,B,B,B,B,B,B,B,B,B
15183,B,B,B,B,B,B,B,B,B,B
15184,A,A,A,A,A,A,A,A,A,A
15185,L,L,L,L,L,L,L,L,L,L
15186,B,B,B,B,B,B,B,B,B,B
15187,A,A,A,A,A,A,A,A,A,A
15188,B,B,B,B,B,B,B,B,B,B
15189,B,B,B,B,B,B,B,B,B,B
15190,A,A,A,A,A,A,A,A,A,A
15191,B,B,B,B,B,B,B,B,B,B
15192,B,B,B,B,B,B,B,B,B,B
15193,A,A,A,A,A,A,A,A,A,A
15194,B,B,B,B,B,B,B,B,B,B
15195,B,B,B,B,B,B,B,B,B,B
15196,A,A,A,A,A,A,A,A,A,A
15197,B,B,B,B,B,B,B,B,B,B
15198,B,B,B,B,B,B,B,B,B,B
15199,A,A,A,A,A,A,A,A,A,A
15200,B,B,B,B,B,B,B,B,B,B
15201,A,A,A,A,A,A,A,A,A,A
15202,B,B,B,B,B,B,B,B,B,B
15203,B,B,B,B,B,B,B,B,B,B
15204,A,A,A,A,A,A,A,A,A,A
15205,B,B,B,B,B,B,B,B,B,B
15206,B,B,B,B,B,B,B,B,B,B
15207,A,A,A,A,A,A,A,A,A,A
15208,B,B,B,B,B,B,B,B,B,B
15209,B,B,B,B,B,B,B,B,B,B
15210,A,A,A,A,A,A,A,A,A,A
15211,B,B,B,B,B,B,B,B,B,B
15212,B,B,B,B,B,B,B,B,B,B
15213,A,A,A,A,A,A,A,A,A,A
15214,B,B,B,B,B,B,B,B,B,B
15215,B,B,B,B,B,B,B,B,B,B
15216,A,A,A,A,A,A,A,A,A,A
15217,B,B,B,B,B,B,B,B,B,B
15218,A,A,A,A,A,A,A,A,A,A
15219,B,B,B,B,B,B,B,B,B,B
15220,B,B,B,B,B,B,B,B,B,B
15221,A,A,A,A,A,A,A,A,A,A
15222,B,B,B,B,B,B,B,B,B,B
15223,A,A,A,A,A,A,A,A,A,B
15224,A,A,A,A,A,A,A,A,A,A
15225,B,B,B,B,B,B,B,B,B,B
15226,A,A,A,A,A,A,A,A,A,A
15227,B,B,B,B,B,B,B,B,B,B
15228,A,A,A,A,A,A,A,A,A,A
15229,B,B,B,B,B,B,B,B,B,B
15230,B,B,B,B,B,B,B,B,B,B
15231,A,A,A,A,A,A,A,A,A,A
15232,A,A,A,A,A,A,A,A,A,A
15233,A,A,A,A,A,A,A,A,A,A
15234,A,A,A,A,A,A,A,A,A,A
15235,B,B,B,B,B,B,B,B,B,B
15236,A,A,A,A,A,A,A,A,A,A
15237,A,A,A,A,A,A,A,A,A,A
15238,A,A,A,A,A,A,A,A,A,A
15239,A,A,A,A,A,A,A,A,A,A
15240,A,A,A,A,A,A,A,A,A,A
15241,A,A,A,A,A,A,A,A,A,A
15242,A,A,A,A,A,A,A,A,A,A
15243,A,A,A,A,A,A,A,A,A,A
15244,A,A,A,A,A,A,A,A,A,A
15245,A,A,A,A,A,A,A,A,A,A
15246,A,A,A,A,A,A,A,A,A,A
15247,A,A,A,A,A,A,A,A,A,A
15248,A,A,A,A,A,A,A,A,A,A
15249,B,B,B,B,B,B,B,B,B,B
15250,A,A,A,A,A,A,A,A,A,A
15251,A,A,A,A,A,A,A,A,A,A
15252,A,A,A,A,A,A,A,A,A,A
15253,A,A,A,A,A,A,A,A,A,A
15254,A,A,A,A,A,A,A,A,A,A
15255,A,A,A,A,A,A,A,A,A,A
15256,A,A,A,A,A,A,A,A,A,A
15257,A,A,A,A,A,A,A,A,A,A
15258,B,B,B,B,B,B,B,B,B,B
15259,B,B,B,B,B,B,B,B,B,B
15260,A,A,A,A,A,A,A,A,A,A
15261,A,A,A,A,A,A,A,A,A,A
15262,A,A,A,A,A,A,A,A,A,A
15263,A,A,A,A,A,A,A,A,A,A
15264,A,A,A,A,A,A,A,A,A,A
15265,A,A,A,A,A,A,A,A,A,A
15266,A,A,A,A,A,A,A,A,A,A
15267,A,A,A,A,A,A,A,A,A,A
15268,A,A,A,A,A,A,A,A,A,A
15269,A,A,A,A,A,A,A,A,A,A
15270,A,A,A,A,A,A,A,A,A,A
15271,A,A,A,A,A,A,A,A,A,A
15272,A,A,A,A,A,A,A,A,A,A
15273,A,A,A,A,A,A,A,A,A,A
15274,A,A,A,A,A,A,A,A,A,A
15275,A,A,A,A,A,A,A,A,A,A
15276,A,A,A,A,A,A,A,A,A,A
15277,A,A,A,A,A,A,A,A,A,A
15278,A,A,A,A,A,A,A,A,A,A
15279,A,A,A,A,A,A,A,A,A,A
15280,A,A,A,A,A,A,A,A,A,A
15281,A,A,A,A,A,A,A,A,A,A
15282,B,B,B,B,B,B,B,B,B,B
15283,B,B,B,B,B,B,B,B,B,B
15284,B,B,B,B,B,B,B,B,B,B
15285,A,A,A,A,A,A,A,A,A,A
15286,A,A,A,A,A,A,A,A,A,A
15287,A,A,A,A,A,A,A,A,A,A
15288,A,A,A,A,A,A,A,A,A,A
15289,A,A,A,A,A,A,A,A,A,A
15290,A,A,A,A,A,A,A,A,A,A
15291,A,A,A,A,A,A,A,A,A,A
15292,A,A,A,A,A,A,A,A,A,A
15293,A,A,A,A,A,A,A,A,A,A
15294,A,A,A,A,A,A,A,A,A,A
15295,A,A,A,A,A,A,A,A,A,A
15296,A,A,A,A,A,A,A,A,A,A
15297,A,A,A,A,A,A,A,A,A,A
15298,A,A,A,A,A,A,A,A,A,A
15299,A,A,A,A,A,A,A,A,A,A
15300,A,A,A,A,A,A,A,A,A,A
15301,B,B,B,B,B,B,B,B,B,B
15302,B,B,B,B,B,B,B,B,B,B
15303,B,B,B,B,B,B,B,B,B,B
15304,I,I,I,I,I,I,I,I,I,I
15305,B,B,B,B,B,B,B,B,B,B
15306,B,B,B,B,B,B,B,B,B,B
15307,B,B,B,B,B,B,B,B,B,B
15308,I,I,I,I,I,I,I,I,I,I
15309,B,B,B,B,B,B,B,B,B,B
15310,B,B,B,B,B,B,B,B,B,B
15311,B,B,B,B,B,B,B,B,B,B
15312,B,B,B,B,B,B,B,B,B,B
15313,B,B,B,B,B,B,B,B,B,B
15314,B,B,B,B,B,B,B,B,B,B
15315,B,B,B,B,B,B,B,B,B,B
15316,B,B,B,B,B,B,B,B,B,B
15317,B,B,B,B,B,B,B,B,B,B
15318,B,B,B,B,B,B,B,B,B,B
15319,B,B,B,B,B,B,B,B,B,B
15320,B,B,B,B,B,B,B,B,B,B
15321,B,B,B,B,B,B,B,B,B,B
15322,B,B,B,B,B,B,B,B,B,B
15323,B,B,B,B,B,B,B,B,B,B
15324,B,B,B,B,B,B,B,B,B,B
15325,B,B,B,B,B,B,B,B,B,B
15326,B,B,B,B,B,B,B,B,B,B
15327,B,B,B,B,B,B,B,B,B,B
15328,B,B,B,B,B,B,B,B,B,B
15329,B,B,B,B,B,B,B,B,B,B
15330,B,B,B,B,B,B,B,B,B,B
15331,B,B,B,B,B,B,B,B,B,B
15332,B,B,B,B,B,B,B,B,B,B
15333,B,B,B,B,B,B,B,B,B,B
15334,B,B,B,B,B,B,B,B,B,B
15335,B,B,B,B,B,B,B,B,B,B
15336,B,B,B,B,B,B,B,B,B,B
15337,B,B,B,B,B,B,B,B,B,B
15338,B,B,B,B,B,B,B,B,B,B
15339,B,B,B,B,B,B,B,B,B,B
15340,B,B,B,B,B,B,B,B,B,B
15341,B,B,B,B,B,B,B,B,B,B
15342,B,B,B,B,B,B,B,B,B,B
15343,B,B,B,B,B,B,B,B,B,B
15344,B,B,B,B,B,B,B,B,B,B
15345,B,B,B,B,B,B,B,B,B,B
15346,B,B,B,B,B,B,B,B,B,B
15347,B,B,B,B,B,B,B,B,B,B
15348,B,B,B,B,B,B,B,B,B,B
15349,B,B,B,B,B,B,B,B,B,B
15350,B,B,B,B,B,B,B,B,B,B
15351,B,B,B,B,B,B,B,B,B,B
15352,A,A,A,A,A,A,A,A,A,A
15353,A,A,A,A,A,A,A,A,A,A
15354,A,A,A,A,A,A,A,A,A,A
15355,A,A,A,A,A,A,A,A,A,A
15356,A,A,A,A,A,A,A,A,A,A
15357,A,A,A,A,A,A,A,A,A,A
15358,A,A,A,A,A,A,A,A,A,A
15359,A,A,A,A,A,A,A,A,A,A
15360,A,A,A,A,A,A,A,A,A,A
15361,A,A,A,A,A,A,A,A,A,A
15362,A,A,A,A,A,A,A,A,A,A
15363,A,A,A,A,A,A,A,A,A,A
15364,A,A,A,A,A,A,A,A,A,A
15365,A,A,A,A,A,A,A,A,A,A
15366,A,A,A,A,A,A,A,A,A,A
15367,A,A,A,A,A,A,A,A,A,A
15368,A,A,A,A,A,A,A,A,A,A
15369,A,A,A,A,A,A,A,A,A,A
15370,A,A,A,A,A,A,A,A,A,A
15371,A,A,A,A,A,A,A,A,A,A
15372,A,A,A,A,A,A,A,A,A,A
15373,A,A,A,A,A,A,A,A,A,A
15374,A,A,A,A,A,A,A,A,A,A
15375,A,A,A,A,A,A,A,A,A,A
15376,A,A,A,A,A,A,A,A,A,A
15377,A,A,A,A,A,A,A,A,A,A
15378,A,A,A,A,A,A,A,A,A,A
15379,A,A,A,A,A,A,A,A,A,A
15380,A,A,A,A,A,A,A,A,A,A
15381,A,A,A,A,A,A,A,A,A,A
15382,A,A,A,A,A,A,A,A,A,A
15383,A,A,A,A,A,A,A,A,A,A
15384,A,A,A,A,A,A,A,A,A,A
15385,A,A,A,A,A,A,A,A,A,A
15386,A,A,A,A,A,A,A,A,A,A
15387,A,A,A,A,A,A,A,A,A,A
15388,A,A,A,A,A,A,A,A,A,A
15389,A,A,A,A,A,A,A,A,A,A
15390,A,A,A,A,A,A,A,A,A,A
15391,A,A,A,A,A,A,A,A,A,A
15392,A,A,A,A,A,A,A,A,A,A
15393,A,A,A,A,A,A,A,A,A,A
15394,A,A,A,A,A,A,A,A,A,A
15395,A,A,A,A,A,A,A,A,A,A
15396,A,A,A,A,A,A,A,A,A,A
15397,A,A,A,A,A,A,A,A,A,A
15398,A,A,A,A,A,A,A,A,A,A
15399,A,A,A,A,A,A,A,A,A,A
15400,A,A,A,A,A,A,A,A,A,A
15401,A,A,A,A,A,A,A,A,A,A
15402,A,A,A,A,A,A,A,A,A,A
15403,A,A,A,A,A,A,A,A,A,A
15404,A,A,A,A,A,A,A,A,A,A
15405,A,A,A,A,A,A,A,A,A,A
15406,A,A,A,A,A,A,A,A,A,A
15407,B,B,B,B,B,B,B,B,B,B
15408,A,A,A,A,A,A,A,A,A,A
15409,A,A,A,A,A,A,A,A,A,A
15410,A,A,A,A,A,A,A,A,A,A
15411,A,A,A,A,A,A,A,A,A,A
15412,A,A,A,A,A,A,A,A,A,A
15413,A,A,A,A,A,A,A,A,A,A
15414,A,A,A,A,A,A,A,A,A,A
15415,A,A,A,A,A,A,A,A,A,A
15416,A,A,A,A,A,A,A,A,A,A
15417,A,A,A,A,A,A,A,A,A,A
15418,A,A,A,A,A,A,A,A,A,A
15419,A,A,A,A,A,A,A,A,A,A
15420,A,A,A,A,A,A,A,A,A,A
15421,A,A,A,A,A,A,A,A,A,A
15422,A,A,A,A,A,A,A,A,A,A
15423,A,A,A,A,A,A,A,A,A,A
15424,A,A,A,A,A,A,A,A,A,A
15425,A,A,A,A,A,A,A,A,A,A
15426,A,A,A,A,A,A,A,A,A,A
15427,A,A,A,A,A,A,A,A,A,A
15428,A,A,A,A,A,A,A,A,A,A
15429,A,A,A,A,A,A,A,A,A,A
15430,A,A,A,A,A,A,A,A,A,A
15431,A,A,A,A,A,A,A,A,A,A
15432,A,A,A,A,A,A,A,A,A,A
15433,A,A,A,A,A,A,A,A,A,A
15434,A,A,A,A,A,A,A,A,A,A
15435,A,A,A,A,A,A,A,A,A,A
15436,A,A,A,A,A,A,A,A,A,A
15437,A,A,A,A,A,A,A,A,A,A
15438,A,A,A,A,A,A,A,A,A,A
15439,A,A,A,A,A,A,A,A,A,A
15440,A,A,A,A,A,A,A,A,A,A
15441,A,A,A,A,A,A,A,A,A,A
15442,A,A,A,A,A,A,A,A,A,A
15443,A,A,A,A,A,A,A,A,A,A
15444,A,A,A,A,A,A,A,A,A,A
15445,A,A,A,A,A,A,A,A,A,A
15446,L,L,L,L,L,L,L,L,L,L
15447,H,H,H,H,H,H,H,H,H,H
15448,A,A,A,A,A,A,A,A,A,A
15449,A,A,A,A,A,A,A,A,A,A
15450,A,A,A,A,A,A,A,A,A,A
15451,A,A,A,A,A,A,A,A,A,A
15452,A,A,A,A,A,A,A,A,A,A
15453,A,A,A,A,A,A,A,A,A,A
15454,A,A,A,A,A,A,A,A,A,A
15455,A,A,A,A,A,A,A,A,A,A
15456,A,A,A,A,A,A,A,A,A,A
15457,A,A,A,A,A,A,A,A,A,A
15458,A,A,A,A,A,A,A,A,A,A
15459,A,A,A,A,A,A,A,A,A,A
15460,A,A,A,A,A,A,A,A,A,A
15461,A,A,A,A,A,A,A,A,A,A
15462,A,A,A,A,A,A,A,A,A,A
15463,A,A,A,A,A,A,A,A,A,A
15464,A,A,A,A,A,A,A,A,A,A
15465,A,A,A,A,A,A,A,A,A,A
15466,A,A,A,A,A,A,A,A,A,A
15467,A,A,A,A,A,A,A,A,A,A
15468,A,A,A,A,A,A,A,A,A,A
15469,A,A,A,A,A,A,A,A,A,A
15470,A,A,A,A,A,A,A,A,A,A
15471,A,A,A,A,A,A,A,A,A,A
15472,A,A,A,A,A,A,A,A,A,A
15473,A,A,A,A,A,A,A,A,A,A
15474,A,A,A,A,A,A,A,A,A,A
15475,A,A,A,A,A,A,A,A,A,A
15476,A,A,A,A,A,A,A,A,A,A
15477,A,A,A,A,A,A,A,A,A,A
15478,A,A,A,A,A,A,A,A,A,A
15479,A,A,A,A,A,A,A,A,A,A
15480,A,A,A,A,A,A,A,A,A,A
15481,A,A,A,A,A,A,A,A,A,A
15482,A,A,A,A,A,A,A,A,A,A
15483,A,A,A,A,A,A,A,A,A,A
15484,A,A,A,A,A,A,A,A,A,A
15485,A,A,A,A,A,A,A,A,A,A
15486,A,A,A,A,A,A,A,A,A,A
15487,A,A,A,A,A,A,A,A,A,A
15488,A,A,A,A,A,A,A,A,A,A
15489,A,A,A,A,A,A,A,A,A,A
15490,A,A,A,A,A,A,A,A,A,A
15491,A,A,A,A,A,A,A,A,A,A
15492,A,A,A,A,A,A,A,A,A,A
15493,A,A,A,A,A,A,A,A,A,A
15494,A,A,A,A,A,A,A,A,A,A
15495,A,A,A,A,A,A,A,A,A,A
15496,A,A,A,A,A,A,A,A,A,A
15497,A,A,A,A,A,A,A,A,A,A
15498,A,A,A,A,A,A,A,A,A,A
15499,A,A,A,A,A,A,A,A,A,A
15500,A,A,A,A,A,A,A,A,A,A
15501,A,A,A,A,A,A,A,A,A,A
15502,A,A,A,A,A,A,A,A,A,A
15503,A,A,A,A,A,A,A,A,A,A
15504,A,A,A,A,A,A,A,A,A,A
15505,A,A,A,A,A,A,A,A,A,A
15506,A,A,A,A,A,A,A,A,A,A
15507,A,A,A,A,A,A,A,A,A,A
15508,A,A,A,A,A,A,A,A,A,A
15509,A,A,A,A,A,A,A,A,A,A
15510,A,A,A,A,A,A,A,A,A,A
15511,A,A,A,A,A,A,A,A,A,A
15512,A,A,A,A,A,A,A,A,A,A
15513,A,A,A,A,A,A,A,A,A,A
15514,A,A,A,A,A,A,A,A,A,A
15515,A,A,A,A,A,A,A,A,A,A
15516,A,A,A,A,A,A,A,A,A,A
15517,A,A,A,A,A,A,A,A,A,A
15518,A,A,A,A,A,A,A,A,A,A
15519,A,A,A,A,A,A,A,A,A,A
15520,A,A,A,A,A,A,A,A,A,A
15521,A,A,A,A,A,A,A,A,A,A
15522,A,A,A,A,A,A,A,A,A,A
15523,A,A,A,A,A,A,A,A,A,A
15524,A,A,A,A,A,A,A,A,A,A
15525,A,A,A,A,A,A,A,A,A,A
15526,A,A,A,A,A,A,A,A,A,A
15527,A,A,A,A,A,A,A,A,A,A
15528,A,A,A,A,A,A,A,A,A,A
15529,A,A,A,A,A,A,A,A,A,A
15530,A,A,A,A,A,A,A,A,A,A
15531,A,A,A,A,A,A,A,A,A,A
15532,A,A,A,A,A,A,A,A,A,A
15533,A,A,A,A,A,A,A,A,A,A
15534,A,A,A,A,A,A,A,A,A,A
15535,A,A,A,A,A,A,A,A,A,A
15536,A,A,A,A,A,A,A,A,A,A
15537,A,A,A,A,A,A,A,A,A,A
15538,A,A,A,A,A,A,A,A,A,A
15539,A,A,A,A,A,A,A,A,A,A
15540,A,A,A,A,A,A,A,A,A,A
15541,A,A,A,A,A,A,A,A,A,A
15542,A,A,A,A,A,A,A,A,A,A
15543,A,A,A,A,A,A,A,A,A,A
15544,A,A,A,A,A,A,A,A,A,A
15545,A,A,A,A,A,A,A,A,A,A
15546,A,A,A,A,A,A,A,A,A,A
15547,A,A,A,A,A,A,A,A,A,A
15548,A,A,A,A,A,A,A,A,A,A
15549,A,A,A,A,A,A,A,A,A,A
15550,A,A,A,A,A,A,A,A,A,A
15551,A,A,A,A,A,A,A,A,A,A
15552,A,A,A,A,A,A,A,A,A,A
15553,A,A,A,A,A,A,A,A,A,A
15554,A,A,A,A,A,A,A,A,A,A
15555,A,A,A,A,A,A,A,A,A,A
15556,A,A,A,A,A,A,A,A,A,A
15557,A,A,A,A,A,A,A,A,A,A
15558,A,A,A,A,A,A,A,A,A,A
15559,A,A,A,A,A,A,A,A,A,A
15560,A,A,A,A,A,A,A,A,A,A
15561,A,A,A,A,A,A,A,A,A,A
15562,A,A,A,A,A,A,A,A,A,A
15563,A,A,A,A,A,A,A,A,A,A
15564,A,A,A,A,A,A,A,A,A,A
15565,I,I,I,I,I,I,I,I,I,I
15566,A,A,A,A,A,A,A,A,A,A
15567,A,A,A,A,A,A,A,A,A,A
15568,A,A,A,A,A,A,A,A,A,A
15569,A,A,A,A,A,A,A,A,A,A
15570,A,A,A,A,A,A,A,A,A,A
15571,A,A,A,A,A,A,A,A,A,A
15572,A,A,A,A,A,A,A,A,A,A
15573,A,A,A,A,A,A,A,A,A,A
15574,A,A,A,A,A,A,A,A,A,A
15575,A,A,A,A,A,A,A,A,A,A
15576,A,A,A,A,A,A,A,A,A,A
15577,A,A,A,A,A,A,A,A,A,A
15578,A,A,A,A,A,A,A,A,A,A
15579,A,A,A,A,A,A,A,A,A,A
15580,A,A,A,A,A,A,A,A,A,A
15581,A,A,A,A,A,A,A,A,A,A
15582,A,A,A,A,A,A,A,A,A,A
15583,A,A,A,A,A,A,A,A,A,A
15584,A,A,A,A,A,A,A,A,A,A
15585,A,A,A,A,A,A,A,A,A,A
15586,A,A,A,A,A,A,A,A,A,A
15587,A,A,A,A,A,A,A,A,A,A
15588,A,A,A,A,A,A,A,A,A,A
15589,A,A,A,A,A,A,A,A,A,A
15590,A,A,A,A,A,A,A,A,A,A
15591,A,A,A,A,A,A,A,A,A,A
15592,A,A,A,A,A,A,A,A,A,A
15593,A,A,A,A,A,A,A,A,A,A
15594,A,A,A,A,A,A,A,A,A,A
15595,A,A,A,A,A,A,A,A,A,A
15596,A,A,A,A,A,A,A,A,A,A
15597,A,A,A,A,A,A,A,A,A,A
15598,A,A,A,A,A,A,A,A,A,A
15599,A,A,A,A,A,A,A,A,A,A
15600,A,A,A,A,A,A,A,A,A,A
15601,A,A,A,A,A,A,A,A,A,A
15602,A,A,A,A,A,A,A,A,A,A
15603,A,A,A,A,A,A,A,A,A,A
15604,A,A,A,A,A,A,A,A,A,A
15605,A,A,A,A,A,A,A,A,A,A
15606,A,A,A,A,A,A,A,A,A,A
15607,A,A,A,A,A,A,A,A,A,A
15608,A,A,A,A,A,A,A,A,A,A
15609,A,A,A,A,A,A,A,A,A,A
15610,A,A,A,A,A,A,A,A,A,A
15611,A,A,A,A,A,A,A,A,A,A
15612,A,A,A,A,A,A,A,A,A,A
15613,A,A,A,A,A,A,A,A,A,A
15614,A,A,A,A,A,A,A,A,A,A
15615,A,A,A,A,A,A,A,A,A,A
15616,A,A,A,A,A,A,A,A,A,A
15617,A,A,A,A,A,A,A,A,A,A
15618,A,A,A,A,A,A,A,A,A,A
15619,A,A,A,A,A,A,A,A,A,A
15620,A,A,A,A,A,A,A,A,A,A
15621,A,A,A,A,A,A,A,A,A,A
15622,A,A,A,A,A,A,A,A,A,A
15623,A,A,A,A,A,A,A,A,A,A
15624,A,A,A,A,A,A,A,A,A,A
15625,A,A,A,A,A,A,A,A,A,A
15626,A,A,A,A,A,A,A,A,A,A
15627,A,A,A,A,A,A,A,A,A,A
15628,A,A,A,A,A,A,A,A,A,A
15629,A,A,A,A,A,A,A,A,A,A
15630,A,A,A,A,A,A,A,A,A,A
15631,A,A,A,A,A,A,A,A,A,A
15632,A,A,A,A,A,A,A,A,A,A
15633,A,A,A,A,A,A,A,A,A,A
15634,A,A,A,A,A,A,A,A,A,A
15635,A,A,A,A,A,A,A,A,A,A
15636,A,A,A,A,A,A,A,A,A,A
15637,A,A,A,A,A,A,A,A,A,A
15638,A,A,A,A,A,A,A,A,A,A
15639,A,A,A,A,A,A,A,A,A,A
15640,A,A,A,A,A,A,A,A,A,A
15641,A,A,A,A,A,A,A,A,A,A
15642,A,A,A,A,A,A,A,A,A,A
15643,A,A,A,A,A,A,A,A,A,A
15644,A,A,A,A,A,A,A,A,A,A
15645,A,A,A,A,A,A,A,A,A,A
15646,A,A,A,A,A,A,A,A,A,A
15647,A,A,A,A,A,A,A,A,A,A
15648,A,A,A,A,A,A,A,A,A,A
15649,A,A,A,A,A,A,A,A,A,A
15650,A,A,A,A,A,A,A,A,A,A
15651,A,A,A,A,A,A,A,A,A,A
15652,A,A,A,A,A,A,A,A,A,A
15653,A,A,A,A,A,A,A,A,A,A
15654,A,A,A,A,A,A,A,A,A,A
15655,A,A,A,A,A,A,A,A,A,A
15656,A,A,A,A,A,A,A,A,A,A
15657,A,A,A,A,A,A,A,A,A,A
15658,A,A,A,A,A,A,A,A,A,A
15659,A,A,A,A,A,A,A,A,A,A
15660,A,A,A,A,A,A,A,A,A,A
15661,A,A,A,A,A,A,A,A,A,A
15662,A,A,A,A,A,A,A,A,A,A
15663,A,A,A,A,A,A,A,A,A,A
15664,A,A,A,A,A,A,A,A,A,A
15665,A,A,A,A,A,A,A,A,A,A
15666,A,A,A,A,A,A,A,A,A,A
15667,A,A,A,A,A,A,A,A,A,A
15668,A,A,A,A,A,A,A,A,A,A
15669,A,A,A,A,A,A,A,A,A,A
15670,A,A,A,A,A,A,A,A,A,A
15671,A,A,A,A,A,A,A,A,A,A
15672,A,A,A,A,A,A,A,A,A,A
15673,A,A,A,A,A,A,A,A,A,A
15674,A,A,A,A,A,A,A,A,A,A
15675,B,B,B,B,B,B,B,B,B,B
15676,A,A,A,A,A,A,A,A,A,A
15677,A,A,A,A,A,A,A,A,A,A
15678,A,A,A,A,A,A,A,A,A,A
15679,A,A,A,A,A,A,A,A,A,A
15680,L,L,L,L,L,L,L,L,L,L
15681,A,A,A,A,A,A,A,A,A,A
15682,A,A,A,A,A,A,A,A,A,A
15683,L,L,L,L,L,L,L,L,L,L
15684,A,A,A,A,A,A,A,A,A,A
15685,A,A,A,A,A,A,A,A,A,A
15686,A,A,A,A,A,A,A,A,A,A
15687,A,A,A,A,A,A,A,A,A,A
15688,A,A,A,A,A,A,A,A,A,A
15689,A,A,A,A,A,A,A,A,A,A
15690,A,A,A,A,A,A,A,A,A,A
15691,A,A,A,A,A,A,A,A,A,A
15692,A,A,A,A,A,A,A,A,A,A
15693,A,A,A,A,A,A,A,A,A,A
15694,A,A,A,A,A,A,A,A,A,A
15695,A,A,A,A,A,A,A,A,A,A
15696,A,A,A,A,A,A,A,A,A,A
15697,A,A,A,A,A,A,A,A,A,A
15698,A,A,A,A,A,A,A,A,A,A
15699,A,A,A,A,A,A,A,A,A,A
15700,A,A,A,A,A,A,A,A,A,A
15701,A,A,A,A,A,A,A,A,A,A
15702,A,A,A,A,A,A,A,A,A,A
15703,A,A,A,A,A,A,A,A,A,A
15704,A,A,A,A,A,A,A,A,A,A
15705,A,A,A,A,A,A,A,A,A,A
15706,A,A,A,A,A,A,A,A,A,A
15707,A,A,A,A,A,A,A,A,A,A
15708,A,A,A,A,A,A,A,A,A,A
15709,A,A,A,A,A,A,A,A,A,A
15710,A,A,A,A,A,A,A,A,A,A
15711,A,A,A,A,A,A,A,A,A,A
15712,A,A,A,A,A,A,A,A,A,A
15713,A,A,A,A,A,A,A,A,A,A
15714,A,A,A,A,A,A,A,A,A,A
15715,A,A,A,A,A,A,A,A,A,A
15716,A,A,A,A,A,A,A,A,A,A
15717,A,A,A,A,A,A,A,A,A,A
15718,A,A,A,A,A,A,A,A,A,A
15719,A,A,A,A,A,A,A,A,A,A
15720,A,A,A,A,A,A,A,A,A,A
15721,A,A,A,A,A,A,A,A,A,A
15722,A,A,A,A,A,A,A,A,A,A
15723,A,A,A,A,A,A,A,A,A,A
15724,A,A,A,A,A,A,A,A,A,A
15725,A,A,A,A,A,A,A,A,A,A
15726,A,A,A,A,A,A,A,A,A,A
15727,A,A,A,A,A,A,A,A,A,A
15728,A,A,A,A,A,A,A,A,A,A
15729,A,A,A,A,A,A,A,A,A,A
15730,A,A,A,A,A,A,A,A,A,A
15731,A,A,A,A,A,A,A,A,A,A
15732,A,A,A,A,A,A,A,A,A,A
15733,A,A,A,A,A,A,A,A,A,A
15734,A,A,A,A,A,A,A,A,A,A
15735,A,A,A,A,A,A,A,A,A,A
15736,A,A,A,A,A,A,A,A,A,A
15737,A,A,A,A,A,A,A,A,A,A
15738,A,A,A,A,A,A,A,A,A,A
15739,A,A,A,A,A,A,A,A,A,A
15740,A,A,A,A,A,A,A,A,A,A
15741,A,A,A,A,A,A,A,A,A,A
15742,A,A,A,A,A,A,A,A,A,A
15743,A,A,A,A,A,A,A,A,A,A
15744,A,A,A,A,A,A,A,A,A,A
15745,A,A,A,A,A,A,A,A,A,A
15746,A,A,A,A,A,A,A,A,A,A
15747,A,A,A,A,A,A,A,A,A,A
15748,A,A,A,A,A,A,A,A,A,A
15749,A,A,A,A,A,A,A,A,A,A
15750,A,A,A,A,A,A,A,A,A,A
15751,A,A,A,A,A,A,A,A,A,A
15752,A,A,A,A,A,A,A,A,A,A
15753,A,A,A,A,A,A,A,A,A,A
15754,A,A,A,A,A,A,A,A,A,A
15755,A,A,A,A,A,A,A,A,A,A
15756,A,A,A,A,A,A,A,A,A,A
15757,A,A,A,A,A,A,A,A,A,A
15758,A,A,A,A,A,A,A,A,A,A
15759,A,A,A,A,A,A,A,A,A,A
15760,A,A,A,A,A,A,A,A,A,A
15761,A,A,A,A,A,A,A,A,A,A
15762,A,A,A,A,A,A,A,A,A,A
15763,A,A,A,A,A,A,A,A,A,A
15764,A,A,A,A,A,A,A,A,A,A
15765,A,A,A,A,A,A,A,A,A,A
15766,A,A,A,A,A,A,A,A,A,A
15767,A,A,A,A,A,A,A,A,A,A
15768,A,A,A,A,A,A,A,A,A,A
15769,A,A,A,A,A,A,A,A,A,A
15770,A,A,A,A,A,A,A,A,A,A
15771,A,A,A,A,A,A,A,A,A,A
15772,A,A,A,A,A,A,A,A,A,A
15773,A,A,A,A,A,A,A,A,A,A
15774,A,A,A,A,A,A,A,A,A,A
15775,A,A,A,A,A,A,A,A,A,A
15776,A,A,A,A,A,A,A,A,A,A
15777,A,A,A,A,A,A,A,A,A,A
15778,A,A,A,A,A,A,A,A,A,A
15779,A,A,A,A,A,A,A,A,A,A
15780,A,A,A,A,A,A,A,A,A,A
15781,A,A,A,A,A,A,A,A,A,A
15782,A,A,A,A,A,A,A,A,A,A
15783,A,A,A,A,A,A,A,A,A,A
15784,A,A,A,A,A,A,A,A,A,A
15785,A,A,A,A,A,A,A,A,A,A
15786,A,A,A,A,A,A,A,A,A,A
15787,A,A,A,A,A,A,A,A,A,A
15788,A,A,A,A,A,A,A,A,A,A
15789,A,A,A,A,A,A,A,A,A,A
15790,A,A,A,A,A,A,A,A,A,A
15791,A,A,A,A,A,A,A,A,A,A
15792,A,A,A,A,A,A,A,A,A,A
15793,A,A,A,A,A,A,A,A,A,A
15794,A,A,A,A,A,A,A,A,A,A
15795,A,A,A,A,A,A,A,A,A,A
15796,A,A,A,A,A,A,A,A,A,A
15797,A,A,A,A,A,A,A,A,A,A
15798,A,A,A,A,A,A,A,A,A,A
15799,A,A,A,A,A,A,A,A,A,A
15800,A,A,A,A,A,A,A,A,A,A
15801,A,A,A,A,A,A,A,A,A,A
15802,A,A,A,A,A,A,A,A,A,A
15803,A,A,A,A,A,A,A,A,A,A
15804,A,A,A,A,A,A,A,A,A,A
15805,A,A,A,A,A,A,A,A,A,A
15806,A,A,A,A,A,A,A,A,A,A
15807,A,A,A,A,A,A,A,A,A,A
15808,A,A,A,A,A,A,A,A,A,A
15809,A,A,A,A,A,A,A,A,A,A
15810,A,A,A,A,A,A,A,A,A,A
15811,A,A,A,A,A,A,A,A,A,A
15812,A,A,A,A,A,A,A,A,A,A
15813,A,A,A,A,A,A,A,A,A,A
15814,A,A,A,A,A,A,A,A,A,A
15815,A,A,A,A,A,A,A,A,A,A
15816,A,A,A,A,A,A,A,A,A,A
15817,A,A,A,A,A,A,A,A,A,A
15818,A,A,A,A,A,A,A,A,A,A
15819,A,A,A,A,A,A,A,A,A,A
15820,A,A,A,A,A,A,A,A,A,A
15821,A,A,A,A,A,A,A,A,A,A
15822,A,A,A,A,A,A,A,A,A,A
15823,A,A,A,A,A,A,A,A,A,A
15824,A,A,A,A,A,A,A,A,A,A
15825,A,A,A,A,A,A,A,A,A,A
15826,A,A,A,A,A,A,A,A,A,A
15827,A,A,A,A,A,A,A,A,A,A
15828,A,A,A,A,A,A,A,A,A,A
15829,A,A,A,A,A,A,A,A,A,A
15830,A,A,A,A,A,A,A,A,A,A
15831,A,A,A,A,A,A,A,A,A,A
15832,A,A,A,A,A,A,A,A,A,A
15833,A,A,A,A,A,A,A,A,A,A
15834,A,A,A,A,A,A,A,A,A,A
15835,A,A,A,A,A,A,A,A,A,A
15836,A,A,A,A,A,A,A,A,A,A
15837,A,A,A,A,A,A,A,A,A,A
15838,A,A,A,A,A,A,A,A,A,A
15839,A,A,A,A,A,A,A,A,A,A
15840,A,A,A,A,A,A,A,A,A,A
15841,A,A,A,A,A,A,A,A,A,A
15842,A,A,A,A,A,A,A,A,A,A
15843,A,A,A,A,A,A,A,A,A,A
15844,A,A,A,A,A,A,A,A,A,A
15845,A,A,A,A,A,A,A,A,A,A
15846,A,A,A,A,A,A,A,A,A,A
15847,A,A,A,A,A,A,A,A,A,A
15848,A,A,A,A,A,A,A,A,A,A
15849,A,A,A,A,A,A,A,A,A,A
15850,A,A,A,A,A,A,A,A,A,A
15851,A,A,A,A,A,A,A,A,A,A
15852,A,A,A,A,A,A,A,A,A,A
15853,A,A,A,A,A,A,A,A,A,A
15854,A,A,A,A,A,A,A,A,A,A
15855,A,A,A,A,A,A,A,A,A,A
15856,A,A,A,A,A,A,A,A,A,A
15857,A,A,A,A,A,A,A,A,A,A
15858,A,A,A,A,A,A,A,A,A,A
15859,A,A,A,A,A,A,A,A,A,A
15860,A,A,A,A,A,A,A,A,A,A
15861,A,A,A,A,A,A,A,A,A,A
15862,A,A,A,A,A,A,A,A,A,A
15863,A,A,A,A,A,A,A,A,A,A
15864,A,A,A,A,A,A,A,A,A,A
15865,A,A,A,A,A,A,A,A,A,A
15866,A,A,A,A,A,A,A,A,A,A
15867,A,A,A,A,A,A,A,A,A,A
15868,A,A,A,A,A,A,A,A,A,A
15869,A,A,A,A,A,A,A,A,A,A
15870,A,A,A,A,A,A,A,A,A,A
15871,A,A,A,A,A,A,A,A,A,A
15872,A,A,A,A,A,A,A,A,A,A
15873,A,A,A,A,A,A,A,A,A,A
15874,A,A,A,A,A,A,A,A,A,A
15875,A,A,A,A,A,A,A,A,A,A
15876,A,A,A,A,A,A,A,A,A,A
15877,A,A,A,A,A,A,A,A,A,A
15878,A,A,A,A,A,A,A,A,A,A
15879,A,A,A,A,A,A,A,A,A,A
15880,A,A,A,A,A,A,A,A,A,A
15881,A,A,A,A,A,A,A,A,A,A
15882,A,A,A,A,A,A,A,A,A,A
15883,A,A,A,A,A,A,A,A,A,A
15884,A,A,A,A,A,A,A,A,A,A
15885,A,A,A,A,A,A,A,A,A,A
15886,A,A,A,A,A,A,A,A,A,A
15887,A,A,A,A,A,A,A,A,A,A
15888,A,A,A,A,A,A,A,A,A,A
15889,A,A,A,A,A,A,A,A,A,A
15890,A,A,A,A,A,A,A,A,A,A
15891,A,A,A,A,A,A,A,A,A,A
15892,A,A,A,A,A,A,A,A,A,A
15893,A,A,A,A,A,A,A,A,A,A
15894,A,A,A,A,A,A,A,A,A,A
15895,A,A,A,A,A,A,A,A,A,A
15896,A,A,A,A,A,A,A,A,A,A
15897,A,A,A,A,A,A,A,A,A,A
15898,A,A,A,A,A,A,A,A,A,A
15899,A,A,A,A,A,A,A,A,A,A
15900,A,A,A,A,A,A,A,A,A,A
15901,A,A,A,A,A,A,A,A,A,A
15902,A,A,A,A,A,A,A,A,A,A
15903,A,A,A,A,A,A,A,A,A,A
15904,A,A,A,A,A,A,A,A,A,A
15905,A,A,A,A,A,A,A,A,A,A
15906,A,A,A,A,A,A,A,A,A,A
15907,A,A,A,A,A,A,A,A,A,A
15908,A,A,A,A,A,A,A,A,A,A
15909,A,A,A,A,A,A,A,A,A,A
15910,A,A,A,A,A,A,A,A,A,A
15911,A,A,A,A,A,A,A,A,A,A
15912,A,A,A,A,A,A,A,A,A,A
15913,A,A,A,A,A,A,A,A,A,A
15914,A,A,A,A,A,A,A,A,A,A
15915,A,A,A,A,A,A,A,A,A,A
15916,A,A,A,A,A,A,A,A,A,A
15917,A,A,A,A,A,A,A,A,A,A
15918,A,A,A,A,A,A,A,A,A,A
15919,A,A,A,A,A,A,A,A,A,A
15920,A,A,A,A,A,A,A,A,A,A
15921,A,A,A,A,A,A,A,A,A,A
15922,A,A,A,A,A,A,A,A,A,A
15923,A,A,A,A,A,A,A,A,A,A
15924,A,A,A,A,A,A,A,A,A,A
15925,A,A,A,A,A,A,A,A,A,A
15926,A,A,A,A,A,A,A,A,A,A
15927,A,A,A,A,A,A,A,A,A,A
15928,A,A,A,A,A,A,A,A,A,A
15929,A,A,A,A,A,A,A,A,A,A
15930,A,A,A,A,A,A,A,A,A,A
15931,A,A,A,A,A,A,A,A,A,A
15932,A,A,A,A,A,A,A,A,A,A
15933,A,A,A,A,A,A,A,A,A,A
15934,A,A,A,A,A,A,A,A,A,A
15935,A,A,A,A,A,A,A,A,A,A
15936,A,A,A,A,A,A,A,A,A,A
15937,A,A,A,A,A,A,A,A,A,A
15938,A,A,A,A,A,A,A,A,A,A
15939,A,A,A,A,A,A,A,A,A,A
15940,A,A,A,A,A,A,A,A,A,A
15941,A,A,A,A,A,A,A,A,A,A
15942,A,A,A,A,A,A,A,A,A,A
15943,A,A,A,A,A,A,A,A,A,A
15944,A,A,A,A,A,A,A,A,A,A
15945,A,A,A,A,A,A,A,A,A,A
15946,A,A,A,A,A,A,A,A,A,A
15947,A,A,A,A,A,A,A,A,A,A
15948,A,A,A,A,A,A,A,A,A,A
15949,A,A,A,A,A,A,A,A,A,A
15950,A,A,A,A,A,A,A,A,A,A
15951,A,A,A,A,A,A,A,A,A,A
15952,A,A,A,A,A,A,A,A,A,A
15953,A,A,A,A,A,A,A,A,A,A
15954,A,A,A,A,A,A,A,A,A,A
15955,A,A,A,A,A,A,A,A,A,A
15956,A,A,A,A,A,A,A,A,A,A
15957,A,A,A,A,A,A,A,A,A,A
15958,A,A,A,A,A,A,A,A,A,A
15959,A,A,A,A,A,A,A,A,A,A
15960,A,A,A,A,A,A,A,A,A,A
15961,A,A,A,A,A,A,A,A,A,A
15962,A,A,A,A,A,A,A,A,A,A
15963,A,A,A,A,A,A,A,A,A,A
15964,A,A,A,A,A,A,A,A,A,A
15965,A,A,A,A,A,A,A,A,A,A
15966,A,A,A,A,A,A,A,A,A,A
15967,A,A,A,A,A,A,A,A,A,A
15968,A,A,A,A,A,A,A,A,A,A
15969,A,A,A,A,A,A,A,A,A,A
15970,A,A,A,A,A,A,A,A,A,A
15971,A,A,A,A,A,A,A,A,A,A
15972,A,A,A,A,A,A,A,A,A,A
15973,A,A,A,A,A,A,A,A,A,A
15974,A,A,A,A,A,A,A,A,A,A
15975,A,A,A,A,A,A,A,A,A,A
15976,A,A,A,A,A,A,A,A,A,A
15977,A,A,A,A,A,A,A,A,A,A
15978,A,A,A,A,A,A,A,A,A,A
15979,A,A,A,A,A,A,A,A,A,A
15980,A,A,A,A,A,A,A,A,A,A
15981,A,A,A,A,A,A,A,A,A,A
15982,A,A,A,A,A,A,A,A,A,A
15983,A,A,A,A,A,A,A,A,A,A
15984,A,A,A,A,A,A,A,A,A,A
15985,A,A,A,A,A,A,A,A,A,A
15986,A,A,A,A,A,A,A,A,A,A
15987,A,A,A,A,A,A,A,A,A,A
15988,A,A,A,A,A,A,A,A,A,A
15989,A,A,A,A,A,A,A,A,A,A
15990,A,A,A,A,A,A,A,A,A,A
15991,A,A,A,A,A,A,A,A,A,A
15992,A,A,A,A,A,A,A,A,A,A
15993,A,A,A,A,A,A,A,A,A,A
15994,A,A,A,A,A,A,A,A,A,A
15995,A,A,A,A,A,A,A,A,A,A
15996,A,A,A,A,A,A,A,A,A,A
15997,A,A,A,A,A,A,A,A,A,A
15998,A,A,A,A,A,A,A,A,A,A
15999,A,A,A,A,A,A,A,A,A,A
16000,A,A,A,A,A,A,A,A,A,A
16001,A,A,A,A,A,A,A,A,A,A
16002,A,A,A,A,A,A,A,A,A,A
16003,A,A,A,A,A,A,A,A,A,A
16004,A,A,A,A,A,A,A,A,A,A
16005,A,A,A,A,A,A,A,A,A,A
16006,A,A,A,A,A,A,A,A,A,A
16007,A,A,A,A,A,A,A,A,A,A
16008,A,A,A,A,A,A,A,A,A,A
16009,A,A,A,A,A,A,A,A,A,A
16010,A,A,A,A,A,A,A,A,A,A
16011,A,A,A,A,A,A,A,A,A,A
16012,A,A,A,A,A,A,A,A,A,A
16013,A,A,A,A,A,A,A,A,A,A
16014,A,A,A,A,A,A,A,A,A,A
16015,A,A,A,A,A,A,A,A,A,A
16016,A,A,A,A,A,A,A,A,A,A
16017,A,A,A,A,A,A,A,A,A,A
16018,A,A,A,A,A,A,A,A,A,A
16019,A,A,A,A,A,A,A,A,A,A
16020,A,A,A,A,A,A,A,A,A,A
16021,A,A,A,A,A,A,A,A,A,A
16022,A,A,A,A,A,A,A,A,A,A
16023,A,A,A,A,A,A,A,A,A,A
16024,A,A,A,A,A,A,A,A,A,A
16025,A,A,A,A,A,A,A,A,A,A
16026,A,A,A,A,A,A,A,A,A,A
16027,A,A,A,A,A,A,A,A,A,A
16028,A,A,A,A,A,A,A,A,A,A
16029,A,A,A,A,A,A,A,A,A,A
16030,A,A,A,A,A,A,A,A,A,A
16031,A,A,A,A,A,A,A,A,A,A
16032,A,A,A,A,A,A,A,A,A,A
16033,A,A,A,A,A,A,A,A,A,A
16034,A,A,A,A,A,A,A,A,A,A
16035,A,A,A,A,A,A,A,A,A,A
16036,A,A,A,A,A,A,A,A,A,A
16037,A,A,A,A,A,A,A,A,A,A
16038,A,A,A,A,A,A,A,A,A,A
16039,A,A,A,A,A,A,A,A,A,A
16040,A,A,A,A,A,A,A,A,A,A
16041,A,A,A,A,A,A,A,A,A,A
16042,A,A,A,A,A,A,A,A,A,A
16043,A,A,A,A,A,A,A,A,A,A
16044,A,A,A,A,A,A,A,A,A,A
16045,A,A,A,A,A,A,A,A,A,A
16046,A,A,A,A,A,A,A,A,A,A
16047,A,A,A,A,A,A,A,A,A,A
16048,A,A,A,A,A,A,A,A,A,A
16049,A,A,A,A,A,A,A,A,A,A
16050,A,A,A,A,A,A,A,A,A,A
16051,A,A,A,A,A,A,A,A,A,A
16052,A,A,A,A,A,A,A,A,A,A
16053,A,A,A,A,A,A,A,A,A,A
16054,A,A,A,A,A,A,A,A,A,A
16055,A,A,A,A,A,A,A,A,A,A
16056,A,A,A,A,A,A,A,A,A,A
16057,A,A,A,A,A,A,A,A,A,A
16058,A,A,A,A,A,A,A,A,A,A
16059,A,A,A,A,A,A,A,A,A,A
16060,A,A,A,A,A,A,A,A,A,A
16061,A,A,A,A,A,A,A,A,A,A
16062,A,A,A,A,A,A,A,A,A,A
16063,A,A,A,A,A,A,A,A,A,A
16064,A,A,A,A,A,A,A,A,A,A
16065,A,A,A,A,A,A,A,A,A,A
16066,A,A,A,A,A,A,A,A,A,A
16067,A,A,A,A,A,A,A,A,A,A
16068,A,A,A,A,A,A,A,A,A,A
16069,A,A,A,A,A,A,A,A,A,A
16070,A,A,A,A,A,A,A,A,A,A
16071,A,A,A,A,A,A,A,A,A,A
16072,A,A,A,A,A,A,A,A,A,A
16073,A,A,A,A,A,A,A,A,A,A
16074,A,A,A,A,A,A,A,A,A,A
16075,A,A,A,A,A,A,A,A,A,A
16076,A,A,A,A,A,A,A,A,A,A
16077,A,A,A,A,A,A,A,A,A,A
16078,A,A,A,A,A,A,A,A,A,A
16079,A,A,A,A,A,A,A,A,A,A
16080,A,A,A,A,A,A,A,A,A,A
16081,A,A,A,A,A,A,A,A,A,A
16082,A,A,A,A,A,A,A,A,A,A
16083,A,A,A,A,A,A,A,A,A,A
16084,A,A,A,A,A,A,A,A,A,A
16085,A,A,A,A,A,A,A,A,A,A
16086,A,A,A,A,A,A,A,A,A,A
16087,A,A,A,A,A,A,A,A,A,A
16088,A,A,A,A,A,A,A,A,A,A
16089,A,A,A,A,A,A,A,A,A,A
16090,A,A,A,A,A,A,A,A,A,A
16091,A,A,A,A,A,A,A,A,A,A
16092,A,A,A,A,A,A,A,A,A,A
16093,A,A,A,A,A,A,A,A,A,A
16094,A,A,A,A,A,A,A,A,A,A
16095,A,A,A,A,A,A,A,A,A,A
16096,A,A,A,A,A,A,A,A,A,A
16097,A,A,A,A,A,A,A,A,A,A
16098,A,A,A,A,A,A,A,A,A,A
16099,A,A,A,A,A,A,A,A,A,A
16100,A,A,A,A,A,A,A,A,A,A
16101,A,A,A,A,A,A,A,A,A,A
16102,A,A,A,A,A,A,A,A,A,A
16103,A,A,A,A,A,A,A,A,A,A
16104,A,A,A,A,A,A,A,A,A,A
16105,A,A,A,A,A,A,A,A,A,A
16106,A,A,A,A,A,A,A,A,A,A
16107,A,A,A,A,A,A,A,A,A,A
16108,A,A,A,A,A,A,A,A,A,A
16109,A,A,A,A,A,A,A,A,A,A
16110,A,A,A,A,A,A,A,A,A,A
16111,A,A,A,A,A,A,A,A,A,A
16112,A,A,A,A,A,A,A,A,A,A
16113,A,A,A,A,A,A,A,A,A,A
16114,A,A,A,A,A,A,A,A,A,A
16115,A,A,A,A,A,A,A,A,A,A
16116,A,A,A,A,A,A,A,A,A,A
16117,A,A,A,A,A,A,A,A,A,A
16118,A,A,A,A,A,A,A,A,A,A
16119,A,A,A,A,A,A,A,A,A,A
16120,A,A,A,A,A,A,A,A,A,A
16121,A,A,A,A,A,A,A,A,A,A
16122,A,A,A,A,A,A,A,A,A,A
16123,A,A,A,A,A,A,A,A,A,A
16124,A,A,A,A,A,A,A,A,A,A
16125,A,A,A,A,A,A,A,A,A,A
16126,A,A,A,A,A,A,A,A,A,A
16127,A,A,A,A,A,A,A,A,A,A
16128,A,A,A,A,A,A,A,A,A,A
16129,A,A,A,A,A,A,A,A,A,A
16130,A,A,A,A,A,A,A,A,A,A
16131,A,A,A,A,A,A,A,A,A,A
16132,A,A,A,A,A,A,A,A,A,A
16133,A,A,A,A,A,A,A,A,A,A
16134,A,A,A,A,A,A,A,A,A,A
16135,A,A,A,A,A,A,A,A,A,A
16136,A,A,A,A,A,A,A,A,A,A
16137,A,A,A,A,A,A,A,A,A,A
16138,A,A,A,A,A,A,A,A,A,A
16139,A,A,A,A,A,A,A,A,A,A
16140,A,A,A,A,A,A,A,A,A,A
16141,A,A,A,A,A,A,A,A,A,A
16142,A,A,A,A,A,A,A,A,A,A
16143,A,A,A,A,A,A,A,A,A,A
16144,A,A,A,A,A,A,A,A,A,A
16145,A,A,A,A,A,A,A,A,A,A
16146,A,A,A,A,A,A,A,A,A,A
16147,A,A,A,A,A,A,A,A,A,A
16148,A,A,A,A,A,A,A,A,A,A
16149,A,A,A,A,A,A,A,A,A,A
16150,A,A,A,A,A,A,A,A,A,A
16151,A,A,A,A,A,A,A,A,A,A
16152,A,A,A,A,A,A,A,A,A,A
16153,A,A,A,A,A,A,A,A,A,A
16154,A,A,A,A,A,A,A,A,A,A
16155,A,A,A,A,A,A,A,A,A,A
16156,A,A,A,A,A,A,A,A,A,A
16157,A,A,A,A,A,A,A,A,A,A
16158,A,A,A,A,A,A,A,A,A,A
16159,A,A,A,A,A,A,A,A,A,A
16160,A,A,A,A,A,A,A,A,A,A
16161,A,A,A,A,A,A,A,A,A,A
16162,A,A,A,A,A,A,A,A,A,A
16163,A,A,A,A,A,A,A,A,A,A
16164,A,A,A,A,A,A,A,A,A,A
16165,A,A,A,A,A,A,A,A,A,A
16166,A,A,A,A,A,A,A,A,A,A
16167,A,A,A,A,A,A,A,A,A,A
16168,A,A,A,A,A,A,A,A,A,A
16169,A,A,A,A,A,A,A,A,A,A
16170,A,A,A,A,A,A,A,A,A,A
16171,A,A,A,A,A,A,A,A,A,A
16172,A,A,A,A,A,A,A,A,A,A
16173,A,A,A,A,A,A,A,A,A,A
16174,A,A,A,A,A,A,A,A,A,A
16175,A,A,A,A,A,A,A,A,A,A
16176,A,A,A,A,A,A,A,A,A,A
16177,A,A,A,A,A,A,A,A,A,A
16178,A,A,A,A,A,A,A,A,A,A
16179,A,A,A,A,A,A,A,A,A,A
16180,A,A,A,A,A,A,A,A,A,A
16181,A,A,A,A,A,A,A,A,A,A
16182,A,A,A,A,A,A,A,A,A,A
16183,A,A,A,A,A,A,A,A,A,A
16184,A,A,A,A,A,A,A,A,A,A
16185,A,A,A,A,A,A,A,A,A,A
16186,A,A,A,A,A,A,A,A,A,A
16187,A,A,A,A,A,A,A,A,A,A
16188,A,A,A,A,A,A,A,A,A,A
16189,A,A,A,A,A,A,A,A,A,A
16190,A,A,A,A,A,A,A,A,A,A
16191,A,A,A,A,A,A,A,A,A,A
16192,A,A,A,A,A,A,A,A,A,A
16193,A,A,A,A,A,A,A,A,A,A
16194,A,A,A,A,A,A,A,A,A,A
16195,A,A,A,A,A,A,A,A,A,A
16196,A,A,A,A,A,A,A,A,A,A
16197,A,A,A,A,A,A,A,A,A,A
16198,A,A,A,A,A,A,A,A,A,A
16199,A,A,A,A,A,A,A,A,A,A
16200,A,A,A,A,A,A,A,A,A,A
16201,A,A,A,A,A,A,A,A,A,A
16202,A,A,A,A,A,A,A,A,A,A
16203,A,A,A,A,A,A,A,A,A,A
16204,A,A,A,A,A,A,A,A,A,A
16205,A,A,A,A,A,A,A,A,A,A
16206,A,A,A,A,A,A,A,A,A,A
16207,A,A,A,A,A,A,A,A,A,A
16208,A,A,A,A,A,A,A,A,A,A
16209,A,A,A,A,A,A,A,A,A,A
16210,A,A,A,A,A,A,A,A,A,A
16211,A,A,A,A,A,A,A,A,A,A
16212,A,A,A,A,A,A,A,A,A,A
16213,A,A,A,A,A,A,A,A,A,A
16214,A,A,A,A,A,A,A,A,A,A
16215,A,A,A,A,A,A,A,A,A,A
16216,A,A,A,A,A,A,A,A,A,A
16217,A,A,A,A,A,A,A,A,A,A
16218,A,A,A,A,A,A,A,A,A,A
16219,A,A,A,A,A,A,A,A,A,A
16220,A,A,A,A,A,A,A,A,A,A
16221,A,A,A,A,A,A,A,A,A,A
16222,A,A,A,A,A,A,A,A,A,A
16223,A,A,A,A,A,A,A,A,A,A
16224,A,A,A,A,A,A,A,A,A,A
16225,A,A,A,A,A,A,A,A,A,A
16226,A,A,A,A,A,A,A,A,A,A
16227,A,A,A,A,A,A,A,A,A,A
16228,A,A,A,A,A,A,A,A,A,A
16229,A,A,A,A,A,A,A,A,A,A
16230,A,A,A,A,A,A,A,A,A,A
16231,A,A,A,A,A,A,A,A,A,A
16232,A,A,A,A,A,A,A,A,A,A
16233,A,A,A,A,A,A,A,A,A,A
16234,A,A,A,A,A,A,A,A,A,A
16235,A,A,A,A,A,A,A,A,A,A
16236,A,A,A,A,A,A,A,A,A,A
16237,A,A,A,A,A,A,A,A,A,A
16238,A,A,A,A,A,A,A,A,A,A
16239,A,A,A,A,A,A,A,A,A,A
16240,A,A,A,A,A,A,A,A,A,A
16241,A,A,A,A,A,A,A,A,A,A
16242,A,A,A,A,A,A,A,A,A,A
16243,A,A,A,A,A,A,A,A,A,A
16244,A,A,A,A,A,A,A,A,A,A
16245,A,A,A,A,A,A,A,A,A,A
16246,A,A,A,A,A,A,A,A,A,A
16247,A,A,A,A,A,A,A,A,A,A
16248,A,A,A,A,A,A,A,A,A,A
16249,A,A,A,A,A,A,A,A,A,A
16250,A,A,A,A,A,A,A,A,A,A
16251,A,A,A,A,A,A,A,A,A,A
16252,A,A,A,A,A,A,A,A,A,A
16253,A,A,A,A,A,A,A,A,A,A
16254,A,A,A,A,A,A,A,A,A,A
16255,A,A,A,A,A,A,A,A,A,A
16256,A,A,A,A,A,A,A,A,A,A
16257,A,A,A,A,A,A,A,A,A,A
16258,A,A,A,A,A,A,A,A,A,A
16259,A,A,A,A,A,A,A,A,A,A
16260,A,A,A,A,A,A,A,A,A,A
16261,A,A,A,A,A,A,A,A,A,A
16262,A,A,A,A,A,A,A,A,A,A
16263,A,A,A,A,A,A,A,A,A,A
16264,A,A,A,A,A,A,A,A,A,A
16265,A,A,A,A,A,A,A,A,A,A
16266,A,A,A,A,A,A,A,A,A,A
16267,A,A,A,A,A,A,A,A,A,A
16268,A,A,A,A,A,A,A,A,A,A
16269,A,A,A,A,A,A,A,A,A,A
16270,A,A,A,A,A,A,A,A,A,A
16271,A,A,A,A,A,A,A,A,A,A
16272,A,A,A,A,A,A,A,A,A,A
16273,A,A,A,A,A,A,A,A,A,A
16274,A,A,A,A,A,A,A,A,A,A
16275,A,A,A,A,A,A,A,A,A,A
16276,A,A,A,A,A,A,A,A,A,A
16277,A,A,A,A,A,A,A,A,A,A
16278,A,A,A,A,A,A,A,A,A,A
16279,A,A,A,A,A,A,A,A,A,A
16280,A,A,A,A,A,A,A,A,A,A
16281,A,A,A,A,A,A,A,A,A,A
16282,A,A,A,A,A,A,A,A,A,A
16283,A,A,A,A,A,A,A,A,A,A
16284,A,A,A,A,A,A,A,A,A,A
16285,A,A,A,A,A,A,A,A,A,A
16286,A,A,A,A,A,A,A,A,A,A
16287,A,A,A,A,A,A,A,A,A,A
16288,A,A,A,A,A,A,A,A,A,A
16289,A,A,A,A,A,A,A,A,A,A
16290,A,A,A,A,A,A,A,A,A,A
16291,A,A,A,A,A,A,A,A,A,A
16292,A,A,A,A,A,A,A,A,A,A
16293,A,A,A,A,A,A,A,A,A,A
16294,A,A,A,A,A,A,A,A,A,A
16295,A,A,A,A,A,A,A,A,A,A
16296,A,A,A,A,A,A,A,A,A,A
16297,A,A,A,A,A,A,A,A,A,A
16298,A,A,A,A,A,A,A,A,A,A
16299,A,A,A,A,A,A,A,A,A,A
16300,A,A,A,A,A,A,A,A,A,A
16301,A,A,A,A,A,A,A,A,A,A
16302,A,A,A,A,A,A,A,A,A,A
16303,A,A,A,A,A,A,A,A,A,A
16304,A,A,A,A,A,A,A,A,A,A
16305,A,A,A,A,A,A,A,A,A,A
16306,A,A,A,A,A,A,A,A,A,A
16307,A,A,A,A,A,A,A,A,A,A
16308,A,A,A,A,A,A,A,A,A,A
16309,A,A,A,A,A,A,A,A,A,A
16310,A,A,A,A,A,A,A,A,A,A
16311,A,A,A,A,A,A,A,A,A,A
16312,A,A,A,A,A,A,A,A,A,A
16313,A,A,A,A,A,A,A,A,A,A
16314,A,A,A,A,A,A,A,A,A,A
16315,A,A,A,A,A,A,A,A,A,A
16316,A,A,A,A,A,A,A,A,A,A
16317,A,A,A,A,A,A,A,A,A,A
16318,A,A,A,A,A,A,A,A,A,A
16319,A,A,A,A,A,A,A,A,A,A
16320,A,A,A,A,A,A,A,A,A,A
16321,A,A,A,A,A,A,A,A,A,A
16322,A,A,A,A,A,A,A,A,A,A
16323,A,A,A,A,A,A,A,A,A,A
16324,A,A,A,A,A,A,A,A,A,A
16325,A,A,A,A,A,A,A,A,A,A
16326,A,A,A,A,A,A,A,A,A,A
16327,A,A,A,A,A,A,A,A,A,A
16328,A,A,A,A,A,A,A,A,A,A
16329,A,A,A,A,A,A,A,A,A,A
16330,A,A,A,A,A,A,A,A,A,A
16331,A,A,A,A,A,A,A,A,A,A
16332,A,A,A,A,A,A,A,A,A,A
16333,A,A,A,A,A,A,A,A,A,A
16334,A,A,A,A,A,A,A,A,A,A
16335,A,A,A,A,A,A,A,A,A,A
16336,A,A,A,A,A,A,A,A,A,A
16337,A,A,A,A,A,A,A,A,A,A
16338,A,A,A,A,A,A,A,A,A,A
16339,A,A,A,A,A,A,A,A,A,A
16340,A,A,A,A,A,A,A,A,A,A
16341,A,A,A,A,A,A,A,A,A,A
16342,A,A,A,A,A,A,A,A,A,A
16343,A,A,A,A,A,A,A,A,A,A
16344,A,A,A,A,A,A,A,A,A,A
16345,A,A,A,A,A,A,A,A,A,A
16346,A,A,A,A,A,A,A,A,A,A
16347,A,A,A,A,A,A,A,A,A,A
16348,A,A,A,A,A,A,A,A,A,A
16349,A,A,A,A,A,A,A,A,A,A
16350,A,A,A,A,A,A,A,A,A,A
16351,A,A,A,A,A,A,A,A,A,A
16352,A,A,A,A,A,A,A,A,A,A
16353,A,A,A,A,A,A,A,A,A,A
16354,A,A,A,A,A,A,A,A,A,A
16355,A,A,A,A,A,A,A,A,A,A
16356,A,A,A,A,A,A,A,A,A,A
16357,A,A,A,A,A,A,A,A,A,A
16358,A,A,A,A,A,A,A,A,A,A
16359,A,A,A,A,A,A,A,A,A,A
16360,A,A,A,A,A,A,A,A,A,A
16361,A,A,A,A,A,A,A,A,A,A
16362,A,A,A,A,A,A,A,A,A,A
16363,A,A,A,A,A,A,A,A,A,A
16364,A,A,A,A,A,A,A,A,A,A
16365,A,A,A,A,A,A,A,A,A,A
16366,A,A,A,A,A,A,A,A,A,A
16367,A,A,A,A,A,A,A,A,A,A
16368,A,A,A,A,A,A,A,A,A,A
16369,A,A,A,A,A,A,A,A,A,A
16370,A,A,A,A,A,A,A,A,A,A
16371,A,A,A,A,A,A,A,A,A,A
16372,A,A,A,A,A,A,A,A,A,A
16373,A,A,A,A,A,A,A,A,A,A
16374,A,A,A,A,A,A,A,A,A,A
16375,A,A,A,A,A,A,A,A,A,A
16376,A,A,A,A,A,A,A,A,A,A
16377,A,A,A,A,A,A,A,A,A,A
16378,A,A,A,A,A,A,A,A,A,A
16379,A,A,A,A,A,A,A,A,A,A
16380,A,A,A,A,A,A,A,A,A,A
16381,A,A,A,A,A,A,A,A,A,A
16382,A,A,A,A,A,A,A,A,A,A
16383,A,A,A,A,A,A,A,A,A,A
16384,A,A,A,A,A,A,A,A,A,A
16385,A,A,A,A,A,A,A,A,A,A
16386,A,A,A,A,A,A,A,A,A,A
16387,A,A,A,A,A,A,A,A,A,A
16388,A,A,A,A,A,A,A,A,A,A
16389,A,A,A,A,A,A,A,A,A,A
16390,A,A,A,A,A,A,A,A,A,A
16391,A,A,A,A,A,A,A,A,A,A
16392,A,A,A,A,A,A,A,A,A,A
16393,A,A,A,A,A,A,A,A,A,A
16394,A,A,A,A,A,A,A,A,A,A
16395,L,L,L,L,L,L,L,L,L,L
16396,L,L,L,L,L,L,L,L,L,L
16397,L,L,L,L,L,L,L,L,L,L
16398,A,A,A,A,A,A,A,A,A,A
16399,A,A,A,A,A,A,A,A,A,A
16400,A,A,A,A,A,A,A,A,A,A
16401,A,A,A,A,A,A,A,A,A,A
16402,A,A,A,A,A,A,A,A,A,A
16403,A,A,A,A,A,A,A,A,A,A
16404,A,A,A,A,A,A,A,A,A,A
16405,A,A,A,A,A,A,A,A,A,A
16406,A,A,A,A,A,A,A,A,A,A
16407,A,A,A,A,A,A,A,A,A,A
16408,A,A,A,A,A,A,A,A,A,A
16409,A,A,A,A,A,A,A,A,A,A
16410,A,A,A,A,A,A,A,A,A,A
16411,A,A,A,A,A,A,A,A,A,A
16412,A,A,A,A,A,A,A,A,A,A
16413,A,A,A,A,A,A,A,A,A,A
16414,A,A,A,A,A,A,A,A,A,A
16415,A,A,A,A,A,A,A,A,A,A
16416,A,A,A,A,A,A,A,A,A,A
16417,A,A,A,A,A,A,A,A,A,A
16418,A,A,A,A,A,A,A,A,A,A
16419,A,A,A,A,A,A,A,A,A,A
16420,A,A,A,A,A,A,A,A,A,A
16421,A,A,A,A,A,A,A,A,A,A
16422,A,A,A,A,A,A,A,A,A,A
16423,A,A,A,A,A,A,A,A,A,A
16424,A,A,A,A,A,A,A,A,A,A
16425,A,A,A,A,A,A,A,A,A,A
16426,A,A,A,A,A,A,A,A,A,A
16427,A,A,A,A,A,A,A,A,A,A
16428,A,A,A,A,A,A,A,A,A,A
16429,A,A,A,A,A,A,A,A,A,A
16430,A,A,A,A,A,A,A,A,A,A
16431,A,A,A,A,A,A,A,A,A,A
16432,A,A,A,A,A,A,A,A,A,A
16433,A,A,A,A,A,A,A,A,A,A
16434,A,A,A,A,A,A,A,A,A,A
16435,A,A,A,A,A,A,A,A,A,A
16436,A,A,A,A,A,A,A,A,A,A
16437,A,A,A,A,A,A,A,A,A,A
16438,A,A,A,A,A,A,A,A,A,A
16439,A,A,A,A,A,A,A,A,A,A
16440,A,A,A,A,A,A,A,A,A,A
16441,A,A,A,A,A,A,A,A,A,A
16442,A,A,A,A,A,A,A,A,A,A
16443,A,A,A,A,A,A,A,A,A,A
16444,A,A,A,A,A,A,A,A,A,A
16445,A,A,A,A,A,A,A,A,A,A
16446,A,A,A,A,A,A,A,A,A,A
16447,A,A,A,A,A,A,A,A,A,A
16448,A,A,A,A,A,A,A,A,A,A
16449,A,A,A,A,A,A,A,A,A,A
16450,A,A,A,A,A,A,A,A,A,A
16451,A,A,A,A,A,A,A,A,A,A
16452,A,A,A,A,A,A,A,A,A,A
16453,A,A,A,A,A,A,A,A,A,A
16454,A,A,A,A,A,A,A,A,A,A
16455,A,A,A,A,A,A,A,A,A,A
16456,A,A,A,A,A,A,A,A,A,A
16457,A,A,A,A,A,A,A,A,A,A
16458,A,A,A,A,A,A,A,A,A,A
16459,A,A,A,A,A,A,A,A,A,A
16460,A,A,A,A,A,A,A,A,A,A
16461,A,A,A,A,A,A,A,A,A,A
16462,A,A,A,A,A,A,A,A,A,A
16463,A,A,A,A,A,A,A,A,A,A
16464,A,A,A,A,A,A,A,A,A,A
16465,A,A,A,A,A,A,A,A,A,A
16466,A,A,A,A,A,A,A,A,A,A
16467,A,A,A,A,A,A,A,A,A,A
16468,A,A,A,A,A,A,A,A,A,A
16469,A,A,A,A,A,A,A,A,A,A
16470,A,A,A,A,A,A,A,A,A,A
16471,A,A,A,A,A,A,A,A,A,A
16472,A,A,A,A,A,A,A,A,A,A
16473,A,A,A,A,A,A,A,A,A,A
16474,A,A,A,A,A,A,A,A,A,A
16475,A,A,A,A,A,A,A,A,A,A
16476,A,A,A,A,A,A,A,A,A,A
16477,A,A,A,A,A,A,A,A,A,A
16478,A,A,A,A,A,A,A,A,A,A
16479,A,A,A,A,A,A,A,A,A,A
16480,A,A,A,A,A,A,A,A,A,A
16481,A,A,A,A,A,A,A,A,A,A
16482,A,A,A,A,A,A,A,A,A,A
16483,A,A,A,A,A,A,A,A,A,A
16484,A,A,A,A,A,A,A,A,A,A
16485,A,A,A,A,A,A,A,A,A,A
16486,A,A,A,A,A,A,A,A,A,A
16487,A,A,A,A,A,A,A,A,A,A
16488,A,A,A,A,A,A,A,A,A,A
16489,A,A,A,A,A,A,A,A,A,A
16490,A,A,A,A,A,A,A,A,A,A
16491,A,A,A,A,A,A,A,A,A,A
16492,A,A,A,A,A,A,A,A,A,A
16493,A,A,A,A,A,A,A,A,A,A
16494,A,A,A,A,A,A,A,A,A,A
16495,A,A,A,A,A,A,A,A,A,A
16496,A,A,A,A,A,A,A,A,A,A
16497,A,A,A,A,A,A,A,A,A,A
16498,A,A,A,A,A,A,A,A,A,A
16499,A,A,A,A,A,A,A,A,A,A
16500,H,H,H,H,H,H,H,H,H,H
16501,H,H,H,H,H,H,H,H,H,H
16502,L,L,L,L,L,L,L,L,L,L
16503,H,H,H,H,H,H,H,H,H,H
16504,L,L,L,L,L,L,L,L,L,L
16505,A,A,A,A,A,A,A,A,A,A
16506,A,A,A,A,A,A,A,A,A,A
16507,A,A,A,A,A,A,A,A,A,A
16508,A,A,A,A,A,A,A,A,A,A
16509,A,A,A,A,A,A,A,A,A,A
16510,A,A,A,A,A,A,A,A,A,A
16511,A,A,A,A,A,A,A,A,A,A
16512,A,A,A,A,A,A,A,A,A,A
16513,A,A,A,A,A,A,A,A,A,A
16514,A,A,A,A,A,A,A,A,A,A
16515,A,A,A,A,A,A,A,A,A,A
16516,A,A,A,A,A,A,A,A,A,A
16517,A,A,A,A,A,A,A,A,A,A
16518,A,A,A,A,A,A,A,A,A,A
16519,A,A,A,A,A,A,A,A,A,A
16520,A,A,A,A,A,A,A,A,A,A
16521,A,A,A,A,A,A,A,A,A,A
16522,A,A,A,A,A,A,A,A,A,A
16523,A,A,A,A,A,A,A,A,A,A
16524,A,A,A,A,A,A,A,A,A,A
16525,A,A,A,A,A,A,A,A,A,A
16526,A,A,A,A,A,A,A,A,A,A
16527,A,A,A,A,A,A,A,A,A,A
16528,A,A,A,A,A,A,A,A,A,A
16529,A,A,A,A,A,A,A,A,A,A
16530,A,A,A,A,A,A,A,A,A,A
16531,A,A,A,A,A,A,A,A,A,A
16532,A,A,A,A,A,A,A,A,A,A
16533,A,A,A,A,A,A,A,A,A,A
16534,A,A,A,A,A,A,A,A,A,A
16535,A,A,A,A,A,A,A,A,A,A
16536,A,A,A,A,A,A,A,A,A,A
16537,A,A,A,A,A,A,A,A,A,A
16538,A,A,A,A,A,A,A,A,A,A
16539,A,A,A,A,A,A,A,A,A,A
16540,A,A,A,A,A,A,A,A,A,A
16541,A,A,A,A,A,A,A,A,A,A
16542,A,A,A,A,A,A,A,A,A,A
16543,A,A,A,A,A,A,A,A,A,A
16544,A,A,A,A,A,A,A,A,A,A
16545,A,A,A,A,A,A,A,A,A,A
16546,A,A,A,A,A,A,A,A,A,A
16547,A,A,A,A,A,A,A,A,A,A
16548,A,A,A,A,A,A,A,A,A,A
16549,A,A,A,A,A,A,A,A,A,A
16550,A,A,A,A,A,A,A,A,A,A
16551,A,A,A,A,A,A,A,A,A,A
16552,A,A,A,A,A,A,A,A,A,A
16553,A,A,A,A,A,A,A,A,A,A
16554,A,A,A,A,A,A,A,A,A,A
16555,A,A,A,A,A,A,A,A,A,A
16556,A,A,A,A,A,A,A,A,A,A
16557,A,A,A,A,A,A,A,A,A,A
16558,A,A,A,A,A,A,A,A,A,A
16559,A,A,A,A,A,A,A,A,A,A
16560,A,A,A,A,A,A,A,A,A,A
16561,A,A,A,A,A,A,A,A,A,A
16562,A,A,A,A,A,A,A,A,A,A
16563,A,A,A,A,A,A,A,A,A,A
16564,A,A,A,A,A,A,A,A,A,A
16565,A,A,A,A,A,A,A,A,A,A
16566,A,A,A,A,A,A,A,A,A,A
16567,A,A,A,A,A,A,A,A,A,A
16568,A,A,A,A,A,A,A,A,A,A
16569,A,A,A,A,A,A,A,A,A,A
16570,A,A,A,A,A,A,A,A,A,A
16571,A,A,A,A,A,A,A,A,A,A
16572,A,A,A,A,A,A,A,A,A,A
16573,A,A,A,A,A,A,A,A,A,A
16574,A,A,A,A,A,A,A,A,A,A
16575,A,A,A,A,A,A,A,A,A,A
16576,A,A,A,A,A,A,A,A,A,A
16577,A,A,A,A,A,A,A,A,A,A
16578,A,A,A,A,A,A,A,A,A,A
16579,A,A,A,A,A,A,A,A,A,A
16580,A,A,A,A,A,A,A,A,A,A
16581,A,A,A,A,A,A,A,A,A,A
16582,A,A,A,A,A,A,A,A,A,A
16583,A,A,A,A,A,A,A,A,A,A
16584,A,A,A,A,A,A,A,A,A,A
16585,A,A,A,A,A,A,A,A,A,A
16586,A,A,A,A,A,A,A,A,A,A
16587,A,A,A,A,A,A,A,A,A,A
16588,A,A,A,A,A,A,A,A,A,A
16589,A,A,A,A,A,A,A,A,A,A
16590,A,A,A,A,A,A,A,A,A,A
16591,A,A,A,A,A,A,A,A,A,A
16592,A,A,A,A,A,A,A,A,A,A
16593,A,A,A,A,A,A,A,A,A,A
16594,A,A,A,A,A,A,A,A,A,A
16595,A,A,A,A,A,A,A,A,A,A
16596,A,A,A,A,A,A,A,A,A,A
16597,A,A,A,A,A,A,A,A,A,A
16598,A,A,A,A,A,A,A,A,A,A
16599,A,A,A,A,A,A,A,A,A,A
16600,A,A,A,A,A,A,A,A,A,A
16601,A,A,A,A,A,A,A,A,A,A
16602,A,A,A,A,A,A,A,A,A,A
16603,A,A,A,A,A,A,A,A,A,A
16604,A,A,A,A,A,A,A,A,A,A
16605,A,A,A,A,A,A,A,A,A,A
16606,A,A,A,A,A,A,A,A,A,A
16607,A,A,A,A,A,A,A,A,A,A
16608,A,A,A,A,A,A,A,A,A,A
16609,A,A,A,A,A,A,A,A,A,A
16610,A,A,A,A,A,A,A,A,A,A
16611,A,A,A,A,A,A,A,A,A,A
16612,A,A,A,A,A,A,A,A,A,A
16613,A,A,A,A,A,A,A,A,A,A
16614,A,A,A,A,A,A,A,A,A,A
16615,A,A,A,A,A,A,A,A,A,A
16616,A,A,A,A,A,A,A,A,A,A
16617,A,A,A,A,A,A,A,A,A,A
16618,A,A,A,A,A,A,A,A,A,A
16619,A,A,A,A,A,A,A,A,A,A
16620,A,A,A,A,A,A,A,A,A,A
16621,A,A,A,A,A,A,A,A,A,A
16622,A,A,A,A,A,A,A,A,A,A
16623,A,A,A,A,A,A,A,A,A,A
16624,A,A,A,A,A,A,A,A,A,A
16625,A,A,A,A,A,A,A,A,A,A
16626,A,A,A,A,A,A,A,A,A,A
16627,A,A,A,A,A,A,A,A,A,A
16628,A,A,A,A,A,A,A,A,A,A
16629,A,A,A,A,A,A,A,A,A,A
16630,A,A,A,A,A,A,A,A,A,A
16631,A,A,A,A,A,A,A,A,A,A
16632,A,A,A,A,A,A,A,A,A,A
16633,A,A,A,A,A,A,A,A,A,A
16634,A,A,A,A,A,A,A,A,A,A
16635,A,A,A,A,A,A,A,A,A,A
16636,A,A,A,A,A,A,A,A,A,A
16637,A,A,A,A,A,A,A,A,A,A
16638,A,A,A,A,A,A,A,A,A,A
16639,A,A,A,A,A,A,A,A,A,A
16640,A,A,A,A,A,A,A,A,A,A
16641,A,A,A,A,A,A,A,A,A,A
16642,A,A,A,A,A,A,A,A,A,A
16643,A,A,A,A,A,A,A,A,A,A
16644,A,A,A,A,A,A,A,A,A,A
16645,A,A,A,A,A,A,A,A,A,A
16646,A,A,A,A,A,A,A,A,A,A
16647,A,A,A,A,A,A,A,A,A,A
16648,A,A,A,A,A,A,A,A,A,A
16649,A,A,A,A,A,A,A,A,A,A
16650,A,A,A,A,A,A,A,A,A,A
16651,A,A,A,A,A,A,A,A,A,A
16652,A,A,A,A,A,A,A,A,A,A
16653,A,A,A,A,A,A,A,A,A,A
16654,A,A,A,A,A,A,A,A,A,A
16655,A,A,A,A,A,A,A,A,A,A
16656,A,A,A,A,A,A,A,A,A,A
16657,A,A,A,A,A,A,A,A,A,A
16658,A,A,A,A,A,A,A,A,A,A
16659,A,A,A,A,A,A,A,A,A,A
16660,A,A,A,A,A,A,A,A,A,A
16661,A,A,A,A,A,A,A,A,A,A
16662,A,A,A,A,A,A,A,A,A,A
16663,A,A,A,A,A,A,A,A,A,A
16664,A,A,A,A,A,A,A,A,A,A
16665,A,A,A,A,A,A,A,A,A,A
16666,A,A,A,A,A,A,A,A,A,A
16667,A,A,A,A,A,A,A,A,A,A
16668,A,A,A,A,A,A,A,A,A,A
16669,A,A,A,A,A,A,A,A,A,A
16670,A,A,A,A,A,A,A,A,A,A
16671,A,A,A,A,A,A,A,A,A,A
16672,A,A,A,A,A,A,A,A,A,A
16673,A,A,A,A,A,A,A,A,A,A
16674,A,A,A,A,A,A,A,A,A,A
16675,A,A,A,A,A,A,A,A,A,A
16676,A,A,A,A,A,A,A,A,A,A
16677,A,A,A,A,A,A,A,A,A,A
16678,A,A,A,A,A,A,A,A,A,A
16679,A,A,A,A,A,A,A,A,A,A
16680,A,A,A,A,A,A,A,A,A,A
16681,A,A,A,A,A,A,A,A,A,A
16682,A,A,A,A,A,A,A,A,A,A
16683,A,A,A,A,A,A,A,A,A,A
16684,A,A,A,A,A,A,A,A,A,A
16685,A,A,A,A,A,A,A,A,A,A
16686,A,A,A,A,A,A,A,A,A,A
16687,A,A,A,A,A,A,A,A,A,A
16688,A,A,A,A,A,A,A,A,A,A
16689,A,A,A,A,A,A,A,A,A,A
16690,A,A,A,A,A,A,A,A,A,A
16691,A,A,A,A,A,A,A,A,A,A
16692,A,A,A,A,A,A,A,A,A,A
16693,A,A,A,A,A,A,A,A,A,A
16694,A,A,A,A,A,A,A,A,A,A
16695,A,A,A,A,A,A,A,A,A,A
16696,A,A,A,A,A,A,A,A,A,A
16697,A,A,A,A,A,A,A,A,A,A
16698,A,A,A,A,A,A,A,A,A,A
16699,A,A,A,A,A,A,A,A,A,A
16700,A,A,A,A,A,A,A,A,A,A
16701,A,A,A,A,A,A,A,A,A,A
16702,A,A,A,A,A,A,A,A,A,A
16703,A,A,A,A,A,A,A,A,A,A
16704,A,A,A,A,A,A,A,A,A,A
16705,A,A,A,A,A,A,A,A,A,A
16706,A,A,A,A,A,A,A,A,A,A
16707,A,A,A,A,A,A,A,A,A,A
16708,A,A,A,A,A,A,A,A,A,A
16709,A,A,A,A,A,A,A,A,A,A
16710,A,A,A,A,A,A,A,A,A,A
16711,A,A,A,A,A,A,A,A,A,A
16712,A,A,A,A,A,A,A,A,A,A
16713,A,A,A,A,A,A,A,A,A,A
16714,A,A,A,A,A,A,A,A,A,A
16715,A,A,A,A,A,A,A,A,A,A
16716,A,A,A,A,A,A,A,A,A,A
16717,A,A,A,A,A,A,A,A,A,A
16718,A,A,A,A,A,A,A,A,A,A
16719,A,A,A,A,A,A,A,A,A,A
16720,A,A,A,A,A,A,A,A,A,A
16721,A,A,A,A,A,A,A,A,A,A
16722,A,A,A,A,A,A,A,A,A,A
16723,A,A,A,A,A,A,A,A,A,A
16724,A,A,A,A,A,A,A,A,A,A
16725,A,A,A,A,A,A,A,A,A,A
16726,A,A,A,A,A,A,A,A,A,A
16727,A,A,A,A,A,A,A,A,A,A
16728,A,A,A,A,A,A,A,A,A,A
16729,A,A,A,A,A,A,A,A,A,A
16730,A,A,A,A,A,A,A,A,A,A
16731,A,A,A,A,A,A,A,A,A,A
16732,A,A,A,A,A,A,A,A,A,A
16733,A,A,A,A,A,A,A,A,A,A
16734,A,A,A,A,A,A,A,A,A,A
16735,A,A,A,A,A,A,A,A,A,A
16736,A,A,A,A,A,A,A,A,A,A
16737,A,A,A,A,A,A,A,A,A,A
16738,A,A,A,A,A,A,A,A,A,A
16739,A,A,A,A,A,A,A,A,A,A
16740,A,A,A,A,A,A,A,A,A,A
16741,A,A,A,A,A,A,A,A,A,A
16742,A,A,A,A,A,A,A,A,A,A
16743,A,A,A,A,A,A,A,A,A,A
16744,A,A,A,A,A,A,A,A,A,A
16745,A,A,A,A,A,A,A,A,A,A
16746,A,A,A,A,A,A,A,A,A,A
16747,A,A,A,A,A,A,A,A,A,A
16748,A,A,A,A,A,A,A,A,A,A
16749,A,A,A,A,A,A,A,A,A,A
16750,A,A,A,A,A,A,A,A,A,A
16751,A,A,A,A,A,A,A,A,A,A
16752,A,A,A,A,A,A,A,A,A,A
16753,A,A,A,A,A,A,A,A,A,A
16754,A,A,A,A,A,A,A,A,A,A
16755,A,A,A,A,A,A,A,A,A,A
16756,A,A,A,A,A,A,A,A,A,A
16757,A,A,A,A,A,A,A,A,A,A
16758,A,A,A,A,A,A,A,A,A,A
16759,A,A,A,A,A,A,A,A,A,A
16760,A,A,A,A,A,A,A,A,A,A
16761,A,A,A,A,A,A,A,A,A,A
16762,A,A,A,A,A,A,A,A,A,A
16763,A,A,A,A,A,A,A,A,A,A
16764,A,A,A,A,A,A,A,A,A,A
16765,A,A,A,A,A,A,A,A,A,A
16766,A,A,A,A,A,A,A,A,A,A
16767,A,A,A,A,A,A,A,A,A,A
16768,A,A,A,A,A,A,A,A,A,A
16769,A,A,A,A,A,A,A,A,A,A
16770,A,A,A,A,A,A,A,A,A,A
16771,A,A,A,A,A,A,A,A,A,A
16772,A,A,A,A,A,A,A,A,A,A
16773,A,A,A,A,A,A,A,A,A,A
16774,A,A,A,A,A,A,A,A,A,A
16775,A,A,A,A,A,A,A,A,A,A
16776,A,A,A,A,A,A,A,A,A,A
16777,A,A,A,A,A,A,A,A,A,A
16778,A,A,A,A,A,A,A,A,A,A
16779,A,A,A,A,A,A,A,A,A,A
16780,A,A,A,A,A,A,A,A,A,A
16781,A,A,A,A,A,A,A,A,A,A
16782,A,A,A,A,A,A,A,A,A,A
16783,A,A,A,A,A,A,A,A,A,A
16784,A,A,A,A,A,A,A,A,A,A
16785,A,A,A,A,A,A,A,A,A,A
16786,A,A,A,A,A,A,A,A,A,A
16787,A,A,A,A,A,A,A,A,A,A
16788,A,A,A,A,A,A,A,A,A,A
16789,A,A,A,A,A,A,A,A,A,A
16790,A,A,A,A,A,A,A,A,A,A
16791,A,A,A,A,A,A,A,A,A,A
16792,A,A,A,A,A,A,A,A,A,A
16793,A,A,A,A,A,A,A,A,A,A
16794,A,A,A,A,A,A,A,A,A,A
16795,A,A,A,A,A,A,A,A,A,A
16796,A,A,A,A,A,A,A,A,A,A
16797,A,A,A,A,A,A,A,A,A,A
16798,A,A,A,A,A,A,A,A,A,A
16799,A,A,A,A,A,A,A,A,A,A
16800,A,A,A,A,A,A,A,A,A,A
16801,A,A,A,A,A,A,A,A,A,A
16802,A,A,A,A,A,A,A,A,A,A
16803,A,A,A,A,A,A,A,A,A,A
16804,A,A,A,A,A,A,A,A,A,A
16805,A,A,A,A,A,A,A,A,A,A
16806,A,A,A,A,A,A,A,A,A,A
16807,A,A,A,A,A,A,A,A,A,A
16808,A,A,A,A,A,A,A,A,A,A
16809,A,A,A,A,A,A,A,A,A,A
16810,A,A,A,A,A,A,A,A,A,A
16811,A,A,A,A,A,A,A,A,A,A
16812,A,A,A,A,A,A,A,A,A,A
16813,A,A,A,A,A,A,A,A,A,A
16814,A,A,A,A,A,A,A,A,A,A
16815,A,A,A,A,A,A,A,A,A,A
16816,A,A,A,A,A,A,A,A,A,A
16817,A,A,A,A,A,A,A,A,A,A
16818,A,A,A,A,A,A,A,A,A,A
16819,A,A,A,A,A,A,A,A,A,A
16820,A,A,A,A,A,A,A,A,A,A
16821,A,A,A,A,A,A,A,A,A,A
16822,A,A,A,A,A,A,A,A,A,A
16823,A,A,A,A,A,A,A,A,A,A
16824,A,A,A,A,A,A,A,A,A,A
16825,A,A,A,A,A,A,A,A,A,A
16826,A,A,A,A,A,A,A,A,A,A
16827,A,A,A,A,A,A,A,A,A,A
16828,A,A,A,A,A,A,A,A,A,A
16829,A,A,A,A,A,A,A,A,A,A
16830,A,A,A,A,A,A,A,A,A,A
16831,A,A,A,A,A,A,A,A,A,A
16832,A,A,A,A,A,A,A,A,A,A
16833,A,A,A,A,A,A,A,A,A,A
16834,A,A,A,A,A,A,A,A,A,A
16835,A,A,A,A,A,A,A,A,A,A
16836,A,A,A,A,A,A,A,A,A,A
16837,A,A,A,A,A,A,A,A,A,A
16838,A,A,A,A,A,A,A,A,A,A
16839,A,A,A,A,A,A,A,A,A,A
16840,A,A,A,A,A,A,A,A,A,A
16841,A,A,A,A,A,A,A,A,A,A
16842,A,A,A,A,A,A,A,A,A,A
16843,A,A,A,A,A,A,A,A,A,A
16844,A,A,A,A,A,A,A,A,A,A
16845,A,A,A,A,A,A,A,A,A,A
16846,A,A,A,A,A,A,A,A,A,A
16847,A,A,A,A,A,A,A,A,A,A
16848,A,A,A,A,A,A,A,A,A,A
16849,A,A,A,A,A,A,A,A,A,A
16850,A,A,A,A,A,A,A,A,A,A
16851,A,A,A,A,A,A,A,A,A,A
16852,A,A,A,A,A,A,A,A,A,A
16853,A,A,A,A,A,A,A,A,A,A
16854,A,A,A,A,A,A,A,A,A,A
16855,A,A,A,A,A,A,A,A,A,A
16856,A,A,A,A,A,A,A,A,A,A
16857,A,A,A,A,A,A,A,A,A,A
16858,A,A,A,A,A,A,A,A,A,A
16859,A,A,A,A,A,A,A,A,A,A
16860,A,A,A,A,A,A,A,A,A,A
16861,A,A,A,A,A,A,A,A,A,A
16862,A,A,A,A,A,A,A,A,A,A
16863,A,A,A,A,A,A,A,A,A,A
16864,A,A,A,A,A,A,A,A,A,A
16865,A,A,A,A,A,A,A,A,A,A
16866,A,A,A,A,A,A,A,A,A,A
16867,A,A,A,A,A,A,A,A,A,A
16868,A,A,A,A,A,A,A,A,A,A
16869,A,A,A,A,A,A,A,A,A,A
16870,A,A,A,A,A,A,A,A,A,A
16871,A,A,A,A,A,A,A,A,A,A
16872,A,A,A,A,A,A,A,A,A,A
16873,A,A,A,A,A,A,A,A,A,A
16874,A,A,A,A,A,A,A,A,A,A
16875,A,A,A,A,A,A,A,A,A,A
16876,A,A,A,A,A,A,A,A,A,A
16877,A,A,A,A,A,A,A,A,A,A
16878,A,A,A,A,A,A,A,A,A,A
16879,A,A,A,A,A,A,A,A,A,A
16880,A,A,A,A,A,A,A,A,A,A
16881,A,A,A,A,A,A,A,A,A,A
16882,A,A,A,A,A,A,A,A,A,A
16883,A,A,A,A,A,A,A,A,A,A
16884,A,A,A,A,A,A,A,A,A,A
16885,A,A,A,A,A,A,A,A,A,A
16886,A,A,A,A,A,A,A,A,A,A
16887,A,A,A,A,A,A,A,A,A,A
16888,A,A,A,A,A,A,A,A,A,A
16889,A,A,A,A,A,A,A,A,A,A
16890,A,A,A,A,A,A,A,A,A,A
16891,A,A,A,A,A,A,A,A,A,A
16892,A,A,A,A,A,A,A,A,A,A
16893,A,A,A,A,A,A,A,A,A,A
16894,A,A,A,A,A,A,A,A,A,A
16895,A,A,A,A,A,A,A,A,A,A
16896,A,A,A,A,A,A,A,A,A,A
16897,A,A,A,A,A,A,A,A,A,A
16898,A,A,A,A,A,A,A,A,A,A
16899,A,A,A,A,A,A,A,A,A,A
16900,A,A,A,A,A,A,A,A,A,A
16901,A,A,A,A,A,A,A,A,A,A
16902,A,A,A,A,A,A,A,A,A,A
16903,A,A,A,A,A,A,A,A,A,A
16904,A,A,A,A,A,A,A,A,A,A
16905,A,A,A,A,A,A,A,A,A,A
16906,A,A,A,A,A,A,A,A,A,A
16907,A,A,A,A,A,A,A,A,A,A
16908,A,A,A,A,A,A,A,A,A,A
16909,A,A,A,A,A,A,A,A,A,A
16910,A,A,A,A,A,A,A,A,A,A
16911,A,A,A,A,A,A,A,A,A,A
16912,A,A,A,A,A,A,A,A,A,A
16913,A,A,A,A,A,A,A,A,A,A
16914,A,A,A,A,A,A,A,A,A,A
16915,A,A,A,A,A,A,A,A,A,A
16916,A,A,A,A,A,A,A,A,A,A
16917,A,A,A,A,A,A,A,A,A,A
16918,A,A,A,A,A,A,A,A,A,A
16919,A,A,A,A,A,A,A,A,A,A
16920,L,L,L,L,L,L,L,L,L,L
16921,A,A,A,A,A,A,A,A,A,A
16922,A,A,A,A,A,A,A,A,A,A
16923,A,A,A,A,A,A,A,A,A,A
16924,A,A,A,A,A,A,A,A,A,A
16925,A,A,A,A,A,A,A,A,A,A
16926,A,A,A,A,A,A,A,A,A,A
16927,A,A,A,A,A,A,A,A,A,A
16928,A,A,A,A,A,A,A,A,A,A
16929,A,A,A,A,A,A,A,A,A,A
16930,A,A,A,A,A,A,A,A,A,A
16931,A,A,A,A,A,A,A,A,A,A
16932,A,A,A,A,A,A,A,A,A,A
16933,A,A,A,A,A,A,A,A,A,A
16934,A,A,A,A,A,A,A,A,A,A
16935,A,A,A,A,A,A,A,A,A,A
16936,A,A,A,A,A,A,A,A,A,A
16937,A,A,A,A,A,A,A,A,A,A
16938,A,A,A,A,A,A,A,A,A,A
16939,A,A,A,A,A,A,A,A,A,A
16940,A,A,A,A,A,A,A,A,A,A
16941,A,A,A,A,A,A,A,A,A,A
16942,A,A,A,A,A,A,A,A,A,A
16943,A,A,A,A,A,A,A,A,A,A
16944,A,A,A,A,A,A,A,A,A,A
16945,A,A,A,A,A,A,A,A,A,A
16946,A,A,A,A,A,A,A,A,A,A
16947,A,A,A,A,A,A,A,A,A,A
16948,A,A,A,A,A,A,A,A,A,A
16949,A,A,A,A,A,A,A,A,A,A
16950,A,A,A,A,A,A,A,A,A,A
16951,A,A,A,A,A,A,A,A,A,A
16952,A,A,A,A,A,A,A,A,A,A
16953,A,A,A,A,A,A,A,A,A,A
16954,A,A,A,A,A,A,A,A,A,A
16955,A,A,A,A,A,A,A,A,A,A
16956,A,A,A,A,A,A,A,A,A,A
16957,A,A,A,A,A,A,A,A,A,A
16958,A,A,A,A,A,A,A,A,A,A
16959,A,A,A,A,A,A,A,A,A,A
16960,A,A,A,A,A,A,A,A,A,A
16961,A,A,A,A,A,A,A,A,A,A
16962,A,A,A,A,A,A,A,A,A,A
16963,A,A,A,A,A,A,A,A,A,A
16964,A,A,A,A,A,A,A,A,A,A
16965,A,A,A,A,A,A,A,A,A,A
16966,A,A,A,A,A,A,A,A,A,A
16967,A,A,A,A,A,A,A,A,A,A
16968,A,A,A,A,A,A,A,A,A,A
16969,A,A,A,A,A,A,A,A,A,A
16970,A,A,A,A,A,A,A,A,A,A
16971,A,A,A,A,A,A,A,A,A,A
16972,A,A,A,A,A,A,A,A,A,A
16973,A,A,A,A,A,A,A,A,A,A
16974,A,A,A,A,A,A,A,A,A,A
16975,A,A,A,A,A,A,A,A,A,A
16976,A,A,A,A,A,A,A,A,A,A
16977,A,A,A,A,A,A,A,A,A,A
16978,A,A,A,A,A,A,A,A,A,A
16979,A,A,A,A,A,A,A,A,A,A
16980,A,A,A,A,A,A,A,A,A,A
16981,A,A,A,A,A,A,A,A,A,A
16982,A,A,A,A,A,A,A,A,A,A
16983,A,A,A,A,A,A,A,A,A,A
16984,A,A,A,A,A,A,A,A,A,A
16985,A,A,A,A,A,A,A,A,A,A
16986,A,A,A,A,A,A,A,A,A,A
16987,A,A,A,A,A,A,A,A,A,A
16988,A,A,A,A,A,A,A,A,A,A
16989,A,A,A,A,A,A,A,A,A,A
16990,A,A,A,A,A,A,A,A,A,A
16991,A,A,A,A,A,A,A,A,A,A
16992,A,A,A,A,A,A,A,A,A,A
16993,A,A,A,A,A,A,A,A,A,A
16994,A,A,A,A,A,A,A,A,A,A
16995,A,A,A,A,A,A,A,A,A,A
16996,A,A,A,A,A,A,A,A,A,A
16997,A,A,A,A,A,A,A,A,A,A
16998,A,A,A,A,A,A,A,A,A,A
16999,A,A,A,A,A,A,A,A,A,A
17000,A,A,A,A,A,A,A,A,A,A
17001,A,A,A,A,A,A,A,A,A,A
17002,A,A,A,A,A,A,A,A,A,A
17003,A,A,A,A,A,A,A,A,A,A
17004,A,A,A,A,A,A,A,A,A,A
17005,A,A,A,A,A,A,A,A,A,A
17006,A,A,A,A,A,A,A,A,A,A
17007,A,A,A,A,A,A,A,A,A,A
17008,A,A,A,A,A,A,A,A,A,A
17009,A,A,A,A,A,A,A,A,A,A
17010,A,A,A,A,A,A,A,A,A,A
17011,A,A,A,A,A,A,A,A,A,A
17012,A,A,A,A,A,A,A,A,A,A
17013,A,A,A,A,A,A,A,A,A,A
17014,A,A,A,A,A,A,A,A,A,A
17015,A,A,A,A,A,A,A,A,A,A
17016,A,A,A,A,A,A,A,A,A,A
17017,A,A,A,A,A,A,A,A,A,A
17018,A,A,A,A,A,A,A,A,A,A
17019,A,A,A,A,A,A,A,A,A,A
17020,A,A,A,A,A,A,A,A,A,A
17021,A,A,A,A,A,A,A,A,A,A
17022,A,A,A,A,A,A,A,A,A,A
17023,A,A,A,A,A,A,A,A,A,A
17024,A,A,A,A,A,A,A,A,A,A
17025,A,A,A,A,A,A,A,A,A,A
17026,A,A,A,A,A,A,A,A,A,A
17027,A,A,A,A,A,A,A,A,A,A
17028,A,A,A,A,A,A,A,A,A,A
17029,A,A,A,A,A,A,A,A,A,A
17030,A,A,A,A,A,A,A,A,A,A
17031,A,A,A,A,A,A,A,A,A,A
17032,A,A,A,A,A,A,A,A,A,A
17033,A,A,A,A,A,A,A,A,A,A
17034,A,A,A,A,A,A,A,A,A,A
17035,A,A,A,A,A,A,A,A,A,A
17036,A,A,A,A,A,A,A,A,A,A
17037,A,A,A,A,A,A,A,A,A,A
17038,A,A,A,A,A,A,A,A,A,A
17039,A,A,A,A,A,A,A,A,A,A
17040,A,A,A,A,A,A,A,A,A,A
17041,A,A,A,A,A,A,A,A,A,A
17042,A,A,A,A,A,A,A,A,A,A
17043,A,A,A,A,A,A,A,A,A,A
17044,A,A,A,A,A,A,A,A,A,A
17045,A,A,A,A,A,A,A,A,A,A
17046,A,A,A,A,A,A,A,A,A,A
17047,A,A,A,A,A,A,A,A,A,A
17048,A,A,A,A,A,A,A,A,A,A
17049,A,A,A,A,A,A,A,A,A,A
17050,A,A,A,A,A,A,A,A,A,A
17051,A,A,A,A,A,A,A,A,A,A
17052,A,A,A,A,A,A,A,A,A,A
17053,A,A,A,A,A,A,A,A,A,A
17054,A,A,A,A,A,A,A,A,A,A
17055,A,A,A,A,A,A,A,A,A,A
17056,A,A,A,A,A,A,A,A,A,A
17057,A,A,A,A,A,A,A,A,A,A
17058,A,A,A,A,A,A,A,A,A,A
17059,A,A,A,A,A,A,A,A,A,A
17060,A,A,A,A,A,A,A,A,A,A
17061,A,A,A,A,A,A,A,A,A,A
17062,A,A,A,A,A,A,A,A,A,A
17063,A,A,A,A,A,A,A,A,A,A
17064,A,A,A,A,A,A,A,A,A,A
17065,A,A,A,A,A,A,A,A,A,A
17066,A,A,A,A,A,A,A,A,A,A
17067,A,A,A,A,A,A,A,A,A,A
17068,A,A,A,A,A,A,A,A,A,A
17069,A,A,A,A,A,A,A,A,A,A
17070,A,A,A,A,A,A,A,A,A,A
17071,A,A,A,A,A,A,A,A,A,A
17072,A,A,A,A,A,A,A,A,A,A
17073,A,A,A,A,A,A,A,A,A,A
17074,A,A,A,A,A,A,A,A,A,A
17075,A,A,A,A,A,A,A,A,A,A
17076,A,A,A,A,A,A,A,A,A,A
17077,A,A,A,A,A,A,A,A,A,A
17078,A,A,A,A,A,A,A,A,A,A
17079,A,A,A,A,A,A,A,A,A,A
17080,A,A,A,A,A,A,A,A,A,A
17081,A,A,A,A,A,A,A,A,A,A
17082,A,A,A,A,A,A,A,A,A,A
17083,A,A,A,A,A,A,A,A,A,A
17084,A,A,A,A,A,A,A,A,A,A
17085,A,A,A,A,A,A,A,A,A,A
17086,A,A,A,A,A,A,A,A,A,A
17087,A,A,A,A,A,A,A,A,A,A
17088,A,A,A,A,A,A,A,A,A,A
17089,A,A,A,A,A,A,A,A,A,A
17090,A,A,A,A,A,A,A,A,A,A
17091,A,A,A,A,A,A,A,A,A,A
17092,A,A,A,A,A,A,A,A,A,A
17093,A,A,A,A,A,A,A,A,A,A
17094,A,A,A,A,A,A,A,A,A,A
17095,A,A,A,A,A,A,A,A,A,A
17096,A,A,A,A,A,A,A,A,A,A
17097,A,A,A,A,A,A,A,A,A,A
17098,A,A,A,A,A,A,A,A,A,A
17099,A,A,A,A,A,A,A,A,A,A
17100,A,A,A,A,A,A,A,A,A,A
17101,A,A,A,A,A,A,A,A,A,A
17102,A,A,A,A,A,A,A,A,A,A
17103,A,A,A,A,A,A,A,A,A,A
17104,A,A,A,A,A,A,A,A,A,A
17105,A,A,A,A,A,A,A,A,A,A
17106,A,A,A,A,A,A,A,A,A,A
17107,A,A,A,A,A,A,A,A,A,A
17108,A,A,A,A,A,A,A,A,A,A
17109,A,A,A,A,A,A,A,A,A,A
17110,A,A,A,A,A,A,A,A,A,A
17111,A,A,A,A,A,A,A,A,A,A
17112,A,A,A,A,A,A,A,A,A,A
17113,A,A,A,A,A,A,A,A,A,A
17114,A,A,A,A,A,A,A,A,A,A
17115,A,A,A,A,A,A,A,A,A,A
17116,A,A,A,A,A,A,A,A,A,A
17117,A,A,A,A,A,A,A,A,A,A
17118,A,A,A,A,A,A,A,A,A,A
17119,I,I,I,I,I,I,I,I,I,I
17120,A,A,A,A,A,A,A,A,A,A
17121,A,A,A,A,A,A,A,A,A,A
17122,A,A,A,A,A,A,A,A,A,A
17123,A,A,A,A,A,A,A,A,A,A
17124,A,A,A,A,A,A,A,A,A,A
17125,A,A,A,A,A,A,A,A,A,A
17126,A,A,A,A,A,A,A,A,A,A
17127,A,A,A,A,A,A,A,A,A,A
17128,A,A,A,A,A,A,A,A,A,A
17129,I,I,I,I,I,I,I,I,I,I
17130,A,A,A,A,A,A,A,A,A,A
17131,A,A,A,A,A,A,A,A,A,A
17132,A,A,A,A,A,A,A,A,A,A
17133,A,A,A,A,A,A,A,A,A,A
17134,A,A,A,A,A,A,A,A,A,A
17135,A,A,A,A,A,A,A,A,A,A
17136,A,A,A,A,A,A,A,A,A,A
17137,A,A,A,A,A,A,A,A,A,A
17138,A,A,A,A,A,A,A,A,A,A
17139,A,A,A,A,A,A,A,A,A,A
17140,A,A,A,A,A,A,A,A,A,A
17141,A,A,A,A,A,A,A,A,A,A
17142,A,A,A,A,A,A,A,A,A,A
17143,A,A,A,A,A,A,A,A,A,A
17144,A,A,A,A,A,A,A,A,A,A
17145,A,A,A,A,A,A,A,A,A,A
17146,A,A,A,A,A,A,A,A,A,A
17147,A,A,A,A,A,A,A,A,A,A
17148,A,A,A,A,A,A,A,A,A,A
17149,A,A,A,A,A,A,A,A,A,A
17150,A,A,A,A,A,A,A,A,A,A
17151,A,A,A,A,A,A,A,A,A,A
17152,A,A,A,A,A,A,A,A,A,A
17153,A,A,A,A,A,A,A,A,A,A
17154,A,A,A,A,A,A,A,A,A,A
17155,A,A,A,A,A,A,A,A,A,A
17156,A,A,A,A,A,A,A,A,A,A
17157,A,A,A,A,A,A,A,A,A,A
17158,A,A,A,A,A,A,A,A,A,A
17159,A,A,A,A,A,A,A,A,A,A
17160,A,A,A,A,A,A,A,A,A,A
17161,A,A,A,A,A,A,A,A,A,A
17162,A,A,A,A,A,A,A,A,A,A
17163,A,A,A,A,A,A,A,A,A,A
17164,A,A,A,A,A,A,A,A,A,A
17165,A,A,A,A,A,A,A,A,A,A
17166,A,A,A,A,A,A,A,A,A,A
17167,A,A,A,A,A,A,A,A,A,A
17168,A,A,A,A,A,A,A,A,A,A
17169,L,L,L,L,L,L,L,L,L,L
17170,A,A,A,A,A,A,A,A,A,A
17171,A,A,A,A,A,A,A,A,A,A
17172,A,A,A,A,A,A,A,A,A,A
17173,A,A,A,A,A,A,A,A,A,A
17174,A,A,A,A,A,A,A,A,A,A
17175,A,A,A,A,A,A,A,A,A,A
17176,A,A,A,A,A,A,A,A,A,A
17177,A,A,A,A,A,A,A,A,A,A
17178,A,A,A,A,A,A,A,A,A,A
17179,A,A,A,A,A,A,A,A,A,A
17180,A,A,A,A,A,A,A,A,A,A
17181,A,A,A,A,A,A,A,A,A,A
17182,A,A,A,A,A,A,A,A,A,A
17183,A,A,A,A,A,A,A,A,A,A
17184,A,A,A,A,A,A,A,A,A,A
17185,A,A,A,A,A,A,A,A,A,A
17186,A,A,A,A,A,A,A,A,A,A
17187,A,A,A,A,A,A,A,A,A,A
17188,A,A,A,A,A,A,A,A,A,A
17189,A,A,A,A,A,A,A,A,A,A
17190,A,A,A,A,A,A,A,A,A,A
17191,A,A,A,A,A,A,A,A,A,A
17192,A,A,A,A,A,A,A,A,A,A
17193,A,A,A,A,A,A,A,A,A,A
17194,A,A,A,A,A,A,A,A,A,A
17195,A,A,A,A,A,A,A,A,A,A
17196,A,A,A,A,A,A,A,A,A,A
17197,A,A,A,A,A,A,A,A,A,A
17198,A,A,A,A,A,A,A,A,A,A
17199,A,A,A,A,A,A,A,A,A,A
17200,A,A,A,A,A,A,A,A,A,A
17201,A,A,A,A,A,A,A,A,A,A
17202,A,A,A,A,A,A,A,A,A,A
17203,A,A,A,A,A,A,A,A,A,A
17204,A,A,A,A,A,A,A,A,A,A
17205,A,A,A,A,A,A,A,A,A,A
17206,A,A,A,A,A,A,A,A,A,A
17207,A,A,A,A,A,A,A,A,A,A
17208,A,A,A,A,A,A,A,A,A,A
17209,A,A,A,A,A,A,A,A,A,A
17210,A,A,A,A,A,A,A,A,A,A
17211,A,A,A,A,A,A,A,A,A,A
17212,A,A,A,A,A,A,A,A,A,A
17213,A,A,A,A,A,A,A,A,A,A
17214,A,A,A,A,A,A,A,A,A,A
17215,A,A,A,A,A,A,A,A,A,A
17216,A,A,A,A,A,A,A,A,A,A
17217,A,A,A,A,A,A,A,A,A,A
17218,A,A,A,A,A,A,A,A,A,A
17219,A,A,A,A,A,A,A,A,A,A
17220,A,A,A,A,A,A,A,A,A,A
17221,A,A,A,A,A,A,A,A,A,A
17222,A,A,A,A,A,A,A,A,A,A
17223,A,A,A,A,A,A,A,A,A,A
17224,A,A,A,A,A,A,A,A,A,A
17225,A,A,A,A,A,A,A,A,A,A
17226,A,A,A,A,A,A,A,A,A,A
17227,A,A,A,A,A,A,A,A,A,A
17228,A,A,A,A,A,A,A,A,A,A
17229,A,A,A,A,A,A,A,A,A,A
17230,A,A,A,A,A,A,A,A,A,A
17231,A,A,A,A,A,A,A,A,A,A
17232,A,A,A,A,A,A,A,A,A,A
17233,A,A,A,A,A,A,A,A,A,A
17234,A,A,A,A,A,A,A,A,A,A
17235,A,A,A,A,A,A,A,A,A,A
17236,A,A,A,A,A,A,A,A,A,A
17237,A,A,A,A,A,A,A,A,A,A
17238,A,A,A,A,A,A,A,A,A,A
17239,A,A,A,A,A,A,A,A,A,A
17240,A,A,A,A,A,A,A,A,A,A
17241,A,A,A,A,A,A,A,A,A,A
17242,A,A,A,A,A,A,A,A,A,A
17243,A,A,A,A,A,A,A,A,A,A
17244,A,A,A,A,A,A,A,A,A,A
17245,A,A,A,A,A,A,A,A,A,A
17246,A,A,A,A,A,A,A,A,A,A
17247,A,A,A,A,A,A,A,A,A,A
17248,A,A,A,A,A,A,A,A,A,A
17249,A,A,A,A,A,A,A,A,A,A
17250,A,A,A,A,A,A,A,A,A,A
17251,A,A,A,A,A,A,A,A,A,A
17252,A,A,A,A,A,A,A,A,A,A
17253,A,A,A,A,A,A,A,A,A,A
17254,A,A,A,A,A,A,A,A,A,A
17255,A,A,A,A,A,A,A,A,A,A
17256,A,A,A,A,A,A,A,A,A,A
17257,A,A,A,A,A,A,A,A,A,A
17258,A,A,A,A,A,A,A,A,A,A
17259,A,A,A,A,A,A,A,A,A,A
17260,A,A,A,A,A,A,A,A,A,A
17261,A,A,A,A,A,A,A,A,A,A
17262,A,A,A,A,A,A,A,A,A,A
17263,A,A,A,A,A,A,A,A,A,A
17264,A,A,A,A,A,A,A,A,A,A
17265,A,A,A,A,A,A,A,A,A,A
17266,A,A,A,A,A,A,A,A,A,A
17267,A,A,A,A,A,A,A,A,A,A
17268,A,A,A,A,A,A,A,A,A,A
17269,A,A,A,A,A,A,A,A,A,A
17270,A,A,A,A,A,A,A,A,A,A
17271,A,A,A,A,A,A,A,A,A,A
17272,A,A,A,A,A,A,A,A,A,A
17273,A,A,A,A,A,A,A,A,A,A
17274,A,A,A,A,A,A,A,A,A,A
17275,A,A,A,A,A,A,A,A,A,A
17276,A,A,A,A,A,A,A,A,A,A
17277,A,A,A,A,A,A,A,A,A,A
17278,A,A,A,A,A,A,A,A,A,A
17279,A,A,A,A,A,A,A,A,A,A
17280,A,A,A,A,A,A,A,A,A,A
17281,A,A,A,A,A,A,A,A,A,A
17282,A,A,A,A,A,A,A,A,A,A
17283,A,A,A,A,A,A,A,A,A,A
17284,A,A,A,A,A,A,A,A,A,A
17285,A,A,A,A,A,A,A,A,A,A
17286,A,A,A,A,A,A,A,A,A,A
17287,A,A,A,A,A,A,A,A,A,A
17288,A,A,A,A,A,A,A,A,A,A
17289,A,A,A,A,A,A,A,A,A,A
17290,A,A,A,A,A,A,A,A,A,A
17291,A,A,A,A,A,A,A,A,A,A
17292,A,A,A,A,A,A,A,A,A,A
17293,A,A,A,A,A,A,A,A,A,A
17294,A,A,A,A,A,A,A,A,A,A
17295,A,A,A,A,A,A,A,A,A,A
17296,A,A,A,A,A,A,A,A,A,A
17297,A,A,A,A,A,A,A,A,A,A
17298,A,A,A,A,A,A,A,A,A,A
17299,A,A,A,A,A,A,A,A,A,A
17300,A,A,A,A,A,A,A,A,A,A
17301,A,A,A,A,A,A,A,A,A,A
17302,A,A,A,A,A,A,A,A,A,A
17303,A,A,A,A,A,A,A,A,A,A
17304,A,A,A,A,A,A,A,A,A,A
17305,A,A,A,A,A,A,A,A,A,A
17306,A,A,A,A,A,A,A,A,A,A
17307,A,A,A,A,A,A,A,A,A,A
17308,A,A,A,A,A,A,A,A,A,A
17309,A,A,A,A,A,A,A,A,A,A
17310,A,A,A,A,A,A,A,A,A,A
17311,A,A,A,A,A,A,A,A,A,A
17312,A,A,A,A,A,A,A,A,A,A
17313,A,A,A,A,A,A,A,A,A,A
17314,A,A,A,A,A,A,A,A,A,A
17315,A,A,A,A,A,A,A,A,A,A
17316,A,A,A,A,A,A,A,A,A,A
17317,H,H,H,H,H,H,H,H,H,H
17318,A,A,A,A,A,A,A,A,A,A
17319,A,A,A,A,A,A,A,A,A,A
17320,A,A,A,A,A,A,A,A,A,A
17321,A,A,A,A,A,A,A,A,A,A
17322,A,A,A,A,A,A,A,A,A,A
17323,A,A,A,A,A,A,A,A,A,A
17324,A,A,A,A,A,A,A,A,A,A
17325,A,A,A,A,A,A,A,A,A,A
17326,A,A,A,A,A,A,A,A,A,A
17327,A,A,A,A,A,A,A,A,A,A
17328,A,A,A,A,A,A,A,A,A,A
17329,A,A,A,A,A,A,A,A,A,A
17330,A,A,A,A,A,A,A,A,A,A
17331,A,A,A,A,A,A,A,A,A,A
17332,A,A,A,A,A,A,A,A,A,A
17333,A,A,A,A,A,A,A,A,A,A
17334,A,A,A,A,A,A,A,A,A,A
17335,A,A,A,A,A,A,A,A,A,A
17336,A,A,A,A,A,A,A,A,A,A
17337,A,A,A,A,A,A,A,A,A,A
17338,A,A,A,A,A,A,A,A,A,A
17339,A,A,A,A,A,A,A,A,A,A
17340,A,A,A,A,A,A,A,A,A,A
17341,A,A,A,A,A,A,A,A,A,A
17342,A,A,A,A,A,A,A,A,A,A
17343,A,A,A,A,A,A,A,A,A,A
17344,A,A,A,A,A,A,A,A,A,A
17345,A,A,A,A,A,A,A,A,A,A
17346,A,A,A,A,A,A,A,A,A,A
17347,A,A,A,A,A,A,A,A,A,A
17348,A,A,A,A,A,A,A,A,A,A
17349,A,A,A,A,A,A,A,A,A,A
17350,A,A,A,A,A,A,A,A,A,A
17351,A,A,A,A,A,A,A,A,A,A
17352,A,A,A,A,A,A,A,A,A,A
17353,A,A,A,A,A,A,A,A,A,A
17354,A,A,A,A,A,A,A,A,A,A
17355,A,A,A,A,A,A,A,A,A,A
17356,A,A,A,A,A,A,A,A,A,A
17357,A,A,A,A,A,A,A,A,A,A
17358,A,A,A,A,A,A,A,A,A,A
17359,A,A,A,A,A,A,A,A,A,A
17360,A,A,A,A,A,A,A,A,A,A
17361,A,A,A,A,A,A,A,A,A,A
17362,A,A,A,A,A,A,A,A,A,A
17363,A,A,A,A,A,A,A,A,A,A
17364,A,A,A,A,A,A,A,A,A,A
17365,A,A,A,A,A,A,A,A,A,A
17366,A,A,A,A,A,A,A,A,A,A
17367,A,A,A,A,A,A,A,A,A,A
17368,A,A,A,A,A,A,A,A,A,A
17369,A,A,A,A,A,A,A,A,A,A
17370,A,A,A,A,A,A,A,A,A,A
17371,A,A,A,A,A,A,A,A,A,A
17372,A,A,A,A,A,A,A,A,A,A
17373,A,A,A,A,A,A,A,A,A,A
17374,A,A,A,A,A,A,A,A,A,A
17375,A,A,A,A,A,A,A,A,A,A
17376,A,A,A,A,A,A,A,A,A,A
17377,A,A,A,A,A,A,A,A,A,A
17378,A,A,A,A,A,A,A,A,A,A
17379,A,A,A,A,A,A,A,A,A,A
17380,A,A,A,A,A,A,A,A,A,A
17381,A,A,A,A,A,A,A,A,A,A
17382,A,A,A,A,A,A,A,A,A,A
17383,A,A,A,A,A,A,A,A,A,A
17384,A,A,A,A,A,A,A,A,A,A
17385,A,A,A,A,A,A,A,A,A,A
17386,A,A,A,A,A,A,A,A,A,A
17387,A,A,A,A,A,A,A,A,A,A
17388,A,A,A,A,A,A,A,A,A,A
17389,A,A,A,A,A,A,A,A,A,A
17390,A,A,A,A,A,A,A,A,A,A
17391,A,A,A,A,A,A,A,A,A,A
17392,A,A,A,A,A,A,A,A,A,A
17393,A,A,A,A,A,A,A,A,A,A
17394,A,A,A,A,A,A,A,A,A,A
17395,A,A,A,A,A,A,A,A,A,A
17396,A,A,A,A,A,A,A,A,A,A
17397,A,A,A,A,A,A,A,A,A,A
17398,A,A,A,A,A,A,A,A,A,A
17399,A,A,A,A,A,A,A,A,A,A
17400,A,A,A,A,A,A,A,A,A,A
17401,A,A,A,A,A,A,A,A,A,A
17402,A,A,A,A,A,A,A,A,A,A
17403,A,A,A,A,A,A,A,A,A,A
17404,A,A,A,A,A,A,A,A,A,A
17405,A,A,A,A,A,A,A,A,A,A
17406,A,A,A,A,A,A,A,A,A,A
17407,A,A,A,A,A,A,A,A,A,A
17408,A,A,A,A,A,A,A,A,A,A
17409,A,A,A,A,A,A,A,A,A,A
17410,A,A,A,A,A,A,A,A,A,A
17411,A,A,A,A,A,A,A,A,A,A
17412,A,A,A,A,A,A,A,A,A,A
17413,A,A,A,A,A,A,A,A,A,A
17414,A,A,A,A,A,A,A,A,A,A
17415,A,A,A,A,A,A,A,A,A,A
17416,A,A,A,A,A,A,A,A,A,A
17417,A,A,A,A,A,A,A,A,A,A
17418,A,A,A,A,A,A,A,A,A,A
17419,A,A,A,A,A,A,A,A,A,A
17420,A,A,A,A,A,A,A,A,A,A
17421,A,A,A,A,A,A,A,A,A,A
17422,A,A,A,A,A,A,A,A,A,A
17423,A,A,A,A,A,A,A,A,A,A
17424,A,A,A,A,A,A,A,A,A,A
17425,A,A,A,A,A,A,A,A,A,A
17426,A,A,A,A,A,A,A,A,A,A
17427,A,A,A,A,A,A,A,A,A,A
17428,A,A,A,A,A,A,A,A,A,A
17429,A,A,A,A,A,A,A,A,A,A
17430,A,A,A,A,A,A,A,A,A,A
17431,A,A,A,A,A,A,A,A,A,A
17432,A,A,A,A,A,A,A,A,A,A
17433,A,A,A,A,A,A,A,A,A,A
17434,A,A,A,A,A,A,A,A,A,A
17435,A,A,A,A,A,A,A,A,A,A
17436,A,A,A,A,A,A,A,A,A,A
17437,A,A,A,A,A,A,A,A,A,A
17438,A,A,A,A,A,A,A,A,A,A
17439,A,A,A,A,A,A,A,A,A,A
17440,A,A,A,A,A,A,A,A,A,A
17441,A,A,A,A,A,A,A,A,A,A
17442,A,A,A,A,A,A,A,A,A,A
17443,A,A,A,A,A,A,A,A,A,A
17444,A,A,A,A,A,A,A,A,A,A
17445,A,A,A,A,A,A,A,A,A,A
17446,A,A,A,A,A,A,A,A,A,A
17447,A,A,A,A,A,A,A,A,A,A
17448,A,A,A,A,A,A,A,A,A,A
17449,A,A,A,A,A,A,A,A,A,A
17450,A,A,A,A,A,A,A,A,A,A
17451,A,A,A,A,A,A,A,A,A,A
17452,A,A,A,A,A,A,A,A,A,A
17453,A,A,A,A,A,A,A,A,A,A
17454,A,A,A,A,A,A,A,A,A,A
17455,A,A,A,A,A,A,A,A,A,A
17456,A,A,A,A,A,A,A,A,A,A
17457,A,A,A,A,A,A,A,A,A,A
17458,A,A,A,A,A,A,A,A,A,A
17459,A,A,A,A,A,A,A,A,A,A
17460,A,A,A,A,A,A,A,A,A,A
17461,L,L,L,L,L,L,L,L,L,L
17462,A,A,A,A,A,A,A,A,A,A
17463,A,A,A,A,A,A,A,A,A,A
17464,A,A,A,A,A,A,A,A,A,A
17465,A,A,A,A,A,A,A,A,A,A
17466,A,A,A,A,A,A,A,A,A,A
17467,A,A,A,A,A,A,A,A,A,A
17468,A,A,A,A,A,A,A,A,A,A
17469,A,A,A,A,A,A,A,A,A,A
17470,A,A,A,A,A,A,A,A,A,A
17471,A,A,A,A,A,A,A,A,A,A
17472,A,A,A,A,A,A,A,A,A,A
17473,A,A,A,A,A,A,A,A,A,A
17474,A,A,A,A,A,A,A,A,A,A
17475,A,A,A,A,A,A,A,A,A,A
17476,A,A,A,A,A,A,A,A,A,A
17477,A,A,A,A,A,A,A,A,A,A
17478,A,A,A,A,A,A,A,A,A,A
17479,A,A,A,A,A,A,A,A,A,A
17480,A,A,A,A,A,A,A,A,A,A
17481,A,A,A,A,A,A,A,A,A,A
17482,A,A,A,A,A,A,A,A,A,A
17483,A,A,A,A,A,A,A,A,A,A
17484,A,A,A,A,A,A,A,A,A,A
17485,A,A,A,A,A,A,A,A,A,A
17486,A,A,A,A,A,A,A,A,A,A
17487,A,A,A,A,A,A,A,A,A,A
17488,A,A,A,A,A,A,A,A,A,A
17489,A,A,A,A,A,A,A,A,A,A
17490,A,A,A,A,A,A,A,A,A,A
17491,A,A,A,A,A,A,A,A,A,A
17492,A,A,A,A,A,A,A,A,A,A
17493,A,A,A,A,A,A,A,A,A,A
17494,A,A,A,A,A,A,A,A,A,A
17495,A,A,A,A,A,A,A,A,A,A
17496,A,A,A,A,A,A,A,A,A,A
17497,A,A,A,A,A,A,A,A,A,A
17498,A,A,A,A,A,A,A,A,A,A
17499,A,A,A,A,A,A,A,A,A,A
17500,A,A,A,A,A,A,A,A,A,A
17501,A,A,A,A,A,A,A,A,A,A
17502,A,A,A,A,A,A,A,A,A,A
17503,A,A,A,A,A,A,A,A,A,A
17504,A,A,A,A,A,A,A,A,A,A
17505,A,A,A,A,A,A,A,A,A,A
17506,A,A,A,A,A,A,A,A,A,A
17507,A,A,A,A,A,A,A,A,A,A
17508,A,A,A,A,A,A,A,A,A,A
17509,A,A,A,A,A,A,A,A,A,A
17510,A,A,A,A,A,A,A,A,A,A
17511,A,A,A,A,A,A,A,A,A,A
17512,A,A,A,A,A,A,A,A,A,A
17513,A,A,A,A,A,A,A,A,A,A
17514,A,A,A,A,A,A,A,A,A,A
17515,A,A,A,A,A,A,A,A,A,A
17516,A,A,A,A,A,A,A,A,A,A
17517,A,A,A,A,A,A,A,A,A,A
17518,A,A,A,A,A,A,A,A,A,A
17519,A,A,A,A,A,A,A,A,A,A
17520,A,A,A,A,A,A,A,A,A,A
17521,A,A,A,A,A,A,A,A,A,A
17522,A,A,A,A,A,A,A,A,A,A
17523,A,A,A,A,A,A,A,A,A,A
17524,A,A,A,A,A,A,A,A,A,A
17525,A,A,A,A,A,A,A,A,A,A
17526,A,A,A,A,A,A,A,A,A,A
17527,A,A,A,A,A,A,A,A,A,A
17528,A,A,A,A,A,A,A,A,A,A
17529,A,A,A,A,A,A,A,A,A,A
17530,A,A,A,A,A,A,A,A,A,A
17531,A,A,A,A,A,A,A,A,A,A
17532,A,A,A,A,A,A,A,A,A,A
17533,A,A,A,A,A,A,A,A,A,A
17534,A,A,A,A,A,A,A,A,A,A
17535,A,A,A,A,A,A,A,A,A,A
17536,A,A,A,A,A,A,A,A,A,A
17537,A,A,A,A,A,A,A,A,A,A
17538,A,A,A,A,A,A,A,A,A,A
17539,A,A,A,A,A,A,A,A,A,A
17540,A,A,A,A,A,A,A,A,A,A
17541,A,A,A,A,A,A,A,A,A,A
17542,A,A,A,A,A,A,A,A,A,A
17543,A,A,A,A,A,A,A,A,A,A
17544,A,A,A,A,A,A,A,A,A,A
17545,A,A,A,A,A,A,A,A,A,A
17546,A,A,A,A,A,A,A,A,A,A
17547,A,A,A,A,A,A,A,A,A,A
17548,A,A,A,A,A,A,A,A,A,A
17549,A,A,A,A,A,A,A,A,A,A
17550,A,A,A,A,A,A,A,A,A,A
17551,A,A,A,A,A,A,A,A,A,A
17552,A,A,A,A,A,A,A,A,A,A
17553,A,A,A,A,A,A,A,A,A,A
17554,A,A,A,A,A,A,A,A,A,A
17555,A,A,A,A,A,A,A,A,A,A
17556,A,A,A,A,A,A,A,A,A,A
17557,A,A,A,A,A,A,A,A,A,A
17558,A,A,A,A,A,A,A,A,A,A
17559,A,A,A,A,A,A,A,A,A,A
17560,A,A,A,A,A,A,A,A,A,A
17561,A,A,A,A,A,A,A,A,A,A
17562,A,A,A,A,A,A,A,A,A,A
17563,A,A,A,A,A,A,A,A,A,A
17564,A,A,A,A,A,A,A,A,A,A
17565,A,A,A,A,A,A,A,A,A,A
17566,A,A,A,A,A,A,A,A,A,A
17567,A,A,A,A,A,A,A,A,A,A
17568,A,A,A,A,A,A,A,A,A,A
17569,A,A,A,A,A,A,A,A,A,A
17570,A,A,A,A,A,A,A,A,A,A
17571,A,A,A,A,A,A,A,A,A,A
17572,A,A,A,A,A,A,A,A,A,A
17573,A,A,A,A,A,A,A,A,A,A
17574,A,A,A,A,A,A,A,A,A,A
17575,A,A,A,A,A,A,A,A,A,A
17576,A,A,A,A,A,A,A,A,A,A
17577,A,A,A,A,A,A,A,A,A,A
17578,A,A,A,A,A,A,A,A,A,A
17579,A,A,A,A,A,A,A,A,A,A
17580,A,A,A,A,A,A,A,A,A,A
17581,A,A,A,A,A,A,A,A,A,A
17582,A,A,A,A,A,A,A,A,A,A
17583,A,A,A,A,A,A,A,A,A,A
17584,A,A,A,A,A,A,A,A,A,A
17585,A,A,A,A,A,A,A,A,A,A
17586,A,A,A,A,A,A,A,A,A,A
17587,A,A,A,A,A,A,A,A,A,A
17588,A,A,A,A,A,A,A,A,A,A
17589,A,A,A,A,A,A,A,A,A,A
17590,A,A,A,A,A,A,A,A,A,A
17591,A,A,A,A,A,A,A,A,A,A
17592,A,A,A,A,A,A,A,A,A,A
17593,A,A,A,A,A,A,A,A,A,A
17594,A,A,A,A,A,A,A,A,A,A
17595,A,A,A,A,A,A,A,A,A,A
17596,A,A,A,A,A,A,A,A,A,A
17597,A,A,A,A,A,A,A,A,A,A
17598,A,A,A,A,A,A,A,A,A,A
17599,A,A,A,A,A,A,A,A,A,A
17600,A,A,A,A,A,A,A,A,A,A
17601,A,A,A,A,A,A,A,A,A,A
17602,A,A,A,A,A,A,A,A,A,A
17603,A,A,A,A,A,A,A,A,A,A
17604,A,A,A,A,A,A,A,A,A,A
17605,A,A,A,A,A,A,A,A,A,A
17606,A,A,A,A,A,A,A,A,A,A
17607,A,A,A,A,A,A,A,A,A,A
17608,A,A,A,A,A,A,A,A,A,A
17609,A,A,A,A,A,A,A,A,A,A
17610,A,A,A,A,A,A,A,A,A,A
17611,A,A,A,A,A,A,A,A,A,A
17612,A,A,A,A,A,A,A,A,A,A
17613,A,A,A,A,A,A,A,A,A,A
17614,A,A,A,A,A,A,A,A,A,A
17615,A,A,A,A,A,A,A,A,A,A
17616,A,A,A,A,A,A,A,A,A,A
17617,A,A,A,A,A,A,A,A,A,A
17618,A,A,A,A,A,A,A,A,A,A
17619,L,L,L,L,L,L,L,L,L,L
17620,H,H,H,H,H,H,H,H,H,H
17621,L,L,L,L,L,L,L,L,L,L
17622,H,H,H,H,H,H,H,H,H,H
17623,A,A,A,A,A,A,A,A,A,A
17624,A,A,A,A,A,A,A,A,A,A
17625,A,A,A,A,A,A,A,A,A,A
17626,A,A,A,A,A,A,A,A,A,A
17627,A,A,A,A,A,A,A,A,A,A
17628,A,A,A,A,A,A,A,A,A,A
17629,A,A,A,A,A,A,A,A,A,A
17630,A,A,A,A,A,A,A,A,A,A
17631,A,A,A,A,A,A,A,A,A,A
17632,A,A,A,A,A,A,A,A,A,A
17633,A,A,A,A,A,A,A,A,A,A
17634,A,A,A,A,A,A,A,A,A,A
17635,A,A,A,A,A,A,A,A,A,A
17636,A,A,A,A,A,A,A,A,A,A
17637,A,A,A,A,A,A,A,A,A,A
17638,A,A,A,A,A,A,A,A,A,A
17639,A,A,A,A,A,A,A,A,A,A
17640,A,A,A,A,A,A,A,A,A,A
17641,A,A,A,A,A,A,A,A,A,A
17642,A,A,A,A,A,A,A,A,A,A
17643,A,A,A,A,A,A,A,A,A,A
17644,A,A,A,A,A,A,A,A,A,A
17645,A,A,A,A,A,A,A,A,A,A
17646,A,A,A,A,A,A,A,A,A,A
17647,A,A,A,A,A,A,A,A,A,A
17648,A,A,A,A,A,A,A,A,A,A
17649,A,A,A,A,A,A,A,A,A,A
17650,A,A,A,A,A,A,A,A,A,A
17651,A,A,A,A,A,A,A,A,A,A
17652,A,A,A,A,A,A,A,A,A,A
17653,A,A,A,A,A,A,A,A,A,A
17654,A,A,A,A,A,A,A,A,A,A
17655,A,A,A,A,A,A,A,A,A,A
17656,A,A,A,A,A,A,A,A,A,A
17657,A,A,A,A,A,A,A,A,A,A
17658,A,A,A,A,A,A,A,A,A,A
17659,A,A,A,A,A,A,A,A,A,A
17660,A,A,A,A,A,A,A,A,A,A
17661,A,A,A,A,A,A,A,A,A,A
17662,A,A,A,A,A,A,A,A,A,A
17663,A,A,A,A,A,A,A,A,A,A
17664,A,A,A,A,A,A,A,A,A,A
17665,A,A,A,A,A,A,A,A,A,A
17666,A,A,A,A,A,A,A,A,A,A
17667,A,A,A,A,A,A,A,A,A,A
17668,A,A,A,A,A,A,A,A,A,A
17669,A,A,A,A,A,A,A,A,A,A
17670,A,A,A,A,A,A,A,A,A,A
17671,A,A,A,A,A,A,A,A,A,A
17672,A,A,A,A,A,A,A,A,A,A
17673,A,A,A,A,A,A,A,A,A,A
17674,A,A,A,A,A,A,A,A,A,A
17675,A,A,A,A,A,A,A,A,A,A
17676,A,A,A,A,A,A,A,A,A,A
17677,A,A,A,A,A,A,A,A,A,A
17678,A,A,A,A,A,A,A,A,A,A
17679,A,A,A,A,A,A,A,A,A,A
17680,A,A,A,A,A,A,A,A,A,A
17681,A,A,A,A,A,A,A,A,A,A
17682,A,A,A,A,A,A,A,A,A,A
17683,A,A,A,A,A,A,A,A,A,A
17684,A,A,A,A,A,A,A,A,A,A
17685,A,A,A,A,A,A,A,A,A,A
17686,A,A,A,A,A,A,A,A,A,A
17687,A,A,A,A,A,A,A,A,A,A
17688,A,A,A,A,A,A,A,A,A,A
17689,A,A,A,A,A,A,A,A,A,A
17690,A,A,A,A,A,A,A,A,A,A
17691,A,A,A,A,A,A,A,A,A,A
17692,A,A,A,A,A,A,A,A,A,A
17693,A,A,A,A,A,A,A,A,A,A
17694,A,A,A,A,A,A,A,A,A,A
17695,A,A,A,A,A,A,A,A,A,A
17696,A,A,A,A,A,A,A,A,A,A
17697,A,A,A,A,A,A,A,A,A,A
17698,A,A,A,A,A,A,A,A,A,A
17699,A,A,A,A,A,A,A,A,A,A
17700,A,A,A,A,A,A,A,A,A,A
17701,A,A,A,A,A,A,A,A,A,A
17702,A,A,A,A,A,A,A,A,A,A
17703,A,A,A,A,A,A,A,A,A,A
17704,A,A,A,A,A,A,A,A,A,A
17705,A,A,A,A,A,A,A,A,A,A
17706,A,A,A,A,A,A,A,A,A,A
17707,A,A,A,A,A,A,A,A,A,A
17708,A,A,A,A,A,A,A,A,A,A
17709,A,A,A,A,A,A,A,A,A,A
17710,A,A,A,A,A,A,A,A,A,A
17711,A,A,A,A,A,A,A,A,A,A
17712,A,A,A,A,A,A,A,A,A,A
17713,A,A,A,A,A,A,A,A,A,A
17714,A,A,A,A,A,A,A,A,A,A
17715,A,A,A,A,A,A,A,A,A,A
17716,A,A,A,A,A,A,A,A,A,A
17717,A,A,A,A,A,A,A,A,A,A
17718,A,A,A,A,A,A,A,A,A,A
17719,A,A,A,A,A,A,A,A,A,A
17720,A,A,A,A,A,A,A,A,A,A
17721,A,A,A,A,A,A,A,A,A,A
17722,A,A,A,A,A,A,A,A,A,A
17723,A,A,A,A,A,A,A,A,A,A
17724,A,A,A,A,A,A,A,A,A,A
17725,A,A,A,A,A,A,A,A,A,A
17726,A,A,A,A,A,A,A,A,A,A
17727,A,A,A,A,A,A,A,A,A,A
17728,A,A,A,A,A,A,A,A,A,A
17729,A,A,A,A,A,A,A,A,A,A
17730,A,A,A,A,A,A,A,A,A,A
17731,A,A,A,A,A,A,A,A,A,A
17732,A,A,A,A,A,A,A,A,A,A
17733,A,A,A,A,A,A,A,A,A,A
17734,A,A,A,A,A,A,A,A,A,A
17735,A,A,A,A,A,A,A,A,A,A
17736,A,A,A,A,A,A,A,A,A,A
17737,A,A,A,A,A,A,A,A,A,A
17738,A,A,A,A,A,A,A,A,A,A
17739,A,A,A,A,A,A,A,A,A,A
17740,A,A,A,A,A,A,A,A,A,A
17741,A,A,A,A,A,A,A,A,A,A
17742,A,A,A,A,A,A,A,A,A,A
17743,A,A,A,A,A,A,A,A,A,A
17744,A,A,A,A,A,A,A,A,A,A
17745,A,A,A,A,A,A,A,A,A,A
17746,A,A,A,A,A,A,A,A,A,A
17747,A,A,A,A,A,A,A,A,A,A
17748,A,A,A,A,A,A,A,A,A,A
17749,A,A,A,A,A,A,A,A,A,A
17750,A,A,A,A,A,A,A,A,A,A
17751,A,A,A,A,A,A,A,A,A,A
17752,A,A,A,A,A,A,A,A,A,A
17753,A,A,A,A,A,A,A,A,A,A
17754,A,A,A,A,A,A,A,A,A,A
17755,A,A,A,A,A,A,A,A,A,A
17756,A,A,A,A,A,A,A,A,A,A
17757,A,A,A,A,A,A,A,A,A,A
17758,A,A,A,A,A,A,A,A,A,A
17759,A,A,A,A,A,A,A,A,A,A
17760,A,A,A,A,A,A,A,A,A,A
17761,A,A,A,A,A,A,A,A,A,A
17762,A,A,A,A,A,A,A,A,A,A
17763,A,A,A,A,A,A,A,A,A,A
17764,A,A,A,A,A,A,A,A,A,A
17765,A,A,A,A,A,A,A,A,A,A
17766,A,A,A,A,A,A,A,A,A,A
17767,A,A,A,A,A,A,A,A,A,A
17768,A,A,A,A,A,A,A,A,A,A
17769,A,A,A,A,A,A,A,A,A,A
17770,A,A,A,A,A,A,A,A,A,A
17771,A,A,A,A,A,A,A,A,A,A
17772,A,A,A,A,A,A,A,A,A,A
17773,A,A,A,A,A,A,A,A,A,A
17774,A,A,A,A,A,A,A,A,A,A
17775,A,A,A,A,A,A,A,A,A,A
17776,A,A,A,A,A,A,A,A,A,A
17777,A,A,A,A,A,A,A,A,A,A
17778,A,A,A,A,A,A,A,A,A,A
17779,A,A,A,A,A,A,A,A,A,A
17780,A,A,A,A,A,A,A,A,A,A
17781,A,A,A,A,A,A,A,A,A,A
17782,A,A,A,A,A,A,A,A,A,A
17783,A,A,A,A,A,A,A,A,A,A
17784,A,A,A,A,A,A,A,A,A,A
17785,A,A,A,A,A,A,A,A,A,A
17786,A,A,A,A,A,A,A,A,A,A
17787,A,A,A,A,A,A,A,A,A,A
17788,A,A,A,A,A,A,A,A,A,A
17789,A,A,A,A,A,A,A,A,A,A
17790,A,A,A,A,A,A,A,A,A,A
17791,A,A,A,A,A,A,A,A,A,A
17792,A,A,A,A,A,A,A,A,A,A
17793,A,A,A,A,A,A,A,A,A,A
17794,A,A,A,A,A,A,A,A,A,A
17795,A,A,A,A,A,A,A,A,A,A
17796,A,A,A,A,A,A,A,A,A,A
17797,A,A,A,A,A,A,A,A,A,A
17798,A,A,A,A,A,A,A,A,A,A
17799,A,A,A,A,A,A,A,A,A,A
17800,A,A,A,A,A,A,A,A,A,A
17801,A,A,A,A,A,A,A,A,A,A
17802,A,A,A,A,A,A,A,A,A,A
17803,A,A,A,A,A,A,A,A,A,A
17804,A,A,A,A,A,A,A,A,A,A
17805,A,A,A,A,A,A,A,A,A,A
17806,A,A,A,A,A,A,A,A,A,A
17807,A,A,A,A,A,A,A,A,A,A
17808,A,A,A,A,A,A,A,A,A,A
17809,A,A,A,A,A,A,A,A,A,A
17810,A,A,A,A,A,A,A,A,A,A
17811,A,A,A,A,A,A,A,A,A,A
17812,A,A,A,A,A,A,A,A,A,A
17813,A,A,A,A,A,A,A,A,A,A
17814,A,A,A,A,A,A,A,A,A,A
17815,A,A,A,A,A,A,A,A,A,A
17816,A,A,A,A,A,A,A,A,A,A
17817,A,A,A,A,A,A,A,A,A,A
17818,A,A,A,A,A,A,A,A,A,A
17819,A,A,A,A,A,A,A,A,A,A
17820,A,A,A,A,A,A,A,A,A,A
17821,A,A,A,A,A,A,A,A,A,A
17822,A,A,A,A,A,A,A,A,A,A
17823,A,A,A,A,A,A,A,A,A,A
17824,A,A,A,A,A,A,A,A,A,A
17825,A,A,A,A,A,A,A,A,A,A
17826,A,A,A,A,A,A,A,A,A,A
17827,A,A,A,A,A,A,A,A,A,A
17828,A,A,A,A,A,A,A,A,A,A
17829,A,A,A,A,A,A,A,A,A,A
17830,A,A,A,A,A,A,A,A,A,A
17831,A,A,A,A,A,A,A,A,A,A
17832,A,A,A,A,A,A,A,A,A,A
17833,A,A,A,A,A,A,A,A,A,A
17834,A,A,A,A,A,A,A,A,A,A
17835,A,A,A,A,A,A,A,A,A,A
17836,A,A,A,A,A,A,A,A,A,A
17837,A,A,A,A,A,A,A,A,A,A
17838,A,A,A,A,A,A,A,A,A,A
17839,A,A,A,A,A,A,A,A,A,A
17840,A,A,A,A,A,A,A,A,A,A
17841,A,A,A,A,A,A,A,A,A,A
17842,A,A,A,A,A,A,A,A,A,A
17843,A,A,A,A,A,A,A,A,A,A
17844,A,A,A,A,A,A,A,A,A,A
17845,A,A,A,A,A,A,A,A,A,A
17846,A,A,A,A,A,A,A,A,A,A
17847,A,A,A,A,A,A,A,A,A,A
17848,A,A,A,A,A,A,A,A,A,A
17849,A,A,A,A,A,A,A,A,A,A
17850,A,A,A,A,A,A,A,A,A,A
17851,L,L,L,L,L,L,L,L,L,L
17852,A,A,A,A,A,A,A,A,A,A
17853,A,A,A,A,A,A,A,A,A,A
17854,A,A,A,A,A,A,A,A,A,A
17855,A,A,A,A,A,A,A,A,A,A
17856,A,A,A,A,A,A,A,A,A,A
17857,A,A,A,A,A,A,A,A,A,A
17858,A,A,A,A,A,A,A,A,A,A
17859,A,A,A,A,A,A,A,A,A,A
17860,A,A,A,A,A,A,A,A,A,A
17861,A,A,A,A,A,A,A,A,A,A
17862,A,A,A,A,A,A,A,A,A,A
17863,A,A,A,A,A,A,A,A,A,A
17864,A,A,A,A,A,A,A,A,A,A
17865,A,A,A,A,A,A,A,A,A,A
17866,A,A,A,A,A,A,A,A,A,A
17867,A,A,A,A,A,A,A,A,A,A
17868,A,A,A,A,A,A,A,A,A,A
17869,A,A,A,A,A,A,A,A,A,A
17870,A,A,A,A,A,A,A,A,A,A
17871,A,A,A,A,A,A,A,A,A,A
17872,A,A,A,A,A,A,A,A,A,A
17873,A,A,A,A,A,A,A,A,A,A
17874,A,A,A,A,A,A,A,A,A,A
17875,A,A,A,A,A,A,A,A,A,A
17876,A,A,A,A,A,A,A,A,A,A
17877,A,A,A,A,A,A,A,A,A,A
17878,A,A,A,A,A,A,A,A,A,A
17879,A,A,A,A,A,A,A,A,A,A
17880,A,A,A,A,A,A,A,A,A,A
17881,A,A,A,A,A,A,A,A,A,A
17882,A,A,A,A,A,A,A,A,A,A
17883,A,A,A,A,A,A,A,A,A,A
17884,A,A,A,A,A,A,A,A,A,A
17885,A,A,A,A,A,A,A,A,A,A
17886,A,A,A,A,A,A,A,A,A,A
17887,A,A,A,A,A,A,A,A,A,A
17888,A,A,A,A,A,A,A,A,A,A
17889,A,A,A,A,A,A,A,A,A,A
17890,A,A,A,A,A,A,A,A,A,A
17891,A,A,A,A,A,A,A,A,A,A
17892,A,A,A,A,A,A,A,A,A,A
17893,A,A,A,A,A,A,A,A,A,A
17894,A,A,A,A,A,A,A,A,A,A
17895,A,A,A,A,A,A,A,A,A,A
17896,A,A,A,A,A,A,A,A,A,A
17897,A,A,A,A,A,A,A,A,A,A
17898,A,A,A,A,A,A,A,A,A,A
17899,A,A,A,A,A,A,A,A,A,A
17900,A,A,A,A,A,A,A,A,A,A
17901,A,A,A,A,A,A,A,A,A,A
17902,A,A,A,A,A,A,A,A,A,A
17903,A,A,A,A,A,A,A,A,A,A
17904,A,A,A,A,A,A,A,A,A,A
17905,A,A,A,A,A,A,A,A,A,A
17906,A,A,A,A,A,A,A,A,A,A
17907,A,A,A,A,A,A,A,A,A,A
17908,A,A,A,A,A,A,A,A,A,A
17909,A,A,A,A,A,A,A,A,A,A
17910,A,A,A,A,A,A,A,A,A,A
17911,A,A,A,A,A,A,A,A,A,A
17912,A,A,A,A,A,A,A,A,A,A
17913,A,A,A,A,A,A,A,A,A,A
17914,A,A,A,A,A,A,A,A,A,A
17915,A,A,A,A,A,A,A,A,A,A
17916,A,A,A,A,A,A,A,A,A,A
17917,A,A,A,A,A,A,A,A,A,A
17918,A,A,A,A,A,A,A,A,A,A
17919,A,A,A,A,A,A,A,A,A,A
17920,A,A,A,A,A,A,A,A,A,A
17921,A,A,A,A,A,A,A,A,A,A
17922,A,A,A,A,A,A,A,A,A,A
17923,A,A,A,A,A,A,A,A,A,A
17924,A,A,A,A,A,A,A,A,A,A
17925,A,A,A,A,A,A,A,A,A,A
17926,A,A,A,A,A,A,A,A,A,A
17927,A,A,A,A,A,A,A,A,A,A
17928,A,A,A,A,A,A,A,A,A,A
17929,A,A,A,A,A,A,A,A,A,A
17930,A,A,A,A,A,A,A,A,A,A
17931,A,A,A,A,A,A,A,A,A,A
17932,A,A,A,A,A,A,A,A,A,A
17933,A,A,A,A,A,A,A,A,A,A
17934,A,A,A,A,A,A,A,A,A,A
17935,A,A,A,A,A,A,A,A,A,A
17936,A,A,A,A,A,A,A,A,A,A
17937,A,A,A,A,A,A,A,A,A,A
17938,A,A,A,A,A,A,A,A,A,A
17939,A,A,A,A,A,A,A,A,A,A
17940,A,A,A,A,A,A,A,A,A,A
17941,A,A,A,A,A,A,A,A,A,A
17942,A,A,A,A,A,A,A,A,A,A
17943,A,A,A,A,A,A,A,A,A,A
17944,A,A,A,A,A,A,A,A,A,A
17945,A,A,A,A,A,A,A,A,A,A
17946,A,A,A,A,A,A,A,A,A,A
17947,A,A,A,A,A,A,A,A,A,A
17948,A,A,A,A,A,A,A,A,A,A
17949,A,A,A,A,A,A,A,A,A,A
17950,A,A,A,A,A,A,A,A,A,A
17951,A,A,A,A,A,A,A,A,A,A
17952,A,A,A,A,A,A,A,A,A,A
17953,A,A,A,A,A,A,A,A,A,A
17954,A,A,A,A,A,A,A,A,A,A
17955,A,A,A,A,A,A,A,A,A,A
17956,A,A,A,A,A,A,A,A,A,A
17957,A,A,A,A,A,A,A,A,A,A
17958,A,A,A,A,A,A,A,A,A,A
17959,A,A,A,A,A,A,A,A,A,A
17960,A,A,A,A,A,A,A,A,A,A
17961,A,A,A,A,A,A,A,A,A,A
17962,A,A,A,A,A,A,A,A,A,A
17963,A,A,A,A,A,A,A,A,A,A
17964,A,A,A,A,A,A,A,A,A,A
17965,A,A,A,A,A,A,A,A,A,A
17966,A,A,A,A,A,A,A,A,A,A
17967,A,A,A,A,A,A,A,A,A,A
17968,A,A,A,A,A,A,A,A,A,A
17969,A,A,A,A,A,A,A,A,A,A
17970,A,A,A,A,A,A,A,A,A,A
17971,A,A,A,A,A,A,A,A,A,A
17972,A,A,A,A,A,A,A,A,A,A
17973,A,A,A,A,A,A,A,A,A,A
17974,A,A,A,A,A,A,A,A,A,A
17975,A,A,A,A,A,A,A,A,A,A
17976,A,A,A,A,A,A,A,A,A,A
17977,A,A,A,A,A,A,A,A,A,A
17978,A,A,A,A,A,A,A,A,A,A
17979,A,A,A,A,A,A,A,A,A,A
17980,A,A,A,A,A,A,A,A,A,A
17981,A,A,A,A,A,A,A,A,A,A
17982,A,A,A,A,A,A,A,A,A,A
17983,A,A,A,A,A,A,A,A,A,A
17984,A,A,A,A,A,A,A,A,A,A
17985,A,A,A,A,A,A,A,A,A,A
17986,A,A,A,A,A,A,A,A,A,A
17987,A,A,A,A,A,A,A,A,A,A
17988,A,A,A,A,A,A,A,A,A,A
17989,A,A,A,A,A,A,A,A,A,A
17990,A,A,A,A,A,A,A,A,A,A
17991,A,A,A,A,A,A,A,A,A,A
17992,A,A,A,A,A,A,A,A,A,A
17993,A,A,A,A,A,A,A,A,A,A
17994,A,A,A,A,A,A,A,A,A,A
17995,A,A,A,A,A,A,A,A,A,A
17996,A,A,A,A,A,A,A,A,A,A
17997,A,A,A,A,A,A,A,A,A,A
17998,A,A,A,A,A,A,A,A,A,A
17999,A,A,A,A,A,A,A,A,A,A
18000,A,A,A,A,A,A,A,A,A,A
18001,A,A,A,A,A,A,A,A,A,A
18002,A,A,A,A,A,A,A,A,A,A
18003,A,A,A,A,A,A,A,A,A,A
18004,A,A,A,A,A,A,A,A,A,A
18005,A,A,A,A,A,A,A,A,A,A
18006,A,A,A,A,A,A,A,A,A,A
18007,A,A,A,A,A,A,A,A,A,A
18008,A,A,A,A,A,A,A,A,A,A
18009,A,A,A,A,A,A,A,A,A,A
18010,A,A,A,A,A,A,A,A,A,A
18011,A,A,A,A,A,A,A,A,A,A
18012,A,A,A,A,A,A,A,A,A,A
18013,A,A,A,A,A,A,A,A,A,A
18014,A,A,A,A,A,A,A,A,A,A
18015,A,A,A,A,A,A,A,A,A,A
18016,A,A,A,A,A,A,A,A,A,A
18017,A,A,A,A,A,A,A,A,A,A
18018,A,A,A,A,A,A,A,A,A,A
18019,A,A,A,A,A,A,A,A,A,A
18020,A,A,A,A,A,A,A,A,A,A
18021,A,A,A,A,A,A,A,A,A,A
18022,A,A,A,A,A,A,A,A,A,A
18023,A,A,A,A,A,A,A,A,A,A
18024,A,A,A,A,A,A,A,A,A,A
18025,A,A,A,A,A,A,A,A,A,A
18026,A,A,A,A,A,A,A,A,A,A
18027,A,A,A,A,A,A,A,A,A,A
18028,A,A,A,A,A,A,A,A,A,A
18029,A,A,A,A,A,A,A,A,A,A
18030,A,A,A,A,A,A,A,A,A,A
18031,A,A,A,A,A,A,A,A,A,A
18032,A,A,A,A,A,A,A,A,A,A
18033,I,I,I,I,I,I,I,I,I,I
18034,A,A,A,A,A,A,A,A,A,A
18035,A,A,A,A,A,A,A,A,A,A
18036,A,A,A,A,A,A,A,A,A,A
18037,A,A,A,A,A,A,A,A,A,A
18038,A,A,A,A,A,A,A,A,A,A
18039,A,A,A,A,A,A,A,A,A,A
18040,A,A,A,A,A,A,A,A,A,A
18041,A,A,A,A,A,A,A,A,A,A
18042,A,A,A,A,A,A,A,A,A,A
18043,A,A,A,A,A,A,A,A,A,A
18044,A,A,A,A,A,A,A,A,A,A
18045,A,A,A,A,A,A,A,A,A,A
18046,A,A,A,A,A,A,A,A,A,A
18047,A,A,A,A,A,A,A,A,A,A
18048,A,A,A,A,A,A,A,A,A,A
18049,A,A,A,A,A,A,A,A,A,A
18050,A,A,A,A,A,A,A,A,A,A
18051,A,A,A,A,A,A,A,A,A,A
18052,A,A,A,A,A,A,A,A,A,A
18053,A,A,A,A,A,A,A,A,A,A
18054,A,A,A,A,A,A,A,A,A,A
18055,A,A,A,A,A,A,A,A,A,A
18056,A,A,A,A,A,A,A,A,A,A
18057,A,A,A,A,A,A,A,A,A,A
18058,A,A,A,A,A,A,A,A,A,A
18059,A,A,A,A,A,A,A,A,A,A
18060,A,A,A,A,A,A,A,A,A,A
18061,A,A,A,A,A,A,A,A,A,A
18062,A,A,A,A,A,A,A,A,A,A
18063,A,A,A,A,A,A,A,A,A,A
18064,A,A,A,A,A,A,A,A,A,A
18065,A,A,A,A,A,A,A,A,A,A
18066,A,A,A,A,A,A,A,A,A,A
18067,A,A,A,A,A,A,A,A,A,A
18068,A,A,A,A,A,A,A,A,A,A
18069,A,A,A,A,A,A,A,A,A,A
18070,A,A,A,A,A,A,A,A,A,A
18071,A,A,A,A,A,A,A,A,A,A
18072,A,A,A,A,A,A,A,A,A,A
18073,A,A,A,A,A,A,A,A,A,A
18074,A,A,A,A,A,A,A,A,A,A
18075,A,A,A,A,A,A,A,A,A,A
18076,A,A,A,A,A,A,A,A,A,A
18077,A,A,A,A,A,A,A,A,A,A
18078,A,A,A,A,A,A,A,A,A,A
18079,A,A,A,A,A,A,A,A,A,A
18080,A,A,A,A,A,A,A,A,A,A
18081,A,A,A,A,A,A,A,A,A,A
18082,A,A,A,A,A,A,A,A,A,A
18083,A,A,A,A,A,A,A,A,A,A
18084,A,A,A,A,A,A,A,A,A,A
18085,A,A,A,A,A,A,A,A,A,A
18086,A,A,A,A,A,A,A,A,A,A
18087,A,A,A,A,A,A,A,A,A,A
18088,I,I,I,I,I,I,I,J,J,J
18089,I,I,I,I,I,I,I,I,I,I
18090,I,I,I,I,I,I,I,I,I,I
18091,I,I,I,O,O,O,O,O,O,O
18092,J,J,J,J,J,J,J,J,J,J
18093,J,J,J,J,J,J,J,J,J,J
18094,E,E,E,E,E,E,E,E,E,E
18096,J,J,J,J,J,J,J,J,J,J
18097,D,D,D,D,D,D,D,D,D,D
18098,D,D,D,D,D,D,D,D,D,D
18099,I,I,I,I,I,I,I,I,I,I
18100,I,I,I,I,I,I,I,I,I,I
18101,C,C,C,C,C,C,C,C,C,C
18102,C,C,C,C,C,C,C,C,C,C
18103,D,D,D,D,D,D,D,D,D,D
18104,C,C,C,C,C,C,C,C,C,C
18105,I,I,I,I,I,I,I,I,I,I
18106,E,E,E,E,E,E,E,E,E,E
18107,E,E,E,E,E,E,E,E,E,E
18108,E,E,E,E,E,E,E,E,E,E
18109,E,E,E,E,E,E,E,E,E,E
18110,J,J,J,J,J,J,J,J,J,J
18111,E,E,E,E,E,E,E,E,E,E
18112,E,E,E,E,E,E,E,E,E,E
18113,E,E,E,E,E,E,E,E,E,E
18114,E,E,E,E,E,E,E,E,E,E
18116,J,J,J,J,J,J,J,J,J,J
18117,E,E,E,E,E,E,E,E,E,E
18118,E,E,E,E,E,E,E,E,E,E
18119,E,E,E,E,E,E,E,E,E,E
18120,E,E,E,E,E,E,E,E,E,E
18122,E,E,E,E,E,E,E,E,E,E
18124,I,I,I,O,O,O,O,O,O,O
18125,E,E,E,E,E,E,E,E,E,E
18126,E,E,E,E,E,E,E,E,E,E
18127,E,E,E,E,E,E,E,E,E,E
18128,E,E,E,E,E,E,E,E,E,E
18129,E,E,E,E,E,E,E,E,E,E
18130,J,J,J,J,J,J,J,J,J,J
18132,E,E,E,E,E,E,E,E,E,E
18133,E,E,E,E,E,E,E,E,E,E
18134,J,J,J,J,J,J,J,J,J,J
18135,D,D,D,D,D,D,D,D,D,D
18136,D,D,D,D,D,D,D,D,D,D
18137,I,I,I,I,I,I,I,I,I,I
18138,D,D,D,D,D,D,D,D,D,D
18139,D,D,D,D,D,D,D,D,D,D
18140,D,D,D,D,D,D,D,D,D,D
18141,D,D,D,D,D,D,D,D,D,D
18142,D,D,D,D,D,D,D,D,D,D
18143,B,B,B,B,B,B,B,B,B,B
18144,C,C,C,C,C,C,C,C,C,C
18145,D,D,D,D,D,D,D,D,D,D
18146,D,D,D,D,D,D,D,D,D,D
18147,D,D,D,D,D,D,D,D,D,D
18148,D,D,D,D,D,D,D,D,D,D
18149,D,D,D,D,D,D,D,D,D,D
18150,D,D,D,D,D,D,D,D,D,D
18151,D,D,D,D,D,D,D,D,D,D
18152,D,D,D,D,D,D,D,D,D,D
18153,D,D,D,D,D,D,D,D,D,D
18154,D,D,D,D,D,D,D,D,D,D
18155,D,D,D,D,D,D,D,D,D,D
18156,D,D,D,D,D,D,D,D,D,D
18157,D,D,D,D,D,D,D,D,D,D
18158,D,D,D,D,D,D,D,D,D,D
18159,D,D,D,D,D,D,D,D,D,D
18160,D,D,D,D,D,D,D,D,D,D
18161,D,D,D,D,D,D,D,D,D,D
18162,D,D,D,D,D,D,D,D,D,D
18163,D,D,D,D,D,D,D,D,D,D
18164,D,D,D,D,D,D,D,D,D,D
18165,D,D,D,D,D,D,D,D,D,D
18166,D,D,D,D,D,D,D,D,D,D
18167,E,E,E,E,E,E,E,E,E,E
18168,D,D,D,D,D,D,D,D,D,D
18169,E,E,E,E,E,E,E,E,E,E
18170,E,E,E,E,E,E,E,E,E,E
18171,E,E,E,E,E,E,E,E,E,E
18172,E,E,E,E,E,E,E,E,E,E
18173,E,E,E,E,E,E,E,E,E,E
18174,E,E,E,E,E,E,E,E,E,E
18175,E,E,E,E,E,E,E,E,E,E
18176,E,E,E,E,E,E,E,E,E,E
18177,E,E,E,E,E,E,E,E,E,E
18178,E,E,E,E,E,E,E,E,E,E
18179,E,E,E,E,E,E,E,E,E,E
18180,E,E,E,E,E,E,E,E,E,E
18181,E,E,E,E,E,E,E,E,E,E
18182,I,I,I,O,O,O,O,O,O,O
18183,E,E,E,E,E,E,E,E,E,E
18184,E,E,E,E,E,E,E,E,E,E
18185,J,J,J,J,J,J,J,J,J,J
18186,E,E,E,E,E,E,E,E,E,E
18187,E,E,E,E,E,E,E,E,E,E
18188,E,E,E,E,E,E,E,E,E,E
18189,E,E,E,E,E,E,E,E,E,E
18190,E,E,E,E,E,E,E,E,E,E
18191,D,D,D,D,D,D,D,D,D,D
18192,D,D,D,D,D,D,D,D,D,D
18194,E,E,E,E,E,E,E,E,E,E
18196,C,C,C,C,C,C,C,C,C,C
18197,C,C,C,C,C,C,C,C,C,C
18198,C,C,C,C,C,C,C,C,C,C
18199,C,C,C,C,C,C,C,C,C,C
18200,C,C,C,C,C,C,C,C,C,C
18201,C,C,C,C,C,C,C,C,C,C
18202,E,E,E,E,E,E,E,E,E,E
18203,E,E,E,E,E,E,E,E,E,E
18204,E,E,E,E,E,E,E,E,E,E
18205,E,E,E,E,E,E,E,E,E,E
18206,E,E,E,E,E,E,E,E,E,E
18207,E,E,E,E,E,E,E,E,E,E
18208,E,E,E,E,E,E,E,E,E,E
18209,E,E,E,E,E,E,E,E,E,E
18210,I,I,I,I,I,I,C,C,C,C
18211,D,D,D,D,D,D,D,D,D,D
18212,D,D,D,D,D,D,D,D,D,D
18213,D,D,D,D,D,D,D,D,D,D
18214,D,D,D,D,D,D,D,D,D,D
18215,D,D,D,D,D,D,D,D,D,D
18216,D,D,D,D,D,D,D,D,D,D
18217,D,D,D,D,D,D,D,D,D,D
18218,D,D,D,D,D,D,D,D,D,D
18219,D,D,D,D,D,D,D,D,D,D
18220,D,D,D,D,D,D,D,D,D,D
18221,D,D,D,D,D,D,D,D,D,D
18222,I,I,I,I,I,I,I,I,I,I
18223,D,D,D,D,D,D,D,D,D,D
18224,D,D,D,D,D,D,D,D,D,D
18225,D,D,D,D,D,D,D,D,D,D
18226,I,I,I,I,I,I,I,I,I,I
18227,D,D,D,D,D,D,D,D,D,D
18228,D,D,D,D,D,D,D,D,D,D
18229,I,I,I,I,I,I,I,I,I,I
18230,D,D,D,D,D,D,D,D,D,D
18231,D,D,D,D,D,D,D,D,D,D
18232,H,H,H,H,H,H,H,H,H,H
18233,I,I,I,I,I,I,I,I,I,I
18234,I,I,I,I,I,I,I,I,I,I
18235,I,I,I,I,I,I,I,I,I,I
18236,D,D,D,D,D,D,D,D,D,D
18237,D,D,D,D,D,D,D,D,D,D
18238,D,D,D,D,D,D,D,D,D,D
18239,D,D,D,D,D,D,D,D,D,D
18240,D,D,D,D,D,D,D,D,D,D
18241,I,I,I,I,I,I,I,I,I,I
18242,J,J,J,J,J,J,J,J,J,J
18243,I,I,I,I,I,I,I,I,I,I
18244,J,J,J,J,J,J,J,J,J,J
18246,E,E,E,E,E,E,E,E,E,E
18247,E,E,E,E,E,E,E,E,E,E
18248,E,E,E,E,E,E,E,E,E,E
18249,D,D,D,D,D,D,D,D,D,D
18252,E,E,E,E,E,E,E,E,E,E
18254,E,E,E,E,E,E,E,E,E,E
18255,D,D,D,D,D,D,D,D,D,D
18256,D,D,D,D,D,D,D,D,D,D
18257,D,D,D,D,D,D,D,D,D,D
18258,D,D,D,D,D,D,D,D,D,D
18259,L,L,L,L,L,L,L,L,L,L
18260,D,D,D,D,D,D,D,D,D,D
18261,D,D,D,D,D,D,D,D,D,D
18262,C,C,C,C,C,C,C,C,C,C
18263,C,C,C,C,C,C,C,C,C,C
18264,D,D,D,D,D,D,D,D,D,D
18265,D,D,D,D,D,D,D,D,D,D
18266,D,D,D,D,D,D,D,D,D,D
18267,D,D,D,D,D,D,D,D,D,D
18268,D,D,D,D,D,D,D,D,D,D
18269,D,D,D,D,D,D,D,D,D,D
18270,D,D,D,D,D,D,D,D,D,D
18271,D,D,D,D,D,D,D,D,D,D
18272,D,D,D,D,D,D,D,D,D,D
18273,D,D,D,D,D,D,D,D,D,D
18274,D,D,D,D,D,D,D,D,D,D
18275,D,D,D,D,D,D,D,D,D,D
18276,D,D,D,D,D,D,D,D,D,D
18277,D,D,D,D,D,D,D,D,D,D
18278,D,D,D,D,D,D,D,D,D,D
18279,D,D,D,D,D,D,D,D,D,D
18280,D,D,D,D,D,D,D,D,D,D
18281,D,D,D,D,D,D,D,D,D,D
18282,D,D,D,D,D,D,D,D,D,D
18283,D,D,D,D,D,D,D,D,D,D
18284,D,D,D,D,D,D,D,D,D,D
18285,D,D,D,D,D,D,D,D,D,D
18286,D,D,D,D,D,D,D,D,D,D
18287,D,D,D,D,D,D,D,D,D,D
18288,D,D,D,D,D,D,D,D,D,D
18289,D,D,D,D,D,D,D,D,D,D
18290,D,D,D,D,D,D,D,D,D,D
18291,D,D,D,D,D,D,D,D,D,D
18292,D,D,D,D,D,D,D,D,D,D
18293,D,D,D,D,D,D,D,D,D,D
18294,D,D,D,D,D,D,D,D,D,D
18295,D,D,D,D,D,D,D,D,D,D
18296,D,#N/A,D,D,#N/A,D,#N/A,D,D,D
18297,E,E,E,E,E,E,E,E,E,E
18298,E,E,E,E,E,E,E,E,E,E
18299,E,E,E,E,E,E,E,E,E,E
18300,E,E,E,E,E,E,E,E,E,E
18301,E,E,E,E,E,E,E,E,E,E
18302,E,E,E,E,E,E,E,E,E,E
18303,E,E,E,E,E,E,E,E,E,E
18304,E,E,E,E,E,E,E,E,E,E
18305,E,E,E,E,E,E,E,E,E,E
18306,E,E,E,E,E,E,E,E,E,E
18307,C,C,C,C,C,C,C,C,C,C
18308,C,C,C,C,C,C,C,C,C,C
18309,C,C,C,C,C,C,C,C,C,C
18310,C,C,C,C,C,C,C,C,C,C
18311,C,C,C,C,C,C,C,C,C,C
18312,C,C,C,C,C,C,C,C,C,C
18313,C,C,C,C,C,C,C,C,C,C
18314,C,C,C,C,C,C,C,C,C,C
18315,C,C,C,C,C,C,C,C,C,C
18316,C,C,C,C,C,C,C,C,C,C
18317,C,C,C,C,C,C,C,C,C,C
18318,C,C,C,C,C,C,C,C,C,C
18319,C,C,C,C,C,C,C,C,C,C
18320,C,C,C,C,C,C,C,C,C,C
18321,I,I,I,I,I,I,I,I,I,I
18322,C,C,C,C,C,C,C,C,C,C
18323,C,C,C,C,C,C,C,C,C,C
18324,C,C,C,C,C,C,C,C,C,C
18325,C,C,C,C,C,C,C,C,C,C
18326,C,C,C,C,C,C,C,C,C,C
18327,C,C,C,C,C,C,C,C,C,C
18328,C,C,C,C,C,C,C,C,C,C
18329,C,C,C,C,C,C,C,C,C,C
18330,C,C,C,C,C,C,C,C,C,C
18331,C,C,C,C,C,C,C,C,C,C
18332,C,C,C,C,C,C,C,C,C,C
18333,C,C,C,C,C,C,C,C,C,C
18334,I,I,I,I,I,I,I,I,I,I
18335,C,C,C,C,C,C,C,C,C,C
18336,E,E,E,E,E,E,E,E,E,E
18337,I,I,I,I,I,I,I,I,I,I
18338,E,E,E,E,E,E,E,E,E,E
18339,E,E,E,E,E,E,E,E,E,E
18340,E,E,E,E,E,E,E,E,E,E
18341,E,E,E,E,E,E,E,E,E,E
18342,E,E,E,E,E,E,E,E,E,E
18343,E,E,E,E,E,E,E,E,E,E
18344,E,E,E,E,E,E,E,E,E,E
18345,E,E,E,E,E,E,E,E,E,E
18346,E,E,E,E,E,E,E,E,E,E
18347,E,E,E,E,E,E,E,E,E,E
18348,E,E,E,E,E,E,E,E,E,E
18349,E,E,E,E,E,E,E,E,E,E
18350,E,E,E,E,E,E,E,E,E,E
18351,E,E,E,E,E,E,E,E,E,E
18352,E,E,E,E,E,E,E,E,E,E
18353,E,E,E,E,E,E,E,E,E,E
18354,E,E,E,E,E,E,E,E,E,E
18355,E,E,E,E,E,E,E,E,E,E
18356,E,E,E,E,E,E,E,E,E,E
18357,E,E,E,E,E,E,E,E,E,E
18358,E,E,E,E,E,E,E,E,E,O
18359,E,E,E,E,E,E,E,E,E,E
18360,E,E,E,E,E,E,E,E,E,E
18361,E,E,E,E,E,E,E,E,E,E
18365,C,C,C,C,C,C,C,C,C,C
18366,C,C,C,C,C,C,C,C,C,C
18367,C,C,C,C,C,C,C,C,C,C
18368,C,C,C,C,C,C,C,C,C,C
18369,C,C,C,C,C,C,C,C,C,C
18370,C,C,C,C,C,C,C,C,C,C
18371,C,C,C,C,C,C,C,C,C,C
18372,C,C,C,C,C,C,C,C,C,C
18373,C,C,C,C,C,C,C,C,C,C
18374,C,C,C,C,C,C,C,C,C,C
18375,C,C,C,C,C,C,C,C,C,C
18376,C,C,C,C,C,C,C,C,C,C
18377,C,C,C,C,C,C,C,C,C,C
18378,C,C,C,C,C,C,C,C,C,C
18379,P,P,D,D,D,D,D,D,D,D
18381,E,E,E,E,E,E,E,E,E,E
18385,J,J,J,J,J,J,J,J,J,J
18386,E,E,E,E,E,E,E,E,E,E
18388,E,E,E,E,E,E,E,E,E,E
18389,J,J,J,J,J,J,J,J,J,J
18390,E,E,E,E,E,E,E,E,E,E
18391,J,J,J,J,J,J,J,J,J,J
18393,E,E,E,E,E,E,E,E,E,E
18394,L,L,L,L,L,L,L,L,L,L
18395,D,D,D,D,D,D,D,D,D,D
18396,D,D,D,D,D,D,D,D,D,D
18399,I,I,I,O,O,O,O,O,O,O
18400,E,E,E,E,E,E,E,E,E,E
18401,D,D,D,D,D,D,D,D,D,D
18402,D,D,D,D,D,D,D,D,D,D
18403,D,D,D,D,D,D,D,D,D,D
18405,E,E,E,E,E,E,E,E,E,E
18406,I,I,I,O,O,O,O,O,O,O
18407,C,C,C,C,C,C,C,C,C,C
18408,E,E,E,E,E,E,E,E,E,E
18410,E,E,E,E,E,E,E,E,E,E
18411,I,I,I,O,O,O,O,O,O,O
18412,E,E,E,E,E,E,E,E,E,E
18413,E,E,E,E,E,E,E,E,E,E
18414,I,I,I,I,I,I,I,I,I,I
18415,A,A,A,A,A,A,A,A,A,A
18416,A,A,A,A,A,A,A,A,A,A
18417,A,A,A,A,A,A,A,A,A,A
18418,A,A,A,A,A,A,A,A,A,A
18419,A,A,A,A,A,A,A,A,A,A
18420,A,A,A,A,A,A,A,A,A,A
18421,A,A,A,A,A,A,A,A,A,A
18422,A,A,A,A,A,A,A,A,A,A
18423,A,A,A,A,A,A,A,A,A,A
18424,A,A,A,A,A,A,A,A,A,A
18425,A,A,A,A,A,A,A,A,A,A
18426,A,A,A,A,A,A,A,A,A,A
18427,A,A,A,A,A,A,A,A,A,A
18428,A,A,A,A,A,A,A,A,A,A
18429,A,A,A,A,A,A,A,A,A,A
18430,A,A,A,A,A,A,A,A,A,A
18431,A,A,A,A,A,A,A,A,A,A
18432,A,A,A,A,A,A,A,A,A,A
18433,A,A,A,A,A,A,A,A,A,A
18434,A,A,A,A,A,A,A,A,A,A
18435,A,A,A,A,A,A,A,A,A,A
18436,A,A,A,A,A,A,A,A,A,A
18437,A,A,A,A,A,A,A,A,A,A
18438,A,A,A,A,A,A,A,A,A,A
18439,A,A,A,A,A,A,A,A,A,A
18440,A,A,A,A,A,A,A,A,A,A
18441,A,A,A,A,A,A,A,A,A,A
18442,A,A,A,A,A,A,A,A,A,A
18443,A,A,A,A,A,A,A,A,A,A
18444,A,A,A,A,A,A,A,A,A,A
18445,A,A,A,A,A,A,A,A,A,A
18446,A,A,A,A,A,A,A,A,A,A
18447,A,A,A,A,A,A,A,A,A,A
18448,A,A,A,A,A,A,A,A,A,A
18449,A,A,A,A,A,A,A,A,A,A
18450,A,A,A,A,A,A,A,A,A,A
18451,A,A,A,A,A,A,A,A,A,A
18452,A,A,A,A,A,A,A,A,A,A
18453,A,A,A,A,A,A,A,A,A,A
18454,A,A,A,A,A,A,A,A,A,A
18455,A,A,A,A,A,A,A,A,A,A
18456,A,A,A,A,A,A,A,A,A,A
18457,A,A,A,A,A,A,A,A,A,A
18458,A,A,A,A,A,A,A,A,A,A
18459,A,A,A,A,A,A,A,A,A,A
18460,A,A,A,A,A,A,A,A,A,A
18461,A,A,A,A,A,A,A,A,A,A
18462,A,A,A,A,A,A,A,A,A,A
18463,A,A,A,A,A,A,A,A,A,A
18464,A,A,A,A,A,A,A,A,A,A
18465,A,A,A,A,A,A,A,A,A,A
18466,A,A,A,A,A,A,A,A,A,A
18467,A,A,A,A,A,A,A,A,A,A
18468,A,A,A,A,A,A,A,A,A,A
18469,A,A,A,A,A,A,A,A,A,A
18470,A,A,A,A,A,A,A,A,A,A
18471,A,A,A,A,A,A,A,A,A,A
18472,A,A,A,A,A,A,A,A,A,A
18473,A,A,A,A,A,A,A,A,A,A
18474,A,A,A,A,A,A,A,A,A,A
18475,A,A,A,A,A,A,A,A,A,A
18476,A,A,A,A,A,A,A,A,A,A
18477,A,A,A,A,A,A,A,A,A,A
18478,A,A,A,A,A,A,A,A,A,A
18479,A,A,A,A,A,A,A,A,A,A
18480,A,A,A,A,A,A,A,A,A,A
18481,A,A,A,A,A,A,A,A,A,A
18482,A,A,A,A,A,A,A,A,A,A
18483,A,A,A,A,A,A,A,A,A,A
18484,A,A,A,A,A,A,A,A,A,A
18485,A,A,A,A,A,A,A,A,A,A
18486,A,A,A,A,A,A,A,A,A,A
18487,A,A,A,A,A,A,A,A,A,A
18488,A,A,A,A,A,A,A,A,A,A
18489,A,A,A,A,A,A,A,A,A,A
18490,A,A,A,A,A,A,A,A,A,A
18491,A,A,A,A,A,A,A,A,A,A
18492,A,A,A,A,A,A,A,A,A,A
18493,A,A,A,A,A,A,A,A,A,A
18494,A,A,A,A,A,A,A,A,A,A
18495,A,A,A,A,A,A,A,A,A,A
18496,A,A,A,A,A,A,A,A,A,A
18497,A,A,A,A,A,A,A,A,A,A
18498,A,A,A,A,A,A,A,A,A,A
18499,A,A,A,A,A,A,A,A,A,A
18500,A,A,A,A,A,A,A,A,A,A
18501,A,A,A,A,A,A,A,A,A,A
18502,A,A,A,A,A,A,A,A,A,A
18503,A,A,A,A,A,A,A,A,A,A
18504,A,A,A,A,A,A,A,A,A,A
18505,A,A,A,A,A,A,A,A,A,A
18506,A,A,A,A,A,A,A,A,A,A
18507,A,A,A,A,A,A,A,A,A,A
18508,A,A,A,A,A,A,A,A,A,A
18509,A,A,A,A,A,A,A,A,A,A
18510,A,A,A,A,A,A,A,A,A,A
18511,A,A,A,A,A,A,A,A,A,A
18512,A,A,A,A,A,A,A,A,A,A
18513,A,A,A,A,A,A,A,A,A,A
18514,L,L,L,L,L,L,L,L,L,L
18515,A,A,A,A,A,A,A,A,A,A
18516,A,A,A,A,A,A,A,A,A,A
18517,A,A,A,A,A,A,A,A,A,A
18518,A,A,A,A,A,A,A,A,A,A
18519,A,A,A,A,A,A,A,A,A,A
18520,A,A,A,A,A,A,A,A,A,A
18521,A,A,A,A,A,A,A,A,A,A
18522,J,J,J,J,J,J,J,J,J,J
18523,A,A,A,A,A,A,A,A,A,A
18524,A,A,A,A,A,A,A,A,A,A
18525,A,A,A,A,A,A,A,A,A,A
18526,A,A,A,A,A,A,A,A,A,A
18527,A,A,A,A,A,A,A,A,A,A
18528,A,A,A,A,A,A,A,A,A,A
18529,A,A,A,A,A,A,A,A,A,A
18530,A,A,A,A,A,A,A,A,A,A
18531,A,A,A,A,A,A,A,A,A,A
18532,A,A,A,A,A,A,A,A,A,A
18533,A,A,A,A,A,A,A,A,A,A
18534,A,A,A,A,A,A,A,A,A,A
18535,A,A,A,A,A,A,A,A,A,A
18536,A,A,A,A,A,A,A,A,A,A
18537,A,A,A,A,A,A,A,A,A,A
18538,A,A,A,A,A,A,A,A,A,A
18539,A,A,A,A,A,A,A,A,A,A
18540,J,J,J,J,J,J,J,J,J,J
18541,A,A,A,A,A,A,A,A,A,A
18542,A,A,A,A,A,A,A,A,A,A
18543,A,A,A,A,A,A,A,A,A,A
18544,A,A,A,A,A,A,A,A,A,A
18545,A,A,A,A,A,A,A,A,A,A
18546,A,A,A,A,A,A,A,A,A,A
18547,A,A,A,A,A,A,A,A,A,A
18548,A,A,A,A,A,A,A,A,A,A
18549,A,A,A,A,A,A,A,A,A,A
18550,A,A,A,A,A,A,A,A,A,A
18551,A,A,A,A,A,A,A,A,A,A
18552,A,A,A,A,A,A,A,A,A,A
18553,A,A,A,A,A,A,A,A,A,A
18554,A,A,A,A,A,A,A,A,A,A
18555,A,A,A,A,A,A,A,A,A,A
18556,A,A,A,A,A,A,A,A,A,A
18557,A,A,A,A,A,A,A,A,A,A
18558,A,A,A,A,A,A,A,A,A,A
18559,A,A,A,A,A,A,A,A,A,A
18560,A,A,A,A,A,A,A,A,A,A
18561,A,A,A,A,A,A,A,A,A,A
18562,A,A,A,A,A,A,A,A,A,A
18563,A,A,A,A,A,A,A,A,A,A
18564,A,A,A,A,A,A,A,A,A,A
18565,A,A,A,A,A,A,A,A,A,A
18566,A,A,A,A,A,A,A,A,A,A
18567,A,A,A,A,A,A,A,A,A,A
18568,A,A,A,A,A,A,A,A,A,A
18569,A,A,A,A,A,A,A,A,A,A
18570,A,A,A,A,A,A,A,A,A,A
18571,A,A,A,A,A,A,A,A,A,A
18572,A,A,A,A,A,A,A,A,A,A
18573,A,A,A,A,A,A,A,A,A,A
18574,A,A,A,A,A,A,A,A,A,A
18575,A,A,A,A,A,A,A,A,A,A
18576,A,A,A,A,A,A,A,A,A,A
18577,A,A,A,A,A,A,A,A,A,A
18578,A,A,A,A,A,A,A,A,A,A
18579,B,B,B,B,B,B,B,B,B,B
18580,A,A,A,A,A,A,A,A,A,A
18581,A,A,A,A,A,A,A,A,A,A
18582,A,A,A,A,A,A,A,A,A,A
18583,A,A,A,A,A,A,A,A,A,A
18584,A,A,A,A,A,A,A,A,A,A
18585,A,A,A,A,A,A,A,A,A,A
18586,A,A,A,A,A,A,A,A,A,A
18587,A,A,A,A,A,A,A,A,A,A
18588,A,A,A,A,A,A,A,A,A,A
18589,A,A,A,A,A,A,A,A,A,A
18590,A,A,A,A,A,A,A,A,A,A
18591,A,A,A,A,A,A,A,A,A,A
18592,A,A,A,A,A,A,A,A,A,A
18593,A,A,A,A,A,A,A,A,A,A
18594,E,E,E,E,E,E,E,E,E,E
18595,A,A,A,A,A,A,A,A,A,A
18596,A,A,A,A,A,A,A,A,A,A
18597,E,E,E,E,E,E,E,E,E,E
18598,C,C,C,C,C,C,C,C,C,C
18599,A,A,A,A,A,A,A,A,A,A
18600,A,A,A,A,A,A,A,A,A,A
18601,A,A,A,A,A,A,A,A,A,A
18602,A,A,A,A,A,A,A,A,A,A
18603,A,A,A,A,A,A,A,A,A,A
18604,I,I,I,I,I,I,I,I,I,I
18605,A,A,A,A,A,A,A,A,A,A
18606,A,A,A,A,A,A,A,A,A,A
18607,A,A,A,A,A,A,A,A,A,A
18608,A,A,A,A,A,A,A,A,A,A
18609,A,A,A,A,A,A,A,A,A,A
18610,A,A,A,A,A,A,A,A,A,A
18611,A,A,A,A,A,A,A,A,A,A
18612,A,A,A,A,A,A,A,A,A,A
18613,A,A,A,A,A,A,A,A,A,A
18614,A,A,A,A,A,A,A,A,A,A
18615,A,A,A,A,A,A,A,A,A,A
18616,A,A,A,A,A,A,A,A,A,A
18617,A,A,A,A,A,A,A,A,A,A
18618,A,A,A,A,A,A,A,A,A,A
18619,A,A,A,A,A,A,A,A,A,A
18620,A,A,A,A,A,A,A,A,A,A
18621,A,A,A,A,A,A,A,A,A,A
18622,A,A,A,A,A,A,A,A,A,A
18623,A,A,A,A,A,A,A,A,A,A
18624,A,A,A,A,A,A,A,A,A,A
18625,A,A,A,A,A,A,A,A,A,A
18626,A,A,A,A,A,A,A,A,A,A
18627,A,A,A,A,A,A,A,A,A,A
18628,A,A,A,A,A,A,A,A,A,A
18629,A,A,A,A,A,A,A,A,A,A
18630,A,A,A,A,A,A,A,A,A,A
18631,A,A,A,A,A,A,A,A,A,A
18632,A,A,A,A,A,A,A,A,A,A
18633,A,A,A,A,A,A,A,A,A,A
18634,A,A,A,A,A,A,A,A,A,A
18635,A,A,A,A,A,A,A,A,A,A
18636,A,A,A,A,A,A,A,A,A,A
18637,A,A,A,A,A,A,A,A,A,A
18638,A,A,A,A,A,A,A,A,A,A
18639,A,A,A,A,A,A,A,A,A,A
18640,A,A,A,A,A,A,A,A,A,A
18641,A,A,A,A,A,A,A,A,A,A
18642,A,A,A,A,A,A,A,A,A,A
18643,A,A,A,A,A,A,A,A,A,A
18644,A,A,A,A,A,A,A,A,A,A
18645,A,A,A,A,A,A,A,A,A,A
18646,A,A,A,A,A,A,A,A,A,A
18647,A,A,A,A,A,A,A,A,A,A
18648,A,A,A,A,A,A,A,A,A,A
18649,A,A,A,A,A,A,A,A,A,A
18650,A,A,A,A,A,A,A,A,A,A
18651,A,A,A,A,A,A,A,A,A,A
18652,A,A,A,A,A,A,A,A,A,A
18653,A,A,A,A,A,A,A,A,A,A
18654,A,A,A,A,A,A,A,A,A,A
18655,A,A,A,A,A,A,A,A,A,A
18656,A,A,A,A,A,A,A,A,A,A
18657,A,A,A,A,A,A,A,A,A,A
18658,A,A,A,A,A,A,A,A,A,A
18659,A,A,A,A,A,A,A,A,A,A
18660,A,A,A,A,A,A,A,A,A,A
18661,A,A,A,A,A,A,A,A,A,A
18662,A,A,A,A,A,A,A,A,A,A
18663,A,A,A,A,A,A,A,A,A,A
18664,A,A,A,A,A,A,A,A,A,A
18665,A,A,A,A,A,A,A,A,A,A
18666,A,A,A,A,A,A,A,A,A,A
18667,A,A,A,A,A,A,A,A,A,A
18668,A,A,A,A,A,A,A,A,A,A
18669,A,A,A,A,A,A,A,A,A,A
18670,A,A,A,A,A,A,A,A,A,A
18671,A,A,A,A,A,A,A,A,A,A
18672,A,A,A,A,A,A,A,A,A,A
18673,A,A,A,A,A,A,A,A,A,A
18674,A,A,A,A,A,A,A,A,A,A
18675,A,A,A,A,A,A,A,A,A,A
18676,A,A,A,A,A,A,A,A,A,A
18677,A,A,A,A,A,A,A,A,A,A
18678,A,A,A,A,A,A,A,A,A,A
18679,A,A,A,A,A,A,A,A,A,A
18680,A,A,A,A,A,A,A,A,A,A
18681,A,A,A,A,A,A,A,A,A,A
18682,A,A,A,A,A,A,A,A,A,A
18683,A,A,A,A,A,A,A,A,A,A
18684,A,A,A,A,A,A,A,A,A,A
18685,A,A,A,A,A,A,A,A,A,A
18686,A,A,A,A,A,A,A,A,A,A
18687,A,A,A,A,A,A,A,A,A,A
18688,A,A,A,A,A,A,A,A,A,A
18689,A,A,A,A,A,A,A,A,A,A
18690,A,A,A,A,A,A,A,A,A,A
18691,A,A,A,A,A,A,A,A,A,A
18692,A,A,A,A,A,A,A,A,A,A
18693,A,A,A,A,A,A,A,A,A,A
18694,A,A,A,A,A,A,A,A,A,A
18695,A,A,A,A,A,A,A,A,A,A
18696,A,A,A,A,A,A,A,A,A,A
18697,A,A,A,A,A,A,A,A,A,A
18698,A,A,A,A,A,A,A,A,A,A
18699,A,A,A,A,A,A,A,A,A,A
18700,A,A,A,A,A,A,A,A,A,A
18701,A,A,A,A,A,A,A,A,A,A
18702,A,A,A,A,A,A,A,A,A,A
18703,A,A,A,A,A,A,A,A,A,A
18704,A,A,A,A,A,A,A,A,A,A
18705,A,A,A,A,A,A,A,A,A,A
18706,A,A,A,A,A,A,A,A,A,A
18707,A,A,A,A,A,A,A,A,A,A
18708,A,A,A,A,A,A,A,A,A,A
18709,A,A,A,A,A,A,A,A,A,A
18710,A,A,A,A,A,A,A,A,A,A
18711,A,A,A,A,A,A,A,A,A,A
18712,A,A,A,A,A,A,A,A,A,A
18713,A,A,A,A,A,A,A,A,A,A
18714,A,A,A,A,A,A,A,A,A,A
18715,A,A,A,A,A,A,A,A,A,A
18716,A,A,A,A,A,A,A,A,A,A
18717,A,A,A,A,A,A,A,A,A,A
18718,A,A,A,A,A,A,A,A,A,A
18719,A,A,A,A,A,A,A,A,A,A
18720,A,A,A,A,A,A,A,A,A,A
18721,A,A,A,A,A,A,A,A,A,A
18722,A,A,A,A,A,A,A,A,A,A
18723,A,A,A,A,A,A,A,A,A,A
18724,A,A,A,A,A,A,A,A,A,A
18725,A,A,A,A,A,A,A,A,A,A
18726,A,A,A,A,A,A,A,A,A,A
18727,A,A,A,A,A,A,A,A,A,A
18728,A,A,A,A,A,A,A,A,A,A
18729,A,A,A,A,A,A,A,A,A,A
18730,A,A,A,A,A,A,A,A,A,A
18731,A,A,A,A,A,A,A,A,A,A
18732,A,A,A,A,A,A,A,A,A,A
18733,A,A,A,A,A,A,A,A,A,A
18734,A,A,A,A,A,A,A,A,A,A
18735,A,A,A,A,A,A,A,A,A,A
18736,A,A,A,A,A,A,A,A,A,A
18737,A,A,A,A,A,A,A,A,A,A
18738,A,A,A,A,A,A,A,A,A,A
18739,A,A,A,A,A,A,A,A,A,A
18740,A,A,A,A,A,A,A,A,A,A
18741,A,A,A,A,A,A,A,A,A,A
18742,A,A,A,A,A,A,A,A,A,A
18743,A,A,A,A,A,A,A,A,A,A
18744,A,A,A,A,A,A,A,A,A,A
18745,A,A,A,A,A,A,A,A,A,A
18746,A,A,A,A,A,A,A,A,A,A
18747,A,A,A,A,A,A,A,A,A,A
18748,A,A,A,A,A,A,A,A,A,A
18749,A,A,A,A,A,A,A,A,A,A
18750,A,A,A,A,A,A,A,A,A,A
18751,A,A,A,A,A,A,A,A,A,A
18752,A,A,A,A,A,A,A,A,A,A
18753,A,A,A,A,A,A,A,A,A,A
18754,A,A,A,A,A,A,A,A,A,A
18755,A,A,A,A,A,A,A,A,A,A
18756,A,A,A,A,A,A,A,A,A,A
18757,A,A,A,A,A,A,A,A,A,A
18758,A,A,A,A,A,A,A,A,A,A
18759,A,A,A,A,A,A,A,A,A,A
18760,A,A,A,A,A,A,A,A,A,A
18761,A,A,A,A,A,A,A,A,A,A
18762,A,A,A,A,A,A,A,A,A,A
18763,A,A,A,A,A,A,A,A,A,A
18764,A,A,A,A,A,A,A,A,A,A
18765,A,A,A,A,A,A,A,A,A,A
18766,A,A,A,A,A,A,A,A,A,A
18767,A,A,A,A,A,A,A,A,A,A
18768,A,A,A,A,A,A,A,A,A,A
18769,A,A,A,A,A,A,A,A,A,A
18770,A,A,A,A,A,A,A,A,A,A
18771,A,A,A,A,A,A,A,A,A,A
18772,A,A,A,A,A,A,A,A,A,A
18773,A,A,A,A,A,A,A,A,A,A
18774,A,A,A,A,A,A,A,A,A,A
18775,A,A,A,A,A,A,A,A,A,A
18776,A,A,A,A,A,A,A,A,A,A
18777,A,A,A,A,A,A,A,A,A,A
18778,A,A,A,A,A,A,A,A,A,A
18779,A,A,A,A,A,A,A,A,A,A
18780,A,A,A,A,A,A,A,A,A,A
18781,A,A,A,A,A,A,A,A,A,A
18782,A,A,A,A,A,A,A,A,A,A
18783,A,A,A,A,A,A,A,A,A,A
18784,A,A,A,A,A,A,A,A,A,A
18785,A,A,A,A,A,A,A,A,A,A
18786,A,A,A,A,A,A,A,A,A,A
18787,A,A,A,A,A,A,A,A,A,A
18788,A,A,A,A,A,A,A,A,A,A
18789,A,A,A,A,A,A,A,A,A,A
18790,A,A,A,A,A,A,A,A,A,A
18791,A,A,A,A,A,A,A,A,A,A
18792,A,A,A,A,A,A,A,A,A,A
18793,A,A,A,A,A,A,A,A,A,A
18794,A,A,A,A,A,A,A,A,A,A
18795,A,A,A,A,A,A,A,A,A,A
18796,A,A,A,A,A,A,A,A,A,A
18797,A,A,A,A,A,A,A,A,A,A
18798,A,A,A,A,A,A,A,A,A,A
18799,A,A,A,A,A,A,A,A,A,A
18800,A,A,A,A,A,A,A,A,A,A
18801,A,A,A,A,A,A,A,A,A,A
18802,A,A,A,A,A,A,A,A,A,A
18803,A,A,A,A,A,A,A,A,A,A
18804,A,A,A,A,A,A,A,A,A,A
18805,A,A,A,A,A,A,A,A,A,A
18806,A,A,A,A,A,A,A,A,A,A
18807,A,A,A,A,A,A,A,A,A,A
18808,A,A,A,A,A,A,A,A,A,A
18809,A,A,A,A,A,A,A,A,A,A
18810,A,A,A,A,A,A,A,A,A,A
18811,A,A,A,A,A,A,A,A,A,A
18812,A,A,A,A,A,A,A,A,A,A
18813,A,A,A,A,A,A,A,A,A,A
18814,A,A,A,A,A,A,A,A,A,A
18815,A,A,A,A,A,A,A,A,A,A
18816,A,A,A,A,A,A,A,A,A,A
18817,A,A,A,A,A,A,A,A,A,A
18818,A,A,A,A,A,A,A,A,A,A
18819,A,A,A,A,A,A,A,A,A,A
18820,A,A,A,A,A,A,A,A,A,A
18821,A,A,A,A,A,A,A,A,A,A
18822,A,A,A,A,A,A,A,A,A,A
18823,I,I,I,I,I,I,I,I,I,I
18824,A,A,A,A,A,A,A,A,A,A
18825,A,A,A,A,A,A,A,A,A,A
18826,A,A,A,A,A,A,A,A,A,A
18827,A,A,A,A,A,A,A,A,A,A
18828,A,A,A,A,A,A,A,A,A,A
18829,A,A,A,A,A,A,A,A,A,A
18830,A,A,A,A,A,A,A,A,A,A
18831,A,A,A,A,A,A,A,A,A,A
18832,A,A,A,A,A,A,A,A,A,A
18833,A,A,A,A,A,A,A,A,A,A
18834,A,A,A,A,A,A,A,A,A,A
18835,A,A,A,A,A,A,A,A,A,A
18836,A,A,A,A,A,A,A,A,A,A
18837,A,A,A,A,A,A,A,A,A,A
18838,A,A,A,A,A,A,A,A,A,A
18839,A,A,A,A,A,A,A,A,A,A
18840,A,A,A,A,A,A,A,A,A,A
18841,A,A,A,A,A,A,A,A,A,A
18842,A,A,A,A,A,A,A,A,A,A
18843,A,A,A,A,A,A,A,A,A,A
18844,A,A,A,A,A,A,A,A,A,A
18845,A,A,A,A,A,A,A,A,A,A
18846,A,A,A,A,A,A,A,A,A,A
18847,A,A,A,A,A,A,A,A,A,A
18848,A,A,A,A,A,A,A,A,A,A
18849,A,A,A,A,A,A,A,A,A,A
18850,A,A,A,A,A,A,A,A,A,A
18851,A,A,A,A,A,A,A,A,A,A
18852,A,A,A,A,A,A,A,A,A,A
18853,A,A,A,A,A,A,A,A,A,A
18854,A,A,A,A,A,A,A,A,A,A
18855,A,A,A,A,A,A,A,A,A,A
18856,A,A,A,A,A,A,A,A,A,A
18857,A,A,A,A,A,A,A,A,A,A
18858,A,A,A,A,A,A,A,A,A,A
18859,A,A,A,A,A,A,A,A,A,A
18860,A,A,A,A,A,A,A,A,A,A
18861,A,A,A,A,A,A,A,A,A,A
18862,A,A,A,A,A,A,A,A,A,A
18863,A,A,A,A,A,A,A,A,A,A
18864,A,A,A,A,A,A,A,A,A,A
18865,A,A,A,A,A,A,A,A,A,A
18866,A,A,A,A,A,A,A,A,A,A
18867,A,A,A,A,A,A,A,A,A,A
18868,A,A,A,A,A,A,A,A,A,A
18869,A,A,A,A,A,A,A,A,A,A
18870,A,A,A,A,A,A,A,A,A,A
18871,A,A,A,A,A,A,A,A,A,A
18872,A,A,A,A,A,A,A,A,A,A
18873,A,A,A,A,A,A,A,A,A,A
18874,A,A,A,A,A,A,A,A,A,A
18875,A,A,A,A,A,A,A,A,A,A
18876,A,A,A,A,A,A,A,A,A,A
18877,A,A,A,A,A,A,A,A,A,A
18878,A,A,A,A,A,A,A,A,A,A
18879,A,A,A,A,A,A,A,A,A,A
18880,A,A,A,A,A,A,A,A,A,A
18881,A,A,A,A,A,A,A,A,A,A
18882,A,A,A,A,A,A,A,A,A,A
18883,A,A,A,A,A,A,A,A,A,A
18884,A,A,A,A,A,A,A,A,A,A
18885,A,A,A,A,A,A,A,A,A,A
18886,A,A,A,A,A,A,A,A,A,A
18887,A,A,A,A,A,A,A,A,A,A
18888,A,A,A,A,A,A,A,A,A,A
18889,A,A,A,A,A,A,A,A,A,A
18890,A,A,A,A,A,A,A,A,A,A
18891,A,A,A,A,A,A,A,A,A,A
18892,A,A,A,A,A,A,A,A,A,A
18893,A,A,A,A,A,A,A,A,A,A
18894,A,A,A,A,A,A,A,A,A,A
18895,A,A,A,A,A,A,A,A,A,A
18896,A,A,A,A,A,A,A,A,A,A
18897,A,A,A,A,A,A,A,A,A,A
18898,A,A,A,A,A,A,A,A,A,A
18899,A,A,A,A,A,A,A,A,A,A
18900,A,A,A,A,A,A,A,A,A,A
18901,A,A,A,A,A,A,A,A,A,A
18902,A,A,A,A,A,A,A,A,A,A
18903,A,A,A,A,A,A,A,A,A,A
18904,A,A,A,A,A,A,A,A,A,A
18905,A,A,A,A,A,A,A,A,A,A
18906,A,A,A,A,A,A,A,A,A,A
18907,A,A,A,A,A,A,A,A,A,A
18908,A,A,A,A,A,A,A,A,A,A
18909,A,A,A,A,A,A,A,A,A,A
18910,A,A,A,A,A,A,A,A,A,A
18911,A,A,A,A,A,A,A,A,A,A
18912,A,A,A,A,A,A,A,A,A,A
18913,A,A,A,A,A,A,A,A,A,A
18914,A,A,A,A,A,A,A,A,A,A
18915,A,A,A,A,A,A,A,A,A,A
18916,A,A,A,A,A,A,A,A,A,A
18917,A,A,A,A,A,A,A,A,A,A
18918,A,A,A,A,A,A,A,A,A,A
18919,A,A,A,A,A,A,A,A,A,A
18920,A,A,A,A,A,A,A,A,A,A
18921,A,A,A,A,A,A,A,A,A,A
18922,A,A,A,A,A,A,A,A,A,A
18923,A,A,A,A,A,A,A,A,A,A
18924,A,A,A,A,A,A,A,A,A,A
18925,A,A,A,A,A,A,A,A,A,A
18926,A,A,A,A,A,A,A,A,A,A
18927,A,A,A,A,A,A,A,A,A,A
18928,A,A,A,A,A,A,A,A,A,A
18929,A,A,A,A,A,A,A,A,A,A
18930,A,A,A,A,A,A,A,A,A,A
18931,A,A,A,A,A,A,A,A,A,A
18932,A,A,A,A,A,A,A,A,A,A
18933,A,A,A,A,A,A,A,A,A,A
18934,A,A,A,A,A,A,A,A,A,A
18935,A,A,A,A,A,A,A,A,A,A
18936,A,A,A,A,A,A,A,A,A,A
18937,A,A,A,A,A,A,A,A,A,A
18938,A,A,A,A,A,A,A,A,A,A
18939,A,A,A,A,A,A,A,A,A,A
18940,A,A,A,A,A,A,A,A,A,A
18941,A,A,A,A,A,A,A,A,A,A
18942,A,A,A,A,A,A,A,A,A,A
18943,A,A,A,A,A,A,A,A,A,A
18944,A,A,A,A,A,A,A,A,A,A
18945,A,A,A,A,A,A,A,A,A,A
18946,A,A,A,A,A,A,A,A,A,A
18947,A,A,A,A,A,A,A,A,A,A
18948,A,A,A,A,A,A,A,A,A,A
18949,A,A,A,A,A,A,A,A,A,A
18950,A,A,A,A,A,A,A,A,A,A
18951,A,A,A,A,A,A,A,A,A,A
18952,A,A,A,A,A,A,A,A,A,A
18953,A,A,A,A,A,A,A,A,A,A
18954,A,A,A,A,A,A,A,A,A,A
18955,A,A,A,A,A,A,A,A,A,A
18956,A,A,A,A,A,A,A,A,A,A
18957,A,A,A,A,A,A,A,A,A,A
18958,A,A,A,A,A,A,A,A,A,A
18959,A,A,A,A,A,A,A,A,A,A
18960,A,A,A,A,A,A,A,A,A,A
18961,A,A,A,A,A,A,A,A,A,A
18962,A,A,A,A,A,A,A,A,A,A
18963,A,A,A,A,A,A,A,A,A,A
18964,A,A,A,A,A,A,A,A,A,A
18965,A,A,A,A,A,A,A,A,A,A
18966,A,A,A,A,A,A,A,A,A,A
18967,A,A,A,A,A,A,A,A,A,A
18968,A,A,A,A,A,A,A,A,A,A
18969,A,A,A,A,A,A,A,A,A,A
18970,A,A,A,A,A,A,A,A,A,A
18971,A,A,A,A,A,A,A,A,A,A
18972,A,A,A,A,A,A,A,A,A,A
18973,A,A,A,A,A,A,A,A,A,A
18974,A,A,A,A,A,A,A,A,A,A
18975,A,A,A,A,A,A,A,A,A,A
18976,A,A,A,A,A,A,A,A,A,A
18977,A,A,A,A,A,A,A,A,A,A
18978,A,A,A,A,A,A,A,A,A,A
18979,A,A,A,A,A,A,A,A,A,A
18980,A,A,A,A,A,A,A,A,A,A
18981,A,A,A,A,A,A,A,A,A,A
18982,A,A,A,A,A,A,A,A,A,A
18983,A,A,A,A,A,A,A,A,A,A
18984,A,A,A,A,A,A,A,A,A,A
18985,A,A,A,A,A,A,A,A,A,A
18986,A,A,A,A,A,A,A,A,A,A
18987,A,A,A,A,A,A,A,A,A,A
18988,A,A,A,A,A,A,A,A,A,A
18989,A,A,A,A,A,A,A,A,A,A
18990,A,A,A,A,A,A,A,A,A,A
18991,A,A,A,A,A,A,A,A,A,A
18992,A,A,A,A,A,A,A,A,A,A
18993,A,A,A,A,A,A,A,A,A,A
18994,A,A,A,A,A,A,A,A,A,A
18995,A,A,A,A,A,A,A,A,A,A
18996,A,A,A,A,A,A,A,A,A,A
18997,A,A,A,A,A,A,A,A,A,A
18998,A,A,A,A,A,A,A,A,A,A
18999,A,A,A,A,A,A,A,A,A,A
19000,A,A,A,A,A,A,A,A,A,A
19001,A,A,A,A,A,A,A,A,A,A
19002,A,A,A,A,A,A,A,A,A,A
19003,A,A,A,A,A,A,A,A,A,A
19004,A,A,A,A,A,A,A,A,A,A
19005,A,A,A,A,A,A,A,A,A,A
19006,A,A,A,A,A,A,A,A,A,A
19007,A,A,A,A,A,A,A,A,A,A
19008,A,A,A,A,A,A,A,A,A,A
19009,A,A,A,A,A,A,A,A,A,A
19010,A,A,A,A,A,A,A,A,A,A
19011,A,A,A,A,A,A,A,A,A,A
19012,A,A,A,A,A,A,A,A,A,A
19013,A,A,A,A,A,A,A,A,A,A
19014,A,A,A,A,A,A,A,A,A,A
19015,A,A,A,A,A,A,A,A,A,A
19016,A,A,A,A,A,A,A,A,A,A
19017,A,A,A,A,A,A,A,A,A,A
19018,A,A,A,A,A,A,A,A,A,A
19019,A,A,A,A,A,A,A,A,A,A
19020,A,A,A,A,A,A,A,A,A,A
19021,A,A,A,A,A,A,A,A,A,A
19022,A,A,A,A,A,A,A,A,A,A
19023,A,A,A,A,A,A,A,A,A,A
19024,A,A,A,A,A,A,A,A,A,A
19025,A,A,A,A,A,A,A,A,A,A
19026,A,A,A,A,A,A,A,A,A,A
19027,A,A,A,A,A,A,A,A,A,A
19028,A,A,A,A,A,A,A,A,A,A
19029,A,A,A,A,A,A,A,A,A,A
19030,A,A,A,A,A,A,A,A,A,A
19031,A,A,A,A,A,A,A,A,A,A
19032,A,A,A,A,A,A,A,A,A,A
19033,A,A,A,A,A,A,A,A,A,A
19034,A,A,A,A,A,A,A,A,A,A
19035,A,A,A,A,A,A,A,A,A,A
19036,A,A,A,A,A,A,A,A,A,A
19037,A,A,A,A,A,A,A,A,A,A
19038,A,A,A,A,A,A,A,A,A,A
19039,A,A,A,A,A,A,A,A,A,A
19040,A,A,A,A,A,A,A,A,A,A
19041,A,A,A,A,A,A,A,A,A,A
19042,A,A,A,A,A,A,A,A,A,A
19043,A,A,A,A,A,A,A,A,A,A
19044,A,A,A,A,A,A,A,A,A,A
19045,A,A,A,A,A,A,A,A,A,A
19046,A,A,A,A,A,A,A,A,A,A
19047,A,A,A,A,A,A,A,A,A,A
19048,A,A,A,A,A,A,A,A,A,A
19049,A,A,A,A,A,A,A,A,A,A
19050,A,A,A,A,A,A,A,A,A,A
19051,A,A,A,A,A,A,A,A,A,A
19052,A,A,A,A,A,A,A,A,A,A
19053,A,A,A,A,A,A,A,A,A,A
19054,A,A,A,A,A,A,A,A,A,A
19055,A,A,A,A,A,A,A,A,A,A
19056,A,A,A,A,A,A,A,A,A,A
19057,A,A,A,A,A,A,A,A,A,A
19058,A,A,A,A,A,A,A,A,A,A
19059,A,A,A,A,A,A,A,A,A,A
19060,A,A,A,A,A,A,A,A,A,A
19061,A,A,A,A,A,A,A,A,A,A
19062,A,A,A,A,A,A,A,A,A,A
19063,A,A,A,A,A,A,A,A,A,A
19064,A,A,A,A,A,A,A,A,A,A
19065,A,A,A,A,A,A,A,A,A,A
19066,A,A,A,A,A,A,A,A,A,A
19067,A,A,A,A,A,A,A,A,A,A
19068,A,A,A,A,A,A,A,A,A,A
19069,A,A,A,A,A,A,A,A,A,A
19070,A,A,A,A,A,A,A,A,A,A
19071,A,A,A,A,A,A,A,A,A,A
19072,A,A,A,A,A,A,A,A,A,A
19073,A,A,A,A,A,A,A,A,A,A
19074,A,A,A,A,A,A,A,A,A,A
19075,A,A,A,A,A,A,A,A,A,A
19076,A,A,A,A,A,A,A,A,A,A
19077,A,A,A,A,A,A,A,A,A,A
19078,A,A,A,A,A,A,A,A,A,A
19079,A,A,A,A,A,A,A,A,A,A
19080,A,A,A,A,A,A,A,A,A,A
19081,A,A,A,A,A,A,A,A,A,A
19082,A,A,A,A,A,A,A,A,A,A
19083,A,A,A,A,A,A,A,A,A,A
19084,A,A,A,A,A,A,A,A,A,A
19085,A,A,A,A,A,A,A,A,A,A
19086,A,A,A,A,A,A,A,A,A,A
19087,A,A,A,A,A,A,A,A,A,A
19088,A,A,A,A,A,A,A,A,A,A
19089,A,A,A,A,A,A,A,A,A,A
19090,A,A,A,A,A,A,A,A,A,A
19091,A,A,A,A,A,A,A,A,A,A
19092,A,A,A,A,A,A,A,A,A,A
19093,A,A,A,A,A,A,A,A,A,A
19094,A,A,A,A,A,A,A,A,A,A
19095,A,A,A,A,A,A,A,A,A,A
19096,A,A,A,A,A,A,A,A,A,A
19097,A,A,A,A,A,A,A,A,A,A
19098,A,A,A,A,A,A,A,A,A,A
19099,A,A,A,A,A,A,A,A,A,A
19100,A,A,A,A,A,A,A,A,A,A
19101,A,A,A,A,A,A,A,A,A,A
19102,A,A,A,A,A,A,A,A,A,A
19103,A,A,A,A,A,A,A,A,A,A
19104,A,A,A,A,A,A,A,A,A,A
19105,A,A,A,A,A,A,A,A,A,A
19106,A,A,A,A,A,A,A,A,A,A
19107,A,A,A,A,A,A,A,A,A,A
19108,A,A,A,A,A,A,A,A,A,A
19109,A,A,A,A,A,A,A,A,A,A
19110,A,A,A,A,A,A,A,A,A,A
19111,A,A,A,A,A,A,A,A,A,A
19112,A,A,A,A,A,A,A,A,A,A
19113,A,A,A,A,A,A,A,A,A,A
19114,A,A,A,A,A,A,A,A,A,A
19115,A,A,A,A,A,A,A,A,A,A
19116,A,A,A,A,A,A,A,A,A,A
19117,A,A,A,A,A,A,A,A,A,A
19118,A,A,A,A,A,A,A,A,A,A
19119,A,A,A,A,A,A,A,A,A,A
19120,A,A,A,A,A,A,A,A,A,A
19121,A,A,A,A,A,A,A,A,A,A
19122,A,A,A,A,A,A,A,A,A,A
19123,A,A,A,A,A,A,A,A,A,A
19124,A,A,A,A,A,A,A,A,A,A
19125,A,A,A,A,A,A,A,A,A,A
19126,A,A,A,A,A,A,A,A,A,A
19127,A,A,A,A,A,A,A,A,A,A
19128,A,A,A,A,A,A,A,A,A,A
19129,A,A,A,A,A,A,A,A,A,A
19130,A,A,A,A,A,A,A,A,A,A
19131,A,A,A,A,A,A,A,A,A,A
19132,A,A,A,A,A,A,A,A,A,A
19133,A,A,A,A,A,A,A,A,A,A
19134,A,A,A,A,A,A,A,A,A,A
19135,A,A,A,A,A,A,A,A,A,A
19136,A,A,A,A,A,A,A,A,A,A
19137,A,A,A,A,A,A,A,A,A,A
19138,A,A,A,A,A,A,A,A,A,A
19139,A,A,A,A,A,A,A,A,A,A
19140,A,A,A,A,A,A,A,A,A,A
19141,A,A,A,A,A,A,A,A,A,A
19142,A,A,A,A,A,A,A,A,A,A
19143,A,A,A,A,A,A,A,A,A,A
19144,A,A,A,A,A,A,A,A,A,A
19145,A,A,A,A,A,A,A,A,A,A
19146,A,A,A,A,A,A,A,A,A,A
19147,A,A,A,A,A,A,A,A,A,A
19148,A,A,A,A,A,A,A,A,A,A
19149,A,A,A,A,A,A,A,A,A,A
19150,A,A,A,A,A,A,A,A,A,A
19151,A,A,A,A,A,A,A,A,A,A
19152,A,A,A,A,A,A,A,A,A,A
19153,A,A,A,A,A,A,A,A,A,A
19154,A,A,A,A,A,A,A,A,A,A
19155,A,A,A,A,A,A,A,A,A,A
19156,A,A,A,A,A,A,A,A,A,A
19157,A,A,A,A,A,A,A,A,A,A
19158,A,A,A,A,A,A,A,A,A,A
19159,A,A,A,A,A,A,A,A,A,A
19160,A,A,A,A,A,A,A,A,A,A
19161,A,A,A,A,A,A,A,A,A,A
19162,A,A,A,A,A,A,A,A,A,A
19163,A,A,A,A,A,A,A,A,A,A
19164,A,A,A,A,A,A,A,A,A,A
19165,A,A,A,A,A,A,A,A,A,A
19166,A,A,A,A,A,A,A,A,A,A
19167,A,A,A,A,A,A,A,A,A,A
19168,A,A,A,A,A,A,A,A,A,A
19169,A,A,A,A,A,A,A,A,A,A
19170,A,A,A,A,A,A,A,A,A,A
19171,A,A,A,A,A,A,A,A,A,A
19172,A,A,A,A,A,A,A,A,A,A
19173,A,A,A,A,A,A,A,A,A,A
19174,A,A,A,A,A,A,A,A,A,A
19175,A,A,A,A,A,A,A,A,A,A
19176,A,A,A,A,A,A,A,A,A,A
19177,A,A,A,A,A,A,A,A,A,A
19178,A,A,A,A,A,A,A,A,A,A
19179,A,A,A,A,A,A,A,A,A,A
19180,A,A,A,A,A,A,A,A,A,A
19181,A,A,A,A,A,A,A,A,A,A
19182,A,A,A,A,A,A,A,A,A,A
19183,A,A,A,A,A,A,A,A,A,A
19184,A,A,A,A,A,A,A,A,A,A
19185,A,A,A,A,A,A,A,A,A,A
19186,A,A,A,A,A,A,A,A,A,A
19187,A,A,A,A,A,A,A,A,A,A
19188,A,A,A,A,A,A,A,A,A,A
19189,A,A,A,A,A,A,A,A,A,A
19190,A,A,A,A,A,A,A,A,A,A
19191,A,A,A,A,A,A,A,A,A,A
19192,A,A,A,A,A,A,A,A,A,A
19193,A,A,A,A,A,A,A,A,A,A
19194,A,A,A,A,A,A,A,A,A,A
19195,A,A,A,A,A,A,A,A,A,A
19196,A,A,A,A,A,A,A,A,A,A
19197,A,A,A,A,A,A,A,A,A,A
19198,A,A,A,A,A,A,A,A,A,A
19199,A,A,A,A,A,A,A,A,A,A
19200,A,A,A,A,A,A,A,A,A,A
19201,A,A,A,A,A,A,A,A,A,A
19202,A,A,A,A,A,A,A,A,A,A
19203,A,A,A,A,A,A,A,A,A,A
19204,A,A,A,A,A,A,A,A,A,A
19205,A,A,A,A,A,A,A,A,A,A
19206,A,A,A,A,A,A,A,A,A,A
19207,A,A,A,A,A,A,A,A,A,A
19208,A,A,A,A,A,A,A,A,A,A
19209,A,A,A,A,A,A,A,A,A,A
19210,A,A,A,A,A,A,A,A,A,A
19211,A,A,A,A,A,A,A,A,A,A
19212,A,A,A,A,A,A,A,A,A,A
19213,A,A,A,A,A,A,A,A,A,A
19214,A,A,A,A,A,A,A,A,A,A
19215,A,A,A,A,A,A,A,A,A,A
19216,A,A,A,A,A,A,A,A,A,A
19217,A,A,A,A,A,A,A,A,A,A
19218,A,A,A,A,A,A,A,A,A,A
19219,A,A,A,A,A,A,A,A,A,A
19220,A,A,A,A,A,A,A,A,A,A
19221,A,A,A,A,A,A,A,A,A,A
19222,A,A,A,A,A,A,A,A,A,A
19223,A,A,A,A,A,A,A,A,A,A
19224,A,A,A,A,A,A,A,A,A,A
19225,A,A,A,A,A,A,A,A,A,A
19226,A,A,A,A,A,A,A,A,A,A
19227,A,A,A,A,A,A,A,A,A,A
19228,A,A,A,A,A,A,A,A,A,A
19229,A,A,A,A,A,A,A,A,A,A
19230,A,A,A,A,A,A,A,A,A,A
19231,A,A,A,A,A,A,A,A,A,A
19232,A,A,A,A,A,A,A,A,A,A
19233,A,A,A,A,A,A,A,A,A,A
19234,A,A,A,A,A,A,A,A,A,A
19235,A,A,A,A,A,A,A,A,A,A
19236,A,A,A,A,A,A,A,A,A,A
19237,A,A,A,A,A,A,A,A,A,A
19238,A,A,A,A,A,A,A,A,A,A
19239,A,A,A,A,A,A,A,A,A,A
19240,A,A,A,A,A,A,A,A,A,A
19241,A,A,A,A,A,A,A,A,A,A
19242,A,A,A,A,A,A,A,A,A,A
19243,A,A,A,A,A,A,A,A,A,A
19244,A,A,A,A,A,A,A,A,A,A
19245,A,A,A,A,A,A,A,A,A,A
19246,A,A,A,A,A,A,A,A,A,A
19247,I,I,I,I,I,I,I,I,I,I
19248,A,A,A,A,A,A,A,A,A,A
19249,I,I,I,I,I,I,I,I,I,I
19250,A,A,A,A,A,A,A,A,A,A
19251,I,I,I,I,I,I,I,I,I,I
19252,A,A,A,A,A,A,A,A,A,A
19253,I,I,I,I,I,I,I,I,I,I
19254,A,A,A,A,A,A,A,A,A,A
19255,I,I,I,I,I,I,I,I,I,I
19256,I,I,I,I,I,I,I,I,I,I
19257,A,A,A,A,A,A,A,A,A,A
19258,A,A,A,A,A,A,A,A,A,A
19259,A,A,A,A,A,A,A,A,A,A
19260,A,A,A,A,A,A,A,A,A,A
19261,A,A,A,A,A,A,A,A,A,A
19262,A,A,A,A,A,A,A,A,A,A
19263,A,A,A,A,A,A,A,A,A,A
19264,A,A,A,A,A,A,A,A,A,A
19265,A,A,A,A,A,A,A,A,A,A
19266,A,A,A,A,A,A,A,A,A,A
19267,A,A,A,A,A,A,A,A,A,A
19268,A,A,A,A,A,A,A,A,A,A
19269,A,A,A,A,A,A,A,A,A,A
19270,A,A,A,A,A,A,A,A,A,A
19271,A,A,A,A,A,A,A,A,A,A
19272,A,A,A,A,A,A,A,A,A,A
19273,A,A,A,A,A,A,A,A,A,A
19274,A,A,A,A,A,A,A,A,A,A
19275,A,A,A,A,A,A,A,A,A,A
19276,A,A,A,A,A,A,A,A,A,A
19277,A,A,A,A,A,A,A,A,A,A
19278,A,A,A,A,A,A,A,A,A,A
19279,A,A,A,A,A,A,A,A,A,A
19280,A,A,A,A,A,A,A,A,A,A
19281,A,A,A,A,A,A,A,A,A,A
19282,A,A,A,A,A,A,A,A,A,A
19283,A,A,A,A,A,A,A,A,A,A
19284,A,A,A,A,A,A,A,A,A,A
19285,A,A,A,A,A,A,A,A,A,A
19286,A,A,A,A,A,A,A,A,A,A
19287,A,A,A,A,A,A,A,A,A,A
19288,A,A,A,A,A,A,A,A,A,A
19289,A,A,A,A,A,A,A,A,A,A
19290,A,A,A,A,A,A,A,A,A,A
19291,A,A,A,A,A,A,A,A,A,A
19292,A,A,A,A,A,A,A,A,A,A
19293,A,A,A,A,A,A,A,A,A,A
19294,A,A,A,A,A,A,A,A,A,A
19295,A,A,A,A,A,A,A,A,A,A
19296,A,A,A,A,A,A,A,A,A,A
19297,A,A,A,A,A,A,A,A,A,A
19298,A,A,A,A,A,A,A,A,A,A
19299,A,A,A,A,A,A,A,A,A,A
19300,A,A,A,A,A,A,A,A,A,A
19301,A,A,A,A,A,A,A,A,A,A
19302,A,A,A,A,A,A,A,A,A,A
19303,A,A,A,A,A,A,A,A,A,A
19304,A,A,A,A,A,A,A,A,A,A
19305,A,A,A,A,A,A,A,A,A,A
19306,A,A,A,A,A,A,A,A,A,A
19307,A,A,A,A,A,A,A,A,A,A
19308,A,A,A,A,A,A,A,A,A,A
19309,A,A,A,A,A,A,A,A,A,A
19310,A,A,A,A,A,A,A,A,A,A
19311,A,A,A,A,A,A,A,A,A,A
19312,A,A,A,A,A,A,A,A,A,A
19313,A,A,A,A,A,A,A,A,A,A
19314,A,A,A,A,A,A,A,A,A,A
19315,A,A,A,A,A,A,A,A,A,A
19316,A,A,A,A,A,A,A,A,A,A
19317,A,A,A,A,A,A,A,A,A,A
19318,A,A,A,A,A,A,A,A,A,A
19319,A,A,A,A,A,A,A,A,A,A
19320,A,A,A,A,A,A,A,A,A,A
19321,A,A,A,A,A,A,A,A,A,A
19322,A,A,A,A,A,A,A,A,A,A
19323,A,A,A,A,A,A,A,A,A,A
19324,A,A,A,A,A,A,A,A,A,A
19325,A,A,A,A,A,A,A,A,A,A
19326,A,A,A,A,A,A,A,A,A,A
19327,A,A,A,A,A,A,A,A,A,A
19328,A,A,A,A,A,A,A,A,A,A
19329,A,A,A,A,A,A,A,A,A,A
19330,A,A,A,A,A,A,A,A,A,A
19331,A,A,A,A,A,A,A,A,A,A
19332,A,A,A,A,A,A,A,A,A,A
19333,A,A,A,A,A,A,A,A,A,A
19334,A,A,A,A,A,A,A,A,A,A
19335,A,A,A,A,A,A,A,A,A,A
19336,A,A,A,A,A,A,A,A,A,A
19337,A,A,A,A,A,A,A,A,A,A
19338,A,A,A,A,A,A,A,A,A,A
19339,A,A,A,A,A,A,A,A,A,A
19340,A,A,A,A,A,A,A,A,A,A
19341,A,A,A,A,A,A,A,A,A,A
19342,A,A,A,A,A,A,A,A,A,A
19343,A,A,A,A,A,A,A,A,A,A
19344,A,A,A,A,A,A,A,A,A,A
19345,A,A,A,A,A,A,A,A,A,A
19346,A,A,A,A,A,A,A,A,A,A
19347,A,A,A,A,A,A,A,A,A,A
19348,A,A,A,A,A,A,A,A,A,A
19349,J,J,J,J,J,J,J,J,J,J
19350,A,A,A,A,A,A,A,A,A,A
19351,A,A,A,A,A,A,A,A,A,A
19352,J,J,J,J,J,J,J,J,J,J
19353,J,#N/A,J,J,#N/A,J,#N/A,J,J,J
19354,A,A,A,A,A,A,A,A,A,A
19355,A,A,A,A,A,A,A,A,A,A
19356,A,A,A,A,A,A,A,A,A,A
19357,A,A,A,A,A,A,A,A,A,A
19358,A,A,A,A,A,A,A,A,A,A
19359,A,A,A,A,A,A,A,A,A,A
19360,A,A,A,A,A,A,A,A,A,A
19361,A,A,A,A,A,A,A,A,A,A
19362,A,A,A,A,A,A,A,A,A,A
19363,A,A,A,A,A,A,A,A,A,A
19364,A,A,A,A,A,A,A,A,A,A
19365,A,A,A,A,A,A,A,A,A,A
19366,A,A,A,A,A,A,A,A,A,A
19367,A,A,A,A,A,A,A,A,A,A
19368,A,A,A,A,A,A,A,A,A,A
19369,A,A,A,A,A,A,A,A,A,A
19370,A,A,A,A,A,A,A,A,A,A
19371,A,A,A,A,A,A,A,A,A,A
19372,A,A,A,A,A,A,A,A,A,A
19373,A,A,A,A,A,A,A,A,A,A
19374,A,A,A,A,A,A,A,A,A,A
19375,A,A,A,A,A,A,A,A,A,A
19376,A,A,A,A,A,A,A,A,A,A
19377,A,A,A,A,A,A,A,A,A,A
19378,A,A,A,A,A,A,A,A,A,A
19379,A,A,A,A,A,A,A,A,A,A
19380,A,A,A,A,A,A,A,A,A,A
19381,A,A,A,A,A,A,A,A,A,A
19382,A,A,A,A,A,A,A,A,A,A
19383,A,A,A,A,A,A,A,A,A,A
19384,A,A,A,A,A,A,A,A,A,A
19385,A,A,A,A,A,A,A,A,A,A
19386,A,A,A,A,A,A,A,A,A,A
19387,A,A,A,A,A,A,A,A,A,A
19388,A,A,A,A,A,A,A,A,A,A
19389,A,A,A,A,A,A,A,A,A,A
19390,A,A,A,A,A,A,A,A,A,A
19391,A,A,A,A,A,A,A,A,A,A
19392,A,A,A,A,A,A,A,A,A,A
19393,A,A,A,A,A,A,A,A,A,A
19394,A,A,A,A,A,A,A,A,A,A
19395,A,A,A,A,A,A,A,A,A,A
19396,A,A,A,A,A,A,A,A,A,A
19397,A,A,A,A,A,A,A,A,A,A
19398,A,A,A,A,A,A,A,A,A,A
19399,A,A,A,A,A,A,A,A,A,A
19400,L,L,L,L,L,L,L,L,L,L
19401,A,A,A,A,A,A,A,A,A,A
19402,A,A,A,A,A,A,A,A,A,A
19403,A,A,A,A,A,A,A,A,A,A
19404,A,A,A,A,A,A,A,A,A,A
19405,A,A,A,A,A,A,A,A,A,A
19406,A,A,A,A,A,A,A,A,A,A
19407,A,A,A,A,A,A,A,A,A,A
19408,A,A,A,A,A,A,A,A,A,A
19409,A,A,A,A,A,A,A,A,A,A
19410,A,A,A,A,A,A,A,A,A,A
19411,A,A,A,A,A,A,A,A,A,A
19412,A,A,A,A,A,A,A,A,A,A
19413,A,A,A,A,A,A,A,A,A,A
19414,A,A,A,A,A,A,A,A,A,A
19415,A,A,A,A,A,A,A,A,A,A
19416,A,A,A,A,A,A,A,A,A,A
19417,A,A,A,A,A,A,A,A,A,A
19418,A,A,A,A,A,A,A,A,A,A
19419,A,A,A,A,A,A,A,A,A,A
19420,A,A,A,A,A,A,A,A,A,A
19421,A,A,A,A,A,A,A,A,A,A
19422,A,A,A,A,A,A,A,A,A,A
19423,A,A,A,A,A,A,A,A,A,A
19424,A,A,A,A,A,A,A,A,A,A
19425,A,A,A,A,A,A,A,A,A,A
19426,A,A,A,A,A,A,A,A,A,A
19427,A,A,A,A,A,A,A,A,A,A
19428,A,A,A,A,A,A,A,A,A,A
19429,A,A,A,A,A,A,A,A,A,A
19430,A,A,A,A,A,A,A,A,A,A
19431,A,A,A,A,A,A,A,A,A,A
19432,A,A,A,A,A,A,A,A,A,A
19433,A,A,A,A,A,A,A,A,A,A
19434,A,A,A,A,A,A,A,A,A,A
19435,A,A,A,A,A,A,A,A,A,A
19436,A,A,A,A,A,A,A,A,A,A
19437,A,A,A,A,A,A,A,A,A,A
19438,A,A,A,A,A,A,A,A,A,A
19439,A,A,A,A,A,A,A,A,A,A
19440,A,A,A,A,A,A,A,A,A,A
19441,A,A,A,A,A,A,A,A,A,A
19442,A,A,A,A,A,A,A,A,A,A
19443,A,A,A,A,A,A,A,A,A,A
19444,A,A,A,A,A,A,A,A,A,A
19445,A,A,A,A,A,A,A,A,A,A
19446,A,A,A,A,A,A,A,A,A,A
19447,A,A,A,A,A,A,A,A,A,A
19448,A,A,A,A,A,A,A,A,A,A
19449,A,A,A,A,A,A,A,A,A,A
19450,A,A,A,A,A,A,A,A,A,A
19451,A,A,A,A,A,A,A,A,A,A
19452,A,A,A,A,A,A,A,A,A,A
19453,A,A,A,A,A,A,A,A,A,A
19454,A,A,A,A,A,A,A,A,A,A
19455,A,A,A,A,A,A,A,A,A,A
19456,A,A,A,A,A,A,A,A,A,A
19457,A,A,A,A,A,A,A,A,A,A
19458,A,A,A,A,A,A,A,A,A,A
19459,A,A,A,A,A,A,A,A,A,A
19460,A,A,A,A,A,A,A,A,A,A
19461,A,A,A,A,A,A,A,A,A,A
19462,A,A,A,A,A,A,A,A,A,A
19463,A,A,A,A,A,A,A,A,A,A
19464,A,A,A,A,A,A,A,A,A,A
19465,A,A,A,A,A,A,A,A,A,A
19466,A,A,A,A,A,A,A,A,A,A
19467,A,A,A,A,A,A,A,A,A,A
19468,A,A,A,A,A,A,A,A,A,A
19469,A,A,A,A,A,A,A,A,A,A
19470,A,A,A,A,A,A,A,A,A,A
19471,A,A,A,A,A,A,A,A,A,A
19472,A,A,A,A,A,A,A,A,A,A
19473,A,A,A,A,A,A,A,A,A,A
19474,A,A,A,A,A,A,A,A,A,A
19475,A,A,A,A,A,A,A,A,A,A
19476,A,A,A,A,A,A,A,A,A,A
19477,A,A,A,A,A,A,A,A,A,A
19478,A,A,A,A,A,A,A,A,A,A
19479,A,A,A,A,A,A,A,A,A,A
19480,A,A,A,A,A,A,A,A,A,A
19481,A,A,A,A,A,A,A,A,A,A
19482,A,A,A,A,A,A,A,A,A,A
19483,A,A,A,A,A,A,A,A,A,A
19484,A,A,A,A,A,A,A,A,A,A
19485,A,A,A,A,A,A,A,A,A,A
19486,A,A,A,A,A,A,A,A,A,A
19487,A,A,A,A,A,A,A,A,A,A
19488,A,A,A,A,A,A,A,A,A,A
19489,A,A,A,A,A,A,A,A,A,A
19490,A,A,A,A,A,A,A,A,A,A
19491,A,A,A,A,A,A,A,A,A,A
19492,A,A,A,A,A,A,A,A,A,A
19493,A,A,A,A,A,A,A,A,A,A
19494,A,A,A,A,A,A,A,A,A,A
19495,A,A,A,A,A,A,A,A,A,A
19496,A,A,A,A,A,A,A,A,A,A
19497,A,A,A,A,A,A,A,A,A,A
19498,A,A,A,A,A,A,A,A,A,A
19499,A,A,A,A,A,A,A,A,A,A
19500,A,A,A,A,A,A,A,A,A,A
19501,A,A,A,A,A,A,A,A,A,A
19502,A,A,A,A,A,A,A,A,A,A
19503,A,A,A,A,A,A,A,A,A,A
19504,A,A,A,A,A,A,A,A,A,A
19505,A,A,A,A,A,A,A,A,A,A
19506,A,A,A,A,A,A,A,A,A,A
19507,A,A,A,A,A,A,A,A,A,A
19508,A,A,A,A,A,A,A,A,A,A
19509,A,A,A,A,A,A,A,A,A,A
19510,A,A,A,A,A,A,A,A,A,A
19511,A,A,A,A,A,A,A,A,A,A
19512,A,A,A,A,A,A,A,A,A,A
19513,A,A,A,A,A,A,A,A,A,A
19514,A,A,A,A,A,A,A,A,A,A
19515,A,A,A,A,A,A,A,A,A,A
19516,A,A,A,A,A,A,A,A,A,A
19517,A,A,A,A,A,A,A,A,A,A
19518,A,A,A,A,A,A,A,A,A,A
19519,L,L,L,L,L,L,L,L,L,L
19520,A,A,A,A,A,A,A,A,A,A
19521,A,A,A,A,A,A,A,A,A,A
19522,A,A,A,A,A,A,A,A,A,A
19523,A,A,A,A,A,A,A,A,A,A
19524,A,A,A,A,A,A,A,A,A,A
19525,A,A,A,A,A,A,A,A,A,A
19526,A,A,A,A,A,A,A,A,A,A
19527,A,A,A,A,A,A,A,A,A,A
19528,A,A,A,A,A,A,A,A,A,A
19529,A,A,A,A,A,A,A,A,A,A
19530,A,A,A,A,A,A,A,A,A,A
19531,A,A,A,A,A,A,A,A,A,A
19532,A,A,A,A,A,A,A,A,A,A
19533,A,A,A,A,A,A,A,A,A,A
19534,A,A,A,A,A,A,A,A,A,A
19535,A,A,A,A,A,A,A,A,A,A
19536,A,A,A,A,A,A,A,A,A,A
19537,A,A,A,A,A,A,A,A,A,A
19538,A,A,A,A,A,A,A,A,A,A
19539,A,A,A,A,A,A,A,A,A,A
19540,A,A,A,A,A,A,A,A,A,A
19541,A,A,A,A,A,A,A,A,A,A
19542,A,A,A,A,A,A,A,A,A,A
19543,A,A,A,A,A,A,A,A,A,A
19544,A,A,A,A,A,A,A,A,A,A
19545,A,A,A,A,A,A,A,A,A,A
19546,A,A,A,A,A,A,A,A,A,A
19547,A,A,A,A,A,A,A,A,A,A
19548,A,A,A,A,A,A,A,A,A,A
19549,A,A,A,A,A,A,A,A,A,A
19550,A,A,A,A,A,A,A,A,A,A
19551,A,A,A,A,A,A,A,A,A,A
19552,A,A,A,A,A,A,A,A,A,A
19553,A,A,A,A,A,A,A,A,A,A
19554,A,A,A,A,A,A,A,A,A,A
19555,A,A,A,A,A,A,A,A,A,A
19556,A,A,A,A,A,A,A,A,A,A
19557,A,A,A,A,A,A,A,A,A,A
19558,A,A,A,A,A,A,A,A,A,A
19559,A,A,A,A,A,A,A,A,A,A
19560,A,A,A,A,A,A,A,A,A,A
19561,A,A,A,A,A,A,A,A,A,A
19562,A,A,A,A,A,A,A,A,A,A
19563,A,A,A,A,A,A,A,A,A,A
19564,A,A,A,A,A,A,A,A,A,A
19565,A,A,A,A,A,A,A,A,A,A
19566,A,A,A,A,A,A,A,A,A,A
19567,A,A,A,A,A,A,A,A,A,A
19568,A,A,A,A,A,A,A,A,A,A
19569,A,A,A,A,A,A,A,A,A,A
19570,A,A,A,A,A,A,A,A,A,A
19571,A,A,A,A,A,A,A,A,A,A
19572,A,A,A,A,A,A,A,A,A,A
19573,A,A,A,A,A,A,A,A,A,A
19574,A,A,A,A,A,A,A,A,A,A
19575,A,A,A,A,A,A,A,A,A,A
19576,A,A,A,A,A,A,A,A,A,A
19577,A,A,A,A,A,A,A,A,A,A
19578,A,A,A,A,A,A,A,A,A,A
19579,A,A,A,A,A,A,A,A,A,A
19580,A,A,A,A,A,A,A,A,A,A
19581,A,A,A,A,A,A,A,A,A,A
19582,A,A,A,A,A,A,A,A,A,A
19583,A,A,A,A,A,A,A,A,A,A
19584,A,A,A,A,A,A,A,A,A,A
19585,A,A,A,A,A,A,A,A,A,A
19586,A,A,A,A,A,A,A,A,A,A
19587,A,A,A,A,A,A,A,A,A,A
19588,A,A,A,A,A,A,A,A,A,A
19589,A,A,A,A,A,A,A,A,A,A
19590,A,A,A,A,A,A,A,A,A,A
19591,A,A,A,A,A,A,A,A,A,A
19592,A,A,A,A,A,A,A,A,A,A
19593,A,A,A,A,A,A,A,A,A,A
19594,A,A,A,A,A,A,A,A,A,A
19595,A,A,A,A,A,A,A,A,A,A
19596,A,A,A,A,A,A,A,A,A,A
19597,A,A,A,A,A,A,A,A,A,A
19598,A,A,A,A,A,A,A,A,A,A
19599,A,A,A,A,A,A,A,A,A,A
19600,A,A,A,A,A,A,A,A,A,A
19601,A,A,A,A,A,A,A,A,A,A
19602,A,A,A,A,A,A,A,A,A,A
19603,A,A,A,A,A,A,A,A,A,A
19604,A,A,A,A,A,A,A,A,A,A
19605,A,A,A,A,A,A,A,A,A,A
19606,A,A,A,A,A,A,A,A,A,A
19607,A,A,A,A,A,A,A,A,A,A
19608,A,A,A,A,A,A,A,A,A,A
19609,A,A,A,A,A,A,A,A,A,A
19610,A,A,A,A,A,A,A,A,A,A
19611,A,A,A,A,A,A,A,A,A,A
19612,A,A,A,A,A,A,A,A,A,A
19613,A,A,A,A,A,A,A,A,A,A
19614,A,A,A,A,A,A,A,A,A,A
19615,A,A,A,A,A,A,A,A,A,A
19616,A,A,A,A,A,A,A,A,A,A
19617,A,A,A,A,A,A,A,A,A,A
19618,A,A,A,A,A,A,A,A,A,A
19619,A,A,A,A,A,A,A,A,A,A
19620,A,A,A,A,A,A,A,A,A,A
19621,A,A,A,A,A,A,A,A,A,A
19622,A,A,A,A,A,A,A,A,A,A
19623,A,A,A,A,A,A,A,A,A,A
19624,A,A,A,A,A,A,A,A,A,A
19625,A,A,A,A,A,A,A,A,A,A
19626,A,A,A,A,A,A,A,A,A,A
19627,A,A,A,A,A,A,A,A,A,A
19628,A,A,A,A,A,A,A,A,A,A
19629,A,A,A,A,A,A,A,A,A,A
19630,A,A,A,A,A,A,A,A,A,A
19631,A,A,A,A,A,A,A,A,A,A
19632,A,A,A,A,A,A,A,A,A,A
19633,A,A,A,A,A,A,A,A,A,A
19634,A,A,A,A,A,A,A,A,A,A
19635,A,A,A,A,A,A,A,A,A,A
19636,A,A,A,A,A,A,A,A,A,A
19637,A,A,A,A,A,A,A,A,A,A
19638,A,A,A,A,A,A,A,A,A,A
19639,A,A,A,A,A,A,A,A,A,A
19640,A,A,A,A,A,A,A,A,A,A
19641,J,J,J,J,J,J,J,J,J,J
19642,A,A,A,A,A,A,A,A,A,A
19643,A,A,A,A,A,A,A,A,A,A
19644,A,A,A,A,A,A,A,A,A,A
19645,A,A,A,A,A,A,A,A,A,A
19646,A,A,A,A,A,A,A,A,A,A
19647,A,A,A,A,A,A,A,A,A,A
19648,A,A,A,A,A,A,A,A,A,A
19649,A,A,A,A,A,A,A,A,A,A
19650,A,A,A,A,A,A,A,A,A,A
19651,A,A,A,A,A,A,A,A,A,A
19652,A,A,A,A,A,A,A,A,A,A
19653,A,A,A,A,A,A,A,A,A,A
19654,A,A,A,A,A,A,A,A,A,A
19655,A,A,A,A,A,A,A,A,A,A
19656,A,A,A,A,A,A,A,A,A,A
19657,A,A,A,A,A,A,A,A,A,A
19658,A,A,A,A,A,A,A,A,A,A
19659,A,A,A,A,A,A,A,A,A,A
19660,A,A,A,A,A,A,A,A,A,A
19661,A,A,A,A,A,A,A,A,A,A
19662,A,A,A,A,A,A,A,A,A,A
19663,A,A,A,A,A,A,A,A,A,A
19664,A,A,A,A,A,A,A,A,A,A
19665,A,A,A,A,A,A,A,A,A,A
19666,A,A,A,A,A,A,A,A,A,A
19667,A,A,A,A,A,A,A,A,A,A
19668,A,A,A,A,A,A,A,A,A,A
19669,A,A,A,A,A,A,A,A,A,A
19670,A,A,A,A,A,A,A,A,A,A
19671,A,A,A,A,A,A,A,A,A,A
19672,A,A,A,A,A,A,A,A,A,A
19673,A,A,A,A,A,A,A,A,A,A
19674,A,A,A,A,A,A,A,A,A,A
19675,A,A,A,A,A,A,A,A,A,A
19676,A,A,A,A,A,A,A,A,A,A
19677,A,A,A,A,A,A,A,A,A,A
19678,A,A,A,A,A,A,A,A,A,A
19679,A,A,A,A,A,A,A,A,A,A
19680,A,A,A,A,A,A,A,A,A,A
19681,A,A,A,A,A,A,A,A,A,A
19682,A,A,A,A,A,A,A,A,A,A
19683,A,A,A,A,A,A,A,A,A,A
19684,A,A,A,A,A,A,A,A,A,A
19685,A,A,A,A,A,A,A,A,A,A
19686,A,A,A,A,A,A,A,A,A,A
19687,A,A,A,A,A,A,A,A,A,A
19688,A,A,A,A,A,A,A,A,A,A
19689,A,A,A,A,A,A,A,A,A,A
19690,A,A,A,A,A,A,A,A,A,A
19691,A,A,A,A,A,A,A,A,A,A
19692,A,A,A,A,A,A,A,A,A,A
19693,A,A,A,A,A,A,A,A,A,A
19694,A,A,A,A,A,A,A,A,A,A
19695,A,A,A,A,A,A,A,A,A,A
19696,A,A,A,A,A,A,A,A,A,A
19697,A,A,A,A,A,A,A,A,A,A
19698,A,A,A,A,A,A,A,A,A,A
19699,A,A,A,A,A,A,A,A,A,A
19700,A,A,A,A,A,A,A,A,A,A
19701,A,A,A,A,A,A,A,A,A,A
19702,A,A,A,A,A,A,A,A,A,A
19703,A,A,A,A,A,A,A,A,A,A
19704,A,A,A,A,A,A,A,A,A,A
19705,A,A,A,A,A,A,A,A,A,A
19706,A,A,A,A,A,A,A,A,A,A
19707,A,A,A,A,A,A,A,A,A,A
19708,A,A,A,A,A,A,A,A,A,A
19709,A,A,A,A,A,A,A,A,A,A
19710,A,A,A,A,A,A,A,A,A,A
19711,A,A,A,A,A,A,A,A,A,A
19712,A,A,A,A,A,A,A,A,A,A
19713,A,A,A,A,A,A,A,A,A,A
19714,A,A,A,A,A,A,A,A,A,A
19715,A,A,A,A,A,A,A,A,A,A
19716,A,A,A,A,A,A,A,A,A,A
19717,A,A,A,A,A,A,A,A,A,A
19718,A,A,A,A,A,A,A,A,A,A
19719,A,A,A,A,A,A,A,A,A,A
19720,A,A,A,A,A,A,A,A,A,A
19721,A,A,A,A,A,A,A,A,A,A
19722,A,A,A,A,A,A,A,A,A,A
19723,A,A,A,A,A,A,A,A,A,A
19724,A,A,A,A,A,A,A,A,A,A
19725,A,A,A,A,A,A,A,A,A,A
19726,A,A,A,A,A,A,A,A,A,A
19727,A,A,A,A,A,A,A,A,A,A
19728,A,A,A,A,A,A,A,A,A,A
19729,A,A,A,A,A,A,A,A,A,A
19730,A,A,A,A,A,A,A,A,A,A
19731,A,A,A,A,A,A,A,A,A,A
19732,A,A,A,A,A,A,A,A,A,A
19733,A,A,A,A,A,A,A,A,A,A
19734,A,A,A,A,A,A,A,A,A,A
19735,A,A,A,A,A,A,A,A,A,A
19736,A,A,A,A,A,A,A,A,A,A
19737,A,A,A,A,A,A,A,A,A,A
19738,A,A,A,A,A,A,A,A,A,A
19739,A,A,A,A,A,A,A,A,A,A
19740,A,A,A,A,A,A,A,A,A,A
19741,A,A,A,A,A,A,A,A,A,A
19742,A,A,A,A,A,A,A,A,A,A
19743,A,A,A,A,A,A,A,A,A,A
19744,A,A,A,A,A,A,A,A,A,A
19745,A,A,A,A,A,A,A,A,A,A
19746,A,A,A,A,A,A,A,A,A,A
19747,A,A,A,A,A,A,A,A,A,A
19748,A,A,A,A,A,A,A,A,A,A
19749,A,A,A,A,A,A,A,A,A,A
19750,A,A,A,A,A,A,A,A,A,A
19751,A,A,A,A,A,A,A,A,A,A
19752,A,A,A,A,A,A,A,A,A,A
19753,A,A,A,A,A,A,A,A,A,A
19754,A,A,A,A,A,A,A,A,A,A
19755,A,A,A,A,A,A,A,A,A,A
19756,A,A,A,A,A,A,A,A,A,A
19757,A,A,A,A,A,A,A,A,A,A
19758,J,J,J,J,J,J,J,J,J,J
19759,A,A,A,A,A,A,A,A,A,A
19760,A,A,A,A,A,A,A,A,A,A
19761,A,A,A,A,A,A,A,A,A,A
19762,A,A,A,A,A,A,A,A,A,A
19763,A,A,A,A,A,A,A,A,A,A
19764,A,A,A,A,A,A,A,A,A,A
19765,A,A,A,A,A,A,A,A,A,A
19766,A,A,A,A,A,A,A,A,A,A
19767,A,A,A,A,A,A,A,A,A,A
19768,A,A,A,A,A,A,A,A,A,A
19769,A,A,A,A,A,A,A,A,A,A
19770,A,A,A,A,A,A,A,A,A,A
19771,A,A,A,A,A,A,A,A,A,A
19772,A,A,A,A,A,A,A,A,A,A
19773,A,A,A,A,A,A,A,A,A,A
19774,A,A,A,A,A,A,A,A,A,A
19775,A,A,A,A,A,A,A,A,A,A
19776,A,A,A,A,A,A,A,A,A,A
19777,A,A,A,A,A,A,A,A,A,A
19778,A,A,A,A,A,A,A,A,A,A
19779,A,A,A,A,A,A,A,A,A,A
19780,A,A,A,A,A,A,A,A,A,A
19781,A,A,A,A,A,A,A,A,A,A
19782,A,A,A,A,A,A,A,A,A,A
19783,A,A,A,A,A,A,A,A,A,A
19784,A,A,A,A,A,A,A,A,A,A
19785,A,A,A,A,A,A,A,A,A,A
19786,A,A,A,A,A,A,A,A,A,A
19787,A,A,A,A,A,A,A,A,A,A
19788,A,A,A,A,A,A,A,A,A,A
19789,A,A,A,A,A,A,A,A,A,A
19790,A,A,A,A,A,A,A,A,A,A
19791,A,A,A,A,A,A,A,A,A,A
19792,A,A,A,A,A,A,A,A,A,A
19793,A,A,A,A,A,A,A,A,A,A
19794,A,A,A,A,A,A,A,A,A,A
19795,A,A,A,A,A,A,A,A,A,A
19796,A,A,A,A,A,A,A,A,A,A
19797,A,A,A,A,A,A,A,A,A,A
19798,A,A,A,A,A,A,A,A,A,A
19799,A,A,A,A,A,A,A,A,A,A
19800,A,A,A,A,A,A,A,A,A,A
19801,A,A,A,A,A,A,A,A,A,A
19802,A,A,A,A,A,A,A,A,A,A
19803,A,A,A,A,A,A,A,A,A,A
19804,A,A,A,A,A,A,A,A,A,A
19805,A,A,A,A,A,A,A,A,A,A
19806,A,A,A,A,A,A,A,A,A,A
19807,A,A,A,A,A,A,A,A,A,A
19808,A,A,A,A,A,A,A,A,A,A
19809,D,D,D,D,D,D,D,D,D,D
19810,A,A,A,A,A,A,A,A,A,A
19811,A,A,A,A,A,A,A,A,A,A
19812,A,A,A,A,A,A,A,A,A,A
19813,D,D,D,D,D,D,D,D,D,D
19814,A,A,A,A,A,A,A,A,A,A
19815,A,A,A,A,A,A,A,A,A,A
19816,A,A,A,A,A,A,A,A,A,A
19817,D,D,D,D,D,D,D,D,D,D
19818,A,A,A,A,A,A,A,A,A,A
19819,A,A,A,A,A,A,A,A,A,A
19820,D,D,D,D,D,D,D,D,D,D
19821,A,A,A,A,A,A,A,A,A,A
19822,D,D,D,D,D,D,D,D,D,D
19823,A,A,A,A,A,A,A,A,A,A
19824,A,A,A,A,A,A,A,A,A,A
19825,D,D,D,D,D,D,D,D,D,D
19826,A,A,A,A,A,A,A,A,A,A
19827,A,A,A,A,A,A,A,A,A,A
19828,D,D,D,D,D,D,D,D,D,D
19829,A,A,A,A,A,A,A,A,A,A
19830,D,D,D,D,D,D,D,D,D,D
19831,A,A,A,A,A,A,A,A,A,A
19832,A,A,A,A,A,A,A,A,A,A
19833,I,I,I,I,I,I,I,I,I,I
19834,A,A,A,A,A,A,A,A,A,A
19835,A,A,A,A,A,A,A,A,A,A
19836,A,A,A,A,A,A,A,A,A,A
19837,A,A,A,A,A,A,A,A,A,A
19838,A,A,A,A,A,A,A,A,A,A
19839,A,A,A,A,A,A,A,A,A,A
19840,A,A,A,A,A,A,A,A,A,A
19841,A,A,A,A,A,A,A,A,A,A
19842,A,A,A,A,A,A,A,A,A,A
19843,A,A,A,A,A,A,A,A,A,A
19844,A,A,A,A,A,A,A,A,A,A
19845,A,A,A,A,A,A,A,A,A,A
19846,A,A,A,A,A,A,A,A,A,A
19847,A,A,A,A,A,A,A,A,A,A
19848,A,A,A,A,A,A,A,A,A,A
19849,A,A,A,A,A,A,A,A,A,A
19850,A,A,A,A,A,A,A,A,A,A
19851,H,H,H,H,H,H,H,H,H,H
19852,A,A,A,A,A,A,A,A,A,A
19853,L,L,L,L,L,L,L,L,L,L
19854,A,A,A,A,A,A,A,A,A,A
19855,A,A,A,A,A,A,A,A,A,A
19856,A,A,A,A,A,A,A,A,A,A
19857,A,A,A,A,A,A,A,A,A,A
19858,A,A,A,A,A,A,A,A,A,A
19859,A,A,A,A,A,A,A,A,A,A
19860,A,A,A,A,A,A,A,A,A,A
19861,A,A,A,A,A,A,A,A,A,A
19862,A,A,A,A,A,A,A,A,A,A
19863,A,A,A,A,A,A,A,A,A,A
19864,A,A,A,A,A,A,A,A,A,A
19865,A,A,A,A,A,A,A,A,A,A
19866,A,A,A,A,A,A,A,A,A,A
19867,A,A,A,A,A,A,A,A,A,A
19868,A,A,A,A,A,A,A,A,A,A
19869,A,A,A,A,A,A,A,A,A,A
19870,A,A,A,A,A,A,A,A,A,A
19871,A,A,A,A,A,A,A,A,A,A
19872,A,A,A,A,A,A,A,A,A,A
19873,A,A,A,A,A,A,A,A,A,A
19874,A,A,A,A,A,A,A,A,A,A
19875,A,A,A,A,A,A,A,A,A,A
19876,A,A,A,A,A,A,A,A,A,A
19877,A,A,A,A,A,A,A,A,A,A
19878,A,A,A,A,A,A,A,A,A,A
19879,A,A,A,A,A,A,A,A,A,A
19880,A,A,A,A,A,A,A,A,A,A
19881,A,A,A,A,A,A,A,A,A,A
19882,A,A,A,A,A,A,A,A,A,A
19883,A,A,A,A,A,A,A,A,A,A
19884,A,A,A,A,A,A,A,A,A,A
19885,A,A,A,A,A,A,A,A,A,A
19886,A,A,A,A,A,A,A,A,A,A
19887,A,A,A,A,A,A,A,A,A,A
19888,A,A,A,A,A,A,A,A,A,A
19889,A,A,A,A,A,A,A,A,A,A
19890,A,A,A,A,A,A,A,A,A,A
19891,A,A,A,A,A,A,A,A,A,A
19892,A,A,A,A,A,A,A,A,A,A
19893,A,A,A,A,A,A,A,A,A,A
19894,A,A,A,A,A,A,A,A,A,A
19895,A,A,A,A,A,A,A,A,A,A
19896,A,A,A,A,A,A,A,A,A,A
19897,A,A,A,A,A,A,A,A,A,A
19898,A,A,A,A,A,A,A,A,A,A
19899,A,A,A,A,A,A,A,A,A,A
19900,A,A,A,A,A,A,A,A,A,A
19901,A,A,A,A,A,A,A,A,A,A
19902,A,A,A,A,A,A,A,A,A,A
19903,A,A,A,A,A,A,A,A,A,A
19904,A,A,A,A,A,A,A,A,A,A
19905,A,A,A,A,A,A,A,A,A,A
19906,A,A,A,A,A,A,A,A,A,A
19907,A,A,A,A,A,A,A,A,A,A
19908,A,A,A,A,A,A,A,A,A,A
19909,A,A,A,A,A,A,A,A,A,A
19910,A,A,A,A,A,A,A,A,A,A
19911,A,A,A,A,A,A,A,A,A,A
19912,A,A,A,A,A,A,A,A,A,A
19913,A,A,A,A,A,A,A,A,A,A
19914,A,A,A,A,A,A,A,A,A,A
19915,A,A,A,A,A,A,A,A,A,A
19916,A,A,A,A,A,A,A,A,A,A
19917,P,P,P,P,P,P,P,P,P,P
19918,P,P,P,P,P,P,P,P,P,P
19919,P,P,P,P,P,P,P,P,P,P
19920,P,P,P,P,P,P,P,P,P,P
19921,P,P,P,P,P,P,P,P,P,P
19922,P,P,P,P,P,P,P,P,P,P
19923,P,P,P,P,P,P,P,P,P,P
19924,P,P,P,P,P,P,P,P,P,P
19925,P,P,P,P,P,P,P,P,P,P
19926,P,P,P,P,P,P,P,P,P,P
19927,P,P,P,P,P,P,P,P,P,P
19928,P,P,P,P,P,P,P,P,P,P
19929,P,P,P,P,P,P,P,P,P,P
19930,P,P,P,P,P,P,P,P,P,P
19931,P,P,P,P,P,P,P,P,P,P
19932,P,P,P,P,P,P,P,P,P,P
19933,P,P,P,P,P,P,P,P,P,P
19934,P,P,P,P,P,P,P,P,P,P
19935,P,P,P,P,P,P,P,P,P,P
19936,P,P,P,P,P,P,P,P,P,P
19937,P,P,P,P,P,P,P,P,P,P
19938,P,P,P,P,P,P,P,P,P,P
19939,P,P,P,P,P,P,P,P,P,P
19940,P,P,P,P,P,P,P,P,P,P
19941,P,P,P,P,P,P,P,P,P,P
19942,P,P,P,P,P,P,P,P,P,P
19943,P,P,P,P,P,P,P,P,P,P
19944,P,P,P,P,P,P,P,P,P,P
19945,P,P,P,P,P,P,P,P,P,P
19946,P,P,P,P,P,P,P,P,P,P
19947,P,P,P,P,P,P,P,P,P,P
19948,P,P,P,P,P,P,P,P,P,P
19949,D,D,D,D,D,D,D,D,D,D
19950,P,P,P,P,P,P,P,P,P,P
19951,P,P,P,P,P,P,P,P,P,P
19952,P,P,P,P,P,P,P,P,P,P
19953,P,P,P,P,P,P,P,P,P,P
19954,P,P,P,P,P,P,P,P,P,P
19955,P,P,P,P,P,P,P,P,P,P
19956,P,P,P,P,P,P,P,P,P,P
19957,P,P,P,P,P,P,P,P,P,P
19958,P,P,P,P,P,P,P,P,P,P
19959,P,P,P,P,P,P,P,P,P,P
19960,P,P,P,P,P,P,P,P,P,P
19961,P,P,P,P,P,P,P,P,P,P
19962,P,P,P,P,P,P,P,P,P,P
19963,P,P,P,P,P,P,P,P,P,P
19964,P,P,P,P,P,P,P,P,P,P
19965,P,P,P,P,P,P,P,P,P,P
19966,P,P,P,P,P,P,P,P,P,P
19967,P,P,P,P,P,P,P,P,P,P
19968,P,P,P,P,P,P,P,P,P,P
19969,P,P,P,P,P,P,P,P,P,P
19970,P,P,P,P,P,P,P,P,P,P
19971,P,P,P,P,P,P,P,P,P,P
19972,P,P,P,P,P,P,P,P,P,P
19973,P,P,P,P,P,P,P,P,P,P
19974,P,P,P,P,P,P,P,P,P,P
19975,P,P,P,P,P,P,P,P,P,P
19976,P,P,P,P,P,P,P,P,P,P
19977,P,P,P,P,P,P,P,P,P,P
19978,P,P,P,P,P,P,P,P,P,P
19979,P,P,P,P,P,P,P,P,P,P
19980,P,P,P,P,P,P,P,P,P,P
19981,P,P,P,P,P,P,P,P,P,P
19982,P,P,P,P,P,P,P,P,P,P
19983,P,P,P,P,P,P,P,P,P,P
19984,P,P,P,P,P,P,P,P,P,P
19985,P,P,P,P,P,P,P,P,P,P
19986,P,P,P,P,P,P,P,P,P,P
19987,P,P,P,P,P,P,P,P,P,P
19988,P,P,P,P,P,P,P,P,P,P
19989,P,P,P,P,P,P,P,P,P,P
19990,P,P,P,P,P,P,P,P,P,P
19991,P,P,P,P,P,P,P,P,P,P
19992,P,P,P,P,P,P,P,P,P,P
19993,P,P,P,P,P,P,P,P,P,P
19994,P,P,P,P,P,P,P,P,P,P
19995,P,P,P,P,P,P,P,P,P,P
19996,P,P,P,P,P,P,P,P,P,P
19997,P,P,P,P,P,P,P,P,P,P
19998,P,P,P,P,P,P,P,P,P,P
19999,P,P,P,P,P,P,P,P,P,P
20000,P,P,P,P,P,P,P,P,P,P
20001,P,P,P,P,P,P,P,P,P,P
20002,P,P,P,P,P,P,P,P,P,P
20003,P,P,P,P,P,P,P,P,P,P
20004,P,P,P,P,P,P,P,P,P,P
20005,P,P,P,P,P,P,P,P,P,P
20006,P,P,P,P,P,P,P,P,P,P
20007,P,P,P,P,P,P,P,P,P,P
20008,P,P,P,P,P,P,P,P,P,P
20009,P,P,P,P,P,P,P,P,P,P
20010,P,P,P,P,P,P,P,P,P,P
20020,D,D,D,D,D,D,D,D,D,D
20021,D,D,D,D,D,D,D,D,D,D
20022,D,D,D,D,D,D,D,D,D,D
20023,D,D,D,D,D,D,D,D,D,D
20024,L,L,L,L,L,L,L,L,L,L
20025,A,A,A,A,A,A,A,A,A,A
20026,A,A,A,A,A,A,A,A,A,A
20027,A,A,A,A,A,A,A,A,A,A
20028,A,A,A,A,A,A,A,A,A,A
20029,A,A,A,A,A,A,A,A,A,A
20030,A,A,A,A,A,A,A,A,A,A
20031,A,A,A,A,A,A,A,A,A,A
20032,A,A,A,A,A,A,A,A,A,A
20033,A,A,A,A,A,A,A,A,A,A
20034,A,A,A,A,A,A,A,A,A,A
20035,A,A,A,A,A,A,A,A,A,A
20036,A,A,A,A,A,A,A,A,A,A
20037,A,A,A,A,A,A,A,A,A,A
20038,A,A,A,A,A,A,A,A,A,A
20039,A,A,A,A,A,A,A,A,A,A
20040,A,A,A,A,A,A,A,A,A,A
20041,A,A,A,A,A,A,A,A,A,A
20042,A,A,A,A,A,A,A,A,A,A
20043,A,A,A,A,A,A,A,A,A,A
20044,A,A,A,A,A,A,A,A,A,A
20045,A,A,A,A,A,A,A,A,A,A
20046,A,A,A,A,A,A,A,A,A,A
20047,A,A,A,A,A,A,A,A,A,A
20048,A,A,A,A,A,A,A,A,A,A
20049,A,A,A,A,A,A,A,A,A,A
20050,A,A,A,A,A,A,A,A,A,A
20051,A,A,A,A,A,A,A,A,A,A
20052,A,A,A,A,A,A,A,A,A,A
20053,A,A,A,A,A,A,A,A,A,A
20054,A,A,A,A,A,A,A,A,A,A
20055,A,A,A,A,A,A,A,A,A,A
20056,A,A,A,A,A,A,A,A,A,A
20057,A,A,A,A,A,A,A,A,A,A
20058,A,A,A,A,A,A,A,A,A,A
20059,A,A,A,A,A,A,A,A,A,A
20060,A,A,A,A,A,A,A,A,A,A
20061,A,A,A,A,A,A,A,A,A,A
20062,A,A,A,A,A,A,A,A,A,A
20063,A,A,A,A,A,A,A,A,A,A
20064,A,A,A,A,A,A,A,A,A,A
20065,A,A,A,A,A,A,A,A,A,A
20066,A,A,A,A,A,A,A,A,A,A
20067,A,A,A,A,A,A,A,A,A,A
20068,A,A,A,A,A,A,A,A,A,A
20069,A,A,A,A,A,A,A,A,A,A
20070,A,A,A,A,A,A,A,A,A,A
20071,A,A,A,A,A,A,A,A,A,A
20072,A,A,A,A,A,A,A,A,A,A
20073,A,A,A,A,A,A,A,A,A,A
20074,A,A,A,A,A,A,A,A,A,A
20075,A,A,A,A,A,A,A,A,A,A
20076,A,A,A,A,A,A,A,A,A,A
20077,A,A,A,A,A,A,A,A,A,A
20078,A,A,A,A,A,A,A,A,A,A
20079,A,A,A,A,A,A,A,A,A,A
20080,A,A,A,A,A,A,A,A,A,A
20081,A,A,A,A,A,A,A,A,A,A
20082,A,A,A,A,A,A,A,A,A,A
20083,A,A,A,A,A,A,A,A,A,A
20084,A,A,A,A,A,A,A,A,A,A
20085,A,A,A,A,A,A,A,A,A,A
20086,A,A,A,A,A,A,A,A,A,A
20087,A,A,A,A,A,A,A,A,A,A
20088,A,A,A,A,A,A,A,A,A,A
20089,A,A,A,A,A,A,A,A,A,A
20090,A,A,A,A,A,A,A,A,A,A
20091,A,A,A,A,A,A,A,A,A,A
20092,A,A,A,A,A,A,A,A,A,A
20093,A,A,A,A,A,A,A,A,A,A
20094,A,A,A,A,A,A,A,A,A,A
20095,A,A,A,A,A,A,A,A,A,A
20096,A,A,A,A,A,A,A,A,A,A
20097,A,A,A,A,A,A,A,A,A,A
20098,A,A,A,A,A,A,A,A,A,A
20099,A,A,A,A,A,A,A,A,A,A
20100,A,A,A,A,A,A,A,A,A,A
20101,A,A,A,A,A,A,A,A,A,A
20102,A,A,A,A,A,A,A,A,A,A
20103,A,A,A,A,A,A,A,A,A,A
20104,A,A,A,A,A,A,A,A,A,A
20105,A,A,A,A,A,A,A,A,A,A
20106,A,A,A,A,A,A,A,A,A,A
20107,A,A,A,A,A,A,A,A,A,A
20108,A,A,A,A,A,A,A,A,A,A
20109,A,A,A,A,A,A,A,A,A,A
20110,A,A,A,A,A,A,A,A,A,A
20111,A,A,A,A,A,A,A,A,A,A
20112,A,A,A,A,A,A,A,A,A,A
20113,A,A,A,A,A,A,A,A,A,A
20114,A,A,A,A,A,A,A,A,A,A
20115,A,A,A,A,A,A,A,A,A,A
20116,A,A,A,A,A,A,A,A,A,A
20117,A,A,A,A,A,A,A,A,A,A
20118,A,A,A,A,A,A,A,A,A,A
20119,A,A,A,A,A,A,A,A,A,A
20120,A,A,A,A,A,A,A,A,A,A
20121,A,A,A,A,A,A,A,A,A,A
20122,A,A,A,A,A,A,A,A,A,A
20123,A,A,A,A,A,A,A,A,A,A
20124,A,A,A,A,A,A,A,A,A,A
20125,A,A,A,A,A,A,A,A,A,A
20126,A,A,A,A,A,A,A,A,A,A
20127,A,A,A,A,A,A,A,A,A,A
20128,A,A,A,A,A,A,A,A,A,A
20129,A,A,A,A,A,A,A,A,A,A
20130,A,A,A,A,A,A,A,A,A,A
20131,A,A,A,A,A,A,A,A,A,A
20132,A,A,A,A,A,A,A,A,A,A
20133,A,A,A,A,A,A,A,A,A,A
20134,A,A,A,A,A,A,A,A,A,A
20135,A,A,A,A,A,A,A,A,A,A
20136,A,A,A,A,A,A,A,A,A,A
20137,A,A,A,A,A,A,A,A,A,A
20138,A,A,A,A,A,A,A,A,A,A
20139,A,A,A,A,A,A,A,A,A,A
20140,A,A,A,A,A,A,A,A,A,A
20141,A,A,A,A,A,A,A,A,A,A
20142,A,A,A,A,A,A,A,A,A,A
20143,A,A,A,A,A,A,A,A,A,A
20144,A,A,A,A,A,A,A,A,A,A
20145,A,A,A,A,A,A,A,A,A,A
20146,A,A,A,A,A,A,A,A,A,A
20147,L,L,L,L,L,L,L,L,L,L
20148,A,A,A,A,A,A,A,A,A,A
20149,A,A,A,A,A,A,A,A,A,A
20150,A,A,A,A,A,A,A,A,A,A
20151,A,A,A,A,A,A,A,A,A,A
20152,A,A,A,A,A,A,A,A,A,A
20153,A,A,A,A,A,A,A,A,A,A
20154,A,A,A,A,A,A,A,A,A,A
20155,A,A,A,A,A,A,A,A,A,A
20156,A,A,A,A,A,A,A,A,A,A
20157,A,A,A,A,A,A,A,A,A,A
20158,A,A,A,A,A,A,A,A,A,A
20159,A,A,A,A,A,A,A,A,A,A
20160,A,A,A,A,A,A,A,A,A,A
20161,A,A,A,A,A,A,A,A,A,A
20162,A,A,A,A,A,A,A,A,A,A
20163,A,A,A,A,A,A,A,A,A,A
20164,A,A,A,A,A,A,A,A,A,A
20165,A,A,A,A,A,A,A,A,A,A
20166,A,A,A,A,A,A,A,A,A,A
20167,A,A,A,A,A,A,A,A,A,A
20168,A,A,A,A,A,A,A,A,A,A
20169,A,A,A,A,A,A,A,A,A,A
20170,A,A,A,A,A,A,A,A,A,A
20171,A,A,A,A,A,A,A,A,A,A
20172,A,A,A,A,A,A,A,A,A,A
20173,A,A,A,A,A,A,A,A,A,A
20174,A,A,A,A,A,A,A,A,A,A
20175,A,A,A,A,A,A,A,A,A,A
20176,A,A,A,A,A,A,A,A,A,A
20177,A,A,A,A,A,A,A,A,A,A
20178,A,A,A,A,A,A,A,A,A,A
20179,A,A,A,A,A,A,A,A,A,A
20180,A,A,A,A,A,A,A,A,A,A
20181,A,A,A,A,A,A,A,A,A,A
20182,A,A,A,A,A,A,A,A,A,A
20183,A,A,A,A,A,A,A,A,A,A
20184,A,A,A,A,A,A,A,A,A,A
20185,A,A,A,A,A,A,A,A,A,A
20186,A,A,A,A,A,A,A,A,A,A
20187,A,A,A,A,A,A,A,A,A,A
20188,A,A,A,A,A,A,A,A,A,A
20189,A,A,A,A,A,A,A,A,A,A
20190,A,A,A,A,A,A,A,A,A,A
20191,A,A,A,A,A,A,A,A,A,A
20192,A,A,A,A,A,A,A,A,A,A
20193,A,A,A,A,A,A,A,A,A,A
20194,A,A,A,A,A,A,A,A,A,A
20195,A,A,A,A,A,A,A,A,A,A
20196,A,A,A,A,A,A,A,A,A,A
20197,A,A,A,A,A,A,A,A,A,A
20198,A,A,A,A,A,A,A,A,A,A
20199,A,A,A,A,A,A,A,A,A,A
20200,A,A,A,A,A,A,A,A,A,A
20201,A,A,A,A,A,A,A,A,A,A
20202,A,A,A,A,A,A,A,A,A,A
20203,A,A,A,A,A,A,A,A,A,A
20204,A,A,A,A,A,A,A,A,A,A
20205,A,A,A,A,A,A,A,A,A,A
20206,A,A,A,A,A,A,A,A,A,A
20207,A,A,A,A,A,A,A,A,A,A
20208,A,A,A,A,A,A,A,A,A,A
20209,A,A,A,A,A,A,A,A,A,A
20210,A,A,A,A,A,A,A,A,A,A
20211,A,A,A,A,A,A,A,A,A,A
20212,A,A,A,A,A,A,A,A,A,A
20213,A,A,A,A,A,A,A,A,A,A
20214,A,A,A,A,A,A,A,A,A,A
20215,A,A,A,A,A,A,A,A,A,A
20216,A,A,A,A,A,A,A,A,A,A
20217,A,A,A,A,A,A,A,A,A,A
20218,A,A,A,A,A,A,A,A,A,A
20219,A,A,A,A,A,A,A,A,A,A
20220,A,A,A,A,A,A,A,A,A,A
20221,A,A,A,A,A,A,A,A,A,A
20222,A,A,A,A,A,A,A,A,A,A
20223,A,A,A,A,A,A,A,A,A,A
20224,A,A,A,A,A,A,A,A,A,A
20225,A,A,A,A,A,A,A,A,A,A
20226,A,A,A,A,A,A,A,A,A,A
20227,A,A,A,A,A,A,A,A,A,A
20228,L,L,L,L,L,L,L,L,L,L
20229,A,A,A,A,A,A,A,A,A,A
20230,A,A,A,A,A,A,A,A,A,A
20231,A,A,A,A,A,A,A,A,A,A
20232,A,A,A,A,A,A,A,A,A,A
20233,A,A,A,A,A,A,A,A,A,A
20234,A,A,A,A,A,A,A,A,A,A
20235,A,A,A,A,A,A,A,A,A,A
20236,A,A,A,A,A,A,A,A,A,A
20237,A,A,A,A,A,A,A,A,A,A
20238,A,A,A,A,A,A,A,A,A,A
20239,A,A,A,A,A,A,A,A,A,A
20240,A,A,A,A,A,A,A,A,A,A
20241,A,A,A,A,A,A,A,A,A,A
20242,A,A,A,A,A,A,A,A,A,A
20243,A,A,A,A,A,A,A,A,A,A
20244,A,A,A,A,A,A,A,A,A,A
20245,A,A,A,A,A,A,A,A,A,A
20246,A,A,A,A,A,A,A,A,A,A
20247,A,A,A,A,A,A,A,A,A,A
20248,A,A,A,A,A,A,A,A,A,A
20249,A,A,A,A,A,A,A,A,A,A
20250,A,A,A,A,A,A,A,A,A,A
20251,A,A,A,A,A,A,A,A,A,A
20252,A,A,A,A,A,A,A,A,A,A
20253,A,A,A,A,A,A,A,A,A,A
20254,A,A,A,A,A,A,A,A,A,A
20255,A,A,A,A,A,A,A,A,A,A
20256,A,A,A,A,A,A,A,A,A,A
20257,A,A,A,A,A,A,A,A,A,A
20258,A,A,A,A,A,A,A,A,A,A
20259,A,A,A,A,A,A,A,A,A,A
20260,A,A,A,A,A,A,A,A,A,A
20261,A,A,A,A,A,A,A,A,A,A
20262,A,A,A,A,A,A,A,A,A,A
20263,A,A,A,A,A,A,A,A,A,A
20264,A,A,A,A,A,A,A,A,A,A
20265,A,A,A,A,A,A,A,A,A,A
20266,A,A,A,A,A,A,A,A,A,A
20267,A,A,A,A,A,A,A,A,A,A
20268,A,A,A,A,A,A,A,A,A,A
20269,A,A,A,A,A,A,A,A,A,A
20270,A,A,A,A,A,A,A,A,A,A
20271,A,A,A,A,A,A,A,A,A,A
20272,A,A,A,A,A,A,A,A,A,A
20273,A,A,A,A,A,A,A,A,A,A
20274,A,A,A,A,A,A,A,A,A,A
20275,A,A,A,A,A,A,A,A,A,A
20276,A,A,A,A,A,A,A,A,A,A
20277,A,A,A,A,A,A,A,A,A,A
20278,A,A,A,A,A,A,A,A,A,A
20279,A,A,A,A,A,A,A,A,A,A
20280,A,A,A,A,A,A,A,A,A,A
20281,A,A,A,A,A,A,A,A,A,A
20282,A,A,A,A,A,A,A,A,A,A
20283,A,A,A,A,A,A,A,A,A,A
20284,A,A,A,A,A,A,A,A,A,A
20285,L,L,L,L,L,L,L,L,L,L
20286,A,A,A,A,A,A,A,A,A,A
20287,A,A,A,A,A,A,A,A,A,A
20288,A,A,A,A,A,A,A,A,A,A
20289,L,L,L,L,L,L,L,L,L,L
20290,A,A,A,A,A,A,A,A,A,A
20291,L,L,L,L,L,L,L,L,L,L
20292,L,L,L,L,L,L,L,L,L,L
20293,A,A,A,A,A,A,A,A,A,A
20294,L,L,L,L,L,L,L,L,L,L
20295,A,A,A,A,A,A,A,A,A,A
20296,A,A,A,A,A,A,A,A,A,A
20297,A,A,A,A,A,A,A,A,A,A
20298,A,A,A,A,A,A,A,A,A,A
20299,A,A,A,A,A,A,A,A,A,A
20300,A,A,A,A,A,A,A,A,A,A
20301,A,A,A,A,A,A,A,A,A,A
20302,A,A,A,A,A,A,A,A,A,A
20303,A,A,A,A,A,A,A,A,A,A
20304,A,A,A,A,A,A,A,A,A,A
20305,A,A,A,A,A,A,A,A,A,A
20306,A,A,A,A,A,A,A,A,A,A
20307,A,A,A,A,A,A,A,A,A,A
20308,A,A,A,A,A,A,A,A,A,A
20309,A,A,A,A,A,A,A,A,A,A
20310,A,A,A,A,A,A,A,A,A,A
20311,A,A,A,A,A,A,A,A,A,A
20312,A,A,A,A,A,A,A,A,A,A
20313,A,A,A,A,A,A,A,A,A,A
20314,A,A,A,A,A,A,A,A,A,A
20315,A,A,A,A,A,A,A,A,A,A
20316,A,A,A,A,A,A,A,A,A,A
20317,A,A,A,A,A,A,A,A,A,A
20318,A,A,A,A,A,A,A,A,A,A
20319,A,A,A,A,A,A,A,A,A,A
20320,A,A,A,A,A,A,A,A,A,A
20321,A,A,A,A,A,A,A,A,A,A
20322,A,A,A,A,A,A,A,A,A,A
20323,A,A,A,A,A,A,A,A,A,A
20324,A,A,A,A,A,A,A,A,A,A
20325,A,A,A,A,A,A,A,A,A,A
20326,A,A,A,A,A,A,A,A,A,A
20327,A,A,A,A,A,A,A,A,A,A
20328,A,A,A,A,A,A,A,A,A,A
20329,A,A,A,A,A,A,A,A,A,A
20330,A,A,A,A,A,A,A,A,A,A
20331,A,A,A,A,A,A,A,A,A,A
20332,A,A,A,A,A,A,A,A,A,A
20333,A,A,A,A,A,A,A,A,A,A
20334,A,A,A,A,A,A,A,A,A,A
20335,A,A,A,A,A,A,A,A,A,A
20336,A,A,A,A,A,A,A,A,A,A
20337,A,A,A,A,A,A,A,A,A,A
20338,A,A,A,A,A,A,A,A,A,A
20339,A,A,A,A,A,A,A,A,A,A
20340,A,A,A,A,A,A,A,A,A,A
20341,A,A,A,A,A,A,A,A,A,A
20342,A,A,A,A,A,A,A,A,A,A
20343,A,A,A,A,A,A,A,A,A,A
20344,A,A,A,A,A,A,A,A,A,A
20345,A,A,A,A,A,A,A,A,A,A
20346,A,A,A,A,A,A,A,A,A,A
20347,A,A,A,A,A,A,A,A,A,A
20348,A,A,A,A,A,A,A,A,A,A
20349,A,A,A,A,A,A,A,A,A,A
20350,A,A,A,A,A,A,A,A,A,A
20351,A,A,A,A,A,A,A,A,A,A
20352,A,A,A,A,A,A,A,A,A,A
20353,A,A,A,A,A,A,A,A,A,A
20354,A,A,A,A,A,A,A,A,A,A
20355,A,A,A,A,A,A,A,A,A,A
20356,A,A,A,A,A,A,A,A,A,A
20357,A,A,A,A,A,A,A,A,A,A
20358,A,A,A,A,A,A,A,A,A,A
20359,A,A,A,A,A,A,A,A,A,A
20360,A,A,A,A,A,A,A,A,A,A
20361,A,A,A,A,A,A,A,A,A,A
20362,A,A,A,A,A,A,A,A,A,A
20363,L,L,L,L,L,L,L,L,L,L
20364,A,A,A,A,A,A,A,A,A,A
20365,A,A,A,A,A,A,A,A,A,A
20366,A,A,A,A,A,A,A,A,A,A
20367,A,A,A,A,A,A,A,A,A,A
20368,A,A,A,A,A,A,A,A,A,A
20369,A,A,A,A,A,A,A,A,A,A
20370,A,A,A,A,A,A,A,A,A,A
20371,A,A,A,A,A,A,A,A,A,A
20372,A,A,A,A,A,A,A,A,A,A
20373,A,A,A,A,A,A,A,A,A,A
20374,A,A,A,A,A,A,A,A,A,A
20375,A,A,A,A,A,A,A,A,A,A
20376,A,A,A,A,A,A,A,A,A,A
20377,A,A,A,A,A,A,A,A,A,A
20378,A,A,A,A,A,A,A,A,A,A
20379,A,A,A,A,A,A,A,A,A,A
20380,A,A,A,A,A,A,A,A,A,A
20381,A,A,A,A,A,A,A,A,A,A
20382,A,A,A,A,A,A,A,A,A,A
20383,A,A,A,A,A,A,A,A,A,A
20384,A,A,A,A,A,A,A,A,A,A
20385,A,A,A,A,A,A,A,A,A,A
20386,A,A,A,A,A,A,A,A,A,A
20387,A,A,A,A,A,A,A,A,A,A
20388,A,A,A,A,A,A,A,A,A,A
20389,A,A,A,A,A,A,A,A,A,A
20390,A,A,A,A,A,A,A,A,A,A
20391,A,A,A,A,A,A,A,A,A,A
20392,A,A,A,A,A,A,A,A,A,A
20393,A,A,A,A,A,A,A,A,A,A
20394,A,A,A,A,A,A,A,A,A,A
20395,A,A,A,A,A,A,A,A,A,A
20396,A,A,A,A,A,A,A,A,A,A
20397,A,A,A,A,A,A,A,A,A,A
20398,A,A,A,A,A,A,A,A,A,A
20399,A,A,A,A,A,A,A,A,A,A
20400,A,A,A,A,A,A,A,A,A,A
20401,A,A,A,A,A,A,A,A,A,A
20402,A,A,A,A,A,A,A,A,A,A
20403,A,A,A,A,A,A,A,A,A,A
20404,A,A,A,A,A,A,A,A,A,A
20405,A,A,A,A,A,A,A,A,A,A
20406,A,A,A,A,A,A,A,A,A,A
20407,A,A,A,A,A,A,A,A,A,A
20408,A,A,A,A,A,A,A,A,A,A
20409,A,A,A,A,A,A,A,A,A,A
20410,A,A,A,A,A,A,A,A,A,A
20411,A,A,A,A,A,A,A,A,A,A
20412,A,A,A,A,A,A,A,A,A,A
20413,A,A,A,A,A,A,A,A,A,A
20414,A,A,A,A,A,A,A,A,A,A
20415,A,A,A,A,A,A,A,A,A,A
20416,A,A,A,A,A,A,A,A,A,A
20417,A,A,A,A,A,A,A,A,A,A
20418,A,A,A,A,A,A,A,A,A,A
20419,A,A,A,A,A,A,A,A,A,A
20420,A,A,A,A,A,A,A,A,A,A
20421,A,A,A,A,A,A,A,A,A,A
20422,A,A,A,A,A,A,A,A,A,A
20423,A,A,A,A,A,A,A,A,A,A
20424,A,A,A,A,A,A,A,A,A,A
20425,A,A,A,A,A,A,A,A,A,A
20426,A,A,A,A,A,A,A,A,A,A
20427,A,A,A,A,A,A,A,A,A,A
20428,A,A,A,A,A,A,A,A,A,A
20429,A,A,A,A,A,A,A,A,A,A
20430,A,A,A,A,A,A,A,A,A,A
20431,A,A,A,A,A,A,A,A,A,A
20432,A,A,A,A,A,A,A,A,A,A
20433,A,A,A,A,A,A,A,A,A,A
20434,A,A,A,A,A,A,A,A,A,A
20435,A,A,A,A,A,A,A,A,A,A
20436,A,A,A,A,A,A,A,A,A,A
20437,A,A,A,A,A,A,A,A,A,A
20438,A,A,A,A,A,A,A,A,A,A
20439,A,A,A,A,A,A,A,A,A,A
20440,A,A,A,A,A,A,A,A,A,A
20441,A,A,A,A,A,A,A,A,A,A
20442,A,A,A,A,A,A,A,A,A,A
20443,A,A,A,A,A,A,A,A,A,A
20444,A,A,A,A,A,A,A,A,A,A
20445,A,A,A,A,A,A,A,A,A,A
20446,A,A,A,A,A,A,A,A,A,A
20447,A,A,A,A,A,A,A,A,A,A
20448,A,A,A,A,A,A,A,A,A,A
20449,A,A,A,A,A,A,A,A,A,A
20450,A,A,A,A,A,A,A,A,A,A
20451,A,A,A,A,A,A,A,A,A,A
20452,A,A,A,A,A,A,A,A,A,A
20453,A,A,A,A,A,A,A,A,A,A
20454,A,A,A,A,A,A,A,A,A,A
20455,A,A,A,A,A,A,A,A,A,A
20456,A,A,A,A,A,A,A,A,A,A
20457,A,A,A,A,A,A,A,A,A,A
20458,A,A,A,A,A,A,A,A,A,A
20459,A,A,A,A,A,A,A,A,A,A
20460,A,A,A,A,A,A,A,A,A,A
20461,A,A,A,A,A,A,A,A,A,A
20462,A,A,A,A,A,A,A,A,A,A
20463,A,A,A,A,A,A,A,A,A,A
20464,A,A,A,A,A,A,A,A,A,A
20465,A,A,A,A,A,A,A,A,A,A
20466,A,A,A,A,A,A,A,A,A,A
20467,A,A,A,A,A,A,A,A,A,A
20468,A,A,A,A,A,A,A,A,A,A
20469,A,A,A,A,A,A,A,A,A,A
20470,A,A,A,A,A,A,A,A,A,A
20471,A,A,A,A,A,A,A,A,A,A
20472,A,A,A,A,A,A,A,A,A,A
20473,A,A,A,A,A,A,A,A,A,A
20474,A,A,A,A,A,A,A,A,A,A
20475,A,A,A,A,A,A,A,A,A,A
20476,A,A,A,A,A,A,A,A,A,A
20477,A,A,A,A,A,A,A,A,A,A
20478,A,A,A,A,A,A,A,A,A,A
20479,A,A,A,A,A,A,A,A,A,A
20480,A,A,A,A,A,A,A,A,A,A
20481,A,A,A,A,A,A,A,A,A,A
20482,A,A,A,A,A,A,A,A,A,A
20483,A,A,A,A,A,A,A,A,A,A
20484,A,A,A,A,A,A,A,A,A,A
20485,A,A,A,A,A,A,A,A,A,A
20486,A,A,A,A,A,A,A,A,A,A
20487,A,A,A,A,A,A,A,A,A,A
20488,A,A,A,A,A,A,A,A,A,A
20489,A,A,A,A,A,A,A,A,A,A
20490,A,A,A,A,A,A,A,A,A,A
20491,A,A,A,A,A,A,A,A,A,A
20492,A,A,A,A,A,A,A,A,A,A
20493,A,A,A,A,A,A,A,A,A,A
20494,A,A,A,A,A,A,A,A,A,A
20495,A,A,A,A,A,A,A,A,A,A
20496,A,A,A,A,A,A,A,A,A,A
20497,A,A,A,A,A,A,A,A,A,A
20498,A,A,A,A,A,A,A,A,A,A
20499,A,A,A,A,A,A,A,A,A,A
20500,A,A,A,A,A,A,A,A,A,A
20501,A,A,A,A,A,A,A,A,A,A
20502,A,A,A,A,A,A,A,A,A,A
20503,A,A,A,A,A,A,A,A,A,A
20504,A,A,A,A,A,A,A,A,A,A
20505,A,A,A,A,A,A,A,A,A,A
20506,A,A,A,A,A,A,A,A,A,A
20507,A,A,A,A,A,A,A,A,A,A
20508,A,A,A,A,A,A,A,A,A,A
20509,A,A,A,A,A,A,A,A,A,A
20510,A,A,A,A,A,A,A,A,A,A
20511,A,A,A,A,A,A,A,A,A,A
20512,A,A,A,A,A,A,A,A,A,A
20513,A,A,A,A,A,A,A,A,A,A
20514,A,A,A,A,A,A,A,A,A,A
20515,A,A,A,A,A,A,A,A,A,A
20516,A,A,A,A,A,A,A,A,A,A
20517,A,A,A,A,A,A,A,A,A,A
20518,A,A,A,A,A,A,A,A,A,A
20519,A,A,A,A,A,A,A,A,A,A
20520,A,A,A,A,A,A,A,A,A,A
20521,A,A,A,A,A,A,A,A,A,A
20522,A,A,A,A,A,A,A,A,A,A
20523,A,A,A,A,A,A,A,A,A,A
20524,A,A,A,A,A,A,A,A,A,A
20525,A,A,A,A,A,A,A,A,A,A
20526,A,A,A,A,A,A,A,A,A,A
20527,A,A,A,A,A,A,A,A,A,A
20528,A,A,A,A,A,A,A,A,A,A
20529,A,A,A,A,A,A,A,A,A,A
20530,A,A,A,A,A,A,A,A,A,A
20531,A,A,A,A,A,A,A,A,A,A
20532,A,A,A,A,A,A,A,A,A,A
20533,A,A,A,A,A,A,A,A,A,A
20534,A,A,A,A,A,A,A,A,A,A
20535,A,A,A,A,A,A,A,A,A,A
20536,A,A,A,A,A,A,A,A,A,A
20537,A,A,A,A,A,A,A,A,A,A
20538,A,A,A,A,A,A,A,A,A,A
20539,A,A,A,A,A,A,A,A,A,A
20540,A,A,A,A,A,A,A,A,A,A
20541,A,A,A,A,A,A,A,A,A,A
20542,A,A,A,A,A,A,A,A,A,A
20543,A,A,A,A,A,A,A,A,A,A
20544,A,A,A,A,A,A,A,A,A,A
20545,A,A,A,A,A,A,A,A,A,A
20546,A,A,A,A,A,A,A,A,A,A
20547,A,A,A,A,A,A,A,A,A,A
20548,A,A,A,A,A,A,A,A,A,A
20549,A,A,A,A,A,A,A,A,A,A
20550,A,A,A,A,A,A,A,A,A,A
20551,A,A,A,A,A,A,A,A,A,A
20552,A,A,A,A,A,A,A,A,A,A
20553,A,A,A,A,A,A,A,A,A,A
20554,A,A,A,A,A,A,A,A,A,A
20555,A,A,A,A,A,A,A,A,A,A
20556,A,A,A,A,A,A,A,A,A,A
20557,A,A,A,A,A,A,A,A,A,A
20558,A,A,A,A,A,A,A,A,A,A
20559,A,A,A,A,A,A,A,A,A,A
20560,A,A,A,A,A,A,A,A,A,A
20561,A,A,A,A,A,A,A,A,A,A
20562,A,A,A,A,A,A,A,A,A,A
20563,A,A,A,A,A,A,A,A,A,A
20564,A,A,A,A,A,A,A,A,A,A
20565,A,A,A,A,A,A,A,A,A,A
20566,A,A,A,A,A,A,A,A,A,A
20567,A,A,A,A,A,A,A,A,A,A
20568,A,A,A,A,A,A,A,A,A,A
20569,A,A,A,A,A,A,A,A,A,A
20570,A,A,A,A,A,A,A,A,A,A
20571,A,A,A,A,A,A,A,A,A,A
20572,A,A,A,A,A,A,A,A,A,A
20573,A,A,A,A,A,A,A,A,A,A
20574,A,A,A,A,A,A,A,A,A,A
20575,L,L,L,L,L,L,L,L,L,L
20576,A,A,A,A,A,A,A,A,A,A
20577,A,A,A,A,A,A,A,A,A,A
20578,A,A,A,A,A,A,A,A,A,A
20579,A,A,A,A,A,A,A,A,A,A
20580,A,A,A,A,A,A,A,A,A,A
20581,A,A,A,A,A,A,A,A,A,A
20582,A,A,A,A,A,A,A,A,A,A
20583,A,A,A,A,A,A,A,A,A,A
20584,A,A,A,A,A,A,A,A,A,A
20585,A,A,A,A,A,A,A,A,A,A
20586,A,A,A,A,A,A,A,A,A,A
20587,A,A,A,A,A,A,A,A,A,A
20588,A,A,A,A,A,A,A,A,A,A
20589,A,A,A,A,A,A,A,A,A,A
20590,A,A,A,A,A,A,A,A,A,A
20591,A,A,A,A,A,A,A,A,A,A
20592,A,A,A,A,A,A,A,A,A,A
20593,A,A,A,A,A,A,A,A,A,A
20594,A,A,A,A,A,A,A,A,A,A
20595,A,A,A,A,A,A,A,A,A,A
20596,A,A,A,A,A,A,A,A,A,A
20597,A,A,A,A,A,A,A,A,A,A
20598,A,A,A,A,A,A,A,A,A,A
20599,A,A,A,A,A,A,A,A,A,A
20600,A,A,A,A,A,A,A,A,A,A
20601,A,A,A,A,A,A,A,A,A,A
20602,A,A,A,A,A,A,A,A,A,A
20603,A,A,A,A,A,A,A,A,A,A
20604,A,A,A,A,A,A,A,A,A,A
20605,A,A,A,A,A,A,A,A,A,A
20606,A,A,A,A,A,A,A,A,A,A
20607,A,A,A,A,A,A,A,A,A,A
20608,A,A,A,A,A,A,A,A,A,A
20609,A,A,A,A,A,A,A,A,A,A
20610,A,A,A,A,A,A,A,A,A,A
20611,A,A,A,A,A,A,A,A,A,A
20612,A,A,A,A,A,A,A,A,A,A
20613,A,A,A,A,A,A,A,A,A,A
20614,A,A,A,A,A,A,A,A,A,A
20615,A,A,A,A,A,A,A,A,A,A
20616,A,A,A,A,A,A,A,A,A,A
20617,A,A,A,A,A,A,A,A,A,A
20618,A,A,A,A,A,A,A,A,A,A
20619,A,A,A,A,A,A,A,A,A,A
20620,A,A,A,A,A,A,A,A,A,A
20621,A,A,A,A,A,A,A,A,A,A
20622,A,A,A,A,A,A,A,A,A,A
20623,A,A,A,A,A,A,A,A,A,A
20624,A,A,A,A,A,A,A,A,A,A
20625,A,A,A,A,A,A,A,A,A,A
20626,I,I,I,I,I,I,I,I,I,I
20627,A,A,A,A,A,A,A,A,A,A
20628,D,D,D,D,D,D,D,D,D,D
20629,A,A,A,A,A,A,A,A,A,A
20630,A,A,A,A,A,A,A,A,A,A
20631,D,D,D,D,D,D,D,D,D,D
20632,A,A,A,A,A,A,A,A,A,A
20633,D,D,D,D,D,D,D,D,D,D
20634,A,A,A,A,A,A,A,A,A,A
20635,A,A,A,A,A,A,A,A,A,A
20636,I,I,I,I,I,I,I,I,I,I
20637,A,A,A,A,A,A,A,A,A,A
20638,A,A,A,A,A,A,A,A,A,A
20639,I,I,I,I,I,I,I,I,I,I
20640,A,A,A,A,A,A,A,A,A,A
20641,I,I,I,I,I,I,I,I,I,I
20642,A,A,A,A,A,A,A,A,A,A
20643,A,A,A,A,A,A,A,A,A,A
20644,I,I,I,I,I,I,I,I,I,I
20645,A,A,A,A,A,A,A,A,A,A
20646,A,A,A,A,A,A,A,A,A,A
20647,A,A,A,A,A,A,A,A,A,A
20648,A,A,A,A,A,A,A,A,A,A
20649,A,A,A,A,A,A,A,A,A,A
20650,D,D,D,D,D,D,D,D,D,D
20651,D,D,D,D,D,D,D,D,D,D
20652,A,A,A,A,A,A,A,A,A,A
20653,D,D,D,D,D,D,D,D,D,D
20654,D,D,D,D,D,D,D,D,D,D
20655,A,A,A,A,A,A,A,A,A,A
20656,D,D,D,D,D,D,D,D,D,D
20657,A,A,A,A,A,A,A,A,A,A
20658,A,A,A,A,A,A,A,A,A,A
20659,A,A,A,A,A,A,A,A,A,A
20660,A,A,A,A,A,A,A,A,A,A
20661,A,A,A,A,A,A,A,A,A,A
20662,A,A,A,A,A,A,A,A,A,A
20663,A,A,A,A,A,A,A,A,A,A
20664,A,A,A,A,A,A,A,A,A,A
20665,A,A,A,A,A,A,A,A,A,A
20666,A,A,A,A,A,A,A,A,A,A
20667,A,A,A,A,A,A,A,A,A,A
20668,A,A,A,A,A,A,A,A,A,A
20669,A,A,A,A,A,A,A,A,A,A
20670,A,A,A,A,A,A,A,A,A,A
20671,I,I,I,I,I,I,I,I,I,I
20672,A,A,A,A,A,A,A,A,A,A
20673,A,A,A,A,A,A,A,A,A,A
20674,A,A,A,A,A,A,A,A,A,A
20675,A,A,A,A,A,A,A,A,A,A
20676,A,A,A,A,A,A,A,A,A,A
20677,A,A,A,A,A,A,A,A,A,A
20678,A,A,A,A,A,A,A,A,A,A
20679,A,A,A,A,A,A,A,A,A,A
20680,A,A,A,A,A,A,A,A,A,A
20681,A,A,A,A,A,A,A,A,A,A
20682,A,A,A,A,A,A,A,A,A,A
20683,A,A,A,A,A,A,A,A,A,A
20684,A,A,A,A,A,A,A,A,A,A
20685,A,A,A,A,A,A,A,A,A,A
20686,A,A,A,A,A,A,A,A,A,A
20687,A,A,A,A,A,A,A,A,A,A
20688,A,A,A,A,A,A,A,A,A,A
20689,A,A,A,A,A,A,A,A,A,A
20690,A,A,A,A,A,A,A,A,A,A
20691,A,A,A,A,A,A,A,A,A,A
20692,A,A,A,A,A,A,A,A,A,A
20693,A,A,A,A,A,A,A,A,A,A
20694,A,A,A,A,A,A,A,A,A,A
20695,A,A,A,A,A,A,A,A,A,A
20696,A,A,A,A,A,A,A,A,A,A
20697,A,A,A,A,A,A,A,A,A,A
20698,A,A,A,A,A,A,A,A,A,A
20699,A,A,A,A,A,A,A,A,A,A
20700,A,A,A,A,A,A,A,A,A,A
20701,A,A,A,A,A,A,A,A,A,A
20702,A,A,A,A,A,A,A,A,A,A
20703,A,A,A,A,A,A,A,A,A,A
20704,A,A,A,A,A,A,A,A,A,A
20705,D,D,D,D,D,D,D,D,D,D
20706,A,A,A,A,A,A,A,A,A,A
20707,A,A,A,A,A,A,A,A,A,A
20708,A,A,A,A,A,A,A,A,A,A
20709,A,A,A,A,A,A,A,A,A,A
20710,A,A,A,A,A,A,A,A,A,A
20711,A,A,A,A,A,A,A,A,A,A
20712,A,A,A,A,A,A,A,A,A,A
20713,A,A,A,A,A,A,A,A,A,A
20714,A,A,A,A,A,A,A,A,A,A
20715,A,A,A,A,A,A,A,A,A,A
20716,A,A,A,A,A,A,A,A,A,A
20717,A,A,A,A,A,A,A,A,A,A
20718,A,A,A,A,A,A,A,A,A,A
20719,D,D,D,D,D,D,D,D,D,D
20720,D,D,D,D,D,D,D,D,D,D
20721,D,D,D,D,D,D,D,D,D,D
20722,D,D,D,D,D,D,D,D,D,D
20723,B,B,B,B,B,B,B,B,B,B
20724,D,D,D,D,D,D,D,D,D,D
20725,B,B,B,B,B,B,B,B,B,B
20726,D,D,D,D,D,D,D,D,D,D
20727,D,D,D,D,D,D,D,D,D,D
20728,D,D,D,D,D,D,D,D,D,D
20729,D,D,D,D,D,D,D,D,D,D
20730,I,I,I,I,I,I,I,I,I,I
20731,D,D,D,D,D,D,D,D,D,D
20732,D,D,D,D,D,D,D,D,D,D
20733,I,I,I,I,I,I,I,I,I,I
20734,D,D,D,D,D,D,D,D,D,D
20735,D,D,D,D,D,D,D,D,D,D
20736,D,D,D,D,D,D,D,D,D,D
20737,D,D,D,D,D,D,D,D,D,D
20738,D,D,D,D,D,D,D,D,D,D
20739,D,D,D,D,D,D,D,D,D,D
20740,D,D,D,D,D,D,D,D,D,D
20741,D,D,D,D,D,D,D,D,D,D
20742,D,D,D,D,D,D,D,D,D,D
20743,D,D,D,D,D,D,D,D,D,D
20744,D,D,D,D,D,D,D,D,D,D
20745,D,D,D,D,D,D,D,D,D,D
20746,D,D,D,D,D,D,D,D,D,D
20747,D,D,D,D,D,D,D,D,D,D
20748,D,D,D,D,D,D,D,D,D,D
20749,D,D,D,D,D,D,D,D,D,D
20750,D,D,D,D,D,D,D,D,D,D
20751,D,D,D,D,D,D,D,D,D,D
20752,D,D,D,D,D,D,D,D,D,D
20753,D,D,D,D,D,D,D,D,D,D
20754,D,D,D,D,D,D,D,D,D,D
20755,D,D,D,D,D,D,D,D,D,D
20756,D,D,D,D,D,D,D,D,D,D
20757,D,D,D,D,D,D,D,D,D,D
20758,D,D,D,D,D,D,D,D,D,D
20759,D,D,D,D,D,D,D,D,D,D
20760,D,D,D,D,D,D,D,D,D,D
20761,D,D,D,D,D,D,D,D,D,D
20762,D,D,D,D,D,D,D,D,D,D
20763,D,D,D,D,D,D,D,D,D,D
20764,D,D,D,D,D,D,D,D,D,D
20765,D,D,D,D,D,D,D,D,D,D
20766,D,D,D,D,D,D,D,D,D,D
20767,D,D,D,D,D,D,D,D,D,D
20768,D,D,D,D,D,D,D,D,D,D
20769,D,D,D,D,D,D,D,D,D,D
20770,D,D,D,D,D,D,D,D,D,D
20771,D,D,D,D,D,D,D,D,D,D
20772,D,D,D,D,D,D,D,D,D,D
20773,D,D,D,D,D,D,D,D,D,D
20774,D,D,D,D,D,D,D,D,D,D
20775,D,D,D,D,D,D,D,D,D,D
20776,D,D,D,D,D,D,D,D,D,D
20777,D,D,D,D,D,D,D,D,D,D
20778,D,D,D,D,D,D,D,D,D,D
20779,D,D,D,D,D,D,D,D,D,D
20780,D,D,D,D,D,D,D,D,D,D
20781,D,D,D,D,D,D,D,D,D,D
20782,D,D,D,D,D,D,D,D,D,D
20783,D,D,D,D,D,D,D,D,D,D
20784,A,A,A,A,A,A,A,A,A,A
20785,D,D,D,D,D,D,D,D,D,D
20786,A,A,A,A,A,A,A,A,A,A
20787,D,D,D,D,D,D,D,D,D,D
20788,A,A,A,A,A,A,A,A,A,A
20789,D,D,D,D,D,D,D,D,D,D
20790,A,A,A,A,A,A,A,A,A,A
20791,D,D,D,D,D,D,D,D,D,D
20792,A,A,A,A,A,A,A,A,A,A
20793,D,D,D,D,D,D,D,D,D,D
20794,A,A,A,A,A,A,A,A,A,A
20795,D,D,D,D,D,D,D,D,D,D
20796,A,A,A,A,A,A,A,A,A,A
20797,D,D,D,D,D,D,D,D,D,D
20798,A,A,A,A,A,A,A,A,A,A
20799,D,D,D,D,D,D,D,D,D,D
20800,A,A,A,A,A,A,A,A,A,A
20801,D,D,D,D,D,D,D,D,D,D
20802,A,A,A,A,A,A,A,A,A,A
20803,D,D,D,D,D,D,D,D,D,D
20804,A,A,A,A,A,A,A,A,A,A
20805,D,D,D,D,D,D,D,D,D,D
20806,A,A,A,A,A,A,A,A,A,A
20807,D,D,D,D,D,D,D,D,D,D
20808,A,A,A,A,A,A,A,A,A,A
20809,D,D,D,D,D,D,D,D,D,D
20810,A,A,A,A,A,A,A,A,A,A
20811,D,D,D,D,D,D,D,D,D,D
20812,A,A,A,A,A,A,A,A,A,A
20813,D,D,D,D,D,D,D,D,D,D
20814,A,A,A,A,A,A,A,A,A,A
20815,D,D,D,D,D,D,D,D,D,D
20816,A,A,A,A,A,A,A,A,A,A
20817,D,D,D,D,D,D,D,D,D,D
20818,A,A,A,A,A,A,A,A,A,A
20819,D,D,D,D,D,D,D,D,D,D
20820,A,A,A,A,A,A,A,A,A,A
20821,A,A,A,A,A,A,A,A,A,A
20822,A,A,A,A,A,A,A,A,A,A
20823,A,A,A,A,A,A,A,A,A,A
20824,A,A,A,A,A,A,A,A,A,A
20825,D,D,D,D,D,D,D,D,D,D
20826,D,D,D,D,D,D,D,D,D,D
20827,A,A,A,A,A,A,A,A,A,A
20828,A,A,A,A,A,A,A,A,A,A
20829,A,A,A,A,A,A,A,A,A,A
20830,A,A,A,A,A,A,A,A,A,A
20831,A,A,A,A,A,A,A,A,A,A
20832,A,A,A,A,A,A,A,A,A,A
20833,A,A,A,A,A,A,A,A,A,A
20834,A,A,A,A,A,A,A,A,A,A
20835,A,A,A,A,A,A,A,A,A,A
20836,A,A,A,A,A,A,A,A,A,A
20837,D,D,D,D,D,D,D,D,D,D
20838,A,A,A,A,A,A,A,A,A,A
20839,A,A,A,A,A,A,A,A,A,A
20840,A,A,A,A,A,A,A,A,A,A
20841,A,A,A,A,A,A,A,A,A,A
20842,A,A,A,A,A,A,A,A,A,A
20843,A,A,A,A,A,A,A,A,A,A
20844,A,A,A,A,A,A,A,A,A,A
20845,A,A,A,A,A,A,A,A,A,A
20846,A,A,A,A,A,A,A,A,A,A
20847,A,A,A,A,A,A,A,A,A,A
20848,A,A,A,A,A,A,A,A,A,A
20849,A,A,A,A,A,A,A,A,A,A
20850,A,A,A,A,A,A,A,A,A,A
20851,A,A,A,A,A,A,A,A,A,A
20852,A,A,A,A,A,A,A,A,A,A
20853,A,A,A,A,A,A,A,A,A,A
20854,A,A,A,A,A,A,A,A,A,A
20855,A,A,A,A,A,A,A,A,A,A
20856,A,A,A,A,A,A,A,A,A,A
20857,D,D,D,D,D,D,D,D,D,D
20858,D,D,D,D,D,D,D,D,D,D
20859,D,D,D,D,D,D,D,D,D,D
20860,D,D,D,D,D,D,D,D,D,D
20861,D,D,D,D,D,D,D,D,D,D
20862,D,D,D,D,D,D,D,D,D,D
20863,D,D,D,D,D,D,D,D,D,D
20864,D,D,D,D,D,D,D,D,D,D
20865,D,D,D,D,D,D,D,D,D,D
20866,D,D,D,D,D,D,D,D,D,D
20867,I,I,I,I,I,I,I,I,I,I
20868,D,D,D,D,D,D,D,D,D,D
20869,B,B,B,B,B,B,B,B,B,B
20870,D,D,D,D,D,D,D,D,D,D
20871,D,D,D,D,D,D,D,D,D,D
20872,D,D,D,D,D,D,D,D,D,D
20873,D,D,D,D,D,D,D,D,D,D
20874,D,D,D,D,D,D,D,D,D,D
20875,I,I,I,I,I,I,I,I,I,I
20876,D,D,D,D,D,D,D,D,D,D
20877,I,I,I,I,I,I,I,I,I,I
20878,D,D,D,D,D,D,D,D,D,D
20879,B,B,B,B,B,B,B,B,B,B
20880,A,A,A,A,A,A,A,A,A,A
20881,A,A,A,A,A,A,A,A,A,A
20882,A,A,A,A,A,A,A,A,A,A
20883,A,A,A,A,A,A,A,A,A,A
20884,A,A,A,A,A,A,A,A,A,A
20885,A,A,A,A,A,A,A,A,A,A
20886,A,A,A,A,A,A,A,A,A,A
20887,A,A,A,A,A,A,A,A,A,A
20888,A,A,A,A,A,A,A,A,A,A
20889,A,A,A,A,A,A,A,A,A,A
20890,A,A,A,A,A,A,A,A,A,A
20891,A,A,A,A,A,A,A,A,A,A
20892,A,A,A,A,A,A,A,A,A,A
20893,A,A,A,A,A,A,A,A,A,A
20894,A,A,A,A,A,A,A,A,A,A
20895,A,A,A,A,A,A,A,A,A,A
20896,A,A,A,A,A,A,A,A,A,A
20897,A,A,A,A,A,A,A,A,A,A
20898,A,A,A,A,A,A,A,A,A,A
20899,A,A,A,A,A,A,A,A,A,A
20900,A,A,A,A,A,A,A,A,A,A
20901,A,A,A,A,A,A,A,A,A,A
20902,A,A,A,A,A,A,A,A,A,A
20903,A,A,A,A,A,A,A,A,A,A
20904,A,A,A,A,A,A,A,A,A,A
20905,A,A,A,A,A,A,A,A,A,A
20906,A,A,A,A,A,A,A,A,A,A
20907,A,A,A,A,A,A,A,A,A,A
20908,A,A,A,A,A,A,A,A,A,A
20909,A,A,A,A,A,A,A,A,A,A
20910,A,A,A,A,A,A,A,A,A,A
20911,A,A,A,A,A,A,A,A,A,A
20912,A,A,A,A,A,A,A,A,A,A
20913,A,A,A,A,A,A,A,A,A,A
20914,A,A,A,A,A,A,A,A,A,A
20915,A,A,A,A,A,A,A,A,A,A
20916,A,A,A,A,A,A,A,A,A,A
20917,A,A,A,A,A,A,A,A,A,A
20918,A,A,A,A,A,A,A,A,A,A
20919,A,A,A,A,A,A,A,A,A,A
20920,A,A,A,A,A,A,A,A,A,A
20921,A,A,A,A,A,A,A,A,A,A
20922,A,A,A,A,A,A,A,A,A,A
20923,A,A,A,A,A,A,A,A,A,A
20924,A,A,A,A,A,A,A,A,A,A
20925,A,A,A,A,A,A,A,A,A,A
20926,A,A,A,A,A,A,A,A,A,A
20927,A,A,A,A,A,A,A,A,A,A
20928,A,A,A,A,A,A,A,A,A,A
20929,A,A,A,A,A,A,A,A,A,A
20930,A,A,A,A,A,A,A,A,A,A
20931,A,A,A,A,A,A,A,A,A,A
20932,A,A,A,A,A,A,A,A,A,A
20933,A,A,A,A,A,A,A,A,A,A
20934,A,A,A,A,A,A,A,A,A,A
20935,A,A,A,A,A,A,A,A,A,A
20936,A,A,A,A,A,A,A,A,A,A
20937,A,A,A,A,A,A,A,A,A,A
20938,A,A,A,A,A,A,A,A,A,A
20939,A,A,A,A,A,A,A,A,A,A
20940,A,A,A,A,A,A,A,A,A,A
20941,A,A,A,A,A,A,A,A,A,A
20942,A,A,A,A,A,A,A,A,A,A
20943,A,A,A,A,A,A,A,A,A,A
20944,A,A,A,A,A,A,A,A,A,A
20945,A,A,A,A,A,A,A,A,A,A
20946,A,A,A,A,A,A,A,A,A,A
20947,A,A,A,A,A,A,A,A,A,A
20948,A,A,A,A,A,A,A,A,A,A
20949,A,A,A,A,A,A,A,A,A,A
20950,A,A,A,A,A,A,A,A,A,A
20951,A,A,A,A,A,A,A,A,A,A
20952,A,A,A,A,A,A,A,A,A,A
20953,A,A,A,A,A,A,A,A,A,A
20954,A,A,A,A,A,A,A,A,A,A
20955,A,A,A,A,A,A,A,A,A,A
20956,A,A,A,A,A,A,A,A,A,A
20957,A,A,A,A,A,A,A,A,A,A
20958,A,A,A,A,A,A,A,A,A,A
20959,A,A,A,A,A,A,A,A,A,A
20960,A,A,A,A,A,A,A,A,A,A
20961,A,A,A,A,A,A,A,A,A,A
20962,A,A,A,A,A,A,A,A,A,A
20963,A,A,A,A,A,A,A,A,A,A
20964,A,A,A,A,A,A,A,A,A,A
20965,A,A,A,A,A,A,A,A,A,A
20966,A,A,A,A,A,A,A,A,A,A
20967,A,A,A,A,A,A,A,A,A,A
20968,A,A,A,A,A,A,A,A,A,A
20969,A,A,A,A,A,A,A,A,A,A
20970,A,A,A,A,A,A,A,A,A,A
20971,A,A,A,A,A,A,A,A,A,A
20972,A,A,A,A,A,A,A,A,A,A
20973,A,A,A,A,A,A,A,A,A,A
20974,A,A,A,A,A,A,A,A,A,A
20975,A,A,A,A,A,A,A,A,A,A
20976,A,A,A,A,A,A,A,A,A,A
20977,A,A,A,A,A,A,A,A,A,A
20978,A,A,A,A,A,A,A,A,A,A
20979,A,A,A,A,A,A,A,A,A,A
20980,A,A,A,A,A,A,A,A,A,A
20981,A,A,A,A,A,A,A,A,A,A
20982,A,A,A,A,A,A,A,A,A,A
20983,A,A,A,A,A,A,A,A,A,A
20984,A,A,A,A,A,A,A,A,A,A
20985,A,A,A,A,A,A,A,A,A,A
20986,A,A,A,A,A,A,A,A,A,A
20987,A,A,A,A,A,A,A,A,A,A
20988,A,A,A,A,A,A,A,A,A,A
20989,A,A,A,A,A,A,A,A,A,A
20990,A,A,A,A,A,A,A,A,A,A
20991,A,A,A,A,A,A,A,A,A,A
20992,A,A,A,A,A,A,A,A,A,A
20993,A,A,A,A,A,A,A,A,A,A
20994,A,A,A,A,A,A,A,A,A,A
20995,A,A,A,A,A,A,A,A,A,A
20996,A,A,A,A,A,A,A,A,A,A
20997,A,A,A,A,A,A,A,A,A,A
20998,A,A,A,A,A,A,A,A,A,A
20999,A,A,A,A,A,A,A,A,A,A
21000,A,A,A,A,A,A,A,A,A,A
21001,A,A,A,A,A,A,A,A,A,A
21002,A,A,A,A,A,A,A,A,A,A
21003,A,A,A,A,A,A,A,A,A,A
21004,A,A,A,A,A,A,A,A,A,A
21005,A,A,A,A,A,A,A,A,A,A
21006,A,A,A,A,A,A,A,A,A,A
21007,A,A,A,A,A,A,A,A,A,A
21008,A,A,A,A,A,A,A,A,A,A
21009,A,A,A,A,A,A,A,A,A,A
21010,A,A,A,A,A,A,A,A,A,A
21011,A,A,A,A,A,A,A,A,A,A
21012,A,A,A,A,A,A,A,A,A,A
21013,A,A,A,A,A,A,A,A,A,A
21014,A,A,A,A,A,A,A,A,A,A
21015,A,A,A,A,A,A,A,A,A,A
21016,A,A,A,A,A,A,A,A,A,A
21017,A,A,A,A,A,A,A,A,A,A
21018,A,A,A,A,A,A,A,A,A,A
21019,A,A,A,A,A,A,A,A,A,A
21020,A,A,A,A,A,A,A,A,A,A
21021,A,A,A,A,A,A,A,A,A,A
21022,A,A,A,A,A,A,A,A,A,A
21023,A,A,A,A,A,A,A,A,A,A
21024,A,A,A,A,A,A,A,A,A,A
21025,A,A,A,A,A,A,A,A,A,A
21026,A,A,A,A,A,A,A,A,A,A
21027,A,A,A,A,A,A,A,A,A,A
21028,A,A,A,A,A,A,A,A,A,A
21029,A,A,A,A,A,A,A,A,A,A
21030,A,A,A,A,A,A,A,A,A,A
21031,A,A,A,A,A,A,A,A,A,A
21032,A,A,A,A,A,A,A,A,A,A
21033,A,A,A,A,A,A,A,A,A,A
21034,A,A,A,A,A,A,A,A,A,A
21035,A,A,A,A,A,A,A,A,A,A
21036,A,A,A,A,A,A,A,A,A,A
21037,A,A,A,A,A,A,A,A,A,A
21038,A,A,A,A,A,A,A,A,A,A
21039,A,A,A,A,A,A,A,A,A,A
21040,A,A,A,A,A,A,A,A,A,A
21041,A,A,A,A,A,A,A,A,A,A
21042,A,A,A,A,A,A,A,A,A,A
21043,A,A,A,A,A,A,A,A,A,A
21044,A,A,A,A,A,A,A,A,A,A
21045,A,A,A,A,A,A,A,A,A,A
21046,A,A,A,A,A,A,A,A,A,A
21047,A,A,A,A,A,A,A,A,A,A
21048,A,A,A,A,A,A,A,A,A,A
21049,A,A,A,A,A,A,A,A,A,A
21050,A,A,A,A,A,A,A,A,A,A
21051,A,A,A,A,A,A,A,A,A,A
21052,A,A,A,A,A,A,A,A,A,A
21053,A,A,A,A,A,A,A,A,A,A
21054,A,A,A,A,A,A,A,A,A,A
21055,A,A,A,A,A,A,A,A,A,A
21056,A,A,A,A,A,A,A,A,A,A
21057,A,A,A,A,A,A,A,A,A,A
21058,A,A,A,A,A,A,A,A,A,A
21059,A,A,A,A,A,A,A,A,A,A
21060,A,A,A,A,A,A,A,A,A,A
21061,A,A,A,A,A,A,A,A,A,A
21062,A,A,A,A,A,A,A,A,A,A
21063,A,A,A,A,A,A,A,A,A,A
21064,A,A,A,A,A,A,A,A,A,A
21065,A,A,A,A,A,A,A,A,A,A
21066,A,A,A,A,A,A,A,A,A,A
21067,A,A,A,A,A,A,A,A,A,A
21068,A,A,A,A,A,A,A,A,A,A
21069,A,A,A,A,A,A,A,A,A,A
21070,A,A,A,A,A,A,A,A,A,A
21071,A,A,A,A,A,A,A,A,A,A
21072,A,A,A,A,A,A,A,A,A,A
21073,A,A,A,A,A,A,A,A,A,A
21074,A,A,A,A,A,A,A,A,A,A
21075,A,A,A,A,A,A,A,A,A,A
21076,A,A,A,A,A,A,A,A,A,A
21077,A,A,A,A,A,A,A,A,A,A
21078,A,A,A,A,A,A,A,A,A,A
21079,A,A,A,A,A,A,A,A,A,A
21080,A,A,A,A,A,A,A,A,A,A
21081,A,A,A,A,A,A,A,A,A,A
21082,A,A,A,A,A,A,A,A,A,A
21083,A,A,A,A,A,A,A,A,A,A
21084,A,A,A,A,A,A,A,A,A,A
21085,A,A,A,A,A,A,A,A,A,A
21086,A,A,A,A,A,A,A,A,A,A
21087,A,A,A,A,A,A,A,A,A,A
21088,A,A,A,A,A,A,A,A,A,A
21089,A,A,A,A,A,A,A,A,A,A
21090,A,A,A,A,A,A,A,A,A,A
21091,A,A,A,A,A,A,A,A,A,A
21092,A,A,A,A,A,A,A,A,A,A
21093,A,A,A,A,A,A,A,A,A,A
21094,A,A,A,A,A,A,A,A,A,A
21095,A,A,A,A,A,A,A,A,A,A
21096,A,A,A,A,A,A,A,A,A,A
21097,A,A,A,A,A,A,A,A,A,A
21098,A,A,A,A,A,A,A,A,A,A
21099,A,A,A,A,A,A,A,A,A,A
21100,A,A,A,A,A,A,A,A,A,A
21101,A,A,A,A,A,A,A,A,A,A
21102,A,A,A,A,A,A,A,A,A,A
21103,A,A,A,A,A,A,A,A,A,A
21104,A,A,A,A,A,A,A,A,A,A
21105,A,A,A,A,A,A,A,A,A,A
21106,A,A,A,A,A,A,A,A,A,A
21107,A,A,A,A,A,A,A,A,A,A
21108,A,A,A,A,A,A,A,A,A,A
21109,A,A,A,A,A,A,A,A,A,A
21110,A,A,A,A,A,A,A,A,A,A
21111,A,A,A,A,A,A,A,A,A,A
21112,A,A,A,A,A,A,A,A,A,A
21113,A,A,A,A,A,A,A,A,A,A
21114,A,A,A,A,A,A,A,A,A,A
21115,A,A,A,A,A,A,A,A,A,A
21116,A,A,A,A,A,A,A,A,A,A
21117,A,A,A,A,A,A,A,A,A,A
21118,A,A,A,A,A,A,A,A,A,A
21119,A,A,A,A,A,A,A,A,A,A
21120,A,A,A,A,A,A,A,A,A,A
21121,A,A,A,A,A,A,A,A,A,A
21122,A,A,A,A,A,A,A,A,A,A
21123,A,A,A,A,A,A,A,A,A,A
21124,A,A,A,A,A,A,A,A,A,A
21125,A,A,A,A,A,A,A,A,A,A
21126,A,A,A,A,A,A,A,A,A,A
21127,A,A,A,A,A,A,A,A,A,A
21128,A,A,A,A,A,A,A,A,A,A
21129,A,A,A,A,A,A,A,A,A,A
21130,A,A,A,A,A,A,A,A,A,A
21131,A,A,A,A,A,A,A,A,A,A
21132,A,A,A,A,A,A,A,A,A,A
21133,A,A,A,A,A,A,A,A,A,A
21134,A,A,A,A,A,A,A,A,A,A
21135,A,A,A,A,A,A,A,A,A,A
21136,A,A,A,A,A,A,A,A,A,A
21137,A,A,A,A,A,A,A,A,A,A
21138,A,A,A,A,A,A,A,A,A,A
21139,A,A,A,A,A,A,A,A,A,A
21140,A,A,A,A,A,A,A,A,A,A
21141,A,A,A,A,A,A,A,A,A,A
21142,A,A,A,A,A,A,A,A,A,A
21143,A,A,A,A,A,A,A,A,A,A
21144,A,A,A,A,A,A,A,A,A,A
21145,A,A,A,A,A,A,A,A,A,A
21146,A,A,A,A,A,A,A,A,A,A
21147,A,A,A,A,A,A,A,A,A,A
21148,A,A,A,A,A,A,A,A,A,A
21149,A,A,A,A,A,A,A,A,A,A
21150,A,A,A,A,A,A,A,A,A,A
21151,A,A,A,A,A,A,A,A,A,A
21152,A,A,A,A,A,A,A,A,A,A
21153,A,A,A,A,A,A,A,A,A,A
21154,A,A,A,A,A,A,A,A,A,A
21155,A,A,A,A,A,A,A,A,A,A
21156,A,A,A,A,A,A,A,A,A,A
21157,A,A,A,A,A,A,A,A,A,A
21158,A,A,A,A,A,A,A,A,A,A
21159,A,A,A,A,A,A,A,A,A,A
21160,A,A,A,A,A,A,A,A,A,A
21161,A,A,A,A,A,A,A,A,A,A
21162,A,A,A,A,A,A,A,A,A,A
21163,A,A,A,A,A,A,A,A,A,A
21164,A,A,A,A,A,A,A,A,A,A
21165,A,A,A,A,A,A,A,A,A,A
21166,A,A,A,A,A,A,A,A,A,A
21167,A,A,A,A,A,A,A,A,A,A
21168,A,A,A,A,A,A,A,A,A,A
21169,A,A,A,A,A,A,A,A,A,A
21170,A,A,A,A,A,A,A,A,A,A
21171,A,A,A,A,A,A,A,A,A,A
21172,A,A,A,A,A,A,A,A,A,A
21173,I,I,I,I,I,I,I,I,I,I
21174,J,J,J,J,J,J,J,J,J,J
21175,I,I,I,I,I,I,I,I,I,I
21176,I,I,I,I,I,I,I,I,I,I
21177,L,L,L,L,L,L,L,L,L,L
21178,I,I,I,I,I,I,I,I,I,I
21179,A,A,A,A,A,A,A,A,A,A
21180,A,A,A,A,A,A,A,A,A,A
21181,A,A,A,A,A,A,A,A,A,A
21182,A,A,A,A,A,A,A,A,A,A
21183,A,A,A,A,A,A,A,A,A,A
21184,A,A,A,A,A,A,A,A,A,A
21185,A,A,A,A,A,A,A,A,A,A
21186,A,A,A,A,A,A,A,A,A,A
21187,A,A,A,A,A,A,A,A,A,A
21188,A,A,A,A,A,A,A,A,A,A
21189,A,A,A,A,A,A,A,A,A,A
21190,A,A,A,A,A,A,A,A,A,A
21191,A,A,A,A,A,A,A,A,A,A
21192,A,A,A,A,A,A,A,A,A,A
21193,A,A,A,A,A,A,A,A,A,A
21194,A,A,A,A,A,A,A,A,A,A
21195,A,A,A,A,A,A,A,A,A,A
21196,A,A,A,A,A,A,A,A,A,A
21197,A,A,A,A,A,A,A,A,A,A
21198,A,A,A,A,A,A,A,A,A,A
21199,A,A,A,A,A,A,A,A,A,A
21200,A,A,A,A,A,A,A,A,A,A
21201,A,A,A,A,A,A,A,A,A,A
21202,A,A,A,A,A,A,A,A,A,A
21203,A,A,A,A,A,A,A,A,A,A
21204,A,A,A,A,A,A,A,A,A,A
21205,A,A,A,A,A,A,A,A,A,A
21206,A,A,A,A,A,A,A,A,A,A
21207,A,A,A,A,A,A,A,A,A,A
21208,A,A,A,A,A,A,A,A,A,A
21209,A,A,A,A,A,A,A,A,A,A
21210,A,A,A,A,A,A,A,A,A,A
21211,A,A,A,A,A,A,A,A,A,A
21212,A,A,A,A,A,A,A,A,A,A
21213,A,A,A,A,A,A,A,A,A,A
21214,A,A,A,A,A,A,A,A,A,A
21215,A,A,A,A,A,A,A,A,A,A
21216,A,A,A,A,A,A,A,A,A,A
21217,A,A,A,A,A,A,A,A,A,A
21218,A,A,A,A,A,A,A,A,A,A
21219,A,A,A,A,A,A,A,A,A,A
21220,A,A,A,A,A,A,A,A,A,A
21221,A,A,A,A,A,A,A,A,A,A
21222,A,A,A,A,A,A,A,A,A,A
21223,A,A,A,A,A,A,A,A,A,A
21224,A,A,A,A,A,A,A,A,A,A
21225,A,A,A,A,A,A,A,A,A,A
21226,A,A,A,A,A,A,A,A,A,A
21227,A,A,A,A,A,A,A,A,A,A
21228,A,A,A,A,A,A,A,A,A,A
21229,A,A,A,A,A,A,A,A,A,A
21230,A,A,A,A,A,A,A,A,A,A
21231,A,A,A,A,A,A,A,A,A,A
21232,A,A,A,A,A,A,A,A,A,A
21233,A,A,A,A,A,A,A,A,A,A
21234,A,A,A,A,A,A,A,A,A,A
21235,A,A,A,A,A,A,A,A,A,A
21236,A,A,A,A,A,A,A,A,A,A
21237,A,A,A,A,A,A,A,A,A,A
21238,A,A,A,A,A,A,A,A,A,A
21239,A,A,A,A,A,A,A,A,A,A
21240,A,A,A,A,A,A,A,A,A,A
21241,A,A,A,A,A,A,A,A,A,A
21242,I,I,I,I,I,I,I,I,I,I
21243,A,A,A,A,A,A,A,A,A,A
21244,A,A,A,A,A,A,A,A,A,A
21245,A,A,A,A,A,A,A,A,A,A
21246,A,A,A,A,A,A,A,A,A,A
21247,A,A,A,A,A,A,A,A,A,A
21248,A,A,A,A,A,A,A,A,A,A
21249,A,A,A,A,A,A,A,A,A,A
21250,A,A,A,A,A,A,A,A,A,A
21251,A,A,A,A,A,A,A,A,A,A
21252,A,A,A,A,A,A,A,A,A,A
21253,A,A,A,A,A,A,A,A,A,A
21254,A,A,A,A,A,A,A,A,A,A
21255,A,A,A,A,A,A,A,A,A,A
21256,A,A,A,A,A,A,A,A,A,A
21257,A,A,A,A,A,A,A,A,A,A
21258,A,A,A,A,A,A,A,A,A,A
21259,A,A,A,A,A,A,A,A,A,A
21260,A,A,A,A,A,A,A,A,A,A
21261,A,A,A,A,A,A,A,A,A,A
21262,A,A,A,A,A,A,A,A,A,A
21263,A,A,A,A,A,A,A,A,A,A
21264,A,A,A,A,A,A,A,A,A,A
21265,A,A,A,A,A,A,A,A,A,A
21266,A,A,A,A,A,A,A,A,A,A
21267,A,A,A,A,A,A,A,A,A,A
21268,A,A,A,A,A,A,A,A,A,A
21269,A,A,A,A,A,A,A,A,A,A
21270,A,A,A,A,A,A,A,A,A,A
21271,A,A,A,A,A,A,A,A,A,A
21272,A,A,A,A,A,A,A,A,A,A
21273,A,A,A,A,A,A,A,A,A,A
21274,A,A,A,A,A,A,A,A,A,A
21275,A,A,A,A,A,A,A,A,A,A
21276,A,A,A,A,A,A,A,A,A,A
21277,A,A,A,A,A,A,A,A,A,A
21278,A,A,A,A,A,A,A,A,A,A
21279,A,A,A,A,A,A,A,A,A,A
21280,A,A,A,A,A,A,A,A,A,A
21281,A,A,A,A,A,A,A,A,A,A
21282,A,A,A,A,A,A,A,A,A,A
21283,A,A,A,A,A,A,A,A,A,A
21284,A,A,A,A,A,A,A,A,A,A
21285,A,A,A,A,A,A,A,A,A,A
21286,A,A,A,A,A,A,A,A,A,A
21287,A,A,A,A,A,A,A,A,A,A
21288,A,A,A,A,A,A,A,A,A,A
21289,A,A,A,A,A,A,A,A,A,A
21290,A,A,A,A,A,A,A,A,A,A
21291,A,A,A,A,A,A,A,A,A,A
21292,A,A,A,A,A,A,A,A,A,A
21293,A,A,A,A,A,A,A,A,A,A
21294,A,A,A,A,A,A,A,A,A,A
21295,A,A,A,A,A,A,A,A,A,A
21296,A,A,A,A,A,A,A,A,A,A
21297,A,A,A,A,A,A,A,A,A,A
21298,A,A,A,A,A,A,A,A,A,A
21299,A,A,A,A,A,A,A,A,A,A
21300,A,A,A,A,A,A,A,A,A,A
21301,A,A,A,A,A,A,A,A,A,A
21302,A,A,A,A,A,A,A,A,A,A
21303,A,A,A,A,A,A,A,A,A,A
21304,A,A,A,A,A,A,A,A,A,A
21305,A,A,A,A,A,A,A,A,A,A
21306,A,A,A,A,A,A,A,A,A,A
21307,A,A,A,A,A,A,A,A,A,A
21308,A,A,A,A,A,A,A,A,A,A
21309,A,A,A,A,A,A,A,A,A,A
21310,A,A,A,A,A,A,A,A,A,A
21311,A,A,A,A,A,A,A,A,A,A
21312,A,A,A,A,A,A,A,A,A,A
21313,A,A,A,A,A,A,A,A,A,A
21314,A,A,A,A,A,A,A,A,A,A
21315,A,A,A,A,A,A,A,A,A,A
21316,A,A,A,A,A,A,A,A,A,A
21317,A,A,A,A,A,A,A,A,A,A
21318,A,A,A,A,A,A,A,A,A,A
21319,A,A,A,A,A,A,A,A,A,A
21320,A,A,A,A,A,A,A,A,A,A
21321,A,A,A,A,A,A,A,A,A,A
21322,A,A,A,A,A,A,A,A,A,A
21323,A,A,A,A,A,A,A,A,A,A
21324,A,A,A,A,A,A,A,A,A,A
21325,A,A,A,A,A,A,A,A,A,A
21326,A,A,A,A,A,A,A,A,A,A
21327,A,A,A,A,A,A,A,A,A,A
21328,A,A,A,A,A,A,A,A,A,A
21330,A,A,A,A,A,A,A,A,A,A
21331,A,A,A,A,A,A,A,A,A,A
21333,A,A,A,A,A,A,A,A,A,A
21334,A,A,A,A,A,A,A,A,A,A
21335,A,A,A,A,A,A,A,A,A,A
21336,A,A,A,A,A,A,A,A,A,A
21337,A,A,A,A,A,A,A,A,A,A
21338,A,A,A,A,A,A,A,A,A,A
21339,A,A,A,A,A,A,A,A,A,A
21340,A,A,A,A,A,A,A,A,A,A
21341,A,A,A,A,A,A,A,A,A,A
21342,A,A,A,A,A,A,A,A,A,A
21343,A,A,A,A,A,A,A,A,A,A
21344,A,A,A,A,A,A,A,A,A,A
21345,A,A,A,A,A,A,A,A,A,A
21346,A,A,A,A,A,A,A,A,A,A
21347,A,A,A,A,A,A,A,A,A,A
21348,A,A,A,A,A,A,A,A,A,A
21349,A,A,A,A,A,A,A,A,A,A
21350,A,A,A,A,A,A,A,A,A,A
21351,A,A,A,A,A,A,A,A,A,A
21352,A,A,A,A,A,A,A,A,A,A
21353,A,A,A,A,A,A,A,A,A,A
21354,A,A,A,A,A,A,A,A,A,A
21355,A,A,A,A,A,A,A,A,A,A
21356,A,A,A,A,A,A,A,A,A,A
21357,A,A,A,A,A,A,A,A,A,A
21358,A,A,A,A,A,A,A,A,A,A
21359,A,A,A,A,A,A,A,A,A,A
21360,A,A,A,A,A,A,A,A,A,A
21361,A,A,A,A,A,A,A,A,A,A
21362,A,A,A,A,A,A,A,A,A,A
21363,A,A,A,A,A,A,A,A,A,A
21364,A,A,A,A,A,A,A,A,A,A
21365,A,A,A,A,A,A,A,A,A,A
21366,A,A,A,A,A,A,A,A,A,A
21367,A,A,A,A,A,A,A,A,A,A
21368,A,A,A,A,A,A,A,A,A,A
21369,A,A,A,A,A,A,A,A,A,A
21370,A,A,A,A,A,A,A,A,A,A
21371,A,A,A,A,A,A,A,A,A,A
21372,A,A,A,A,A,A,A,A,A,A
21373,A,A,A,A,A,A,A,A,A,A
21374,A,A,A,A,A,A,A,A,A,A
21375,A,A,A,A,A,A,A,A,A,A
21376,A,A,A,A,A,A,A,A,A,A
21377,A,A,A,A,A,A,A,A,A,A
21378,A,A,A,A,A,A,A,A,A,A
21379,A,A,A,A,A,A,A,A,A,A
21380,A,A,A,A,A,A,A,A,A,A
21381,A,A,A,A,A,A,A,A,A,A
21382,A,A,A,A,A,A,A,A,A,A
21383,A,A,A,A,A,A,A,A,A,A
21384,A,A,A,A,A,A,A,A,A,A
21385,A,A,A,A,A,A,A,A,A,A
21386,A,A,A,A,A,A,A,A,A,A
21387,A,A,A,A,A,A,A,A,A,A
21388,A,A,A,A,A,A,A,A,A,A
21389,A,A,A,A,A,A,A,A,A,A
21390,A,A,A,A,A,A,A,A,A,A
21391,A,A,A,A,A,A,A,A,A,A
21392,A,A,A,A,A,A,A,A,A,A
21393,A,A,A,A,A,A,A,A,A,A
21394,A,A,A,A,A,A,A,A,A,A
21395,A,A,A,A,A,A,A,A,A,A
21396,A,A,A,A,A,A,A,A,A,A
21397,A,A,A,A,A,A,A,A,A,A
21398,A,A,A,A,A,A,A,A,A,A
21399,A,A,A,A,A,A,A,A,A,A
21400,A,A,A,A,A,A,A,A,A,A
21401,A,A,A,A,A,A,A,A,A,A
21402,A,A,A,A,A,A,A,A,A,A
21403,A,A,A,A,A,A,A,A,A,A
21404,A,A,A,A,A,A,A,A,A,A
21405,A,A,A,A,A,A,A,A,A,A
21406,A,A,A,A,A,A,A,A,A,A
21407,A,A,A,A,A,A,A,A,A,A
21408,A,A,A,A,A,A,A,A,A,A
21409,A,A,A,A,A,A,A,A,A,A
21410,A,A,A,A,A,A,A,A,A,A
21411,A,A,A,A,A,A,A,A,A,A
21412,A,A,A,A,A,A,A,A,A,A
21413,A,A,A,A,A,A,A,A,A,A
21414,A,A,A,A,A,A,A,A,A,A
21415,A,A,A,A,A,A,A,A,A,A
21416,A,A,A,A,A,A,A,A,A,A
21417,A,A,A,A,A,A,A,A,A,A
21418,A,A,A,A,A,A,A,A,A,A
21419,A,A,A,A,A,A,A,A,A,A
21420,A,A,A,A,A,A,A,A,A,A
21421,A,A,A,A,A,A,A,A,A,A
21422,A,A,A,A,A,A,A,A,A,A
21423,A,A,A,A,A,A,A,A,A,A
21424,A,A,A,A,A,A,A,A,A,A
21425,A,A,A,A,A,A,A,A,A,A
21426,A,A,A,A,A,A,A,A,A,A
21427,A,A,A,A,A,A,A,A,A,A
21428,A,A,A,A,A,A,A,A,A,A
21429,A,A,A,A,A,A,A,A,A,A
21430,A,A,A,A,A,A,A,A,A,A
21431,A,A,A,A,A,A,A,A,A,A
21432,A,A,A,A,A,A,A,A,A,A
21433,A,A,A,A,A,A,A,A,A,A
21434,A,A,A,A,A,A,A,A,A,A
21435,A,A,A,A,A,A,A,A,A,A
21436,A,A,A,A,A,A,A,A,A,A
21437,A,A,A,A,A,A,A,A,A,A
21438,A,A,A,A,A,A,A,A,A,A
21439,A,A,A,A,A,A,A,A,A,A
21440,A,A,A,A,A,A,A,A,A,A
21441,A,A,A,A,A,A,A,A,A,A
21442,A,A,A,A,A,A,A,A,A,A
21443,A,A,A,A,A,A,A,A,A,A
21444,A,A,A,A,A,A,A,A,A,A
21445,A,A,A,A,A,A,A,A,A,A
21446,A,A,A,A,A,A,A,A,A,A
21447,A,A,A,A,A,A,A,A,A,A
21448,A,A,A,A,A,A,A,A,A,A
21449,A,A,A,A,A,A,A,A,A,A
21450,A,A,A,A,A,A,A,A,A,A
21451,A,A,A,A,A,A,A,A,A,A
21452,A,A,A,A,A,A,A,A,A,A
21453,A,A,A,A,A,A,A,A,A,A
21454,A,A,A,A,A,A,A,A,A,A
21455,A,A,A,A,A,A,A,A,A,A
21456,A,A,A,A,A,A,A,A,A,A
21457,A,A,A,A,A,A,A,A,A,A
21458,A,A,A,A,A,A,A,A,A,A
21459,A,A,A,A,A,A,A,A,A,A
21460,A,A,A,A,A,A,A,A,A,A
21461,A,A,A,A,A,A,A,A,A,A
21462,A,A,A,A,A,A,A,A,A,A
21463,A,A,A,A,A,A,A,A,A,A
21464,A,A,A,A,A,A,A,A,A,A
21465,A,A,A,A,A,A,A,A,A,A
21466,A,A,A,A,A,A,A,A,A,A
21467,A,A,A,A,A,A,A,A,A,A
21468,A,A,A,A,A,A,A,A,A,A
21469,A,A,A,A,A,A,A,A,A,A
21470,A,A,A,A,A,A,A,A,A,A
21471,A,A,A,A,A,A,A,A,A,A
21472,A,A,A,A,A,A,A,A,A,A
21473,A,A,A,A,A,A,A,A,A,A
21474,A,A,A,A,A,A,A,A,A,A
21475,A,A,A,A,A,A,A,A,A,A
21476,A,A,A,A,A,A,A,A,A,A
21477,A,A,A,A,A,A,A,A,A,A
21478,A,A,A,A,A,A,A,A,A,A
21479,A,A,A,A,A,A,A,A,A,A
21480,A,A,A,A,A,A,A,A,A,A
21481,A,A,A,A,A,A,A,A,A,A
21482,A,A,A,A,A,A,A,A,A,A
21483,A,A,A,A,A,A,A,A,A,A
21484,A,A,A,A,A,A,A,A,A,A
21485,A,A,A,A,A,A,A,A,A,A
21486,A,A,A,A,A,A,A,A,A,A
21487,A,A,A,A,A,A,A,A,A,A
21488,A,A,A,A,A,A,A,A,A,A
21489,A,A,A,A,A,A,A,A,A,A
21490,A,A,A,A,A,A,A,A,A,A
21491,A,A,A,A,A,A,A,A,A,A
21492,A,A,A,A,A,A,A,A,A,A
21493,A,A,A,A,A,A,A,A,A,A
21494,A,A,A,A,A,A,A,A,A,A
21495,A,A,A,A,A,A,A,A,A,A
21496,A,A,A,A,A,A,A,A,A,A
21497,A,A,A,A,A,A,A,A,A,A
21498,A,A,A,A,A,A,A,A,A,A
21499,A,A,A,A,A,A,A,A,A,A
21500,A,A,A,A,A,A,A,A,A,A
21501,A,A,A,A,A,A,A,A,A,A
21502,A,A,A,A,A,A,A,A,A,A
21503,A,A,A,A,A,A,A,A,A,A
21504,A,A,A,A,A,A,A,A,A,A
21505,A,A,A,A,A,A,A,A,A,A
21506,A,A,A,A,A,A,A,A,A,A
21507,A,A,A,A,A,A,A,A,A,A
21508,A,A,A,A,A,A,A,A,A,A
21509,A,A,A,A,A,A,A,A,A,A
21510,A,A,A,A,A,A,A,A,A,A
21511,I,I,I,I,I,I,I,I,I,I
21512,A,A,A,A,A,A,A,A,A,A
21513,A,A,A,A,A,A,A,A,A,A
21514,A,A,A,A,A,A,A,A,A,A
21515,A,A,A,A,A,A,A,A,A,A
21516,A,A,A,A,A,A,A,A,A,A
21517,A,A,A,A,A,A,A,A,A,A
21518,A,A,A,A,A,A,A,A,A,A
21519,A,A,A,A,A,A,A,A,A,A
21520,A,A,A,A,A,A,A,A,A,A
21521,A,A,A,A,A,A,A,A,A,A
21522,A,A,A,A,A,A,A,A,A,A
21523,A,A,A,A,A,A,A,A,A,A
21524,A,A,A,A,A,A,A,A,A,A
21525,A,A,A,A,A,A,A,A,A,A
21526,A,A,A,A,A,A,A,A,A,A
21527,A,A,A,A,A,A,A,A,A,A
21528,A,A,A,A,A,A,A,A,A,A
21529,A,A,A,A,A,A,A,A,A,A
21530,A,A,A,A,A,A,A,A,A,A
21531,A,A,A,A,A,A,A,A,A,A
21532,A,A,A,A,A,A,A,A,A,A
21533,A,A,A,A,A,A,A,A,A,A
21534,A,A,A,A,A,A,A,A,A,A
21535,A,A,A,A,A,A,A,A,A,A
21536,A,A,A,A,A,A,A,A,A,A
21537,A,A,A,A,A,A,A,A,A,A
21538,A,A,A,A,A,A,A,A,A,A
21539,A,A,A,A,A,A,A,A,A,A
21540,A,A,A,A,A,A,A,A,A,A
21541,A,A,A,A,A,A,A,A,A,A
21542,A,A,A,A,A,A,A,A,A,A
21543,A,A,A,A,A,A,A,A,A,A
21544,A,A,A,A,A,A,A,A,A,A
21545,A,A,A,A,A,A,A,A,A,A
21546,A,A,A,A,A,A,A,A,A,A
21547,A,A,A,A,A,A,A,A,A,A
21548,A,A,A,A,A,A,A,A,A,A
21549,A,A,A,A,A,A,A,A,A,A
21550,A,A,A,A,A,A,A,A,A,A
21551,A,A,A,A,A,A,A,A,A,A
21552,A,A,A,A,A,A,A,A,A,A
21553,A,A,A,A,A,A,A,A,A,A
21554,A,A,A,A,A,A,A,A,A,A
21555,A,A,A,A,A,A,A,A,A,A
21556,A,A,A,A,A,A,A,A,A,A
21557,A,A,A,A,A,A,A,A,A,A
21558,A,A,A,A,A,A,A,A,A,A
21559,A,A,A,A,A,A,A,A,A,A
21560,A,A,A,A,A,A,A,A,A,A
21561,A,A,A,A,A,A,A,A,A,A
21562,A,A,A,A,A,A,A,A,A,A
21563,A,A,A,A,A,A,A,A,A,A
21564,A,A,A,A,A,A,A,A,A,A
21565,A,A,A,A,A,A,A,A,A,A
21566,A,A,A,A,A,A,A,A,A,A
21567,A,A,A,A,A,A,A,A,A,A
21568,A,A,A,A,A,A,A,A,A,A
21569,A,A,A,A,A,A,A,A,A,A
21570,A,A,A,A,A,A,A,A,A,A
21571,A,A,A,A,A,A,A,A,A,A
21572,A,A,A,A,A,A,A,A,A,A
21573,A,A,A,A,A,A,A,A,A,A
21574,A,A,A,A,A,A,A,A,A,A
21575,A,A,A,A,A,A,A,A,A,A
21576,A,A,A,A,A,A,A,A,A,A
21577,A,A,A,A,A,A,A,A,A,A
21578,A,A,A,A,A,A,A,A,A,A
21579,A,A,A,A,A,A,A,A,A,A
21580,A,A,A,A,A,A,A,A,A,A
21581,A,A,A,A,A,A,A,A,A,A
21582,A,A,A,A,A,A,A,A,A,A
21583,A,A,A,A,A,A,A,A,A,A
21584,I,I,I,I,I,I,I,I,I,I
21585,A,A,A,A,A,A,A,A,A,A
21586,A,A,A,A,A,A,A,A,A,A
21587,A,A,A,A,A,A,A,A,A,A
21588,A,A,A,A,A,A,A,A,A,A
21589,A,A,A,A,A,A,A,A,A,A
21590,A,A,A,A,A,A,A,A,A,A
21591,A,A,A,A,A,A,A,A,A,A
21592,A,A,A,A,A,A,A,A,A,A
21593,A,A,A,A,A,A,A,A,A,A
21594,A,A,A,A,A,A,A,A,A,A
21595,A,A,A,A,A,A,A,A,A,A
21596,A,A,A,A,A,A,A,A,A,A
21597,A,A,A,A,A,A,A,A,A,A
21598,A,A,A,A,A,A,A,A,A,A
21599,A,A,A,A,A,A,A,A,A,A
21600,A,A,A,A,A,A,A,A,A,A
21601,A,A,A,A,A,A,A,A,A,A
21602,A,A,A,A,A,A,A,A,A,A
21603,A,A,A,A,A,A,A,A,A,A
21604,A,A,A,A,A,A,A,A,A,A
21605,A,A,A,A,A,A,A,A,A,A
21606,A,A,A,A,A,A,A,A,A,A
21607,A,A,A,A,A,A,A,A,A,A
21608,A,A,A,A,A,A,A,A,A,A
21609,A,A,A,A,A,A,A,A,A,A
21610,A,A,A,A,A,A,A,A,A,A
21611,A,A,A,A,A,A,A,A,A,A
21612,A,A,A,A,A,A,A,A,A,A
21613,A,A,A,A,A,A,A,A,A,A
21614,A,A,A,A,A,A,A,A,A,A
21615,A,A,A,A,A,A,A,A,A,A
21616,A,A,A,A,A,A,A,A,A,A
21617,A,A,A,A,A,A,A,A,A,A
21618,A,A,A,A,A,A,A,A,A,A
21619,A,A,A,A,A,A,A,A,A,A
21620,A,A,A,A,A,A,A,A,A,A
21621,A,A,A,A,A,A,A,A,A,A
21622,A,A,A,A,A,A,A,A,A,A
21623,A,A,A,A,A,A,A,A,A,A
21624,A,A,A,A,A,A,A,A,A,A
21625,A,A,A,A,A,A,A,A,A,A
21626,A,A,A,A,A,A,A,A,A,A
21627,A,A,A,A,A,A,A,A,A,A
21628,A,A,A,A,A,A,A,A,A,A
21629,A,A,A,A,A,A,A,A,A,A
21630,A,A,A,A,A,A,A,A,A,A
21631,A,A,A,A,A,A,A,A,A,A
21632,A,A,A,A,A,A,A,A,A,A
21633,A,A,A,A,A,A,A,A,A,A
21634,A,A,A,A,A,A,A,A,A,A
21635,A,A,A,A,A,A,A,A,A,A
21636,A,A,A,A,A,A,A,A,A,A
21637,A,A,A,A,A,A,A,A,A,A
21638,A,A,A,A,A,A,A,A,A,A
21639,A,A,A,A,A,A,A,A,A,A
21640,A,A,A,A,A,A,A,A,A,A
21641,A,A,A,A,A,A,A,A,A,A
21642,A,A,A,A,A,A,A,A,A,A
21643,A,A,A,A,A,A,A,A,A,A
21644,A,A,A,A,A,A,A,A,A,A
21645,A,A,A,A,A,A,A,A,A,A
21646,A,A,A,A,A,A,A,A,A,A
21647,A,A,A,A,A,A,A,A,A,A
21648,A,A,A,A,A,A,A,A,A,A
21649,A,A,A,A,A,A,A,A,A,A
21650,A,A,A,A,A,A,A,A,A,A
21651,A,A,A,A,A,A,A,A,A,A
21652,A,A,A,A,A,A,A,A,A,A
21653,A,A,A,A,A,A,A,A,A,A
21654,A,A,A,A,A,A,A,A,A,A
21655,I,I,I,I,I,I,I,I,I,I
21656,A,A,A,A,A,A,A,A,A,A
21657,A,A,A,A,A,A,A,A,A,A
21658,A,A,A,A,A,A,A,A,A,A
21659,A,A,A,A,A,A,A,A,A,A
21660,A,A,A,A,A,A,A,A,A,A
21661,A,A,A,A,A,A,A,A,A,A
21662,A,A,A,A,A,A,A,A,A,A
21663,A,A,A,A,A,A,A,A,A,A
21664,A,A,A,A,A,A,A,A,A,A
21665,A,A,A,A,A,A,A,A,A,A
21666,A,A,A,A,A,A,A,A,A,A
21667,A,A,A,A,A,A,A,A,A,A
21668,A,A,A,A,A,A,A,A,A,A
21669,A,A,A,A,A,A,A,A,A,A
21670,A,A,A,A,A,A,A,A,A,A
21671,A,A,A,A,A,A,A,A,A,A
21672,A,A,A,A,A,A,A,A,A,A
21673,A,A,A,A,A,A,A,A,A,A
21674,A,A,A,A,A,A,A,A,A,A
21675,A,A,A,A,A,A,A,A,A,A
21676,A,A,A,A,A,A,A,A,A,A
21677,A,A,A,A,A,A,A,A,A,A
21678,A,A,A,A,A,A,A,A,A,A
21679,A,A,A,A,A,A,A,A,A,A
21680,A,A,A,A,A,A,A,A,A,A
21681,A,A,A,A,A,A,A,A,A,A
21682,A,A,A,A,A,A,A,A,A,A
21683,A,A,A,A,A,A,A,A,A,A
21684,A,A,A,A,A,A,A,A,A,A
21685,A,A,A,A,A,A,A,A,A,A
21686,A,A,A,A,A,A,A,A,A,A
21687,A,A,A,A,A,A,A,A,A,A
21688,A,A,A,A,A,A,A,A,A,A
21689,A,A,A,A,A,A,A,A,A,A
21690,A,A,A,A,A,A,A,A,A,A
21691,A,A,A,A,A,A,A,A,A,A
21692,A,A,A,A,A,A,A,A,A,A
21693,A,A,A,A,A,A,A,A,A,A
21694,A,A,A,A,A,A,A,A,A,A
21695,A,A,A,A,A,A,A,A,A,A
21696,A,A,A,A,A,A,A,A,A,A
21697,A,A,A,A,A,A,A,A,A,A
21698,A,A,A,A,A,A,A,A,A,A
21699,A,A,A,A,A,A,A,A,A,A
21700,A,A,A,A,A,A,A,A,A,A
21701,A,A,A,A,A,A,A,A,A,A
21702,A,A,A,A,A,A,A,A,A,A
21703,A,A,A,A,A,A,A,A,A,A
21704,A,A,A,A,A,A,A,A,A,A
21705,A,A,A,A,A,A,A,A,A,A
21706,A,A,A,A,A,A,A,A,A,A
21707,A,A,A,A,A,A,A,A,A,A
21708,L,L,L,L,L,L,L,L,L,L
21709,A,A,A,A,A,A,A,A,A,A
21710,A,A,A,A,A,A,A,A,A,A
21711,A,A,A,A,A,A,A,A,A,A
21712,A,A,A,A,A,A,A,A,A,A
21713,A,A,A,A,A,A,A,A,A,A
21714,A,A,A,A,A,A,A,A,A,A
21715,A,A,A,A,A,A,A,A,A,A
21716,A,A,A,A,A,A,A,A,A,A
21717,A,A,A,A,A,A,A,A,A,A
21718,A,A,A,A,A,A,A,A,A,A
21719,A,A,A,A,A,A,A,A,A,A
21720,A,A,A,A,A,A,A,A,A,A
21721,L,L,L,L,L,L,L,L,L,L
21722,L,L,L,L,L,L,L,L,L,L
21723,H,H,H,H,H,H,H,H,H,H
21724,H,H,H,H,H,H,H,H,H,H
21725,H,H,H,H,H,H,H,H,H,H
21726,L,L,L,L,L,L,L,L,L,L
21727,L,L,L,L,L,L,L,L,L,L
21728,I,I,I,I,I,I,I,I,I,I
21729,A,A,A,A,A,A,A,A,A,A
21730,A,A,A,A,A,A,A,A,A,A
21731,A,A,A,A,A,A,A,A,A,A
21732,I,I,I,I,I,I,I,I,I,I
21733,A,A,A,A,A,A,A,A,A,A
21734,I,I,I,I,I,I,I,I,I,I
21735,A,A,A,A,A,A,A,A,A,A
21736,I,I,I,I,I,I,I,I,I,I
21737,A,A,A,A,A,A,A,A,A,A
21738,A,A,A,A,A,A,A,A,A,A
21739,A,A,A,A,A,A,A,A,A,A
21740,A,A,A,A,A,A,A,A,A,A
21741,A,A,A,A,A,A,A,A,A,A
21742,A,A,A,A,A,A,A,A,A,A
21743,A,A,A,A,A,A,A,A,A,A
21744,A,A,A,A,A,A,A,A,A,A
21745,A,A,A,A,A,A,A,A,A,A
21746,A,A,A,A,A,A,A,A,A,A
21747,A,A,A,A,A,A,A,A,A,A
21748,A,A,A,A,A,A,A,A,A,A
21749,A,A,A,A,A,A,A,A,A,A
21750,A,A,A,A,A,A,A,A,A,A
21751,A,A,A,A,A,A,A,A,A,A
21752,A,A,A,A,A,A,A,A,A,A
21753,A,A,A,A,A,A,A,A,A,A
21754,A,A,A,A,A,A,A,A,A,A
21755,A,A,A,A,A,A,A,A,A,A
21756,A,A,A,A,A,A,A,A,A,A
21757,A,A,A,A,A,A,A,A,A,A
21758,A,A,A,A,A,A,A,A,A,A
21759,A,A,A,A,A,A,A,A,A,A
21760,A,A,A,A,A,A,A,A,A,A
21761,A,A,A,A,A,A,A,A,A,A
21762,A,A,A,A,A,A,A,A,A,A
21763,A,A,A,A,A,A,A,A,A,A
21764,A,A,A,A,A,A,A,A,A,A
21765,A,A,A,A,A,A,A,A,A,A
21766,A,A,A,A,A,A,A,A,A,A
21767,A,A,A,A,A,A,A,A,A,A
21768,A,A,A,A,A,A,A,A,A,A
21769,A,A,A,A,A,A,A,A,A,A
21770,A,A,A,A,A,A,A,A,A,A
21771,A,A,A,A,A,A,A,A,A,A
21772,A,A,A,A,A,A,A,A,A,A
21773,A,A,A,A,A,A,A,A,A,A
21774,A,A,A,A,A,A,A,A,A,A
21775,A,A,A,A,A,A,A,A,A,A
21776,A,A,A,A,A,A,A,A,A,A
21777,A,A,A,A,A,A,A,A,A,A
21778,A,A,A,A,A,A,A,A,A,A
21779,A,A,A,A,A,A,A,A,A,A
21780,A,A,A,A,A,A,A,A,A,A
21781,A,A,A,A,A,A,A,A,A,A
21782,A,A,A,A,A,A,A,A,A,A
21783,A,A,A,A,A,A,A,A,A,A
21784,A,A,A,A,A,A,A,A,A,A
21785,A,A,A,A,A,A,A,A,A,A
21786,A,A,A,A,A,A,A,A,A,A
21787,A,A,A,A,A,A,A,A,A,A
21788,A,A,A,A,A,A,A,A,A,A
21789,A,A,A,A,A,A,A,A,A,A
21790,A,A,A,A,A,A,A,A,A,A
21791,A,A,A,A,A,A,A,A,A,A
21792,A,A,A,A,A,A,A,A,A,A
21793,A,A,A,A,A,A,A,A,A,A
21794,A,A,A,A,A,A,A,A,A,A
21795,A,A,A,A,A,A,A,A,A,A
21796,A,A,A,A,A,A,A,A,A,A
21797,A,A,A,A,A,A,A,A,A,A
21798,A,A,A,A,A,A,A,A,A,A
21799,A,A,A,A,A,A,A,A,A,A
21800,A,A,A,A,A,A,A,A,A,A
21801,A,A,A,A,A,A,A,A,A,A
21802,A,A,A,A,A,A,A,A,A,A
21803,A,A,A,A,A,A,A,A,A,A
21804,A,A,A,A,A,A,A,A,A,A
21805,A,A,A,A,A,A,A,A,A,A
21806,A,A,A,A,A,A,A,A,A,A
21807,A,A,A,A,A,A,A,A,A,A
21808,A,A,A,A,A,A,A,A,A,A
21809,A,A,A,A,A,A,A,A,A,A
21810,A,A,A,A,A,A,A,A,A,A
21811,A,A,A,A,A,A,A,A,A,A
21812,A,A,A,A,A,A,A,A,A,A
21813,A,A,A,A,A,A,A,A,A,A
21814,A,A,A,A,A,A,A,A,A,A
21815,A,A,A,A,A,A,A,A,A,A
21816,A,A,A,A,A,A,A,A,A,A
21817,A,A,A,A,A,A,A,A,A,A
21818,A,A,A,A,A,A,A,A,A,A
21819,A,A,A,A,A,A,A,A,A,A
21820,A,A,A,A,A,A,A,A,A,A
21821,A,A,A,A,A,A,A,A,A,A
21822,A,A,A,A,A,A,A,A,A,A
21823,A,A,A,A,A,A,A,A,A,A
21824,A,A,A,A,A,A,A,A,A,A
21825,A,A,A,A,A,A,A,A,A,A
21826,A,A,A,A,A,A,A,A,A,A
21827,A,A,A,A,A,A,A,A,A,A
21828,A,A,A,A,A,A,A,A,A,A
21829,A,A,A,A,A,A,A,A,A,A
21830,A,A,A,A,A,A,A,A,A,A
21831,A,A,A,A,A,A,A,A,A,A
21832,A,A,A,A,A,A,A,A,A,A
21833,A,A,A,A,A,A,A,A,A,A
21834,A,A,A,A,A,A,A,A,A,A
21835,A,A,A,A,A,A,A,A,A,A
21836,A,A,A,A,A,A,A,A,A,A
21837,A,A,A,A,A,A,A,A,A,A
21838,A,A,A,A,A,A,A,A,A,A
21839,A,A,A,A,A,A,A,A,A,A
21840,A,A,A,A,A,A,A,A,A,A
21841,A,A,A,A,A,A,A,A,A,A
21842,A,A,A,A,A,A,A,A,A,A
21843,A,A,A,A,A,A,A,A,A,A
21844,A,A,A,A,A,A,A,A,A,A
21845,A,A,A,A,A,A,A,A,A,A
21846,A,A,A,A,A,A,A,A,A,A
21847,A,A,A,A,A,A,A,A,A,A
21848,A,A,A,A,A,A,A,A,A,A
21849,A,A,A,A,A,A,A,A,A,A
21850,A,A,A,A,A,A,A,A,A,A
21851,A,A,A,A,A,A,A,A,A,A
21852,A,A,A,A,A,A,A,A,A,A
21853,A,A,A,A,A,A,A,A,A,A
21854,A,A,A,A,A,A,A,A,A,A
21855,A,A,A,A,A,A,A,A,A,A
21856,A,A,A,A,A,A,A,A,A,A
21857,A,A,A,A,A,A,A,A,A,A
21858,A,A,A,A,A,A,A,A,A,A
21859,A,A,A,A,A,A,A,A,A,A
21860,A,A,A,A,A,A,A,A,A,A
21861,A,A,A,A,A,A,A,A,A,A
21862,A,A,A,A,A,A,A,A,A,A
21863,A,A,A,A,A,A,A,A,A,A
21864,A,A,A,A,A,A,A,A,A,A
21865,A,A,A,A,A,A,A,A,A,A
21866,A,A,A,A,A,A,A,A,A,A
21867,A,A,A,A,A,A,A,A,A,A
21868,A,A,A,A,A,A,A,A,A,A
21869,A,A,A,A,A,A,A,A,A,A
21870,A,A,A,A,A,A,A,A,A,A
21871,A,A,A,A,A,A,A,A,A,A
21872,A,A,A,A,A,A,A,A,A,A
21873,A,A,A,A,A,A,A,A,A,A
21874,A,A,A,A,A,A,A,A,A,A
21875,A,A,A,A,A,A,A,A,A,A
21876,A,A,A,A,A,A,A,A,A,A
21877,A,A,A,A,A,A,A,A,A,A
21878,A,A,A,A,A,A,A,A,A,A
21879,I,I,I,I,I,I,I,I,I,I
21880,A,A,A,A,A,A,A,A,A,A
21881,L,L,L,L,L,L,L,L,L,L
21882,A,A,A,A,A,A,A,A,A,A
21883,A,A,A,A,A,A,A,A,A,A
21884,A,A,A,A,A,A,A,A,A,A
21885,A,A,A,A,A,A,A,A,A,A
21886,A,A,A,A,A,A,A,A,A,A
21887,A,A,A,A,A,A,A,A,A,A
21888,A,A,A,A,A,A,A,A,A,A
21889,A,A,A,A,A,A,A,A,A,A
21890,A,A,A,A,A,A,A,A,A,A
21891,A,A,A,A,A,A,A,A,A,A
21892,A,A,A,A,A,A,A,A,A,A
21893,A,A,A,A,A,A,A,A,A,A
21894,A,A,A,A,A,A,A,A,A,A
21895,A,A,A,A,A,A,A,A,A,A
21896,A,A,A,A,A,A,A,A,A,A
21897,A,A,A,A,A,A,A,A,A,A
21898,A,A,A,A,A,A,A,A,A,A
21899,A,A,A,A,A,A,A,A,A,A
21900,A,A,A,A,A,A,A,A,A,A
21901,A,A,A,A,A,A,A,A,A,A
21902,A,A,A,A,A,A,A,A,A,A
21903,A,A,A,A,A,A,A,A,A,A
21904,A,A,A,A,A,A,A,A,A,A
21905,A,A,A,A,A,A,A,A,A,A
21906,A,A,A,A,A,A,A,A,A,A
21907,A,A,A,A,A,A,A,A,A,A
21908,A,A,A,A,A,A,A,A,A,A
21909,A,A,A,A,A,A,A,A,A,A
21910,I,I,I,I,I,I,I,I,I,I
21911,A,A,A,A,A,A,A,A,A,A
21912,A,A,A,A,A,A,A,A,A,A
21913,A,A,A,A,A,A,A,A,A,A
21914,A,A,A,A,A,A,A,A,A,A
21915,A,A,A,A,A,A,A,A,A,A
21916,A,A,A,A,A,A,A,A,A,A
21917,A,A,A,A,A,A,A,A,A,A
21918,A,A,A,A,A,A,A,A,A,A
21919,A,A,A,A,A,A,A,A,A,A
21920,A,A,A,A,A,A,A,A,A,A
21921,A,A,A,A,A,A,A,A,A,A
21922,A,A,A,A,A,A,A,A,A,A
21923,A,A,A,A,A,A,A,A,A,A
21924,A,A,A,A,A,A,A,A,A,A
21925,A,A,A,A,A,A,A,A,A,A
21926,A,A,A,A,A,A,A,A,A,A
21927,A,A,A,A,A,A,A,A,A,A
21928,A,A,A,A,A,A,A,A,A,A
21929,A,A,A,A,A,A,A,A,A,A
21930,A,A,A,A,A,A,A,A,A,A
21931,A,A,A,A,A,A,A,A,A,A
21932,A,A,A,A,A,A,A,A,A,A
21933,A,A,A,A,A,A,A,A,A,A
21934,A,A,A,A,A,A,A,A,A,A
21935,A,A,A,A,A,A,A,A,A,A
21936,A,A,A,A,A,A,A,A,A,A
21937,A,A,A,A,A,A,A,A,A,A
21938,A,A,A,A,A,A,A,A,A,A
21939,A,A,A,A,A,A,A,A,A,A
21940,A,A,A,A,A,A,A,A,A,A
21941,A,A,A,A,A,A,A,A,A,A
21942,A,A,A,A,A,A,A,A,A,A
21943,A,A,A,A,A,A,A,A,A,A
21944,A,A,A,A,A,A,A,A,A,A
21945,A,A,A,A,A,A,A,A,A,A
21946,A,A,A,A,A,A,A,A,A,A
21947,A,A,A,A,A,A,A,A,A,A
21948,A,A,A,A,A,A,A,A,A,A
21949,A,A,A,A,A,A,A,A,A,A
21950,A,A,A,A,A,A,A,A,A,A
21951,A,A,A,A,A,A,A,A,A,A
21952,A,A,A,A,A,A,A,A,A,A
21953,A,A,A,A,A,A,A,A,A,A
21954,A,A,A,A,A,A,A,A,A,A
21955,A,A,A,A,A,A,A,A,A,A
21956,A,A,A,A,A,A,A,A,A,A
21957,A,A,A,A,A,A,A,A,A,A
21958,A,A,A,A,A,A,A,A,A,A
21959,A,A,A,A,A,A,A,A,A,A
21960,A,A,A,A,A,A,A,A,A,A
21961,A,A,A,A,A,A,A,A,A,A
21962,A,A,A,A,A,A,A,A,A,A
21963,A,A,A,A,A,A,A,A,A,A
21964,A,A,A,A,A,A,A,A,A,A
21965,A,A,A,A,A,A,A,A,A,A
21966,A,A,A,A,A,A,A,A,A,A
21967,A,A,A,A,A,A,A,A,A,A
21968,A,A,A,A,A,A,A,A,A,A
21969,A,A,A,A,A,A,A,A,A,A
21970,A,A,A,A,A,A,A,A,A,A
21971,A,A,A,A,A,A,A,A,A,A
21972,A,A,A,A,A,A,A,A,A,A
21973,A,A,A,A,A,A,A,A,A,A
21974,A,A,A,A,A,A,A,A,A,A
21975,A,A,A,A,A,A,A,A,A,A
21976,A,A,A,A,A,A,A,A,A,A
21977,A,A,A,A,A,A,A,A,A,A
21978,A,A,A,A,A,A,A,A,A,A
21979,A,A,A,A,A,A,A,A,A,A
21980,A,A,A,A,A,A,A,A,A,A
21981,A,A,A,A,A,A,A,A,A,A
21982,A,A,A,A,A,A,A,A,A,A
21983,A,A,A,A,A,A,A,A,A,A
21984,A,A,A,A,A,A,A,A,A,A
21985,A,A,A,A,A,A,A,A,A,A
21986,A,A,A,A,A,A,A,A,A,A
21987,A,A,A,A,A,A,A,A,A,A
21988,A,A,A,A,A,A,A,A,A,A
21989,A,A,A,A,A,A,A,A,A,A
21990,A,A,A,A,A,A,A,A,A,A
21991,I,I,I,I,I,I,I,I,I,I
21992,A,A,A,A,A,A,A,A,A,A
21993,A,A,A,A,A,A,A,A,A,A
21994,A,A,A,A,A,A,A,A,A,A
21995,A,A,A,A,A,A,A,A,A,A
21996,A,A,A,A,A,A,A,A,A,A
21997,A,A,A,A,A,A,A,A,A,A
21998,A,A,A,A,A,A,A,A,A,A
21999,A,A,A,A,A,A,A,A,A,A
22000,A,A,A,A,A,A,A,A,A,A
22001,A,A,A,A,A,A,A,A,A,A
22002,A,A,A,A,A,A,A,A,A,A
22003,A,A,A,A,A,A,A,A,A,A
22004,A,A,A,A,A,A,A,A,A,A
22005,A,A,A,A,A,A,A,A,A,A
22006,A,A,A,A,A,A,A,A,A,A
22007,A,A,A,A,A,A,A,A,A,A
22008,A,A,A,A,A,A,A,A,A,A
22009,A,A,A,A,A,A,A,A,A,A
22010,A,A,A,A,A,A,A,A,A,A
22011,A,A,A,A,A,A,A,A,A,A
22012,A,A,A,A,A,A,A,A,A,A
22013,A,A,A,A,A,A,A,A,A,A
22014,A,A,A,A,A,A,A,A,A,A
22015,A,A,A,A,A,A,A,A,A,A
22016,A,A,A,A,A,A,A,A,A,A
22017,A,A,A,A,A,A,A,A,A,A
22018,A,A,A,A,A,A,A,A,A,A
22019,A,A,A,A,A,A,A,A,A,A
22020,A,A,A,A,A,A,A,A,A,A
22021,A,A,A,A,A,A,A,A,A,A
22022,A,A,A,A,A,A,A,A,A,A
22023,A,A,A,A,A,A,A,A,A,A
22024,A,A,A,A,A,A,A,A,A,A
22025,A,A,A,A,A,A,A,A,A,A
22026,A,A,A,A,A,A,A,A,A,A
22027,A,A,A,A,A,A,A,A,A,A
22028,A,A,A,A,A,A,A,A,A,A
22029,A,A,A,A,A,A,A,A,A,A
22030,A,A,A,A,A,A,A,A,A,A
22031,A,A,A,A,A,A,A,A,A,A
22032,A,A,A,A,A,A,A,A,A,A
22033,A,A,A,A,A,A,A,A,A,A
22034,A,A,A,A,A,A,A,A,A,A
22035,A,A,A,A,A,A,A,A,A,A
22036,A,A,A,A,A,A,A,A,A,A
22037,A,A,A,A,A,A,A,A,A,A
22038,A,A,A,A,A,A,A,A,A,A
22039,A,A,A,A,A,A,A,A,A,A
22040,A,A,A,A,A,A,A,A,A,A
22041,A,A,A,A,A,A,A,A,A,A
22042,A,A,A,A,A,A,A,A,A,A
22043,A,A,A,A,A,A,A,A,A,A
22044,A,A,A,A,A,A,A,A,A,A
22045,A,A,A,A,A,A,A,A,A,A
22046,A,A,A,A,A,A,A,A,A,A
22047,A,A,A,A,A,A,A,A,A,A
22048,A,A,A,A,A,A,A,A,A,A
22049,A,A,A,A,A,A,A,A,A,A
22050,A,A,A,A,A,A,A,A,A,A
22051,A,A,A,A,A,A,A,A,A,A
22052,A,A,A,A,A,A,A,A,A,A
22053,A,A,A,A,A,A,A,A,A,A
22054,A,A,A,A,A,A,A,A,A,A
22055,A,A,A,A,A,A,A,A,A,A
22056,A,A,A,A,A,A,A,A,A,A
22057,A,A,A,A,A,A,A,A,A,A
22058,A,A,A,A,A,A,A,A,A,A
22059,A,A,A,A,A,A,A,A,A,A
22060,A,A,A,A,A,A,A,A,A,A
22061,A,A,A,A,A,A,A,A,A,A
22062,A,A,A,A,A,A,A,A,A,A
22063,A,A,A,A,A,A,A,A,A,A
22064,A,A,A,A,A,A,A,A,A,A
22065,A,A,A,A,A,A,A,A,A,A
22066,A,A,A,A,A,A,A,A,A,A
22067,A,A,A,A,A,A,A,A,A,A
22068,A,A,A,A,A,A,A,A,A,A
22069,A,A,A,A,A,A,A,A,A,A
22070,A,A,A,A,A,A,A,A,A,A
22071,A,A,A,A,A,A,A,A,A,A
22072,A,A,A,A,A,A,A,A,A,A
22073,A,A,A,A,A,A,A,A,A,A
22074,A,A,A,A,A,A,A,A,A,A
22075,A,A,A,A,A,A,A,A,A,A
22076,A,A,A,A,A,A,A,A,A,A
22077,A,A,A,A,A,A,A,A,A,A
22078,A,A,A,A,A,A,A,A,A,A
22079,A,A,A,A,A,A,A,A,A,A
22080,A,A,A,A,A,A,A,A,A,A
22081,A,A,A,A,A,A,A,A,A,A
22082,A,A,A,A,A,A,A,A,A,A
22083,A,A,A,A,A,A,A,A,A,A
22084,A,A,A,A,A,A,A,A,A,A
22085,A,A,A,A,A,A,A,A,A,A
22086,A,A,A,A,A,A,A,A,A,A
22087,A,A,A,A,A,A,A,A,A,A
22088,A,A,A,A,A,A,A,A,A,A
22089,A,A,A,A,A,A,A,A,A,A
22090,A,A,A,A,A,A,A,A,A,A
22091,A,A,A,A,A,A,A,A,A,A
22092,A,A,A,A,A,A,A,A,A,A
22093,A,A,A,A,A,A,A,A,A,A
22094,A,A,A,A,A,A,A,A,A,A
22095,A,A,A,A,A,A,A,A,A,A
22096,A,A,A,A,A,A,A,A,A,A
22097,A,A,A,A,A,A,A,A,A,A
22098,A,A,A,A,A,A,A,A,A,A
22099,A,A,A,A,A,A,A,A,A,A
22100,A,A,A,A,A,A,A,A,A,A
22101,A,A,A,A,A,A,A,A,A,A
22102,A,A,A,A,A,A,A,A,A,A
22103,A,A,A,A,A,A,A,A,A,A
22104,A,A,A,A,A,A,A,A,A,A
22105,A,A,A,A,A,A,A,A,A,A
22106,A,A,A,A,A,A,A,A,A,A
22107,A,A,A,A,A,A,A,A,A,A
22108,A,A,A,A,A,A,A,A,A,A
22109,A,A,A,A,A,A,A,A,A,A
22110,A,A,A,A,A,A,A,A,A,A
22111,A,A,A,A,A,A,A,A,A,A
22112,A,A,A,A,A,A,A,A,A,A
22113,A,A,A,A,A,A,A,A,A,A
22114,A,A,A,A,A,A,A,A,A,A
22115,A,A,A,A,A,A,A,A,A,A
22116,A,A,A,A,A,A,A,A,A,A
22117,A,A,A,A,A,A,A,A,A,A
22118,A,A,A,A,A,A,A,A,A,A
22119,A,A,A,A,A,A,A,A,A,A
22120,A,A,A,A,A,A,A,A,A,A
22121,A,A,A,A,A,A,A,A,A,A
22122,A,A,A,A,A,A,A,A,A,A
22123,A,A,A,A,A,A,A,A,A,A
22124,A,A,A,A,A,A,A,A,A,A
22125,A,A,A,A,A,A,A,A,A,A
22126,A,A,A,A,A,A,A,A,A,A
22127,A,A,A,A,A,A,A,A,A,A
22128,A,A,A,A,A,A,A,A,A,A
22129,A,A,A,A,A,A,A,A,A,A
22130,A,A,A,A,A,A,A,A,A,A
22131,A,A,A,A,A,A,A,A,A,A
22132,A,A,A,A,A,A,A,A,A,A
22133,A,A,A,A,A,A,A,A,A,A
22134,A,A,A,A,A,A,A,A,A,A
22135,L,L,L,L,L,L,L,L,L,L
22136,A,A,A,A,A,A,A,A,A,A
22137,L,L,L,L,L,L,L,L,L,L
22138,A,A,A,A,A,A,A,A,A,A
22139,L,L,L,L,L,L,L,L,L,L
22140,A,A,A,A,A,A,A,A,A,A
22141,L,L,L,L,L,L,L,L,L,L
22142,A,A,A,A,A,A,A,A,A,A
22143,A,A,A,A,A,A,A,A,A,A
22144,A,A,A,A,A,A,A,A,A,A
22145,A,A,A,A,A,A,A,A,A,A
22146,A,A,A,A,A,A,A,A,A,A
22147,A,A,A,A,A,A,A,A,A,A
22148,A,A,A,A,A,A,A,A,A,A
22149,A,A,A,A,A,A,A,A,A,A
22150,A,A,A,A,A,A,A,A,A,A
22151,A,A,A,A,A,A,A,A,A,A
22152,A,A,A,A,A,A,A,A,A,A
22153,A,A,A,A,A,A,A,A,A,A
22154,A,A,A,A,A,A,A,A,A,A
22155,A,A,A,A,A,A,A,A,A,A
22156,A,A,A,A,A,A,A,A,A,A
22157,A,A,A,A,A,A,A,A,A,A
22158,A,A,A,A,A,A,A,A,A,A
22159,A,A,A,A,A,A,A,A,A,A
22160,A,A,A,A,A,A,A,A,A,A
22161,A,A,A,A,A,A,A,A,A,A
22162,A,A,A,A,A,A,A,A,A,A
22163,A,A,A,A,A,A,A,A,A,A
22164,A,A,A,A,A,A,A,A,A,A
22165,A,A,A,A,A,A,A,A,A,A
22166,A,A,A,A,A,A,A,A,A,A
22167,A,A,A,A,A,A,A,A,A,A
22168,A,A,A,A,A,A,A,A,A,A
22169,A,A,A,A,A,A,A,A,A,A
22170,A,A,A,A,A,A,A,A,A,A
22171,A,A,A,A,A,A,A,A,A,A
22172,A,A,A,A,A,A,A,A,A,A
22173,A,A,A,A,A,A,A,A,A,A
22174,I,I,I,I,I,I,I,I,I,I
22175,A,A,A,A,A,A,A,A,A,A
22176,A,A,A,A,A,A,A,A,A,A
22177,A,A,A,A,A,A,A,A,A,A
22178,A,A,A,A,A,A,A,A,A,A
22179,A,A,A,A,A,A,A,A,A,A
22180,A,A,A,A,A,A,A,A,A,A
22181,A,A,A,A,A,A,A,A,A,A
22182,A,A,A,A,A,A,A,A,A,A
22183,A,A,A,A,A,A,A,A,A,A
22184,A,A,A,A,A,A,A,A,A,A
22185,A,A,A,A,A,A,A,A,A,A
22186,A,A,A,A,A,A,A,A,A,A
22187,A,A,A,A,A,A,A,A,A,A
22188,A,A,A,A,A,A,A,A,A,A
22189,A,A,A,A,A,A,A,A,A,A
22190,A,A,A,A,A,A,A,A,A,A
22191,A,A,A,A,A,A,A,A,A,A
22192,A,A,A,A,A,A,A,A,A,A
22193,A,A,A,A,A,A,A,A,A,A
22194,A,A,A,A,A,A,A,A,A,A
22195,A,A,A,A,A,A,A,A,A,A
22196,A,A,A,A,A,A,A,A,A,A
22197,A,A,A,A,A,A,A,A,A,A
22198,A,A,A,A,A,A,A,A,A,A
22199,I,#N/A,I,I,#N/A,I,#N/A,I,I,I
22200,I,I,I,I,I,I,I,I,I,I
22201,A,A,A,A,A,A,A,A,A,A
22202,I,I,I,I,I,I,I,I,I,I
22203,A,A,A,A,A,A,A,A,A,A
22204,A,A,A,A,A,A,A,A,A,A
22205,A,A,A,A,A,A,A,A,A,A
22206,A,A,A,A,A,A,A,A,A,A
22207,A,A,A,A,A,A,A,A,A,A
22208,A,A,A,A,A,A,A,A,A,A
22209,A,A,A,A,A,A,A,A,A,A
22210,A,A,A,A,A,A,A,A,A,A
22211,A,A,A,A,A,A,A,A,A,A
22212,A,A,A,A,A,A,A,A,A,A
22213,A,A,A,A,A,A,A,A,A,A
22214,A,A,A,A,A,A,A,A,A,A
22215,A,A,A,A,A,A,A,A,A,A
22216,A,A,A,A,A,A,A,A,A,A
22217,A,A,A,A,A,A,A,A,A,A
22218,A,A,A,A,A,A,A,A,A,A
22219,A,A,A,A,A,A,A,A,A,A
22220,A,A,A,A,A,A,A,A,A,A
22221,A,A,A,A,A,A,A,A,A,A
22222,A,A,A,A,A,A,A,A,A,A
22223,A,A,A,A,A,A,A,A,A,A
22224,A,A,A,A,A,A,A,A,A,A
22225,A,A,A,A,A,A,A,A,A,A
22226,A,A,A,A,A,A,A,A,A,A
22227,A,A,A,A,A,A,A,A,A,A
22228,A,A,A,A,A,A,A,A,A,A
22229,A,A,A,A,A,A,A,A,A,A
22230,A,A,A,A,A,A,A,A,A,A
22231,A,A,A,A,A,A,A,A,A,A
22232,A,A,A,A,A,A,A,A,A,A
22233,A,A,A,A,A,A,A,A,A,A
22234,A,A,A,A,A,A,A,A,A,A
22235,A,A,A,A,A,A,A,A,A,A
22236,A,A,A,A,A,A,A,A,A,A
22237,A,A,A,A,A,A,A,A,A,A
22238,A,A,A,A,A,A,A,A,A,A
22239,A,A,A,A,A,A,A,A,A,A
22240,A,A,A,A,A,A,A,A,A,A
22241,A,A,A,A,A,A,A,A,A,A
22242,A,A,A,A,A,A,A,A,A,A
22243,A,A,A,A,A,A,A,A,A,A
22244,A,A,A,A,A,A,A,A,A,A
22245,A,A,A,A,A,A,A,A,A,A
22246,A,A,A,A,A,A,A,A,A,A
22247,A,A,A,A,A,A,A,A,A,A
22248,A,A,A,A,A,A,A,A,A,A
22249,A,A,A,A,A,A,A,A,A,A
22250,A,A,A,A,A,A,A,A,A,A
22251,A,A,A,A,A,A,A,A,A,A
22252,A,A,A,A,A,A,A,A,A,A
22253,A,A,A,A,A,A,A,A,A,A
22254,A,A,A,A,A,A,A,A,A,A
22255,A,A,A,A,A,A,A,A,A,A
22256,A,A,A,A,A,A,A,A,A,A
22257,A,A,A,A,A,A,A,A,A,A
22258,A,A,A,A,A,A,A,A,A,A
22259,A,A,A,A,A,A,A,A,A,A
22260,A,A,A,A,A,A,A,A,A,A
22261,A,A,A,A,A,A,A,A,A,A
22262,A,A,A,A,A,A,A,A,A,A
22263,A,A,A,A,A,A,A,A,A,A
22264,A,A,A,A,A,A,A,A,A,A
22265,A,A,A,A,A,A,A,A,A,A
22266,A,A,A,A,A,A,A,A,A,A
22267,A,A,A,A,A,A,A,A,A,A
22268,A,A,A,A,A,A,A,A,A,A
22269,A,A,A,A,A,A,A,A,A,A
22270,A,A,A,A,A,A,A,A,A,A
22271,A,A,A,A,A,A,A,A,A,A
22272,A,A,A,A,A,A,A,A,A,A
22273,A,A,A,A,A,A,A,A,A,A
22274,A,A,A,A,A,A,A,A,A,A
22275,A,A,A,A,A,A,A,A,A,A
22276,A,A,A,A,A,A,A,A,A,A
22277,A,A,A,A,A,A,A,A,A,A
22278,A,A,A,A,A,A,A,A,A,A
22279,A,A,A,A,A,A,A,A,A,A
22280,A,A,A,A,A,A,A,A,A,A
22281,A,A,A,A,A,A,A,A,A,A
22282,A,A,A,A,A,A,A,A,A,A
22283,A,A,A,A,A,A,A,A,A,A
22284,A,A,A,A,A,A,A,A,A,A
22285,A,A,A,A,A,A,A,A,A,A
22286,A,A,A,A,A,A,A,A,A,A
22287,A,A,A,A,A,A,A,A,A,A
22288,A,A,A,A,A,A,A,A,A,A
22289,A,A,A,A,A,A,A,A,A,A
22290,A,A,A,A,A,A,A,A,A,A
22291,A,A,A,A,A,A,A,A,A,A
22292,A,A,A,A,A,A,A,A,A,A
22293,A,A,A,A,A,A,A,A,A,A
22294,A,A,A,A,A,A,A,A,A,A
22295,A,A,A,A,A,A,A,A,A,A
22296,A,A,A,A,A,A,A,A,A,A
22297,A,A,A,A,A,A,A,A,A,A
22298,A,A,A,A,A,A,A,A,A,A
22299,A,A,A,A,A,A,A,A,A,A
22300,A,A,A,A,A,A,A,A,A,A
22301,A,A,A,A,A,A,A,A,A,A
22302,A,A,A,A,A,A,A,A,A,A
22303,A,A,A,A,A,A,A,A,A,A
22304,A,A,A,A,A,A,A,A,A,A
22305,A,A,A,A,A,A,A,A,A,A
22306,A,A,A,A,A,A,A,A,A,A
22307,A,A,A,A,A,A,A,A,A,A
22308,A,A,A,A,A,A,A,A,A,A
22309,A,A,A,A,A,A,A,A,A,A
22310,A,A,A,A,A,A,A,A,A,A
22311,A,A,A,A,A,A,A,A,A,A
22312,A,A,A,A,A,A,A,A,A,A
22313,A,A,A,A,A,A,A,A,A,A
22314,A,A,A,A,A,A,A,A,A,A
22315,A,A,A,A,A,A,A,A,A,A
22316,A,A,A,A,A,A,A,A,A,A
22317,A,A,A,A,A,A,A,A,A,A
22318,A,A,A,A,A,A,A,A,A,A
22319,A,A,A,A,A,A,A,A,A,A
22320,A,A,A,A,A,A,A,A,A,A
22321,A,A,A,A,A,A,A,A,A,A
22322,A,A,A,A,A,A,A,A,A,A
22323,A,A,A,A,A,A,A,A,A,A
22324,A,A,A,A,A,A,A,A,A,A
22325,A,A,A,A,A,A,A,A,A,A
22326,A,A,A,A,A,A,A,A,A,A
22327,A,A,A,A,A,A,A,A,A,A
22328,A,A,A,A,A,A,A,A,A,A
22329,A,A,A,A,A,A,A,A,A,A
22330,A,A,A,A,A,A,A,A,A,A
22331,A,A,A,A,A,A,A,A,A,A
22332,A,A,A,A,A,A,A,A,A,A
22333,A,A,A,A,A,A,A,A,A,A
22334,A,A,A,A,A,A,A,A,A,A
22335,A,A,A,A,A,A,A,A,A,A
22336,A,A,A,A,A,A,A,A,A,A
22337,A,A,A,A,A,A,A,A,A,A
22338,L,L,L,L,L,L,L,L,L,L
22342,B,B,B,B,B,B,B,B,B,B
22343,B,B,B,B,B,B,B,B,B,B
22344,B,B,B,B,B,B,B,B,B,B
22345,B,B,B,B,B,B,B,B,B,B
22346,B,B,B,B,B,B,B,B,B,B
22347,B,B,B,B,B,B,B,B,B,B
22348,B,B,B,B,B,B,B,B,B,B
22349,B,B,B,B,B,B,B,B,B,B
22350,B,B,B,B,B,B,B,B,B,B
22351,B,B,B,B,B,B,B,B,B,B
22352,B,B,B,B,B,B,B,B,B,B
22353,B,B,B,B,B,B,B,B,B,B
22354,B,B,B,B,B,B,B,B,B,B
22355,B,B,B,B,B,B,B,B,B,B
22356,B,B,B,B,B,B,B,B,B,B
22357,B,B,B,B,B,B,B,B,B,B
22358,B,B,B,B,B,B,B,B,B,B
22359,B,B,B,B,B,B,B,B,B,B
22360,B,B,B,B,B,B,B,B,B,B
22361,B,B,B,B,B,B,B,B,B,B
22362,B,B,B,B,B,B,B,B,B,B
22363,B,B,B,B,B,B,B,B,B,B
22364,B,B,B,B,B,B,B,B,B,B
22365,B,B,B,B,B,B,B,B,B,B
22366,B,B,B,B,B,B,B,B,B,B
22367,B,B,B,B,B,B,B,B,B,B
22368,B,B,B,B,B,B,B,B,B,B
22369,B,B,B,B,B,B,B,B,B,B
22370,B,B,B,B,B,B,B,B,B,B
22371,B,B,B,B,B,B,B,B,B,B
22372,B,B,B,B,B,B,B,B,B,B
22373,B,B,B,B,B,B,B,B,B,B
22374,B,B,B,B,B,B,B,B,B,B
22375,B,B,B,B,B,B,B,B,B,B
22376,B,B,B,B,B,B,B,B,B,B
22377,B,B,B,B,B,B,B,B,B,B
22378,B,B,B,B,B,B,B,B,B,B
22379,B,B,B,B,B,B,B,B,B,B
22380,B,B,B,B,B,B,B,B,B,B
22381,B,B,B,B,B,B,B,B,B,B
22382,B,B,B,B,B,B,B,B,B,B
22383,B,B,B,B,B,B,B,B,B,B
22384,B,B,B,B,B,B,B,B,B,B
22385,B,B,B,B,B,B,B,B,B,B
22386,B,B,B,B,B,B,B,B,B,B
22387,B,B,B,B,B,B,B,B,B,B
22388,B,B,B,B,B,B,B,B,B,B
22389,B,B,B,B,B,B,B,B,B,B
22390,B,B,B,B,B,B,B,B,B,B
22391,B,B,B,B,B,B,B,B,B,B
22392,B,B,B,B,B,B,B,B,B,B
22393,B,B,B,B,B,B,B,B,B,B
22394,B,B,B,B,B,B,B,B,B,B
22395,B,B,B,B,B,B,B,B,B,B
22396,B,B,B,B,B,B,B,B,B,B
22397,B,B,B,B,B,B,B,B,B,B
22398,B,B,B,B,B,B,B,B,B,B
22399,B,B,B,B,B,B,B,B,B,B
22402,A,A,A,A,A,A,A,A,A,A
22403,A,A,A,A,A,A,A,A,A,A
22404,A,A,A,A,A,A,A,A,A,A
22405,A,A,A,A,A,A,A,A,A,A
22406,A,A,A,A,A,A,A,A,A,A
22407,A,A,A,A,A,A,A,A,A,A
22408,A,A,A,A,A,A,A,A,A,A
22409,A,A,A,A,A,A,A,A,A,A
22410,A,A,A,A,A,A,A,A,A,A
22411,A,A,A,A,A,A,A,A,A,A
22412,A,A,A,A,A,A,A,A,A,A
22413,A,A,A,A,A,A,A,A,A,A
22414,A,A,A,A,A,A,A,A,A,A
22415,A,A,A,A,A,A,A,A,A,A
22416,A,A,A,A,A,A,A,A,A,A
22417,A,A,A,A,A,A,A,A,A,A
22418,A,A,A,A,A,A,A,A,A,A
22419,A,A,A,A,A,A,A,A,A,A
22420,A,A,A,A,A,A,A,A,A,A
22421,A,A,A,A,A,A,A,A,A,A
22422,A,A,A,A,A,A,A,A,A,A
22423,A,A,A,A,A,A,A,A,A,A
22424,A,A,A,A,A,A,A,A,A,A
22425,A,A,A,A,A,A,A,A,A,A
22426,A,A,A,A,A,A,A,A,A,A
22428,A,A,A,A,A,A,A,A,A,A
22429,A,A,A,A,A,A,A,A,A,A
22430,A,A,A,A,A,A,A,A,A,A
22431,A,A,A,A,A,A,A,A,A,A
22432,A,A,A,A,A,A,A,A,A,A
22433,A,A,A,A,A,A,A,A,A,A
22434,A,A,A,A,A,A,A,A,A,A
22435,A,A,A,A,A,A,A,A,A,A
22436,A,A,A,A,A,A,A,A,A,A
22437,A,A,A,A,A,A,A,A,A,A
22438,A,A,A,A,A,A,A,A,A,A
22439,A,A,A,A,A,A,A,A,A,A
22440,A,A,A,A,A,A,A,A,A,A
22441,A,A,A,A,A,A,A,A,A,A
22442,A,A,A,A,A,A,A,A,A,A
22443,A,A,A,A,A,A,A,A,A,A
22444,A,A,A,A,A,A,A,A,A,A
22445,A,A,A,A,A,A,A,A,A,A
22446,A,A,A,A,A,A,A,A,A,A
22447,A,A,A,A,A,A,A,A,A,A
22448,A,A,A,A,A,A,A,A,A,A
22449,A,A,A,A,A,A,A,A,A,A
22450,A,A,A,A,A,A,A,A,A,A
22451,A,A,A,A,A,A,A,A,A,A
22452,A,A,A,A,A,A,A,A,A,A
22453,A,A,A,A,A,A,A,A,A,A
22454,A,A,A,A,A,A,A,A,A,A
22455,A,A,A,A,A,A,A,A,A,A
22456,A,A,A,A,A,A,A,A,A,A
22457,A,A,A,A,A,A,A,A,A,A
22458,A,A,A,A,A,A,A,A,A,A
22459,A,A,A,A,A,A,A,A,A,A
22460,A,A,A,A,A,A,A,A,A,A
22461,A,A,A,A,A,A,A,A,A,A
22462,A,A,A,A,A,A,A,A,A,A
22463,A,A,A,A,A,A,A,A,A,A
22464,A,A,A,A,A,A,A,A,A,A
22465,A,A,A,A,A,A,A,A,A,A
22466,A,A,A,A,A,A,A,A,A,A
22467,A,A,A,A,A,A,A,A,A,A
22468,A,A,A,A,A,A,A,A,A,A
22469,A,A,A,A,A,A,A,A,A,A
22470,A,A,A,A,A,A,A,A,A,A
22471,A,A,A,A,A,A,A,A,A,A
22472,A,A,A,A,A,A,A,A,A,A
22473,A,A,A,A,A,A,A,A,A,A
22474,A,A,A,A,A,A,A,A,A,A
22475,A,A,A,A,A,A,A,A,A,A
22476,A,A,A,A,A,A,A,A,A,A
22477,A,A,A,A,A,A,A,A,A,A
22478,A,A,A,A,A,A,A,A,A,A
22479,I,I,I,I,I,I,I,I,I,I
22480,A,A,A,A,A,A,A,A,A,A
22481,A,A,A,A,A,A,A,A,A,A
22482,A,A,A,A,A,A,A,A,A,A
22483,A,A,A,A,A,A,A,A,A,A
22484,A,A,A,A,A,A,A,A,A,A
22485,A,A,A,A,A,A,A,A,A,A
22486,A,A,A,A,A,A,A,A,A,A
22487,A,A,A,A,A,A,A,A,A,A
22488,A,A,A,A,A,A,A,A,A,A
22489,A,A,A,A,A,A,A,A,A,A
22490,A,A,A,A,A,A,A,A,A,A
22491,I,I,I,I,I,I,I,I,I,I
22492,A,A,A,A,A,A,A,A,A,A
22493,A,A,A,A,A,A,A,A,A,A
22494,A,A,A,A,A,A,A,A,A,A
22495,A,A,A,A,A,A,A,A,A,A
22496,A,A,A,A,A,A,A,A,A,A
22497,A,A,A,A,A,A,A,A,A,A
22498,A,A,A,A,A,A,A,A,A,A
22499,A,A,A,A,A,A,A,A,A,A
22500,A,A,A,A,A,A,A,A,A,A
22501,A,A,A,A,A,A,A,A,A,A
22502,A,A,A,A,A,A,A,A,A,A
22503,A,A,A,A,A,A,A,A,A,A
22504,A,A,A,A,A,A,A,A,A,A
22505,A,A,A,A,A,A,A,A,A,A
22506,A,A,A,A,A,A,A,A,A,A
22507,A,A,A,A,A,A,A,A,A,A
22508,A,A,A,A,A,A,A,A,A,A
22509,A,A,A,A,A,A,A,A,A,A
22510,A,A,A,A,A,A,A,A,A,A
22511,A,A,A,A,A,A,A,A,A,A
22512,A,A,A,A,A,A,A,A,A,A
22513,A,A,A,A,A,A,A,A,A,A
22514,A,A,A,A,A,A,A,A,A,A
22515,A,A,A,A,A,A,A,A,A,A
22516,A,A,A,A,A,A,A,A,A,A
22517,A,A,A,A,A,A,A,A,A,A
22518,A,A,A,A,A,A,A,A,A,A
22519,A,A,A,A,A,A,A,A,A,A
22520,A,A,A,A,A,A,A,A,A,A
22521,A,A,A,A,A,A,A,A,A,A
22522,A,A,A,A,A,A,A,A,A,A
22524,A,A,A,A,A,A,A,A,A,A
22525,A,A,A,A,A,A,A,A,A,A
22526,A,A,A,A,A,A,A,A,A,A
22527,A,A,A,A,A,A,A,A,A,A
22528,A,A,A,A,A,A,A,A,A,A
22529,A,A,A,A,A,A,A,A,A,A
22530,A,A,A,A,A,A,A,A,A,A
22531,A,A,A,A,A,A,A,A,A,A
22532,A,A,A,A,A,A,A,A,A,A
22533,A,A,A,A,A,A,A,A,A,A
22534,A,A,A,A,A,A,A,A,A,A
22535,A,A,A,A,A,A,A,A,A,A
22536,A,A,A,A,A,A,A,A,A,A
22537,A,A,A,A,A,A,A,A,A,A
22538,A,A,A,A,A,A,A,A,A,A
22539,A,A,A,A,A,A,A,A,A,A
22540,A,A,A,A,A,A,A,A,A,A
22541,A,A,A,A,A,A,A,A,A,A
22542,A,A,A,A,A,A,A,A,A,A
22543,A,A,A,A,A,A,A,A,A,A
22544,A,A,A,A,A,A,A,A,A,A
22545,A,A,A,A,A,A,A,A,A,A
22546,A,A,A,A,A,A,A,A,A,A
22547,A,A,A,A,A,A,A,A,A,A
22548,A,A,A,A,A,A,A,A,A,A
22549,A,A,A,A,A,A,A,A,A,A
22550,A,A,A,A,A,A,A,A,A,A
22551,A,A,A,A,A,A,A,A,A,A
22552,A,A,A,A,A,A,A,A,A,A
22553,A,A,A,A,A,A,A,A,A,A
22554,A,A,A,A,A,A,A,A,A,A
22555,A,A,A,A,A,A,A,A,A,A
22557,H,H,H,H,H,H,H,H,H,H
22558,H,H,H,H,H,H,H,H,H,H
22559,A,A,A,A,A,A,A,A,A,A
22560,A,A,A,A,A,A,A,A,A,A
22561,A,A,A,A,A,A,A,A,A,A
22562,A,A,A,A,A,A,A,A,A,A
22563,A,A,A,A,A,A,A,A,A,A
22564,A,A,A,A,A,A,A,A,A,A
22565,A,A,A,A,A,A,A,A,A,A
22566,A,A,A,A,A,A,A,A,A,A
22567,A,A,A,A,A,A,A,A,A,A
22568,A,A,A,A,A,A,A,A,A,A
22569,A,A,A,A,A,A,A,A,A,A
22570,A,A,A,A,A,A,A,A,A,A
22571,A,A,A,A,A,A,A,A,A,A
22572,A,A,A,A,A,A,A,A,A,A
22573,A,A,A,A,A,A,A,A,A,A
22574,A,A,A,A,A,A,A,A,A,A
22575,A,A,A,A,A,A,A,A,A,A
22576,A,A,A,A,A,A,A,A,A,A
22577,A,A,A,A,A,A,A,A,A,A
22578,A,A,A,A,A,A,A,A,A,A
22579,A,A,A,A,A,A,A,A,A,A
22580,A,A,A,A,A,A,A,A,A,A
22581,A,A,A,A,A,A,A,A,A,A
22582,A,A,A,A,A,A,A,A,A,A
22583,A,A,A,A,A,A,A,A,A,A
22584,A,A,A,A,A,A,A,A,A,A
22585,A,A,A,A,A,A,A,A,A,A
22586,A,A,A,A,A,A,A,A,A,A
22587,A,A,A,A,A,A,A,A,A,A
22588,A,A,A,A,A,A,A,A,A,A
22589,A,A,A,A,A,A,A,A,A,A
22590,A,A,A,A,A,A,A,A,A,A
22591,A,A,A,A,A,A,A,A,A,A
22592,A,A,A,A,A,A,A,A,A,A
22593,A,A,A,A,A,A,A,A,A,A
22594,A,A,A,A,A,A,A,A,A,A
22595,A,A,A,A,A,A,A,A,A,A
22596,A,A,A,A,A,A,A,A,A,A
22597,A,A,A,A,A,A,A,A,A,A
22598,A,A,A,A,A,A,A,A,A,A
22599,A,A,A,A,A,A,A,A,A,A
22601,A,A,A,A,A,A,A,A,A,A
22602,A,A,A,A,A,A,A,A,A,A
22603,I,I,I,I,I,I,I,I,I,I
22605,A,A,A,A,A,A,A,A,A,A
22606,I,I,I,I,I,I,I,I,I,I
22607,A,A,A,A,A,A,A,A,A,A
22608,A,A,A,A,A,A,A,A,A,A
22609,A,A,A,A,A,A,A,A,A,A
22610,A,A,A,A,A,A,A,A,A,A
22611,A,A,A,A,A,A,A,A,A,A
22612,A,A,A,A,A,A,A,A,A,A
22613,A,A,A,A,A,A,A,A,A,A
22614,A,A,A,A,A,A,A,A,A,A
22615,A,A,A,A,A,A,A,A,A,A
22616,A,A,A,A,A,A,A,A,A,A
22617,A,A,A,A,A,A,A,A,A,A
22618,A,A,A,A,A,A,A,A,A,A
22619,A,A,A,A,A,A,A,A,A,A
22620,A,A,A,A,A,A,A,A,A,A
22621,A,A,A,A,A,A,A,A,A,A
22622,A,A,A,A,A,A,A,A,A,A
22623,A,A,A,A,A,A,A,A,A,A
22624,A,A,A,A,A,A,A,A,A,A
22625,A,A,A,A,A,A,A,A,A,A
22626,A,A,A,A,A,A,A,A,A,A
22627,A,A,A,A,A,A,A,A,A,A
22628,A,A,A,A,A,A,A,A,A,A
22629,A,A,A,A,A,A,A,A,A,A
22630,A,A,A,A,A,A,A,A,A,A
22631,A,A,A,A,A,A,A,A,A,A
22632,A,A,A,A,A,A,A,A,A,A
22633,A,A,A,A,A,A,A,A,A,A
22634,A,A,A,A,A,A,A,A,A,A
22635,A,A,A,A,A,A,A,A,A,A
22636,A,A,A,A,A,A,A,A,A,A
22637,A,A,A,A,A,A,A,A,A,A
22638,A,A,A,A,A,A,A,A,A,A
22639,A,A,A,A,A,A,A,A,A,A
22640,A,A,A,A,A,A,A,A,A,A
22641,A,A,A,A,A,A,A,A,A,A
22642,A,A,A,A,A,A,A,A,A,A
22643,A,A,A,A,A,A,A,A,A,A
22644,A,A,A,A,A,A,A,A,A,A
22645,A,A,A,A,A,A,A,A,A,A
22646,A,A,A,A,A,A,A,A,A,A
22647,A,A,A,A,A,A,A,A,A,A
22648,A,A,A,A,A,A,A,A,A,A
22649,A,A,A,A,A,A,A,A,A,A
22650,A,A,A,A,A,A,A,A,A,A
22651,A,A,A,A,A,A,A,A,A,A
22652,I,I,I,I,I,I,I,I,I,I
22653,A,A,A,A,A,A,A,A,A,A
22654,A,A,A,A,A,A,A,A,A,A
22655,A,A,A,A,A,A,A,A,A,A
22656,I,I,I,I,I,I,I,I,I,I
22657,A,A,A,A,A,A,A,A,A,A
22658,A,A,A,A,A,A,A,A,A,A
22659,A,A,A,A,A,A,A,A,A,A
22660,A,A,A,A,A,A,A,A,A,A
22661,A,A,A,A,A,A,A,A,A,A
22662,A,A,A,A,A,A,A,A,A,A
22663,A,A,A,A,A,A,A,A,A,A
22664,A,A,A,A,A,A,A,A,A,A
22665,A,A,A,A,A,A,A,A,A,A
22666,D,D,D,D,D,D,D,D,D,D
22667,A,A,A,A,A,A,A,A,A,A
22668,A,A,A,A,A,A,A,A,A,A
22669,A,A,A,A,A,A,A,A,A,A
22670,A,A,A,A,A,A,A,A,A,A
22671,A,A,A,A,A,A,A,A,A,A
22672,A,A,A,A,A,A,A,A,A,A
22673,A,A,A,A,A,A,A,A,A,A
22674,A,A,A,A,A,A,A,A,A,A
22675,A,A,A,A,A,A,A,A,A,A
22676,A,A,A,A,A,A,A,A,A,A
22677,A,A,A,A,A,A,A,A,A,A
22678,A,A,A,A,A,A,A,A,A,A
22679,A,A,A,A,A,A,A,A,A,A
22680,A,A,A,A,A,A,A,A,A,A
22681,A,A,A,A,A,A,A,A,A,A
22682,A,A,A,A,A,A,A,A,A,A
22683,A,A,A,A,A,A,A,A,A,A
22684,A,A,A,A,A,A,A,A,A,A
22685,A,A,A,A,A,A,A,A,A,A
22686,A,A,A,A,A,A,A,A,A,A
22687,A,A,A,A,A,A,A,A,A,A
22688,A,A,A,A,A,A,A,A,A,A
22689,A,A,A,A,A,A,A,A,A,A
22690,A,A,A,A,A,A,A,A,A,A
22691,A,A,A,A,A,A,A,A,A,A
22692,A,A,A,A,A,A,A,A,A,A
22693,B,B,B,B,B,B,B,B,B,B
22694,B,B,B,B,B,B,B,B,B,B
22695,B,B,B,B,B,B,B,B,B,B
22696,B,B,B,B,B,B,B,B,B,B
22697,B,B,B,B,B,B,B,B,B,B
22698,B,B,B,B,B,B,B,B,B,B
22699,B,B,B,B,B,B,B,B,B,B
22700,B,B,B,B,B,B,B,B,B,B
22701,B,B,B,B,B,B,B,B,B,B
22702,B,B,B,B,B,B,B,B,B,B
22703,B,B,B,B,B,B,B,B,B,B
22704,B,B,B,B,B,B,B,B,B,B
22705,B,B,B,B,B,B,B,B,B,B
22706,B,B,B,B,B,B,B,B,B,B
22707,B,B,B,B,B,B,B,B,B,B
22708,B,B,B,B,B,B,B,B,B,B
22709,B,B,B,B,B,B,B,B,B,B
22710,B,B,B,B,B,B,B,B,B,B
22711,B,B,B,B,B,B,B,B,B,B
22712,B,B,B,B,B,B,B,B,B,B
22713,B,B,B,B,B,B,B,B,B,B
22714,B,B,B,B,B,B,B,B,B,B
22715,B,B,B,B,B,B,B,B,B,B
22716,B,B,B,B,B,B,B,B,B,B
22717,B,B,B,B,B,B,B,B,B,B
22718,B,B,B,B,B,B,B,B,B,B
22719,B,B,B,B,B,B,B,B,B,B
22720,B,B,B,B,B,B,B,B,B,B
22721,B,B,B,B,B,B,B,B,B,B
22722,B,B,B,B,B,B,B,B,B,B
22723,B,B,B,B,B,B,B,B,B,B
22724,B,B,B,B,B,B,B,B,B,B
22725,B,B,B,B,B,B,B,B,B,B
22726,B,B,B,B,B,B,B,B,B,B
22727,B,B,B,B,B,B,B,B,B,B
22728,I,I,I,I,I,I,I,I,I,I
22729,B,B,B,B,B,B,B,B,B,B
22730,B,B,B,B,B,B,B,B,B,B
22733,B,B,B,B,B,B,B,B,B,B
22734,B,B,B,B,B,B,B,B,B,B
22735,B,B,B,B,B,B,B,B,B,B
22736,B,B,B,B,B,B,B,B,B,B
22737,B,B,B,B,B,B,B,B,B,B
22738,B,B,B,B,B,B,B,B,B,B
22739,B,B,B,B,B,B,B,B,B,B
22740,B,B,B,B,B,B,B,B,B,B
22741,A,A,A,A,A,A,A,A,A,A
22742,A,A,A,A,A,A,A,A,A,A
22743,A,A,A,A,A,A,A,A,A,A
22744,A,A,A,A,A,A,A,A,A,A
22745,A,A,A,A,A,A,A,A,A,A
22746,A,A,A,A,A,A,A,A,A,A
22747,A,A,A,A,A,A,A,A,A,A
22748,A,A,A,A,A,A,A,A,A,A
22749,A,A,A,A,A,A,A,A,A,A
22750,A,A,A,A,A,A,A,A,A,A
22751,A,A,A,A,A,A,A,A,A,A
22752,I,I,I,I,I,I,I,I,I,I
22753,A,A,A,A,A,A,A,A,A,A
22754,A,A,A,A,A,A,A,A,A,A
22755,A,A,A,A,A,A,A,A,A,A
22756,E,E,E,E,E,E,E,E,E,E
22757,D,D,D,D,D,D,D,D,D,D
22758,D,D,D,D,D,D,D,D,D,D
22759,D,D,D,D,D,D,D,D,D,D
22760,D,D,D,D,D,D,D,D,D,D
22761,D,D,D,D,D,D,D,D,D,D
22762,D,D,D,D,D,D,D,D,D,D
22763,A,A,A,A,A,A,A,A,A,A
22764,A,A,A,A,A,A,A,A,A,A
22765,A,A,A,A,A,A,A,A,A,A
22766,A,A,A,A,A,A,A,A,A,A
22767,A,A,A,A,A,A,A,A,A,A
22768,A,A,A,A,A,A,A,A,A,A
22769,A,A,A,A,A,A,A,A,A,A
22770,A,A,A,A,A,A,A,A,A,A
22771,A,A,A,A,A,A,A,A,A,A
22772,A,A,A,A,A,A,A,A,A,A
22773,A,A,A,A,A,A,A,A,A,A
22774,A,A,A,A,A,A,A,A,A,A
22775,A,A,A,A,A,A,A,A,A,A
22776,A,A,A,A,A,A,A,A,A,A
22777,A,A,A,A,A,A,A,A,A,A
22778,A,A,A,A,A,A,A,A,A,A
22779,A,A,A,A,A,A,A,A,A,A
22780,A,A,A,A,A,A,A,A,A,A
22781,A,A,A,A,A,A,A,A,A,A
22782,A,A,A,A,A,A,A,A,A,A
22783,A,A,A,A,A,A,A,A,A,A
22784,A,A,A,A,A,A,A,A,A,A
22785,A,A,A,A,A,A,A,A,A,A
22786,A,A,A,A,A,A,A,A,A,A
22787,A,A,A,A,A,A,A,A,A,A
22788,A,A,A,A,A,A,A,A,A,A
22789,A,A,A,A,A,A,A,A,A,A
22790,A,A,A,A,A,A,A,A,A,A
22791,A,A,A,A,A,A,A,A,A,A
22792,I,I,I,I,I,I,I,I,I,I
22793,I,I,I,I,I,I,I,I,I,I
22794,I,I,I,I,I,I,I,I,I,I
22795,N,N,N,N,N,N,N,N,I,I
22796,A,A,A,A,A,A,A,A,A,A
22797,A,A,A,A,A,A,A,A,A,A
22798,A,A,A,A,A,A,A,A,A,A
22799,A,A,A,A,A,A,A,A,A,A
22800,A,A,A,A,A,A,A,A,A,A
22801,A,A,A,A,A,A,A,A,A,A
22802,A,A,A,A,A,A,A,A,A,A
22803,I,I,I,I,I,I,I,I,I,I
22804,I,I,I,I,I,I,I,I,I,I
22805,I,I,I,I,I,I,I,I,I,I
22806,A,A,A,A,A,A,A,A,A,A
22807,A,A,A,A,A,A,A,A,A,A
22808,A,A,A,A,A,A,A,A,A,A
22809,A,A,A,A,A,A,A,A,A,A
22810,A,A,A,A,A,A,A,A,A,A
22811,A,A,A,A,A,A,A,A,A,A
22812,A,A,A,A,A,A,A,A,A,A
22813,A,A,A,A,A,A,A,A,A,A
22814,A,A,A,A,A,A,A,A,A,A
22815,A,A,A,A,A,A,A,A,A,A
22816,A,A,A,A,A,A,A,A,A,A
22817,A,A,A,A,A,A,A,A,A,A
22818,A,A,A,A,A,A,A,A,A,A
22819,A,A,A,A,A,A,A,A,A,A
22820,A,A,A,A,A,A,A,A,A,A
22821,A,A,A,A,A,A,A,A,A,A
22822,A,A,A,A,A,A,A,A,A,A
22823,A,A,A,A,A,A,A,A,A,A
22824,A,A,A,A,A,A,A,A,A,A
22825,A,A,A,A,A,A,A,A,A,A
22826,A,A,A,A,A,A,A,A,A,A
22827,A,A,A,A,A,A,A,A,A,A
22828,A,A,A,A,A,A,A,A,A,A
22829,A,A,A,A,A,A,A,A,A,A
22830,A,A,A,A,A,A,A,A,A,A
22831,A,A,A,A,A,A,A,A,A,A
22832,A,A,A,A,A,A,A,A,A,A
22833,A,A,A,A,A,A,A,A,A,A
22834,A,A,A,A,A,A,A,A,A,A
22835,A,A,A,A,A,A,A,A,A,A
22836,A,A,A,A,A,A,A,A,A,A
22837,A,A,A,A,A,A,A,A,A,A
22838,A,A,A,A,A,A,A,A,A,A
22839,A,A,A,A,A,A,A,A,A,A
22840,A,A,A,A,A,A,A,A,A,A
22841,A,A,A,A,A,A,A,A,A,A
22842,A,A,A,A,A,A,A,A,A,A
22843,A,A,A,A,A,A,A,A,A,A
22844,A,A,A,A,A,A,A,A,A,A
22845,A,A,A,A,A,A,A,A,A,A
22846,A,A,A,A,A,A,A,A,A,A
22847,A,A,A,A,A,A,A,A,A,A
22848,A,A,A,A,A,A,A,A,A,A
22849,A,A,A,A,A,A,A,A,A,A
22850,A,A,A,A,A,A,A,A,A,A
22851,I,I,I,I,I,I,I,I,I,I
22852,I,I,I,I,I,I,I,I,I,I
22853,D,D,D,D,D,D,D,D,D,D
22854,D,D,D,D,D,D,D,D,D,D
22855,D,D,D,D,D,D,D,D,D,D
22856,B,B,B,B,B,B,B,B,B,B
22857,D,D,D,D,D,D,D,D,D,D
22858,B,B,B,B,B,B,B,B,B,B
22859,D,D,D,D,D,D,D,D,D,D
22860,D,D,D,D,D,D,D,D,D,D
22861,D,D,D,D,D,D,D,D,D,D
22862,D,D,D,D,D,D,D,D,D,D
22863,D,D,D,D,D,D,D,D,D,D
22864,D,D,D,D,D,D,D,D,D,D
22865,B,B,B,B,B,B,B,B,B,B
22866,P,P,D,D,D,D,D,D,D,D
22867,A,A,A,A,A,A,A,A,A,A
22868,A,A,A,A,A,A,A,A,A,A
22869,A,A,A,A,A,A,A,A,A,A
22870,A,A,A,A,A,A,A,A,A,A
22871,A,A,A,A,A,A,A,A,A,A
22872,A,A,A,A,A,A,A,A,A,A
22873,A,A,A,A,A,A,A,A,A,A
22874,A,A,A,A,A,A,A,A,A,A
22875,A,A,A,A,A,A,A,A,A,A
22876,A,A,A,A,A,A,A,A,A,A
22877,A,A,A,A,A,A,A,A,A,A
22878,A,A,A,A,A,A,A,A,A,A
22879,A,A,A,A,A,A,A,A,A,A
22880,A,A,A,A,A,A,A,A,A,A
22881,A,A,A,A,A,A,A,A,A,A
22882,A,A,A,A,A,A,A,A,A,A
22883,A,A,A,A,A,A,A,A,A,A
22884,A,A,A,A,A,A,A,A,A,A
22885,A,A,A,A,A,A,A,A,A,A
22886,A,A,A,A,A,A,A,A,A,A
22887,A,A,A,A,A,A,A,A,A,A
22888,A,A,A,A,A,A,A,A,A,A
22889,A,A,A,A,A,A,A,A,A,A
22890,A,A,A,A,A,A,A,A,A,A
22891,A,A,A,A,A,A,A,A,A,A
22892,A,A,A,A,A,A,A,A,A,A
22893,A,A,A,A,A,A,A,A,A,A
22894,A,A,A,A,A,A,A,A,A,A
22895,A,A,A,A,A,A,A,A,A,A
22896,A,A,A,A,A,A,A,A,A,A
22897,A,A,A,A,A,A,A,A,A,A
22898,A,A,A,A,A,A,A,A,A,A
22899,A,A,A,A,A,A,A,A,A,A
22900,A,A,A,A,A,A,A,A,A,A
22901,A,A,A,A,A,A,A,A,A,A
22902,A,A,A,A,A,A,A,A,A,A
22903,A,A,A,A,A,A,A,A,A,A
22904,A,A,A,A,A,A,A,A,A,A
22905,A,A,A,A,A,A,A,A,A,A
22906,A,A,A,A,A,A,A,A,A,A
22907,A,A,A,A,A,A,A,A,A,A
22908,A,A,A,A,A,A,A,A,A,A
22909,A,A,A,A,A,A,A,A,A,A
22910,A,A,A,A,A,A,A,A,A,A
22911,A,A,A,A,A,A,A,A,A,A
22912,A,A,A,A,A,A,A,A,A,A
22913,A,A,A,A,A,A,A,A,A,A
22914,A,A,A,A,A,A,A,A,A,A
22915,A,A,A,A,A,A,A,A,A,A
22916,A,A,A,A,A,A,A,A,A,A
22917,A,A,A,A,A,A,A,A,A,A
22918,A,A,A,A,A,A,A,A,A,A
22919,A,A,A,A,A,A,A,A,A,A
22920,A,A,A,A,A,A,A,A,A,A
22921,A,A,A,A,A,A,A,A,A,A
22922,A,A,A,A,A,A,A,A,A,A
22923,A,A,A,A,A,A,A,A,A,A
22924,A,A,A,A,A,A,A,A,A,A
22925,A,A,A,A,A,A,A,A,A,A
22926,A,A,A,A,A,A,A,A,A,A
22927,A,A,A,A,A,A,A,A,A,A
22928,A,A,A,A,A,A,A,A,A,A
22929,A,A,A,A,A,A,A,A,A,A
22930,A,A,A,A,A,A,A,A,A,A
22931,A,A,A,A,A,A,A,A,A,A
22932,A,A,A,A,A,A,A,A,A,A
22933,A,A,A,A,A,A,A,A,A,A
22934,A,A,A,A,A,A,A,A,A,A
22935,A,A,A,A,A,A,A,A,A,A
22936,A,A,A,A,A,A,A,A,A,A
22937,A,A,A,A,A,A,A,A,A,A
22938,A,A,A,A,A,A,A,A,A,A
22939,A,A,A,A,A,A,A,A,A,A
22940,A,A,A,A,A,A,A,A,A,A
22941,A,A,A,A,A,A,A,A,A,A
22942,A,A,A,A,A,A,A,A,A,A
22943,A,A,A,A,A,A,A,A,A,A
22944,A,A,A,A,A,A,A,A,A,A
22945,A,A,A,A,A,A,A,A,A,A
22946,A,A,A,A,A,A,A,A,A,A
22947,A,A,A,A,A,A,A,A,A,A
22948,A,A,A,A,A,A,A,A,A,A
22949,A,A,A,A,A,A,A,A,A,A
22950,A,A,A,A,A,A,A,A,A,A
22951,A,A,A,A,A,A,A,A,A,A
22952,A,A,A,A,A,A,A,A,A,A
22953,A,A,A,A,A,A,A,A,A,A
22954,A,A,A,A,A,A,A,A,A,A
22955,A,A,A,A,A,A,A,A,A,A
22956,A,A,A,A,A,A,A,A,A,A
22957,A,A,A,A,A,A,A,A,A,A
22958,A,A,A,A,A,A,A,A,A,A
22959,A,A,A,A,A,A,A,A,A,A
22960,A,A,A,A,A,A,A,A,A,A
22961,A,A,A,A,A,A,A,A,A,A
22962,A,A,A,A,A,A,A,A,A,A
22963,A,A,A,A,A,A,A,A,A,A
22964,A,A,A,A,A,A,A,A,A,A
22965,A,A,A,A,A,A,A,A,A,A
22966,A,A,A,A,A,A,A,A,A,A
22967,A,A,A,A,A,A,A,A,A,A
22968,A,A,A,A,A,A,A,A,A,A
22969,A,A,A,A,A,A,A,A,A,A
22970,A,A,A,A,A,A,A,A,A,A
22971,A,A,A,A,A,A,A,A,A,A
22972,A,A,A,A,A,A,A,A,A,A
22973,A,A,A,A,A,A,A,A,A,A
22974,A,A,A,A,A,A,A,A,A,A
22975,A,A,A,A,A,A,A,A,A,A
22976,A,A,A,A,A,A,A,A,A,A
22977,A,A,A,A,A,A,A,A,A,A
22978,A,A,A,A,A,A,A,A,A,A
22979,A,A,A,A,A,A,A,A,A,A
22980,A,A,A,A,A,A,A,A,A,A
22981,A,A,A,A,A,A,A,A,A,A
22982,A,A,A,A,A,A,A,A,A,A
22983,A,A,A,A,A,A,A,A,A,A
22984,A,A,A,A,A,A,A,A,A,A
22985,A,A,A,A,A,A,A,A,A,A
22986,A,A,A,A,A,A,A,A,A,A
22987,A,A,A,A,A,A,A,A,A,A
22988,A,A,A,A,A,A,A,A,A,A
22989,A,A,A,A,A,A,A,A,A,A
22990,A,A,A,A,A,A,A,A,A,A
22991,A,A,A,A,A,A,A,A,A,A
22992,A,A,A,A,A,A,A,A,A,A
22993,A,A,A,A,A,A,A,A,A,A
22994,A,A,A,A,A,A,A,A,A,A
22995,A,A,A,A,A,A,A,A,A,A
22996,A,A,A,A,A,A,A,A,A,A
22997,A,A,A,A,A,A,A,A,A,A
22998,A,A,A,A,A,A,A,A,A,A
22999,A,A,A,A,A,A,A,A,A,A
23000,A,A,A,A,A,A,A,A,A,A
23001,A,A,A,A,A,A,A,A,A,A
23002,A,A,A,A,A,A,A,A,A,A
23003,A,A,A,A,A,A,A,A,A,A
23004,A,A,A,A,A,A,A,A,A,A
23005,A,A,A,A,A,A,A,A,A,A
23006,A,A,A,A,A,A,A,A,A,A
23007,A,A,A,A,A,A,A,A,A,A
23008,A,A,A,A,A,A,A,A,A,A
23009,A,A,A,A,A,A,A,A,A,A
23010,A,A,A,A,A,A,A,A,A,A
23011,A,A,A,A,A,A,A,A,A,A
23012,A,A,A,A,A,A,A,A,A,A
23013,A,A,A,A,A,A,A,A,A,A
23014,A,A,A,A,A,A,A,A,A,A
23015,A,A,A,A,A,A,A,A,A,A
23016,A,A,A,A,A,A,A,A,A,A
23017,A,A,A,A,A,A,A,A,A,A
23018,A,A,A,A,A,A,A,A,A,A
23019,A,A,A,A,A,A,A,A,A,A
23020,A,A,A,A,A,A,A,A,A,A
23021,A,A,A,A,A,A,A,A,A,A
23022,A,A,A,A,A,A,A,A,A,A
23023,A,A,A,A,A,A,A,A,A,A
23024,A,A,A,A,A,A,A,A,A,A
23025,A,A,A,A,A,A,A,A,A,A
23026,A,A,A,A,A,A,A,A,A,A
23027,A,A,A,A,A,A,A,A,A,A
23028,A,A,A,A,A,A,A,A,A,A
23029,A,A,A,A,A,A,A,A,A,A
23030,A,A,A,A,A,A,A,A,A,A
23031,A,A,A,A,A,A,A,A,A,A
23032,A,A,A,A,A,A,A,A,A,A
23033,A,A,A,A,A,A,A,A,A,A
23034,A,A,A,A,A,A,A,A,A,A
23035,A,A,A,A,A,A,A,A,A,A
23036,A,A,A,A,A,A,A,A,A,A
23037,A,A,A,A,A,A,A,A,A,A
23038,A,A,A,A,A,A,A,A,A,A
23039,A,A,A,A,A,A,A,A,A,A
23040,A,A,A,A,A,A,A,A,A,A
23041,A,A,A,A,A,A,A,A,A,A
23042,A,A,A,A,A,A,A,A,A,A
23043,A,A,A,A,A,A,A,A,A,A
23044,A,A,A,A,A,A,A,A,A,A
23045,A,A,A,A,A,A,A,A,A,A
23046,A,A,A,A,A,A,A,A,A,A
23047,A,A,A,A,A,A,A,A,A,A
23048,A,A,A,A,A,A,A,A,A,A
23049,A,A,A,A,A,A,A,A,A,A
23050,A,A,A,A,A,A,A,A,A,A
23051,A,A,A,A,A,A,A,A,A,A
23052,A,A,A,A,A,A,A,A,A,A
23053,A,A,A,A,A,A,A,A,A,A
23054,A,A,A,A,A,A,A,A,A,A
23055,A,A,A,A,A,A,A,A,A,A
23056,A,A,A,A,A,A,A,A,A,A
23057,A,A,A,A,A,A,A,A,A,A
23058,A,A,A,A,A,A,A,A,A,A
23059,A,A,A,A,A,A,A,A,A,A
23060,A,A,A,A,A,A,A,A,A,A
23061,A,A,A,A,A,A,A,A,A,A
23062,A,A,A,A,A,A,A,A,A,A
23063,A,A,A,A,A,A,A,A,A,A
23065,A,A,A,A,A,A,A,A,A,A
23066,A,A,A,A,A,A,A,A,A,A
23067,A,A,A,A,A,A,A,A,A,A
23068,A,A,A,A,A,A,A,A,A,A
23069,A,A,A,A,A,A,A,A,A,A
23070,A,A,A,A,A,A,A,A,A,A
23071,A,A,A,A,A,A,A,A,A,A
23072,A,A,A,A,A,A,A,A,A,A
23073,A,A,A,A,A,A,A,A,A,A
23074,A,A,A,A,A,A,A,A,A,A
23075,A,A,A,A,A,A,A,A,A,A
23076,A,A,A,A,A,A,A,A,A,A
23077,A,A,A,A,A,A,A,A,A,A
23078,A,A,A,A,A,A,A,A,A,A
23079,A,A,A,A,A,A,A,A,A,A
23080,A,A,A,A,A,A,A,A,A,A
23081,A,A,A,A,A,A,A,A,A,A
23082,A,A,A,A,A,A,A,A,A,A
23083,A,A,A,A,A,A,A,A,A,A
23084,A,A,A,A,A,A,A,A,A,A
23085,A,A,A,A,A,A,A,A,A,A
23086,A,A,A,A,A,A,A,A,A,A
23087,A,A,A,A,A,A,A,A,A,A
23088,A,A,A,A,A,A,A,A,A,A
23089,A,A,A,A,A,A,A,A,A,A
23090,A,A,A,A,A,A,A,A,A,A
23091,A,A,A,A,A,A,A,A,A,A
23092,A,A,A,A,A,A,A,A,A,A
23093,A,A,A,A,A,A,A,A,A,A
23094,A,A,A,A,A,A,A,A,A,A
23095,A,A,A,A,A,A,A,A,A,A
23096,A,A,A,A,A,A,A,A,A,A
23097,A,A,A,A,A,A,A,A,A,A
23098,A,A,A,A,A,A,A,A,A,A
23099,A,A,A,A,A,A,A,A,A,A
23100,A,A,A,A,A,A,A,A,A,A
23101,A,A,A,A,A,A,A,A,A,A
23102,A,A,A,A,A,A,A,A,A,A
23103,A,A,A,A,A,A,A,A,A,A
23104,A,A,A,A,A,A,A,A,A,A
23105,A,A,A,A,A,A,A,A,A,A
23106,A,A,A,A,A,A,A,A,A,A
23107,A,A,A,A,A,A,A,A,A,A
23108,A,A,A,A,A,A,A,A,A,A
23109,A,A,A,A,A,A,A,A,A,A
23110,A,A,A,A,A,A,A,A,A,A
23111,A,A,A,A,A,A,A,A,A,A
23112,A,A,A,A,A,A,A,A,A,A
23113,A,A,A,A,A,A,A,A,A,A
23114,A,A,A,A,A,A,A,A,A,A
23115,A,A,A,A,A,A,A,A,A,A
23116,A,A,A,A,A,A,A,A,A,A
23117,A,A,A,A,A,A,A,A,A,A
23118,A,A,A,A,A,A,A,A,A,A
23119,A,A,A,A,A,A,A,A,A,A
23120,A,A,A,A,A,A,A,A,A,A
23121,A,A,A,A,A,A,A,A,A,A
23122,A,A,A,A,A,A,A,A,A,A
23123,A,A,A,A,A,A,A,A,A,A
23124,A,A,A,A,A,A,A,A,A,A
23125,A,A,A,A,A,A,A,A,A,A
23126,A,A,A,A,A,A,A,A,A,A
23127,A,A,A,A,A,A,A,A,A,A
23128,A,A,A,A,A,A,A,A,A,A
23129,A,A,A,A,A,A,A,A,A,A
23130,A,A,A,A,A,A,A,A,A,A
23131,A,A,A,A,A,A,A,A,A,A
23132,A,A,A,A,A,A,A,A,A,A
23133,A,A,A,A,A,A,A,A,A,A
23134,A,A,A,A,A,A,A,A,A,A
23135,A,A,A,A,A,A,A,A,A,A
23136,A,A,A,A,A,A,A,A,A,A
23137,A,A,A,A,A,A,A,A,A,A
23138,A,A,A,A,A,A,A,A,A,A
23139,A,A,A,A,A,A,A,A,A,A
23140,A,A,A,A,A,A,A,A,A,A
23141,A,A,A,A,A,A,A,A,A,A
23142,A,A,A,A,A,A,A,A,A,A
23143,A,A,A,A,A,A,A,A,A,A
23144,A,A,A,A,A,A,A,A,A,A
23145,A,A,A,A,A,A,A,A,A,A
23146,A,A,A,A,A,A,A,A,A,A
23147,A,A,A,A,A,A,A,A,A,A
23148,A,A,A,A,A,A,A,A,A,A
23149,A,A,A,A,A,A,A,A,A,A
23150,A,A,A,A,A,A,A,A,A,A
23151,A,A,A,A,A,A,A,A,A,A
23152,A,A,A,A,A,A,A,A,A,A
23153,A,A,A,A,A,A,A,A,A,A
23154,A,A,A,A,A,A,A,A,A,A
23155,A,A,A,A,A,A,A,A,A,A
23156,A,A,A,A,A,A,A,A,A,A
23157,A,A,A,A,A,A,A,A,A,A
23158,A,A,A,A,A,A,A,A,A,A
23160,I,I,I,I,I,I,I,I,I,I
23161,I,I,I,I,I,I,I,I,I,I
23162,I,I,I,I,I,I,I,I,I,I
23163,I,I,I,I,I,I,I,I,I,I
23164,I,I,I,I,I,I,I,I,I,I
23165,I,I,I,I,I,I,I,I,I,I
23166,A,A,A,A,A,A,A,A,A,A
23167,A,A,A,A,A,A,A,A,A,A
23168,L,L,L,L,L,L,L,L,L,L
23169,A,A,A,A,A,A,A,A,A,A
23170,H,H,H,H,H,H,H,H,H,H
23171,J,J,J,J,J,J,J,J,J,J
23172,A,A,A,A,A,A,A,A,A,A
23173,A,A,A,A,A,A,A,A,A,A
23174,A,A,A,A,A,A,A,A,A,A
23175,A,A,A,A,A,A,A,A,A,A
23176,A,A,A,A,A,A,A,A,A,A
23177,A,A,A,A,A,A,A,A,A,A
23178,A,A,A,A,A,A,A,A,A,A
23179,A,A,A,A,A,A,A,A,A,A
23180,A,A,A,A,A,A,A,A,A,A
23181,A,A,A,A,A,A,A,A,A,A
23182,A,A,A,A,A,A,A,A,A,A
23183,A,A,A,A,A,A,A,A,A,A
23184,A,A,A,A,A,A,A,A,A,A
23185,A,A,A,A,A,A,A,A,A,A
23186,A,A,A,A,A,A,A,A,A,A
23187,A,A,A,A,A,A,A,A,A,A
23188,A,A,A,A,A,A,A,A,A,A
23189,A,A,A,A,A,A,A,A,A,A
23190,A,A,A,A,A,A,A,A,A,A
23191,A,A,A,A,A,A,A,A,A,A
23192,A,A,A,A,A,A,A,A,A,A
23193,A,A,A,A,A,A,A,A,A,A
23194,A,A,A,A,A,A,A,A,A,A
23195,A,A,A,A,A,A,A,A,A,A
23196,A,A,A,A,A,A,A,A,A,A
23197,A,A,A,A,A,A,A,A,A,A
23198,A,A,A,A,A,A,A,A,A,A
23199,A,A,A,A,A,A,A,A,A,A
23200,A,A,A,A,A,A,A,A,A,A
23201,A,A,A,A,A,A,A,A,A,A
23202,A,A,A,A,A,A,A,A,A,A
23203,A,A,A,A,A,A,A,A,A,A
23204,A,A,A,A,A,A,A,A,A,A
23205,A,A,A,A,A,A,A,A,A,A
23206,A,A,A,A,A,A,A,A,A,A
23207,A,A,A,A,A,A,A,A,A,A
23208,A,A,A,A,A,A,A,A,A,A
23209,A,A,A,A,A,A,A,A,A,A
23210,A,A,A,A,A,A,A,A,A,A
23211,A,A,A,A,A,A,A,A,A,A
23212,A,A,A,A,A,A,A,A,A,A
23213,A,A,A,A,A,A,A,A,A,A
23214,A,A,A,A,A,A,A,A,A,A
23215,A,A,A,A,A,A,A,A,A,A
23216,A,A,A,A,A,A,A,A,A,A
23217,A,A,A,A,A,A,A,A,A,A
23218,A,A,A,A,A,A,A,A,A,A
23219,A,A,A,A,A,A,A,A,A,A
23220,A,A,A,A,A,A,A,A,A,A
23221,A,A,A,A,A,A,A,A,A,A
23222,A,A,A,A,A,A,A,A,A,A
23223,A,A,A,A,A,A,A,A,A,A
23224,A,A,A,A,A,A,A,A,A,A
23225,A,A,A,A,A,A,A,A,A,A
23226,A,A,A,A,A,A,A,A,A,A
23227,A,A,A,A,A,A,A,A,A,A
23228,A,A,A,A,A,A,A,A,A,A
23229,A,A,A,A,A,A,A,A,A,A
23230,A,A,A,A,A,A,A,A,A,A
23231,A,A,A,A,A,A,A,A,A,A
23232,A,A,A,A,A,A,A,A,A,A
23233,A,A,A,A,A,A,A,A,A,A
23234,A,A,A,A,A,A,A,A,A,A
23235,A,A,A,A,A,A,A,A,A,A
23236,A,A,A,A,A,A,A,A,A,A
23237,A,A,A,A,A,A,A,A,A,A
23238,A,A,A,A,A,A,A,A,A,A
23239,A,A,A,A,A,A,A,A,A,A
23240,A,A,A,A,A,A,A,A,A,A
23241,A,A,A,A,A,A,A,A,A,A
23242,A,A,A,A,A,A,A,A,A,A
23243,A,A,A,A,A,A,A,A,A,A
23244,A,A,A,A,A,A,A,A,A,A
23245,A,A,A,A,A,A,A,A,A,A
23246,A,A,A,A,A,A,A,A,A,A
23247,A,A,A,A,A,A,A,A,A,A
23248,A,A,A,A,A,A,A,A,A,A
23249,A,A,A,A,A,A,A,A,A,A
23250,A,A,A,A,A,A,A,A,A,A
23251,A,A,A,A,A,A,A,A,A,A
23252,A,A,A,A,A,A,A,A,A,A
23253,A,A,A,A,A,A,A,A,A,A
23254,A,A,A,A,A,A,A,A,A,A
23255,A,A,A,A,A,A,A,A,A,A
23256,A,A,A,A,A,A,A,A,A,A
23257,A,A,A,A,A,A,A,A,A,A
23258,A,A,A,A,A,A,A,A,A,A
23259,A,A,A,A,A,A,A,A,A,A
23260,A,A,A,A,A,A,A,A,A,A
23261,A,A,A,A,A,A,A,A,A,A
23262,A,A,A,A,A,A,A,A,A,A
23263,A,A,A,A,A,A,A,A,A,A
23264,A,A,A,A,A,A,A,A,A,A
23265,A,A,A,A,A,A,A,A,A,A
23266,A,A,A,A,A,A,A,A,A,A
23267,A,A,A,A,A,A,A,A,A,A
23268,A,A,A,A,A,A,A,A,A,A
23269,A,A,A,A,A,A,A,A,A,A
23270,A,A,A,A,A,A,A,A,A,A
23271,A,A,A,A,A,A,A,A,A,A
23272,A,A,A,A,A,A,A,A,A,A
23273,A,A,A,A,A,A,A,A,A,A
23274,A,A,A,A,A,A,A,A,A,A
23275,A,A,A,A,A,A,A,A,A,A
23276,A,A,A,A,A,A,A,A,A,A
23277,A,A,A,A,A,A,A,A,A,A
23278,A,A,A,A,A,A,A,A,A,A
23279,A,A,A,A,A,A,A,A,A,A
23280,A,A,A,A,A,A,A,A,A,A
23281,A,A,A,A,A,A,A,A,A,A
23282,A,A,A,A,A,A,A,A,A,A
23283,A,A,A,A,A,A,A,A,A,A
23284,A,A,A,A,A,A,A,A,A,A
23285,A,A,A,A,A,A,A,A,A,A
23286,A,A,A,A,A,A,A,A,A,A
23287,A,A,A,A,A,A,A,A,A,A
23288,A,A,A,A,A,A,A,A,A,A
23289,A,A,A,A,A,A,A,A,A,A
23290,A,A,A,A,A,A,A,A,A,A
23291,A,A,A,A,A,A,A,A,A,A
23292,A,A,A,A,A,A,A,A,A,A
23293,A,A,A,A,A,A,A,A,A,A
23294,A,A,A,A,A,A,A,A,A,A
23295,A,A,A,A,A,A,A,A,A,A
23296,A,A,A,A,A,A,A,A,A,A
23297,A,A,A,A,A,A,A,A,A,A
23298,A,A,A,A,A,A,A,A,A,A
23299,A,A,A,A,A,A,A,A,A,A
23300,A,A,A,A,A,A,A,A,A,A
23301,A,A,A,A,A,A,A,A,A,A
23302,A,A,A,A,A,A,A,A,A,A
23303,A,A,A,A,A,A,A,A,A,A
23304,A,A,A,A,A,A,A,A,A,A
23305,A,A,A,A,A,A,A,A,A,A
23306,A,A,A,A,A,A,A,A,A,A
23307,A,A,A,A,A,A,A,A,A,A
23308,A,A,A,A,A,A,A,A,A,A
23309,A,A,A,A,A,A,A,A,A,A
23310,A,A,A,A,A,A,A,A,A,A
23311,A,A,A,A,A,A,A,A,A,A
23312,A,A,A,A,A,A,A,A,A,A
23313,A,A,A,A,A,A,A,A,A,A
23314,A,A,A,A,A,A,A,A,A,A
23315,A,A,A,A,A,A,A,A,A,A
23316,A,A,A,A,A,A,A,A,A,A
23317,A,A,A,A,A,A,A,A,A,A
23318,A,A,A,A,A,A,A,A,A,A
23319,A,A,A,A,A,A,A,A,A,A
23320,A,A,A,A,A,A,A,A,A,A
23321,A,A,A,A,A,A,A,A,A,A
23322,A,A,A,A,A,A,A,A,A,A
23323,A,A,A,A,A,A,A,A,A,A
23324,A,A,A,A,A,A,A,A,A,A
23325,A,A,A,A,A,A,A,A,A,A
23326,A,A,A,A,A,A,A,A,A,A
23327,A,A,A,A,A,A,A,A,A,A
23328,A,A,A,A,A,A,A,A,A,A
23329,A,A,A,A,A,A,A,A,A,A
23330,A,A,A,A,A,A,A,A,A,A
23331,A,A,A,A,A,A,A,A,A,A
23332,A,A,A,A,A,A,A,A,A,A
23333,L,L,L,L,L,L,L,L,L,L
23334,A,A,A,A,A,A,A,A,A,A
23335,A,A,A,A,A,A,A,A,A,A
23336,A,A,A,A,A,A,A,A,A,A
23337,A,A,A,A,A,A,A,A,A,A
23338,A,A,A,A,A,A,A,A,A,A
23339,A,A,A,A,A,A,A,A,A,A
23340,A,A,A,A,A,A,A,A,A,A
23341,A,A,A,A,A,A,A,A,A,A
23342,A,A,A,A,A,A,A,A,A,A
23343,A,A,A,A,A,A,A,A,A,A
23344,L,L,L,L,L,L,L,L,L,L
23345,A,A,A,A,A,A,A,A,A,A
23346,A,A,A,A,A,A,A,A,A,A
23347,A,A,A,A,A,A,A,A,A,A
23348,A,A,A,A,A,A,A,A,A,A
23349,A,A,A,A,A,A,A,A,A,A
23350,A,A,A,A,A,A,A,A,A,A
23351,A,A,A,A,A,A,A,A,A,A
23352,A,A,A,A,A,A,A,A,A,A
23353,A,A,A,A,A,A,A,A,A,A
23354,A,A,A,A,A,A,A,A,A,A
23355,A,A,A,A,A,A,A,A,A,A
23356,A,A,A,A,A,A,A,A,A,A
23357,A,A,A,A,A,A,A,A,A,A
23358,A,A,A,A,A,A,A,A,A,A
23359,A,A,A,A,A,A,A,A,A,A
23360,A,A,A,A,A,A,A,A,A,A
23361,A,A,A,A,A,A,A,A,A,A
23362,A,A,A,A,A,A,A,A,A,A
23363,A,A,A,A,A,A,A,A,A,A
23364,A,A,A,A,A,A,A,A,A,A
23365,A,A,A,A,A,A,A,A,A,A
23366,A,A,A,A,A,A,A,A,A,A
23367,A,A,A,A,A,A,A,A,A,A
23368,A,A,A,A,A,A,A,A,A,A
23369,A,A,A,A,A,A,A,A,A,A
23370,A,A,A,A,A,A,A,A,A,A
23371,A,A,A,A,A,A,A,A,A,A
23372,A,A,A,A,A,A,A,A,A,A
23373,A,A,A,A,A,A,A,A,A,A
23374,A,A,A,A,A,A,A,A,A,A
23375,A,A,A,A,A,A,A,A,A,A
23376,A,A,A,A,A,A,A,A,A,A
23377,A,A,A,A,A,A,A,A,A,A
23378,A,A,A,A,A,A,A,A,A,A
23379,A,A,A,A,A,A,A,A,A,A
23380,A,A,A,A,A,A,A,A,A,A
23381,A,A,A,A,A,A,A,A,A,A
23382,A,A,A,A,A,A,A,A,A,A
23383,A,A,A,A,A,A,A,A,A,A
23384,L,L,L,L,L,L,L,L,L,L
23385,D,D,D,D,D,D,D,D,D,D
23386,D,D,D,D,D,D,D,D,D,D
23387,D,D,D,D,D,D,D,D,D,D
23388,D,D,D,D,D,D,D,D,D,D
23389,D,D,D,D,D,D,D,D,D,D
23390,D,D,D,D,D,D,D,D,D,D
23391,D,D,D,D,D,D,D,D,D,D
23392,D,D,D,D,D,D,D,D,D,D
23393,D,D,D,D,D,D,D,D,D,D
23394,D,D,D,D,D,D,D,D,D,D
23395,D,D,D,D,D,D,D,D,D,D
23396,I,I,I,I,I,I,I,I,I,I
23397,A,A,A,A,A,A,A,A,A,A
23398,A,A,A,A,A,A,A,A,A,A
23399,A,A,A,A,A,A,A,A,A,A
23400,I,I,I,I,I,I,I,I,I,I
23401,A,A,A,A,A,A,A,A,A,A
23402,A,A,A,A,A,A,A,A,A,A
23403,A,A,A,A,A,A,A,A,A,A
23404,A,A,A,A,A,A,A,A,A,A
23405,A,A,A,A,A,A,A,A,A,A
23406,A,A,A,A,A,A,A,A,A,A
23407,A,A,A,A,A,A,A,A,A,A
23408,A,A,A,A,A,A,A,A,A,A
23409,A,A,A,A,A,A,A,A,A,A
23410,D,D,D,D,D,D,D,D,D,D
23411,A,A,A,A,A,A,A,A,A,A
23412,A,A,A,A,A,A,A,A,A,A
23413,D,D,D,D,D,D,D,D,D,D
23414,D,D,D,D,D,D,D,D,D,D
23415,D,D,D,D,D,D,D,D,D,D
23416,D,D,D,D,D,D,D,D,D,D
23417,D,D,D,D,D,D,D,D,D,D
23418,D,D,D,D,D,D,D,D,D,D
23419,A,A,A,A,A,A,A,A,A,A
23420,A,A,A,A,A,A,A,A,A,A
23421,D,D,D,D,D,D,D,D,D,D
23422,A,A,A,A,A,A,A,A,A,A
23423,A,A,A,A,A,A,A,A,A,A
23424,D,D,D,D,D,D,D,D,D,D
23425,A,A,A,A,A,A,A,A,A,A
23426,A,A,A,A,A,A,A,A,A,A
23427,D,D,D,D,D,D,D,D,D,D
23428,A,A,A,A,A,A,A,A,A,A
23429,A,A,A,A,A,A,A,A,A,A
23430,D,D,D,D,D,D,D,D,D,D
23431,A,A,A,A,A,A,A,A,A,A
23432,D,D,D,D,D,D,D,D,D,D
23433,A,A,A,A,A,A,A,A,A,A
23434,D,D,D,D,D,D,D,D,D,D
23435,D,D,D,D,D,D,D,D,D,D
23436,D,D,D,D,D,D,D,D,D,D
23437,D,D,D,D,D,D,D,D,D,D
23438,D,D,D,D,D,D,D,D,D,D
23439,D,D,D,D,D,D,D,D,D,D
23440,D,D,D,D,D,D,D,D,D,D
23441,D,D,D,D,D,D,D,D,D,D
23442,D,D,D,D,D,D,D,D,D,D
23443,D,D,D,D,D,D,D,D,D,D
23444,D,D,D,D,D,D,D,D,D,D
23445,D,D,D,D,D,D,D,D,D,D
23446,D,D,D,D,D,D,D,D,D,D
23447,I,I,I,I,I,I,I,I,I,I
23448,D,D,D,D,D,D,D,D,D,D
23449,D,D,D,D,D,D,D,D,D,D
23450,D,D,D,D,D,D,D,D,D,D
23451,D,D,D,D,D,D,D,D,D,D
23452,D,D,D,D,D,D,D,D,D,D
23453,D,D,D,D,D,D,D,D,D,D
23454,D,D,D,D,D,D,D,D,D,D
23455,D,D,D,D,D,D,D,D,D,D
23456,A,A,A,A,A,A,A,A,A,A
23457,A,A,A,A,A,A,A,A,A,A
23458,A,A,A,A,A,A,A,A,A,A
23459,A,A,A,A,A,A,A,A,A,A
23460,A,A,A,A,A,A,A,A,A,A
23461,A,A,A,A,A,A,A,A,A,A
23462,A,A,A,A,A,A,A,A,A,A
23463,A,A,A,A,A,A,A,A,A,A
23464,A,A,A,A,A,A,A,A,A,A
23465,A,A,A,A,A,A,A,A,A,A
23466,A,A,A,A,A,A,A,A,A,A
23467,A,A,A,A,A,A,A,A,A,A
23468,A,A,A,A,A,A,A,A,A,A
23469,A,A,A,A,A,A,A,A,A,A
23470,A,A,A,A,A,A,A,A,A,A
23471,A,A,A,A,A,A,A,A,A,A
23472,A,A,A,A,A,A,A,A,A,A
23473,A,A,A,A,A,A,A,A,A,A
23474,A,A,A,A,A,A,A,A,A,A
23475,A,A,A,A,A,A,A,A,A,A
23476,A,A,A,A,A,A,A,A,A,A
23477,A,A,A,A,A,A,A,A,A,A
23478,A,A,A,A,A,A,A,A,A,A
23479,A,A,A,A,A,A,A,A,A,A
23480,A,A,A,A,A,A,A,A,A,A
23481,A,A,A,A,A,A,A,A,A,A
23482,A,A,A,A,A,A,A,A,A,A
23483,A,A,A,A,A,A,A,A,A,A
23484,A,A,A,A,A,A,A,A,A,A
23485,A,A,A,A,A,A,A,A,A,A
23486,A,A,A,A,A,A,A,A,A,A
23487,A,A,A,A,A,A,A,A,A,A
23488,A,A,A,A,A,A,A,A,A,A
23489,A,A,A,A,A,A,A,A,A,A
23490,A,A,A,A,A,A,A,A,A,A
23491,A,A,A,A,A,A,A,A,A,A
23492,A,A,A,A,A,A,A,A,A,A
23493,A,A,A,A,A,A,A,A,A,A
23494,A,A,A,A,A,A,A,A,A,A
23495,A,A,A,A,A,A,A,A,A,A
23496,A,A,A,A,A,A,A,A,A,A
23497,A,A,A,A,A,A,A,A,A,A
23498,A,A,A,A,A,A,A,A,A,A
23499,A,A,A,A,A,A,A,A,A,A
23500,A,A,A,A,A,A,A,A,A,A
23501,A,A,A,A,A,A,A,A,A,A
23502,A,A,A,A,A,A,A,A,A,A
23503,A,A,A,A,A,A,A,A,A,A
23504,A,A,A,A,A,A,A,A,A,A
23505,A,A,A,A,A,A,A,A,A,A
23506,A,A,A,A,A,A,A,A,A,A
23507,A,A,A,A,A,A,A,A,A,A
23508,A,A,A,A,A,A,A,A,A,A
23509,A,A,A,A,A,A,A,A,A,A
23510,A,A,A,A,A,A,A,A,A,A
23511,A,A,A,A,A,A,A,A,A,A
23512,A,A,A,A,A,A,A,A,A,A
23513,A,A,A,A,A,A,A,A,A,A
23514,A,A,A,A,A,A,A,A,A,A
23515,A,A,A,A,A,A,A,A,A,A
23516,A,A,A,A,A,A,A,A,A,A
23517,A,A,A,A,A,A,A,A,A,A
23518,A,A,A,A,A,A,A,A,A,A
23519,A,A,A,A,A,A,A,A,A,A
23520,A,A,A,A,A,A,A,A,A,A
23521,A,A,A,A,A,A,A,A,A,A
23522,A,A,A,A,A,A,A,A,A,A
23523,A,A,A,A,A,A,A,A,A,A
23524,A,A,A,A,A,A,A,A,A,A
23525,A,A,A,A,A,A,A,A,A,A
23526,A,A,A,A,A,A,A,A,A,A
23527,A,A,A,A,A,A,A,A,A,A
23528,A,A,A,A,A,A,A,A,A,A
23529,A,A,A,A,A,A,A,A,A,A
23530,A,A,A,A,A,A,A,A,A,A
23531,A,A,A,A,A,A,A,A,A,A
23532,A,A,A,A,A,A,A,A,A,A
23533,A,A,A,A,A,A,A,A,A,A
23534,A,A,A,A,A,A,A,A,A,A
23535,A,A,A,A,A,A,A,A,A,A
23536,A,A,A,A,A,A,A,A,A,A
23537,A,A,A,A,A,A,A,A,A,A
23538,I,I,I,I,I,I,I,I,I,I
23539,P,P,P,P,P,P,P,P,P,P
23540,P,P,P,P,P,P,P,P,P,P
23541,P,P,P,P,P,P,P,P,P,P
23542,P,P,P,P,P,P,P,P,P,P
23543,P,P,P,P,P,P,P,P,P,P
23544,P,P,P,P,P,P,P,P,P,P
23545,P,P,P,P,P,P,P,P,P,P
23546,P,P,P,P,P,P,P,P,P,P
23547,P,P,P,P,P,P,P,P,P,P
23548,P,P,P,P,P,P,P,P,P,P
23549,D,D,D,D,D,D,D,D,D,D
23550,P,P,P,P,P,P,P,P,P,P
23551,P,P,P,P,P,P,P,P,P,P
23552,P,P,P,P,P,P,P,P,P,P
23553,D,D,D,D,D,D,D,D,D,D
23554,P,P,P,P,P,P,P,P,P,P
23555,P,P,P,P,P,P,P,P,P,P
23556,P,P,P,P,P,P,P,P,P,P
23557,P,P,P,P,P,P,P,P,P,P
23558,P,P,P,P,P,P,P,P,P,P
23559,D,D,D,D,D,D,D,D,D,D
23560,P,P,P,P,P,P,P,P,P,P
23561,P,P,P,P,P,P,P,P,P,P
23562,P,P,P,P,P,P,P,P,P,P
23563,P,P,P,P,P,P,P,P,P,P
23564,P,P,P,P,P,P,P,P,P,P
23565,P,P,P,P,P,P,P,P,P,P
23566,P,P,P,P,P,P,P,P,P,P
23567,D,D,D,D,D,D,D,D,D,D
23568,P,P,P,P,P,P,P,P,P,P
23569,P,P,P,P,P,P,P,P,P,P
23570,P,P,P,P,P,P,P,P,P,P
23571,P,P,P,P,P,P,P,P,P,P
23572,P,P,P,P,P,P,P,P,P,P
23573,P,P,P,P,P,P,P,P,P,P
23574,P,P,P,P,P,P,P,P,P,P
23575,D,D,D,D,D,D,D,D,D,D
23576,P,P,P,P,P,P,P,P,P,P
23577,P,P,P,P,P,P,P,P,P,P
23578,P,P,P,P,P,P,P,P,P,P
23579,P,P,P,P,P,P,P,P,P,P
23580,P,P,P,P,P,P,P,P,P,P
23581,P,P,P,P,P,P,P,P,P,P
23582,P,P,P,P,P,P,P,P,P,P
23583,P,P,P,P,P,P,P,P,P,P
23584,P,P,P,P,P,P,P,P,P,P
23585,P,P,P,P,P,P,P,P,P,P
23586,P,P,P,P,P,P,P,P,P,P
23587,P,P,P,P,P,P,P,P,P,P
23588,P,P,P,P,P,P,P,P,P,P
23589,P,P,P,P,P,P,P,P,P,P
23590,P,P,P,P,P,P,P,P,P,P
23591,P,P,P,P,P,P,P,P,P,P
23592,P,P,P,P,P,P,P,P,P,P
23593,P,P,P,P,P,P,P,P,P,P
23594,P,P,P,P,P,P,P,P,P,P
23595,P,P,P,P,P,P,P,P,P,P
23596,P,P,P,P,P,P,P,P,P,P
23597,P,P,P,P,P,P,P,P,P,P
23598,P,P,P,P,P,P,P,P,P,P
23599,P,P,P,P,P,P,P,P,P,P
23600,P,P,P,P,P,P,P,P,P,P
23601,P,P,P,P,P,P,P,P,P,P
23602,P,P,P,P,P,P,P,P,P,P
23603,P,P,P,P,P,P,P,P,P,P
23604,P,P,P,P,P,P,P,P,P,P
23605,P,P,P,P,P,P,P,P,P,P
23606,D,D,D,D,D,D,D,D,D,D
23607,P,P,P,P,P,P,P,P,P,P
23608,P,P,P,P,P,P,P,P,P,P
23609,P,P,P,P,P,P,P,P,P,P
23610,P,P,P,P,P,P,P,P,P,P
23611,P,P,P,P,P,P,P,P,P,P
23612,P,P,P,P,P,P,P,P,P,P
23613,P,P,P,P,P,P,P,P,P,P
23614,P,P,P,P,P,P,P,P,P,P
23615,P,P,P,P,P,P,P,P,P,P
23616,P,P,P,P,P,P,P,P,P,P
23617,P,P,P,P,P,P,P,P,P,P
23618,P,P,P,P,P,P,P,P,P,P
23619,P,P,P,P,P,P,P,P,P,P
23620,P,P,P,P,P,P,P,P,P,P
23621,P,P,P,P,P,P,P,P,P,P
23622,P,P,P,P,P,P,P,P,P,P
23623,P,P,P,P,P,P,P,P,P,P
23624,P,P,P,P,P,P,P,P,P,P
23625,P,P,P,P,P,P,P,P,P,P
23626,P,P,P,P,P,P,P,P,P,P
23627,P,P,P,P,P,P,P,P,P,P
23628,P,P,P,P,P,P,P,P,P,P
23629,P,P,P,P,P,P,P,P,P,P
23630,P,P,P,P,P,P,P,P,P,P
23631,P,P,P,P,P,P,P,P,P,P
23632,P,P,P,P,P,P,P,P,P,P
23633,P,P,P,P,P,P,P,P,P,P
23634,P,P,P,P,P,P,P,P,P,P
23635,P,P,P,P,P,P,P,P,P,P
23636,P,P,P,P,P,P,P,P,P,P
23637,A,A,A,A,A,A,A,A,A,A
23638,A,A,A,A,A,A,A,A,A,A
23639,A,A,A,A,A,A,A,A,A,A
23640,A,A,A,A,A,A,A,A,A,A
23641,A,A,A,A,A,A,A,A,A,A
23642,A,A,A,A,A,A,A,A,A,A
23643,A,A,A,A,A,A,A,A,A,A
23644,A,A,A,A,A,A,A,A,A,A
23645,A,A,A,A,A,A,A,A,A,A
23646,A,A,A,A,A,A,A,A,A,A
23647,A,A,A,A,A,A,A,A,A,A
23648,A,A,A,A,A,A,A,A,A,A
23649,A,A,A,A,A,A,A,A,A,A
23650,A,A,A,A,A,A,A,A,A,A
23651,A,A,A,A,A,A,A,A,A,A
23652,A,A,A,A,A,A,A,A,A,A
23653,A,A,A,A,A,A,A,A,A,A
23654,A,A,A,A,A,A,A,A,A,A
23655,A,A,A,A,A,A,A,A,A,A
23656,A,A,A,A,A,A,A,A,A,A
23657,A,A,A,A,A,A,A,A,A,A
23658,A,A,A,A,A,A,A,A,A,A
23659,A,A,A,A,A,A,A,A,A,A
23660,A,A,A,A,A,A,A,A,A,A
23661,A,A,A,A,A,A,A,A,A,A
23662,A,A,A,A,A,A,A,A,A,A
23663,A,A,A,A,A,A,A,A,A,A
23664,A,A,A,A,A,A,A,A,A,A
23665,A,A,A,A,A,A,A,A,A,A
23666,A,A,A,A,A,A,A,A,A,A
23667,A,A,A,A,A,A,A,A,A,A
23668,A,A,A,A,A,A,A,A,A,A
23669,A,A,A,A,A,A,A,A,A,A
23670,A,A,A,A,A,A,A,A,A,A
23671,A,A,A,A,A,A,A,A,A,A
23672,A,A,A,A,A,A,A,A,A,A
23673,A,A,A,A,A,A,A,A,A,A
23674,A,A,A,A,A,A,A,A,A,A
23675,A,A,A,A,A,A,A,A,A,A
23676,A,A,A,A,A,A,A,A,A,A
23677,A,A,A,A,A,A,A,A,A,A
23678,A,A,A,A,A,A,A,A,A,A
23679,A,A,A,A,A,A,A,A,A,A
23680,A,A,A,A,A,A,A,A,A,A
23681,A,A,A,A,A,A,A,A,A,A
23682,A,A,A,A,A,A,A,A,A,A
23683,A,A,A,A,A,A,A,A,A,A
23684,A,A,A,A,A,A,A,A,A,A
23685,A,A,A,A,A,A,A,A,A,A
23686,A,A,A,A,A,A,A,A,A,A
23687,A,A,A,A,A,A,A,A,A,A
23688,A,A,A,A,A,A,A,A,A,A
23689,A,A,A,A,A,A,A,A,A,A
23690,A,A,A,A,A,A,A,A,A,A
23691,A,A,A,A,A,A,A,A,A,A
23692,A,A,A,A,A,A,A,A,A,A
23693,A,A,A,A,A,A,A,A,A,A
23694,A,A,A,A,A,A,A,A,A,A
23695,A,A,A,A,A,A,A,A,A,A
23696,A,A,A,A,A,A,A,A,A,A
23697,A,A,A,A,A,A,A,A,A,A
23698,A,A,A,A,A,A,A,A,A,A
23699,A,A,A,A,A,A,A,A,A,A
23700,A,A,A,A,A,A,A,A,A,A
23701,A,A,A,A,A,A,A,A,A,A
23702,A,A,A,A,A,A,A,A,A,A
23703,A,A,A,A,A,A,A,A,A,A
23704,A,A,A,A,A,A,A,A,A,A
23705,A,A,A,A,A,A,A,A,A,A
23706,A,A,A,A,A,A,A,A,A,A
23707,A,A,A,A,A,A,A,A,A,A
23708,A,A,A,A,A,A,A,A,A,A
23709,A,A,A,A,A,A,A,A,A,A
23710,A,A,A,A,A,A,A,A,A,A
23711,A,A,A,A,A,A,A,A,A,A
23712,A,A,A,A,A,A,A,A,A,A
23713,A,A,A,A,A,A,A,A,A,A
23714,A,A,A,A,A,A,A,A,A,A
23715,A,A,A,A,A,A,A,A,A,A
23716,A,A,A,A,A,A,A,A,A,A
23717,A,A,A,A,A,A,A,A,A,A
23718,A,A,A,A,A,A,A,A,A,A
23719,A,A,A,A,A,A,A,A,A,A
23720,A,A,A,A,A,A,A,A,A,A
23721,A,A,A,A,A,A,A,A,A,A
23722,A,A,A,A,A,A,A,A,A,A
23723,A,A,A,A,A,A,A,A,A,A
23724,A,A,A,A,A,A,A,A,A,A
23725,A,A,A,A,A,A,A,A,A,A
23726,A,A,A,A,A,A,A,A,A,A
23727,A,A,A,A,A,A,A,A,A,A
23728,A,A,A,A,A,A,A,A,A,A
23729,A,A,A,A,A,A,A,A,A,A
23730,A,A,A,A,A,A,A,A,A,A
23731,A,A,A,A,A,A,A,A,A,A
23732,A,A,A,A,A,A,A,A,A,A
23733,A,A,A,A,A,A,A,A,A,A
23734,A,A,A,A,A,A,A,A,A,A
23735,A,A,A,A,A,A,A,A,A,A
23736,A,A,A,A,A,A,A,A,A,A
23737,A,A,A,A,A,A,A,A,A,A
23738,A,A,A,A,A,A,A,A,A,A
23739,A,A,A,A,A,A,A,A,A,A
23740,A,A,A,A,A,A,A,A,A,A
23741,A,A,A,A,A,A,A,A,A,A
23742,A,A,A,A,A,A,A,A,A,A
23743,A,A,A,A,A,A,A,A,A,A
23744,A,A,A,A,A,A,A,A,A,A
23745,A,A,A,A,A,A,A,A,A,A
23746,A,A,A,A,A,A,A,A,A,A
23747,A,A,A,A,A,A,A,A,A,A
23748,A,A,A,A,A,A,A,A,A,A
23749,A,A,A,A,A,A,A,A,A,A
23750,A,A,A,A,A,A,A,A,A,A
23751,A,A,A,A,A,A,A,A,A,A
23752,A,A,A,A,A,A,A,A,A,A
23753,A,A,A,A,A,A,A,A,A,A
23754,A,A,A,A,A,A,A,A,A,A
23755,A,A,A,A,A,A,A,A,A,A
23756,A,A,A,A,A,A,A,A,A,A
23757,A,A,A,A,A,A,A,A,A,A
23758,A,A,A,A,A,A,A,A,A,A
23759,A,A,A,A,A,A,A,A,A,A
23760,A,A,A,A,A,A,A,A,A,A
23761,A,A,A,A,A,A,A,A,A,A
23762,A,A,A,A,A,A,A,A,A,A
23763,A,A,A,A,A,A,A,A,A,A
23764,A,A,A,A,A,A,A,A,A,A
23765,A,A,A,A,A,A,A,A,A,A
23766,A,A,A,A,A,A,A,A,A,A
23767,A,A,A,A,A,A,A,A,A,A
23768,A,A,A,A,A,A,A,A,A,A
23769,A,A,A,A,A,A,A,A,A,A
23770,A,A,A,A,A,A,A,A,A,A
23771,A,A,A,A,A,A,A,A,A,A
23772,A,A,A,A,A,A,A,A,A,A
23773,A,A,A,A,A,A,A,A,A,A
23774,A,A,A,A,A,A,A,A,A,A
23775,A,A,A,A,A,A,A,A,A,A
23776,A,A,A,A,A,A,A,A,A,A
23777,A,A,A,A,A,A,A,A,A,A
23778,A,A,A,A,A,A,A,A,A,A
23779,A,A,A,A,A,A,A,A,A,A
23780,A,A,A,A,A,A,A,A,A,A
23781,A,A,A,A,A,A,A,A,A,A
23782,A,A,A,A,A,A,A,A,A,A
23783,A,A,A,A,A,A,A,A,A,A
23784,A,A,A,A,A,A,A,A,A,A
23785,A,A,A,A,A,A,A,A,A,A
23786,A,A,A,A,A,A,A,A,A,A
23787,A,A,A,A,A,A,A,A,A,A
23788,A,A,A,A,A,A,A,A,A,A
23789,A,A,A,A,A,A,A,A,A,A
23790,A,A,A,A,A,A,A,A,A,A
23791,A,A,A,A,A,A,A,A,A,A
23792,A,A,A,A,A,A,A,A,A,A
23793,A,A,A,A,A,A,A,A,A,A
23794,A,A,A,A,A,A,A,A,A,A
23795,A,A,A,A,A,A,A,A,A,A
23796,A,A,A,A,A,A,A,A,A,A
23797,A,A,A,A,A,A,A,A,A,A
23798,A,A,A,A,A,A,A,A,A,A
23799,A,A,A,A,A,A,A,A,A,A
23800,A,A,A,A,A,A,A,A,A,A
23801,A,A,A,A,A,A,A,A,A,A
23802,A,A,A,A,A,A,A,A,A,A
23803,A,A,A,A,A,A,A,A,A,A
23804,A,A,A,A,A,A,A,A,A,A
23805,A,A,A,A,A,A,A,A,A,A
23806,A,A,A,A,A,A,A,A,A,A
23807,A,A,A,A,A,A,A,A,A,A
23808,A,A,A,A,A,A,A,A,A,A
23809,A,A,A,A,A,A,A,A,A,A
23810,A,A,A,A,A,A,A,A,A,A
23811,A,A,A,A,A,A,A,A,A,A
23812,A,A,A,A,A,A,A,A,A,A
23813,A,A,A,A,A,A,A,A,A,A
23814,A,A,A,A,A,A,A,A,A,A
23815,A,A,A,A,A,A,A,A,A,A
23816,A,A,A,A,A,A,A,A,A,A
23817,A,A,A,A,A,A,A,A,A,A
23818,A,A,A,A,A,A,A,A,A,A
23819,A,A,A,A,A,A,A,A,A,A
23820,A,A,A,A,A,A,A,A,A,A
23821,A,A,A,A,A,A,A,A,A,A
23822,A,A,A,A,A,A,A,A,A,A
23823,A,A,A,A,A,A,A,A,A,A
23824,A,A,A,A,A,A,A,A,A,A
23825,A,A,A,A,A,A,A,A,A,A
23826,A,A,A,A,A,A,A,A,A,A
23827,A,A,A,A,A,A,A,A,A,A
23828,A,A,A,A,A,A,A,A,A,A
23829,A,A,A,A,A,A,A,A,A,A
23830,A,A,A,A,A,A,A,A,A,A
23831,A,A,A,A,A,A,A,A,A,A
23832,A,A,A,A,A,A,A,A,A,A
23833,A,A,A,A,A,A,A,A,A,A
23834,A,A,A,A,A,A,A,A,A,A
23835,A,A,A,A,A,A,A,A,A,A
23836,A,A,A,A,A,A,A,A,A,A
23837,A,A,A,A,A,A,A,A,A,A
23838,A,A,A,A,A,A,A,A,A,A
23839,A,A,A,A,A,A,A,A,A,A
23840,A,A,A,A,A,A,A,A,A,A
23841,A,A,A,A,A,A,A,A,A,A
23842,A,A,A,A,A,A,A,A,A,A
23843,A,A,A,A,A,A,A,A,A,A
23844,A,A,A,A,A,A,A,A,A,A
23845,A,A,A,A,A,A,A,A,A,A
23846,A,A,A,A,A,A,A,A,A,A
23847,A,A,A,A,A,A,A,A,A,A
23848,A,A,A,A,A,A,A,A,A,A
23849,A,A,A,A,A,A,A,A,A,A
23850,A,A,A,A,A,A,A,A,A,A
23851,A,A,A,A,A,A,A,A,A,A
23852,A,A,A,A,A,A,A,A,A,A
23853,A,A,A,A,A,A,A,A,A,A
23854,A,A,A,A,A,A,A,A,A,A
23855,A,A,A,A,A,A,A,A,A,A
23856,A,A,A,A,A,A,A,A,A,A
23857,A,A,A,A,A,A,A,A,A,A
23858,A,A,A,A,A,A,A,A,A,A
23859,A,A,A,A,A,A,A,A,A,A
23860,A,A,A,A,A,A,A,A,A,A
23861,A,A,A,A,A,A,A,A,A,A
23862,A,A,A,A,A,A,A,A,A,A
23863,A,A,A,A,A,A,A,A,A,A
23864,A,A,A,A,A,A,A,A,A,A
23865,A,A,A,A,A,A,A,A,A,A
23866,A,A,A,A,A,A,A,A,A,A
23867,A,A,A,A,A,A,A,A,A,A
23868,A,A,A,A,A,A,A,A,A,A
23869,A,A,A,A,A,A,A,A,A,A
23870,A,A,A,A,A,A,A,A,A,A
23871,A,A,A,A,A,A,A,A,A,A
23872,A,A,A,A,A,A,A,A,A,A
23873,A,A,A,A,A,A,A,A,A,A
23874,A,A,A,A,A,A,A,A,A,A
23876,A,A,A,A,A,A,A,A,A,A
23879,A,A,A,A,A,A,A,A,A,A
23880,A,A,A,A,A,A,A,A,A,A
23881,A,A,A,A,A,A,A,A,A,A
23882,J,J,J,J,J,J,J,J,J,J
23883,A,A,A,A,A,A,A,A,A,A
23884,I,I,I,I,I,I,I,I,I,I
23885,A,A,A,A,A,A,A,A,A,A
23886,A,A,A,A,A,A,A,A,A,A
23887,I,I,I,I,I,I,I,I,I,I
23888,A,A,A,A,A,A,A,A,A,A
23889,I,I,I,I,I,I,I,I,I,I
23890,A,A,A,A,A,A,A,A,A,A
23891,A,A,A,A,A,A,A,A,A,A
23892,I,I,I,I,I,I,I,I,I,I
23893,A,A,A,A,A,A,A,A,A,A
23894,A,A,A,A,A,A,A,A,A,A
23895,I,I,I,I,I,I,I,I,I,I
23896,A,A,A,A,A,A,A,A,A,A
23897,A,A,A,A,A,A,A,A,A,A
23898,A,A,A,A,A,A,A,A,A,A
23900,A,A,A,A,A,A,A,A,A,A
23901,A,A,A,A,A,A,A,A,A,A
23902,A,A,A,A,A,A,A,A,A,A
23903,A,A,A,A,A,A,A,A,A,A
23904,A,A,A,A,A,A,A,A,A,A
23905,A,A,A,A,A,A,A,A,A,A
23906,A,A,A,A,A,A,A,A,A,A
23907,D,D,D,D,D,D,D,D,D,D
23908,A,A,A,A,A,A,A,A,A,A
23909,A,A,A,A,A,A,A,A,A,A
23910,A,A,A,A,A,A,A,A,A,A
23911,A,A,A,A,A,A,A,A,A,A
23912,A,A,A,A,A,A,A,A,A,A
23913,A,A,A,A,A,A,A,A,A,A
23914,A,A,A,A,A,A,A,A,A,A
23915,A,A,A,A,A,A,A,A,A,A
23916,A,A,A,A,A,A,A,A,A,A
23917,A,A,A,A,A,A,A,A,A,A
23918,A,A,A,A,A,A,A,A,A,A
23919,A,A,A,A,A,A,A,A,A,A
23920,A,A,A,A,A,A,A,A,A,A
23921,A,A,A,A,A,A,A,A,A,A
23922,A,A,A,A,A,A,A,A,A,A
23923,A,A,A,A,A,A,A,A,A,A
23924,A,A,A,A,A,A,A,A,A,A
23925,A,A,A,A,A,A,A,A,A,A
23926,A,A,A,A,A,A,A,A,A,A
23927,A,A,A,A,A,A,A,A,A,A
23928,A,A,A,A,A,A,A,A,A,A
23929,A,A,A,A,A,A,A,A,A,A
23930,A,A,A,A,A,A,A,A,A,A
23931,A,A,A,A,A,A,A,A,A,A
23932,A,A,A,A,A,A,A,A,A,A
23933,A,A,A,A,A,A,A,A,A,A
23934,A,A,A,A,A,A,A,A,A,A
23935,A,A,A,A,A,A,A,A,A,A
23936,A,A,A,A,A,A,A,A,A,A
23937,A,A,A,A,A,A,A,A,A,A
23938,A,A,A,A,A,A,A,A,A,A
23939,A,A,A,A,A,A,A,A,A,A
23940,A,A,A,A,A,A,A,A,A,A
23941,A,A,A,A,A,A,A,A,A,A
23942,A,A,A,A,A,A,A,A,A,A
23943,A,A,A,A,A,A,A,A,A,A
23944,A,A,A,A,A,A,A,A,A,A
23945,A,A,A,A,A,A,A,A,A,A
23946,A,A,A,A,A,A,A,A,A,A
23947,A,A,A,A,A,A,A,A,A,A
23948,A,A,A,A,A,A,A,A,A,A
23949,A,A,A,A,A,A,A,A,A,A
23950,A,A,A,A,A,A,A,A,A,A
23951,A,A,A,A,A,A,A,A,A,A
23952,A,A,A,A,A,A,A,A,A,A
23953,A,A,A,A,A,A,A,A,A,A
23954,A,A,A,A,A,A,A,A,A,A
23955,A,A,A,A,A,A,A,A,A,A
23956,A,A,A,A,A,A,A,A,A,A
23957,A,A,A,A,A,A,A,A,A,A
23958,A,A,A,A,A,A,A,A,A,A
23959,A,A,A,A,A,A,A,A,A,A
23960,A,A,A,A,A,A,A,A,A,A
23961,A,A,A,A,A,A,A,A,A,A
23962,A,A,A,A,A,A,A,A,A,A
23963,A,A,A,A,A,A,A,A,A,A
23964,A,A,A,A,A,A,A,A,A,A
23965,A,A,A,A,A,A,A,A,A,A
23966,A,A,A,A,A,A,A,A,A,A
23967,A,A,A,A,A,A,A,A,A,A
23968,A,A,A,A,A,A,A,A,A,A
23969,A,A,A,A,A,A,A,A,A,A
23970,A,A,A,A,A,A,A,A,A,A
23971,A,A,A,A,A,A,A,A,A,A
23972,A,A,A,A,A,A,A,A,A,A
23975,A,A,A,A,A,A,A,A,A,A
23976,A,A,A,A,A,A,A,A,A,A
23979,A,A,A,A,A,A,A,A,A,A
23980,A,A,A,A,A,A,A,A,A,A
23982,A,A,A,A,A,A,A,A,A,A
23984,A,A,A,A,A,A,A,A,A,A
23987,A,A,A,A,A,A,A,A,A,A
23988,A,A,A,A,A,A,A,A,A,A
23990,A,A,A,A,A,A,A,A,A,A
23991,A,A,A,A,A,A,A,A,A,A
23992,A,A,A,A,A,A,A,A,A,A
23993,A,A,A,A,A,A,A,A,A,A
23995,A,A,A,A,A,A,A,A,A,A
23996,A,A,A,A,A,A,A,A,A,A
23997,A,A,A,A,A,A,A,A,A,A
23998,A,A,A,A,A,A,A,A,A,A
23999,A,A,A,A,A,A,A,A,A,A
24000,A,A,A,A,A,A,A,A,A,A
24001,A,A,A,A,A,A,A,A,A,A
24002,A,A,A,A,A,A,A,A,A,A
24005,A,A,A,A,A,A,A,A,A,A
24008,A,A,A,A,A,A,A,A,A,A
24009,A,A,A,A,A,A,A,A,A,A
24011,A,A,A,A,A,A,A,A,A,A
24012,A,A,A,A,A,A,A,A,A,A
24014,A,A,A,A,A,A,A,A,A,A
24017,A,A,A,A,A,A,A,A,A,A
24020,A,A,A,A,A,A,A,A,A,A
24023,A,A,A,A,A,A,A,A,A,A
24026,A,A,A,A,A,A,A,A,A,A
24029,A,A,A,A,A,A,A,A,A,A
24031,A,A,A,A,A,A,A,A,A,A
24032,A,A,A,A,A,A,A,A,A,A
24035,A,A,A,A,A,A,A,A,A,A
24038,A,A,A,A,A,A,A,A,A,A
24041,A,A,A,A,A,A,A,A,A,A
24044,A,A,A,A,A,A,A,A,A,A
24047,A,A,A,A,A,A,A,A,A,A
24050,A,A,A,A,A,A,A,A,A,A
24053,A,A,A,A,A,A,A,A,A,A
24056,A,A,A,A,A,A,A,A,A,A
24059,A,A,A,A,A,A,A,A,A,A
24062,A,A,A,A,A,A,A,A,A,A
24065,A,A,A,A,A,A,A,A,A,A
24068,A,A,A,A,A,A,A,A,A,A
24071,A,A,A,A,A,A,A,A,A,A
24074,A,A,A,A,A,A,A,A,A,A
24077,A,A,A,A,A,A,A,A,A,A
24080,A,A,A,A,A,A,A,A,A,A
24083,A,A,A,A,A,A,A,A,A,A
24086,A,A,A,A,A,A,A,A,A,A
24089,A,A,A,A,A,A,A,A,A,A
24092,A,A,A,A,A,A,A,A,A,A
24093,A,A,A,A,A,A,A,A,A,A
24094,A,A,A,A,A,A,A,A,A,A
24095,A,A,A,A,A,A,A,A,A,A
24096,A,A,A,A,A,A,A,A,A,A
24097,A,A,A,A,A,A,A,A,A,A
24098,A,A,A,A,A,A,A,A,A,A
24099,A,A,A,A,A,A,A,A,A,A
24100,A,A,A,A,A,A,A,A,A,A
24101,A,A,A,A,A,A,A,A,A,A
24102,A,A,A,A,A,A,A,A,A,A
24103,A,A,A,A,A,A,A,A,A,A
24104,A,A,A,A,A,A,A,A,A,A
24105,A,A,A,A,A,A,A,A,A,A
24106,A,A,A,A,A,A,A,A,A,A
24107,A,A,A,A,A,A,A,A,A,A
24108,A,A,A,A,A,A,A,A,A,A
24109,A,A,A,A,A,A,A,A,A,A
24110,A,A,A,A,A,A,A,A,A,A
24113,A,A,A,A,A,A,A,A,A,A
24116,A,A,A,A,A,A,A,A,A,A
24117,A,A,A,A,A,A,A,A,A,A
24118,A,A,A,A,A,A,A,A,A,A
24119,A,A,A,A,A,A,A,A,A,A
24120,H,H,H,H,H,H,H,H,H,H
24121,A,A,A,A,A,A,A,A,A,A
24122,A,A,A,A,A,A,A,A,A,A
24123,A,A,A,A,A,A,A,A,A,A
24125,A,A,A,A,A,A,A,A,A,A
24126,D,D,D,D,D,D,D,D,D,D
24127,D,D,D,D,D,D,D,D,D,D
24128,A,A,A,A,A,A,A,A,A,A
24129,D,D,D,D,D,D,D,D,D,D
24130,D,D,D,D,D,D,D,D,D,D
24131,A,A,A,A,A,A,A,A,A,A
24132,D,D,D,D,D,D,D,D,D,D
24133,D,D,D,D,D,D,D,D,D,D
24134,A,A,A,A,A,A,A,A,A,A
24135,D,D,D,D,D,D,D,D,D,D
24136,A,A,A,A,A,A,A,A,A,A
24137,D,D,D,D,D,D,D,D,D,D
24138,A,A,A,A,A,A,A,A,A,A
24139,D,D,D,D,D,D,D,D,D,D
24140,A,A,A,A,A,A,A,A,A,A
24141,D,D,D,D,D,D,D,D,D,D
24142,A,A,A,A,A,A,A,A,A,A
24143,D,D,D,D,D,D,D,D,D,D
24144,A,A,A,A,A,A,A,A,A,A
24145,D,D,D,D,D,D,D,D,D,D
24146,A,A,A,A,A,A,A,A,A,A
24147,D,D,D,D,D,D,D,D,D,D
24148,A,A,A,A,A,A,A,A,A,A
24149,D,D,D,D,D,D,D,D,D,D
24150,A,A,A,A,A,A,A,A,A,A
24151,D,D,D,D,D,D,D,D,D,D
24152,A,A,A,A,A,A,A,A,A,A
24153,D,D,D,D,D,D,D,D,D,D
24154,A,A,A,A,A,A,A,A,A,A
24155,A,A,A,A,A,A,A,A,A,A
24156,A,A,A,A,A,A,A,A,A,A
24157,A,A,A,A,A,A,A,A,A,A
24158,A,A,A,A,A,A,A,A,A,A
24159,A,A,A,A,A,A,A,A,A,A
24160,A,A,A,A,A,A,A,A,A,A
24161,A,A,A,A,A,A,A,A,A,A
24162,A,A,A,A,A,A,A,A,A,A
24163,A,A,A,A,A,A,A,A,A,A
24164,A,A,A,A,A,A,A,A,A,A
24165,A,A,A,A,A,A,A,A,A,A
24166,A,A,A,A,A,A,A,A,A,A
24167,A,A,A,A,A,A,A,A,A,A
24168,A,A,A,A,A,A,A,A,A,A
24169,A,A,A,A,A,A,A,A,A,A
24170,A,A,A,A,A,A,A,A,A,A
24171,A,A,A,A,A,A,A,A,A,A
24172,A,A,A,A,A,A,A,A,A,A
24173,A,A,A,A,A,A,A,A,A,A
24174,A,A,A,A,A,A,A,A,A,A
24175,L,L,L,L,L,L,L,L,L,L
24176,A,A,A,A,A,A,A,A,A,A
24177,A,A,A,A,A,A,A,A,A,A
24178,A,A,A,A,A,A,A,A,A,A
24179,L,L,L,L,L,L,L,L,L,L
24180,A,A,A,A,A,A,A,A,A,A
24181,A,A,A,A,A,A,A,A,A,A
24182,A,A,A,A,A,A,A,A,A,A
24183,A,A,A,A,A,A,A,A,A,A
24184,A,A,A,A,A,A,A,A,A,A
24185,A,A,A,A,A,A,A,A,A,A
24186,A,A,A,A,A,A,A,A,A,A
24187,A,A,A,A,A,A,A,A,A,A
24188,A,A,A,A,A,A,A,A,A,A
24189,A,A,A,A,A,A,A,A,A,A
24190,A,A,A,A,A,A,A,A,A,A
24191,A,A,A,A,A,A,A,A,A,A
24192,A,A,A,A,A,A,A,A,A,A
24193,D,D,D,D,D,D,D,D,D,D
24194,A,A,A,A,A,A,A,A,A,A
24195,D,D,D,D,D,D,D,D,D,D
24196,A,A,A,A,A,A,A,A,A,A
24197,A,A,A,A,A,A,A,A,A,A
24198,A,A,A,A,A,A,A,A,A,A
24199,A,A,A,A,A,A,A,A,A,A
24200,A,A,A,A,A,A,A,A,A,A
24201,A,A,A,A,A,A,A,A,A,A
24202,A,A,A,A,A,A,A,A,A,A
24203,A,A,A,A,A,A,A,A,A,A
24204,A,A,A,A,A,A,A,A,A,A
24205,J,J,J,J,J,J,J,J,J,J
24206,A,A,A,A,A,A,A,A,A,A
24207,A,A,A,A,A,A,A,A,A,A
24208,A,A,A,A,A,A,A,A,A,A
24209,A,A,A,A,A,A,A,A,A,A
24210,A,A,A,A,A,A,A,A,A,A
24211,A,A,A,A,A,A,A,A,A,A
24212,A,A,A,A,A,A,A,A,A,A
24213,A,A,A,A,A,A,A,A,A,A
24214,A,A,A,A,A,A,A,A,A,A
24215,A,A,A,A,A,A,A,A,A,A
24216,A,A,A,A,A,A,A,A,A,A
24217,A,A,A,A,A,A,A,A,A,A
24218,A,A,A,A,A,A,A,A,A,A
24219,A,A,A,A,A,A,A,A,A,A
24220,A,A,A,A,A,A,A,A,A,A
24221,C,C,C,C,C,C,C,C,C,C
24224,C,C,C,C,C,C,C,C,C,C
24232,B,B,B,B,B,B,B,B,B,B
24235,B,B,B,B,B,B,B,B,B,B
24292,C,C,C,C,C,C,C,C,C,C
24293,A,A,A,A,A,A,A,A,A,A
24294,A,A,A,A,A,A,A,A,A,A
24295,A,A,A,A,A,A,A,A,A,A
24296,A,A,A,A,A,A,A,A,A,A
24297,A,A,A,A,A,A,A,A,A,A
24299,A,A,A,A,A,A,A,A,A,A
24300,A,A,A,A,A,A,A,A,A,A
24301,A,A,A,A,A,A,A,A,A,A
24302,A,A,A,A,A,A,A,A,A,A
24303,A,A,A,A,A,A,A,A,A,A
24304,A,A,A,A,A,A,A,A,A,A
24305,A,A,A,A,A,A,A,A,A,A
24306,A,A,A,A,A,A,A,A,A,A
24307,A,A,A,A,A,A,A,A,A,A
24308,A,A,A,A,A,A,A,A,A,A
24309,A,A,A,A,A,A,A,A,A,A
24310,A,A,A,A,A,A,A,A,A,A
24311,A,A,A,A,A,A,A,A,A,A
24312,A,A,A,A,A,A,A,A,A,A
24313,A,A,A,A,A,A,A,A,A,A
24314,A,A,A,A,A,A,A,A,A,A
24315,A,A,A,A,A,A,A,A,A,A
24316,A,A,A,A,A,A,A,A,A,A
24317,A,A,A,A,A,A,A,A,A,A
24318,A,A,A,A,A,A,A,A,A,A
24319,A,A,A,A,A,A,A,A,A,A
24320,D,D,D,D,D,D,D,D,D,D
24321,A,A,A,A,A,A,A,A,A,A
24322,A,A,A,A,A,A,A,A,A,A
24323,A,A,A,A,A,A,A,A,A,A
24324,A,A,A,A,A,A,A,A,A,A
24325,A,A,A,A,A,A,A,A,A,A
24326,A,A,A,A,A,A,A,A,A,A
24327,A,A,A,A,A,A,A,A,A,A
24328,A,A,A,A,A,A,A,A,A,A
24329,A,A,A,A,A,A,A,A,A,A
24330,A,A,A,A,A,A,A,A,A,A
24331,A,A,A,A,A,A,A,A,A,A
24332,A,A,A,A,A,A,A,A,A,A
24333,A,A,A,A,A,A,A,A,A,A
24334,A,A,A,A,A,A,A,A,A,A
24335,A,A,A,A,A,A,A,A,A,A
24336,A,A,A,A,A,A,A,A,A,A
24337,A,A,A,A,A,A,A,A,A,A
24338,A,A,A,A,A,A,A,A,A,A
24339,A,A,A,A,A,A,A,A,A,A
24340,A,A,A,A,A,A,A,A,A,A
24341,A,A,A,A,A,A,A,A,A,A
24342,A,A,A,A,A,A,A,A,A,A
24343,A,A,A,A,A,A,A,A,A,A
24344,A,A,A,A,A,A,A,A,A,A
24345,A,A,A,A,A,A,A,A,A,A
24346,A,A,A,A,A,A,A,A,A,A
24347,A,A,A,A,A,A,A,A,A,A
24348,A,A,A,A,A,A,A,A,A,A
24349,A,A,A,A,A,A,A,A,A,A
24350,A,A,A,A,A,A,A,A,A,A
24351,A,A,A,A,A,A,A,A,A,A
24352,A,A,A,A,A,A,A,A,A,A
24353,A,A,A,A,A,A,A,A,A,A
24354,A,A,A,A,A,A,A,A,A,A
24355,A,A,A,A,A,A,A,A,A,A
24356,A,A,A,A,A,A,A,A,A,A
24357,A,A,A,A,A,A,A,A,A,A
24358,A,A,A,A,A,A,A,A,A,A
24359,A,A,A,A,A,A,A,A,A,A
24360,A,A,A,A,A,A,A,A,A,A
24361,A,A,A,A,A,A,A,A,A,A
24362,A,A,A,A,A,A,A,A,A,A
24363,A,A,A,A,A,A,A,A,A,A
24364,A,A,A,A,A,A,A,A,A,A
24365,A,A,A,A,A,A,A,A,A,A
24366,A,A,A,A,A,A,A,A,A,A
24367,A,A,A,A,A,A,A,A,A,A
24368,A,A,A,A,A,A,A,A,A,A
24369,A,A,A,A,A,A,A,A,A,A
24370,A,A,A,A,A,A,A,A,A,A
24371,A,A,A,A,A,A,A,A,A,A
24372,A,A,A,A,A,A,A,A,A,A
24373,A,A,A,A,A,A,A,A,A,A
24374,A,A,A,A,A,A,A,A,A,A
24375,A,A,A,A,A,A,A,A,A,A
24376,A,A,A,A,A,A,A,A,A,A
24377,A,A,A,A,A,A,A,A,A,A
24378,A,A,A,A,A,A,A,A,A,A
24379,A,A,A,A,A,A,A,A,A,A
24380,A,A,A,A,A,A,A,A,A,A
24381,A,A,A,A,A,A,A,A,A,A
24382,A,A,A,A,A,A,A,A,A,A
24383,A,A,A,A,A,A,A,A,A,A
24384,A,A,A,A,A,A,A,A,A,A
24385,A,A,A,A,A,A,A,A,A,A
24386,A,A,A,A,A,A,A,A,A,A
24387,A,A,A,A,A,A,A,A,A,A
24388,A,A,A,A,A,A,A,A,A,A
24389,A,A,A,A,A,A,A,A,A,A
24390,A,A,A,A,A,A,A,A,A,A
24391,A,A,A,A,A,A,A,A,A,A
24392,A,A,A,A,A,A,A,A,A,A
24393,A,A,A,A,A,A,A,A,A,A
24394,A,A,A,A,A,A,A,A,A,A
24395,A,A,A,A,A,A,A,A,A,A
24396,A,A,A,A,A,A,A,A,A,A
24397,A,A,A,A,A,A,A,A,A,A
24398,A,A,A,A,A,A,A,A,A,A
24399,A,A,A,A,A,A,A,A,A,A
24400,A,A,A,A,A,A,A,A,A,A
24401,A,A,A,A,A,A,A,A,A,A
24402,A,A,A,A,A,A,A,A,A,A
24403,A,A,A,A,A,A,A,A,A,A
24404,A,A,A,A,A,A,A,A,A,A
24405,A,A,A,A,A,A,A,A,A,A
24406,A,A,A,A,A,A,A,A,A,A
24407,A,A,A,A,A,A,A,A,A,A
24408,A,A,A,A,A,A,A,A,A,A
24409,A,A,A,A,A,A,A,A,A,A
24410,A,A,A,A,A,A,A,A,A,A
24411,A,A,A,A,A,A,A,A,A,A
24412,A,A,A,A,A,A,A,A,A,A
24413,A,A,A,A,A,A,A,A,A,A
24414,A,A,A,A,A,A,A,A,A,A
24415,A,A,A,A,A,A,A,A,A,A
24416,A,A,A,A,A,A,A,A,A,A
24417,A,A,A,A,A,A,A,A,A,A
24418,A,A,A,A,A,A,A,A,A,A
24419,A,A,A,A,A,A,A,A,A,A
24420,A,A,A,A,A,A,A,A,A,A
24421,A,A,A,A,A,A,A,A,A,A
24422,A,A,A,A,A,A,A,A,A,A
24423,A,A,A,A,A,A,A,A,A,A
24424,A,A,A,A,A,A,A,A,A,A
24425,A,A,A,A,A,A,A,A,A,A
24426,A,A,A,A,A,A,A,A,A,A
24427,A,A,A,A,A,A,A,A,A,A
24428,A,A,A,A,A,A,A,A,A,A
24429,A,A,A,A,A,A,A,A,A,A
24430,A,A,A,A,A,A,A,A,A,A
24431,A,A,A,A,A,A,A,A,A,A
24432,A,A,A,A,A,A,A,A,A,A
24433,A,A,A,A,A,A,A,A,A,A
24434,A,A,A,A,A,A,A,A,A,A
24435,A,A,A,A,A,A,A,A,A,A
24436,A,A,A,A,A,A,A,A,A,A
24437,A,A,A,A,A,A,A,A,A,A
24438,A,A,A,A,A,A,A,A,A,A
24439,A,A,A,A,A,A,A,A,A,A
24440,A,A,A,A,A,A,A,A,A,A
24441,A,A,A,A,A,A,A,A,A,A
24442,A,A,A,A,A,A,A,A,A,A
24443,A,A,A,A,A,A,A,A,A,A
24444,A,A,A,A,A,A,A,A,A,A
24445,A,A,A,A,A,A,A,A,A,A
24446,A,A,A,A,A,A,A,A,A,A
24447,A,A,A,A,A,A,A,A,A,A
24448,A,A,A,A,A,A,A,A,A,A
24449,A,A,A,A,A,A,A,A,A,A
24450,A,A,A,A,A,A,A,A,A,A
24451,A,A,A,A,A,A,A,A,A,A
24452,A,A,A,A,A,A,A,A,A,A
24453,A,A,A,A,A,A,A,A,A,A
24454,A,A,A,A,A,A,A,A,A,A
24455,A,A,A,A,A,A,A,A,A,A
24456,A,A,A,A,A,A,A,A,A,A
24457,A,A,A,A,A,A,A,A,A,A
24458,A,A,A,A,A,A,A,A,A,A
24459,A,A,A,A,A,A,A,A,A,A
24460,A,A,A,A,A,A,A,A,A,A
24461,A,A,A,A,A,A,A,A,A,A
24462,A,A,A,A,A,A,A,A,A,A
24463,A,A,A,A,A,A,A,A,A,A
24464,A,A,A,A,A,A,A,A,A,A
24465,A,A,A,A,A,A,A,A,A,A
24466,A,A,A,A,A,A,A,A,A,A
24467,A,A,A,A,A,A,A,A,A,A
24468,A,A,A,A,A,A,A,A,A,A
24469,A,A,A,A,A,A,A,A,A,A
24470,A,A,A,A,A,A,A,A,A,A
24471,A,A,A,A,A,A,A,A,A,A
24472,A,A,A,A,A,A,A,A,A,A
24473,A,A,A,A,A,A,A,A,A,A
24474,A,A,A,A,A,A,A,A,A,A
24475,A,A,A,A,A,A,A,A,A,A
24476,A,A,A,A,A,A,A,A,A,A
24477,A,A,A,A,A,A,A,A,A,A
24478,A,A,A,A,A,A,A,A,A,A
24479,A,A,A,A,A,A,A,A,A,A
24480,A,A,A,A,A,A,A,A,A,A
24481,A,A,A,A,A,A,A,A,A,A
24482,A,A,A,A,A,A,A,A,A,A
24483,A,A,A,A,A,A,A,A,A,A
24484,A,A,A,A,A,A,A,A,A,A
24485,A,A,A,A,A,A,A,A,A,A
24486,A,A,A,A,A,A,A,A,A,A
24487,A,A,A,A,A,A,A,A,A,A
24488,A,A,A,A,A,A,A,A,A,A
24489,A,A,A,A,A,A,A,A,A,A
24490,A,A,A,A,A,A,A,A,A,A
24491,A,A,A,A,A,A,A,A,A,A
24492,A,A,A,A,A,A,A,A,A,A
24493,A,A,A,A,A,A,A,A,A,A
24494,A,A,A,A,A,A,A,A,A,A
24495,A,A,A,A,A,A,A,A,A,A
24496,A,A,A,A,A,A,A,A,A,A
24497,A,A,A,A,A,A,A,A,A,A
24498,A,A,A,A,A,A,A,A,A,A
24499,A,A,A,A,A,A,A,A,A,A
24500,A,A,A,A,A,A,A,A,A,A
24501,A,A,A,A,A,A,A,A,A,A
24502,A,A,A,A,A,A,A,A,A,A
24503,A,A,A,A,A,A,A,A,A,A
24504,A,A,A,A,A,A,A,A,A,A
24505,A,A,A,A,A,A,A,A,A,A
24506,A,A,A,A,A,A,A,A,A,A
24507,A,A,A,A,A,A,A,A,A,A
24508,A,A,A,A,A,A,A,A,A,A
24509,A,A,A,A,A,A,A,A,A,A
24510,A,A,A,A,A,A,A,A,A,A
24511,A,A,A,A,A,A,A,A,A,A
24512,A,A,A,A,A,A,A,A,A,A
24513,A,A,A,A,A,A,A,A,A,A
24514,A,A,A,A,A,A,A,A,A,A
24515,A,A,A,A,A,A,A,A,A,A
24516,A,A,A,A,A,A,A,A,A,A
24517,A,A,A,A,A,A,A,A,A,A
24518,A,A,A,A,A,A,A,A,A,A
24519,A,A,A,A,A,A,A,A,A,A
24520,A,A,A,A,A,A,A,A,A,A
24521,A,A,A,A,A,A,A,A,A,A
24522,A,A,A,A,A,A,A,A,A,A
24523,A,A,A,A,A,A,A,A,A,A
24524,A,A,A,A,A,A,A,A,A,A
24525,A,A,A,A,A,A,A,A,A,A
24526,A,A,A,A,A,A,A,A,A,A
24527,A,A,A,A,A,A,A,A,A,A
24528,A,A,A,A,A,A,A,A,A,A
24529,A,A,A,A,A,A,A,A,A,A
24530,A,A,A,A,A,A,A,A,A,A
24531,A,A,A,A,A,A,A,A,A,A
24532,A,A,A,A,A,A,A,A,A,A
24533,A,A,A,A,A,A,A,A,A,A
24534,A,A,A,A,A,A,A,A,A,A
24535,A,A,A,A,A,A,A,A,A,A
24536,A,A,A,A,A,A,A,A,A,A
24537,A,A,A,A,A,A,A,A,A,A
24538,A,A,A,A,A,A,A,A,A,A
24539,A,A,A,A,A,A,A,A,A,A
24540,A,A,A,A,A,A,A,A,A,A
24541,A,A,A,A,A,A,A,A,A,A
24542,A,A,A,A,A,A,A,A,A,A
24543,A,A,A,A,A,A,A,A,A,A
24544,A,A,A,A,A,A,A,A,A,A
24545,A,A,A,A,A,A,A,A,A,A
24546,A,A,A,A,A,A,A,A,A,A
24547,A,A,A,A,A,A,A,A,A,A
24548,A,A,A,A,A,A,A,A,A,A
24549,A,A,A,A,A,A,A,A,A,A
24550,A,A,A,A,A,A,A,A,A,A
24551,A,A,A,A,A,A,A,A,A,A
24552,A,A,A,A,A,A,A,A,A,A
24553,A,A,A,A,A,A,A,A,A,A
24554,A,A,A,A,A,A,A,A,A,A
24555,A,A,A,A,A,A,A,A,A,A
24556,A,A,A,A,A,A,A,A,A,A
24557,A,A,A,A,A,A,A,A,A,A
24558,A,A,A,A,A,A,A,A,A,A
24559,A,A,A,A,A,A,A,A,A,A
24560,A,A,A,A,A,A,A,A,A,A
24561,A,A,A,A,A,A,A,A,A,A
24562,A,A,A,A,A,A,A,A,A,A
24563,A,A,A,A,A,A,A,A,A,A
24564,A,A,A,A,A,A,A,A,A,A
24565,A,A,A,A,A,A,A,A,A,A
24566,A,A,A,A,A,A,A,A,A,A
24567,A,A,A,A,A,A,A,A,A,A
24568,A,A,A,A,A,A,A,A,A,A
24569,A,A,A,A,A,A,A,A,A,A
24570,A,A,A,A,A,A,A,A,A,A
24571,A,A,A,A,A,A,A,A,A,A
24572,A,A,A,A,A,A,A,A,A,A
24573,A,A,A,A,A,A,A,A,A,A
24574,A,A,A,A,A,A,A,A,A,A
24575,A,A,A,A,A,A,A,A,A,A
24576,A,A,A,A,A,A,A,A,A,A
24577,A,A,A,A,A,A,A,A,A,A
24578,A,A,A,A,A,A,A,A,A,A
24579,A,A,A,A,A,A,A,A,A,A
24580,A,A,A,A,A,A,A,A,A,A
24581,A,A,A,A,A,A,A,A,A,A
24582,A,A,A,A,A,A,A,A,A,A
24583,A,A,A,A,A,A,A,A,A,A
24584,A,A,A,A,A,A,A,A,A,A
24585,A,A,A,A,A,A,A,A,A,A
24586,A,A,A,A,A,A,A,A,A,A
24587,A,A,A,A,A,A,A,A,A,A
24588,A,A,A,A,A,A,A,A,A,A
24589,A,A,A,A,A,A,A,A,A,A
24590,A,A,A,A,A,A,A,A,A,A
24591,A,A,A,A,A,A,A,A,A,A
24592,A,A,A,A,A,A,A,A,A,A
24593,A,A,A,A,A,A,A,A,A,A
24594,A,A,A,A,A,A,A,A,A,A
24595,A,A,A,A,A,A,A,A,A,A
24596,A,A,A,A,A,A,A,A,A,A
24597,A,A,A,A,A,A,A,A,A,A
24598,A,A,A,A,A,A,A,A,A,A
24599,A,A,A,A,A,A,A,A,A,A
24600,A,A,A,A,A,A,A,A,A,A
24601,A,A,A,A,A,A,A,A,A,A
24602,A,A,A,A,A,A,A,A,A,A
24603,A,A,A,A,A,A,A,A,A,A
24604,A,A,A,A,A,A,A,A,A,A
24605,A,A,A,A,A,A,A,A,A,A
24606,A,A,A,A,A,A,A,A,A,A
24607,A,A,A,A,A,A,A,A,A,A
24608,A,A,A,A,A,A,A,A,A,A
24609,A,A,A,A,A,A,A,A,A,A
24610,A,A,A,A,A,A,A,A,A,A
24611,A,A,A,A,A,A,A,A,A,A
24612,A,A,A,A,A,A,A,A,A,A
24613,A,A,A,A,A,A,A,A,A,A
24614,A,A,A,A,A,A,A,A,A,A
24615,A,A,A,A,A,A,A,A,A,A
24616,A,A,A,A,A,A,A,A,A,A
24617,A,A,A,A,A,A,A,A,A,A
24618,A,A,A,A,A,A,A,A,A,A
24619,A,A,A,A,A,A,A,A,A,A
24620,A,A,A,A,A,A,A,A,A,A
24621,A,A,A,A,A,A,A,A,A,A
24622,A,A,A,A,A,A,A,A,A,A
24623,A,A,A,A,A,A,A,A,A,A
24624,A,A,A,A,A,A,A,A,A,A
24625,A,A,A,A,A,A,A,A,A,A
24626,A,A,A,A,A,A,A,A,A,A
24627,A,A,A,A,A,A,A,A,A,A
24628,A,A,A,A,A,A,A,A,A,A
24629,A,A,A,A,A,A,A,A,A,A
24630,A,A,A,A,A,A,A,A,A,A
24631,A,A,A,A,A,A,A,A,A,A
24632,A,A,A,A,A,A,A,A,A,A
24633,A,A,A,A,A,A,A,A,A,A
24634,A,A,A,A,A,A,A,A,A,A
24635,A,A,A,A,A,A,A,A,A,A
24636,A,A,A,A,A,A,A,A,A,A
24637,A,A,A,A,A,A,A,A,A,A
24638,A,A,A,A,A,A,A,A,A,A
24639,A,A,A,A,A,A,A,A,A,A
24640,A,A,A,A,A,A,A,A,A,A
24641,A,A,A,A,A,A,A,A,A,A
24642,A,A,A,A,A,A,A,A,A,A
24643,A,A,A,A,A,A,A,A,A,A
24644,A,A,A,A,A,A,A,A,A,A
24645,A,A,A,A,A,A,A,A,A,A
24646,A,A,A,A,A,A,A,A,A,A
24647,A,A,A,A,A,A,A,A,A,A
24648,A,A,A,A,A,A,A,A,A,A
24649,A,A,A,A,A,A,A,A,A,A
24650,I,I,I,O,O,O,O,O,O,O
24651,E,E,E,E,E,E,E,E,E,E
24652,A,A,A,A,A,A,A,A,A,A
24653,A,A,A,A,A,A,A,A,A,A
24654,A,A,A,A,A,A,A,A,A,A
24655,A,A,A,A,A,A,A,A,A,A
24656,A,A,A,A,A,A,A,A,A,A
24657,A,A,A,A,A,A,A,A,A,A
24658,A,A,A,A,A,A,A,A,A,A
24659,A,A,A,A,A,A,A,A,A,A
24660,A,A,A,A,A,A,A,A,A,A
24661,A,A,A,A,A,A,A,A,A,A
24662,A,A,A,A,A,A,A,A,A,A
24663,A,A,A,A,A,A,A,A,A,A
24664,A,A,A,A,A,A,A,A,A,A
24665,A,A,A,A,A,A,A,A,A,A
24666,A,A,A,A,A,A,A,A,A,A
24667,A,A,A,A,A,A,A,A,A,A
24668,A,A,A,A,A,A,A,A,A,A
24669,A,A,A,A,A,A,A,A,A,A
24670,A,A,A,A,A,A,A,A,A,A
24671,A,A,A,A,A,A,A,A,A,A
24672,A,A,A,A,A,A,A,A,A,A
24673,A,A,A,A,A,A,A,A,A,A
24674,A,A,A,A,A,A,A,A,A,A
24675,A,A,A,A,A,A,A,A,A,A
24676,A,A,A,A,A,A,A,A,A,A
24677,I,I,I,I,I,I,I,I,I,I
24678,A,A,A,A,A,A,A,A,A,A
24679,A,A,A,A,A,A,A,A,A,A
24680,A,A,A,A,A,A,A,A,A,A
24681,A,A,A,A,A,A,A,A,A,A
24682,A,A,A,A,A,A,A,A,A,A
24683,A,A,A,A,A,A,A,A,A,A
24684,A,A,A,A,A,A,A,A,A,A
24685,A,A,A,A,A,A,A,A,A,A
24686,A,A,A,A,A,A,A,A,A,A
24687,A,A,A,A,A,A,A,A,A,A
24688,A,A,A,A,A,A,A,A,A,A
24689,A,A,A,A,A,A,A,A,A,A
24690,A,A,A,A,A,A,A,A,A,A
24691,A,A,A,A,A,A,A,A,A,A
24692,A,A,A,A,A,A,A,A,A,A
24693,A,A,A,A,A,A,A,A,A,A
24694,A,A,A,A,A,A,A,A,A,A
24695,A,A,A,A,A,A,A,A,A,A
24696,A,A,A,A,A,A,A,A,A,A
24697,A,A,A,A,A,A,A,A,A,A
24698,A,A,A,A,A,A,A,A,A,A
24699,A,A,A,A,A,A,A,A,A,A
24700,A,A,A,A,A,A,A,A,A,A
24701,A,A,A,A,A,A,A,A,A,A
24702,A,A,A,A,A,A,A,A,A,A
24703,A,A,A,A,A,A,A,A,A,A
24704,A,A,A,A,A,A,A,A,A,A
24705,A,A,A,A,A,A,A,A,A,A
24706,A,A,A,A,A,A,A,A,A,A
24707,A,A,A,A,A,A,A,A,A,A
24708,A,A,A,A,A,A,A,A,A,A
24709,A,A,A,A,A,A,A,A,A,A
24710,A,A,A,A,A,A,A,A,A,A
24711,A,A,A,A,A,A,A,A,A,A
24712,A,A,A,A,A,A,A,A,A,A
24713,A,A,A,A,A,A,A,A,A,A
24714,A,A,A,A,A,A,A,A,A,A
24715,A,A,A,A,A,A,A,A,A,A
24716,A,A,A,A,A,A,A,A,A,A
24717,A,A,A,A,A,A,A,A,A,A
24718,A,A,A,A,A,A,A,A,A,A
24719,A,A,A,A,A,A,A,A,A,A
24720,A,A,A,A,A,A,A,A,A,A
24721,A,A,A,A,A,A,A,A,A,A
24722,A,A,A,A,A,A,A,A,A,A
24723,A,A,A,A,A,A,A,A,A,A
24724,A,A,A,A,A,A,A,A,A,A
24725,A,A,A,A,A,A,A,A,A,A
24726,A,A,A,A,A,A,A,A,A,A
24727,A,A,A,A,A,A,A,A,A,A
24728,A,A,A,A,A,A,A,A,A,A
24729,A,A,A,A,A,A,A,A,A,A
24730,A,A,A,A,A,A,A,A,A,A
24731,A,A,A,A,A,A,A,A,A,A
24732,A,A,A,A,A,A,A,A,A,A
24733,A,A,A,A,A,A,A,A,A,A
24734,A,A,A,A,A,A,A,A,A,A
24735,A,A,A,A,A,A,A,A,A,A
24736,I,I,I,I,I,I,I,I,I,I
24737,A,A,A,A,A,A,A,A,A,A
24738,A,A,A,A,A,A,A,A,A,A
24739,A,A,A,A,A,A,A,A,A,A
24740,A,A,A,A,A,A,A,A,A,A
24741,A,A,A,A,A,A,A,A,A,A
24742,A,A,A,A,A,A,A,A,A,A
24743,A,A,A,A,A,A,A,A,A,A
24744,A,A,A,A,A,A,A,A,A,A
24745,A,A,A,A,A,A,A,A,A,A
24746,A,A,A,A,A,A,A,A,A,A
24747,A,A,A,A,A,A,A,A,A,A
24748,A,A,A,A,A,A,A,A,A,A
24749,A,A,A,A,A,A,A,A,A,A
24750,A,A,A,A,A,A,A,A,A,A
24751,A,A,A,A,A,A,A,A,A,A
24752,A,A,A,A,A,A,A,A,A,A
24753,A,A,A,A,A,A,A,A,A,A
24754,A,A,A,A,A,A,A,A,A,A
24755,A,A,A,A,A,A,A,A,A,A
24756,A,A,A,A,A,A,A,A,A,A
24757,A,A,A,A,A,A,A,A,A,A
24758,A,A,A,A,A,A,A,A,A,A
24759,A,A,A,A,A,A,A,A,A,A
24760,A,A,A,A,A,A,A,A,A,A
24761,A,A,A,A,A,A,A,A,A,A
24762,A,A,A,A,A,A,A,A,A,A
24763,A,A,A,A,A,A,A,A,A,A
24764,A,A,A,A,A,A,A,A,A,A
24765,A,A,A,A,A,A,A,A,A,A
24766,A,A,A,A,A,A,A,A,A,A
24767,A,A,A,A,A,A,A,A,A,A
24768,A,A,A,A,A,A,A,A,A,A
24769,A,A,A,A,A,A,A,A,A,A
24770,A,A,A,A,A,A,A,A,A,A
24771,A,A,A,A,A,A,A,A,A,A
24772,A,A,A,A,A,A,A,A,A,A
24773,A,A,A,A,A,A,A,A,A,A
24774,A,A,A,A,A,A,A,A,A,A
24775,A,A,A,A,A,A,A,A,A,A
24776,A,A,A,A,A,A,A,A,A,A
24777,A,A,A,A,A,A,A,A,A,A
24778,A,A,A,A,A,A,A,A,A,A
24779,A,A,A,A,A,A,A,A,A,A
24780,A,A,A,A,A,A,A,A,A,A
24781,A,A,A,A,A,A,A,A,A,A
24782,A,A,A,A,A,A,A,A,A,A
24783,A,A,A,A,A,A,A,A,A,A
24784,A,A,A,A,A,A,A,A,A,A
24785,A,A,A,A,A,A,A,A,A,A
24786,A,A,A,A,A,A,A,A,A,A
24787,A,A,A,A,A,A,A,A,A,A
24788,A,A,A,A,A,A,A,A,A,A
24789,A,A,A,A,A,A,A,A,A,A
24790,A,A,A,A,A,A,A,A,A,A
24791,A,A,A,A,A,A,A,A,A,A
24792,A,A,A,A,A,A,A,A,A,A
24793,A,A,A,A,A,A,A,A,A,A
24794,A,A,A,A,A,A,A,A,A,A
24795,A,A,A,A,A,A,A,A,A,A
24796,A,A,A,A,A,A,A,A,A,A
24797,A,A,A,A,A,A,A,A,A,A
24798,A,A,A,A,A,A,A,A,A,A
24799,A,A,A,A,A,A,A,A,A,A
24800,A,A,A,A,A,A,A,A,A,A
24801,A,A,A,A,A,A,A,A,A,A
24802,A,A,A,A,A,A,A,A,A,A
24803,A,A,A,A,A,A,A,A,A,A
24804,C,C,C,C,C,C,C,C,C,C
24805,C,C,C,C,C,C,C,C,C,C
24807,L,L,L,L,L,L,L,L,L,L
24808,C,C,C,C,C,C,C,C,C,C
24810,C,C,C,C,C,C,C,C,C,C
24811,D,D,D,D,D,D,D,D,D,D
24812,D,D,D,D,D,D,D,D,D,D
24813,D,D,D,D,D,D,D,D,D,D
24814,D,D,D,D,D,D,D,D,D,D
24817,J,J,J,J,J,J,J,J,J,J
24818,D,D,D,D,D,D,D,D,D,D
24819,D,D,D,D,D,D,D,D,D,D
24820,D,D,D,D,D,D,D,D,D,D
24821,A,A,A,A,A,A,A,A,A,A
24822,A,A,A,A,A,A,A,A,A,A
24823,A,A,A,A,A,A,A,A,A,A
24824,D,D,D,D,D,D,D,D,D,D
24825,A,A,A,A,A,A,A,A,A,A
24826,A,A,A,A,A,A,A,A,A,A
24827,A,A,A,A,A,A,A,A,A,A
24828,A,A,A,A,A,A,A,A,A,A
24829,A,A,A,A,A,A,A,A,A,A
24830,A,A,A,A,A,A,A,A,A,A
24831,A,A,A,A,A,A,A,A,A,A
24832,A,A,A,A,A,A,A,A,A,A
24833,A,A,A,A,A,A,A,A,A,A
24834,A,A,A,A,A,A,A,A,A,A
24835,A,A,A,A,A,A,A,A,A,A
24836,A,A,A,A,A,A,A,A,A,A
24837,A,A,A,A,A,A,A,A,A,A
24838,A,A,A,A,A,A,A,A,A,A
24839,A,A,A,A,A,A,A,A,A,A
24840,A,A,A,A,A,A,A,A,A,A
24841,A,A,A,A,A,A,A,A,A,A
24842,A,A,A,A,A,A,A,A,A,A
24843,A,A,A,A,A,A,A,A,A,A
24844,A,A,A,A,A,A,A,A,A,A
24845,A,A,A,A,A,A,A,A,A,A
24846,A,A,A,A,A,A,A,A,A,A
24847,A,A,A,A,A,A,A,A,A,A
24848,A,A,A,A,A,A,A,A,A,A
24849,A,A,A,A,A,A,A,A,A,A
24850,A,A,A,A,A,A,A,A,A,A
24851,A,A,A,A,A,A,A,A,A,A
24852,A,A,A,A,A,A,A,A,A,A
24853,A,A,A,A,A,A,A,A,A,A
24854,A,A,A,A,A,A,A,A,A,A
24855,A,A,A,A,A,A,A,A,A,A
24856,A,A,A,A,A,A,A,A,A,A
24857,A,A,A,A,A,A,A,A,A,A
24859,A,A,A,A,A,A,A,A,A,A
24860,A,A,A,A,A,A,A,A,A,A
24861,A,A,A,A,A,A,A,A,A,A
24862,A,A,A,A,A,A,A,A,A,A
24863,A,A,A,A,A,A,A,A,A,A
24864,A,A,A,A,A,A,A,A,A,A
24865,A,A,A,A,A,A,A,A,A,A
24866,A,A,A,A,A,A,A,A,A,A
24867,A,A,A,A,A,A,A,A,A,A
24868,A,A,A,A,A,A,A,A,A,A
24869,A,A,A,A,A,A,A,A,A,A
24870,A,A,A,A,A,A,A,A,A,A
24871,A,A,A,A,A,A,A,A,A,A
24872,A,A,A,A,A,A,A,A,A,A
24873,A,A,A,A,A,A,A,A,A,A
24874,A,A,A,A,A,A,A,A,A,A
24875,A,A,A,A,A,A,A,A,A,A
24876,A,A,A,A,A,A,A,A,A,A
24877,A,A,A,A,A,A,A,A,A,A
24878,A,A,A,A,A,A,A,A,A,A
24879,A,A,A,A,A,A,A,A,A,A
24880,A,A,A,A,A,A,A,A,A,A
24881,A,A,A,A,A,A,A,A,A,A
24882,A,A,A,A,A,A,A,A,A,A
24883,A,A,A,A,A,A,A,A,A,A
24884,A,A,A,A,A,A,A,A,A,A
24885,A,A,A,A,A,A,A,A,A,A
24886,A,A,A,A,A,A,A,A,A,A
24887,A,A,A,A,A,A,A,A,A,A
24888,A,A,A,A,A,A,A,A,A,A
24889,A,A,A,A,A,A,A,A,A,A
24890,A,A,A,A,A,A,A,A,A,A
24891,A,A,A,A,A,A,A,A,A,A
24892,A,A,A,A,A,A,A,A,A,A
24893,A,A,A,A,A,A,A,A,A,A
24894,A,A,A,A,A,A,A,A,A,A
24895,A,A,A,A,A,A,A,A,A,A
24896,A,A,A,A,A,A,A,A,A,A
24897,A,A,A,A,A,A,A,A,A,A
24898,A,A,A,A,A,A,A,A,A,A
24899,A,A,A,A,A,A,A,A,A,A
24900,A,A,A,A,A,A,A,A,A,A
24901,A,A,A,A,A,A,A,A,A,A
24902,A,A,A,A,A,A,A,A,A,A
24903,A,A,A,A,A,A,A,A,A,A
24904,A,A,A,A,A,A,A,A,A,A
24905,A,A,A,A,A,A,A,A,A,A
24906,A,A,A,A,A,A,A,A,A,A
24907,A,A,A,A,A,A,A,A,A,A
24908,A,A,A,A,A,A,A,A,A,A
24909,A,A,A,A,A,A,A,A,A,A
24910,A,A,A,A,A,A,A,A,A,A
24911,A,A,A,A,A,A,A,A,A,A
24912,A,A,A,A,A,A,A,A,A,A
24913,A,A,A,A,A,A,A,A,A,A
24914,A,A,A,A,A,A,A,A,A,A
24915,A,A,A,A,A,A,A,A,A,A
24916,A,A,A,A,A,A,A,A,A,A
24917,A,A,A,A,A,A,A,A,A,A
24918,A,A,A,A,A,A,A,A,A,A
24919,A,A,A,A,A,A,A,A,A,A
24920,A,A,A,A,A,A,A,A,A,A
24921,A,A,A,A,A,A,A,A,A,A
24922,A,A,A,A,A,A,A,A,A,A
24923,A,A,A,A,A,A,A,A,A,A
24924,A,A,A,A,A,A,A,A,A,A
24925,A,A,A,A,A,A,A,A,A,A
24926,A,A,A,A,A,A,A,A,A,A
24927,A,A,A,A,A,A,A,A,A,A
24928,A,A,A,A,A,A,A,A,A,A
24929,A,A,A,A,A,A,A,A,A,A
24930,A,A,A,A,A,A,A,A,A,A
24931,A,A,A,A,A,A,A,A,A,A
24932,A,A,A,A,A,A,A,A,A,A
24933,A,A,A,A,A,A,A,A,A,A
24934,A,A,A,A,A,A,A,A,A,A
24935,A,A,A,A,A,A,A,A,A,A
24936,A,A,A,A,A,A,A,A,A,A
24937,A,A,A,A,A,A,A,A,A,A
24938,A,A,A,A,A,A,A,A,A,A
24939,A,A,A,A,A,A,A,A,A,A
24940,A,A,A,A,A,A,A,A,A,A
24941,A,A,A,A,A,A,A,A,A,A
24942,A,A,A,A,A,A,A,A,A,A
24943,A,A,A,A,A,A,A,A,A,A
24944,A,A,A,A,A,A,A,A,A,A
24945,A,A,A,A,A,A,A,A,A,A
24946,A,A,A,A,A,A,A,A,A,A
24947,A,A,A,A,A,A,A,A,A,A
24948,A,A,A,A,A,A,A,A,A,A
24949,A,A,A,A,A,A,A,A,A,A
24950,A,A,A,A,A,A,A,A,A,A
24951,A,A,A,A,A,A,A,A,A,A
24952,A,A,A,A,A,A,A,A,A,A
24953,A,A,A,A,A,A,A,A,A,A
24954,A,A,A,A,A,A,A,A,A,A
24955,A,A,A,A,A,A,A,A,A,A
24956,A,A,A,A,A,A,A,A,A,A
24957,A,A,A,A,A,A,A,A,A,A
24958,A,A,A,A,A,A,A,A,A,A
24959,A,A,A,A,A,A,A,A,A,A
24960,A,A,A,A,A,A,A,A,A,A
24961,A,A,A,A,A,A,A,A,A,A
24962,A,A,A,A,A,A,A,A,A,A
24963,A,A,A,A,A,A,A,A,A,A
24964,A,A,A,A,A,A,A,A,A,A
24965,A,A,A,A,A,A,A,A,A,A
24966,A,A,A,A,A,A,A,A,A,A
24967,A,A,A,A,A,A,A,A,A,A
24968,A,A,A,A,A,A,A,A,A,A
24969,A,A,A,A,A,A,A,A,A,A
24970,A,A,A,A,A,A,A,A,A,A
24971,A,A,A,A,A,A,A,A,A,A
24972,A,A,A,A,A,A,A,A,A,A
24973,A,A,A,A,A,A,A,A,A,A
24974,A,A,A,A,A,A,A,A,A,A
24975,A,A,A,A,A,A,A,A,A,A
24976,A,A,A,A,A,A,A,A,A,A
24977,A,A,A,A,A,A,A,A,A,A
24978,A,A,A,A,A,A,A,A,A,A
24979,A,A,A,A,A,A,A,A,A,A
24980,A,A,A,A,A,A,A,A,A,A
24981,A,A,A,A,A,A,A,A,A,A
24982,A,A,A,A,A,A,A,A,A,A
24983,A,A,A,A,A,A,A,A,A,A
24984,A,A,A,A,A,A,A,A,A,A
24985,A,A,A,A,A,A,A,A,A,A
24986,A,A,A,A,A,A,A,A,A,A
24987,A,A,A,A,A,A,A,A,A,A
24988,A,A,A,A,A,A,A,A,A,A
24989,A,A,A,A,A,A,A,A,A,A
24990,A,A,A,A,A,A,A,A,A,A
24991,A,A,A,A,A,A,A,A,A,A
24992,A,A,A,A,A,A,A,A,A,A
24993,A,A,A,A,A,A,A,A,A,A
24994,A,A,A,A,A,A,A,A,A,A
24995,A,A,A,A,A,A,A,A,A,A
24996,A,A,A,A,A,A,A,A,A,A
24997,A,A,A,A,A,A,A,A,A,A
24999,A,A,A,A,A,A,A,A,A,A
25000,A,A,A,A,A,A,A,A,A,A
25001,A,A,A,A,A,A,A,A,A,A
25002,A,A,A,A,A,A,A,A,A,A
25003,A,A,A,A,A,A,A,A,A,A
25004,A,A,A,A,A,A,A,A,A,A
25005,A,A,A,A,A,A,A,A,A,A
25006,A,A,A,A,A,A,A,A,A,A
25007,A,A,A,A,A,A,A,A,A,A
25008,A,A,A,A,A,A,A,A,A,A
25009,A,A,A,A,A,A,A,A,A,A
25010,A,A,A,A,A,A,A,A,A,A
25011,A,A,A,A,A,A,A,A,A,A
25012,A,A,A,A,A,A,A,A,A,A
25013,A,A,A,A,A,A,A,A,A,A
25014,I,I,I,I,I,I,I,I,I,I
25015,E,E,E,E,E,E,E,E,E,E
25016,I,I,I,I,I,I,I,I,I,I
25017,I,I,I,I,I,I,I,I,I,I
25018,C,C,C,C,C,C,C,C,C,C
25019,C,C,C,C,C,C,C,C,C,C
25020,C,C,C,C,C,C,C,C,C,C
25021,C,C,C,C,C,C,C,C,C,C
25022,C,C,C,C,C,C,C,C,C,C
25023,C,C,C,C,C,C,C,C,C,C
25024,C,C,C,C,C,C,C,C,C,C
25025,C,C,C,C,C,C,C,C,C,C
25026,C,C,C,C,C,C,C,C,C,C
25027,C,C,C,C,C,C,C,C,C,C
25028,C,C,C,C,C,C,C,C,C,C
25029,C,C,C,C,C,C,C,C,C,C
25030,C,C,C,C,C,C,C,C,C,C
25031,C,C,C,C,C,C,C,C,C,C
25032,C,C,C,C,C,C,C,C,C,C
25033,C,C,C,C,C,C,C,C,C,C
25034,C,C,C,C,C,C,C,C,C,C
25035,C,C,C,C,C,C,C,C,C,C
25036,C,C,C,C,C,C,C,C,C,C
25037,C,C,C,C,C,C,C,C,C,C
25039,I,I,I,I,I,I,I,I,I,I
25040,I,I,I,I,I,I,I,I,I,I
25041,A,A,A,A,A,A,A,A,A,A
25042,A,A,A,A,A,A,A,A,A,A
25043,A,A,A,A,A,A,A,A,A,A
25044,A,A,A,A,A,A,A,A,A,A
25045,A,A,A,A,A,A,A,A,A,A
25046,A,A,A,A,A,A,A,A,A,A
25047,A,A,A,A,A,A,A,A,A,A
25048,A,A,A,A,A,A,A,A,A,A
25049,A,A,A,A,A,A,A,A,A,A
25050,A,A,A,A,A,A,A,A,A,A
25051,A,A,A,A,A,A,A,A,A,A
25052,A,A,A,A,A,A,A,A,A,A
25053,A,A,A,A,A,A,A,A,A,A
25054,A,A,A,A,A,A,A,A,A,A
25055,A,A,A,A,A,A,A,A,A,A
25056,A,A,A,A,A,A,A,A,A,A
25057,A,A,A,A,A,A,A,A,A,A
25058,A,A,A,A,A,A,A,A,A,A
25059,A,A,A,A,A,A,A,A,A,A
25060,A,A,A,A,A,A,A,A,A,A
25061,A,A,A,A,A,A,A,A,A,A
25062,A,A,A,A,A,A,A,A,A,A
25063,A,A,A,A,A,A,A,A,A,A
25064,A,A,A,A,A,A,A,A,A,A
25065,A,A,A,A,A,A,A,A,A,A
25066,A,A,A,A,A,A,A,A,A,A
25067,A,A,A,A,A,A,A,A,A,A
25068,A,A,A,A,A,A,A,A,A,A
25069,A,A,A,A,A,A,A,A,A,A
25070,A,A,A,A,A,A,A,A,A,A
25071,A,A,A,A,A,A,A,A,A,A
25072,A,A,A,A,A,A,A,A,A,A
25073,A,A,A,A,A,A,A,A,A,A
25074,A,A,A,A,A,A,A,A,A,A
25075,A,A,A,A,A,A,A,A,A,A
25076,A,A,A,A,A,A,A,A,A,A
25077,A,A,A,A,A,A,A,A,A,A
25078,A,A,A,A,A,A,A,A,A,A
25079,A,A,A,A,A,A,A,A,A,A
25080,A,A,A,A,A,A,A,A,A,A
25081,A,A,A,A,A,A,A,A,A,A
25082,A,A,A,A,A,A,A,A,A,A
25083,A,A,A,A,A,A,A,A,A,A
25084,A,A,A,A,A,A,A,A,A,A
25085,A,A,A,A,A,A,A,A,A,A
25086,A,A,A,A,A,A,A,A,A,A
25087,A,A,A,A,A,A,A,A,A,A
25088,A,A,A,A,A,A,A,A,A,A
25089,A,A,A,A,A,A,A,A,A,A
25090,A,A,A,A,A,A,A,A,A,A
25091,A,A,A,A,A,A,A,A,A,A
25092,A,A,A,A,A,A,A,A,A,A
25093,A,A,A,A,A,A,A,A,A,A
25094,A,A,A,A,A,A,A,A,A,A
25095,A,A,A,A,A,A,A,A,A,A
25096,A,A,A,A,A,A,A,A,A,A
25097,A,A,A,A,A,A,A,A,A,A
25098,A,A,A,A,A,A,A,A,A,A
25099,A,A,A,A,A,A,A,A,A,A
25100,A,A,A,A,A,A,A,A,A,A
25101,A,A,A,A,A,A,A,A,A,A
25102,A,A,A,A,A,A,A,A,A,A
25103,A,A,A,A,A,A,A,A,A,A
25104,A,A,A,A,A,A,A,A,A,A
25105,A,A,A,A,A,A,A,A,A,A
25106,A,A,A,A,A,A,A,A,A,A
25107,A,A,A,A,A,A,A,A,A,A
25108,A,A,A,A,A,A,A,A,A,A
25109,A,A,A,A,A,A,A,A,A,A
25110,A,A,A,A,A,A,A,A,A,A
25111,A,A,A,A,A,A,A,A,A,A
25112,A,A,A,A,A,A,A,A,A,A
25113,A,A,A,A,A,A,A,A,A,A
25114,A,A,A,A,A,A,A,A,A,A
25115,A,A,A,A,A,A,A,A,A,A
25116,A,A,A,A,A,A,A,A,A,A
25117,A,A,A,A,A,A,A,A,A,A
25118,A,A,A,A,A,A,A,A,A,A
25119,A,A,A,A,A,A,A,A,A,A
25120,A,A,A,A,A,A,A,A,A,A
25121,A,A,A,A,A,A,A,A,A,A
25122,A,A,A,A,A,A,A,A,A,A
25123,A,A,A,A,A,A,A,A,A,A
25124,A,A,A,A,A,A,A,A,A,A
25125,A,A,A,A,A,A,A,A,A,A
25126,A,A,A,A,A,A,A,A,A,A
25127,A,A,A,A,A,A,A,A,A,A
25128,A,A,A,A,A,A,A,A,A,A
25129,A,A,A,A,A,A,A,A,A,A
25130,A,A,A,A,A,A,A,A,A,A
25131,A,A,A,A,A,A,A,A,A,A
25132,A,A,A,A,A,A,A,A,A,A
25133,A,A,A,A,A,A,A,A,A,A
25134,A,A,A,A,A,A,A,A,A,A
25135,A,A,A,A,A,A,A,A,A,A
25136,A,A,A,A,A,A,A,A,A,A
25137,A,A,A,A,A,A,A,A,A,A
25138,A,A,A,A,A,A,A,A,A,A
25139,A,A,A,A,A,A,A,A,A,A
25140,A,A,A,A,A,A,A,A,A,A
25141,A,A,A,A,A,A,A,A,A,A
25142,A,A,A,A,A,A,A,A,A,A
25143,A,A,A,A,A,A,A,A,A,A
25144,A,A,A,A,A,A,A,A,A,A
25145,A,A,A,A,A,A,A,A,A,A
25146,A,A,A,A,A,A,A,A,A,A
25147,A,A,A,A,A,A,A,A,A,A
25148,A,A,A,A,A,A,A,A,A,A
25149,A,A,A,A,A,A,A,A,A,A
25150,A,A,A,A,A,A,A,A,A,A
25151,A,A,A,A,A,A,A,A,A,A
25152,A,A,A,A,A,A,A,A,A,A
25153,A,A,A,A,A,A,A,A,A,A
25154,J,J,J,J,J,J,J,J,J,J
25155,I,I,I,O,O,O,O,O,O,O
25156,I,I,I,O,O,O,O,O,O,O
25157,E,E,E,E,E,E,E,E,E,E
25159,E,E,E,E,E,E,E,E,E,E
25160,J,J,J,J,J,J,J,J,J,J
25161,A,A,A,A,A,A,A,A,A,A
25162,A,A,A,A,A,A,A,A,A,A
25163,A,A,A,A,A,A,A,A,A,A
25164,A,A,A,A,A,A,A,A,A,A
25165,A,A,A,A,A,A,A,A,A,A
25166,A,A,A,A,A,A,A,A,A,A
25167,A,A,A,A,A,A,A,A,A,A
25168,I,I,I,I,I,I,I,I,I,I
25169,A,A,A,A,A,A,A,A,A,A
25170,I,I,I,I,I,I,I,I,I,I
25171,A,A,A,A,A,A,A,A,A,A
25172,A,A,A,A,A,A,A,A,A,A
25173,A,A,A,A,A,A,A,A,A,A
25174,A,A,A,A,A,A,A,A,A,A
25175,A,A,A,A,A,A,A,A,A,A
25176,A,A,A,A,A,A,A,A,A,A
25177,A,A,A,A,A,A,A,A,A,A
25178,A,A,A,A,A,A,A,A,A,A
25179,A,A,A,A,A,A,A,A,A,A
25180,A,A,A,A,A,A,A,A,A,A
25181,A,A,A,A,A,A,A,A,A,A
25182,A,A,A,A,A,A,A,A,A,A
25183,A,A,A,A,A,A,A,A,A,A
25184,A,A,A,A,A,A,A,A,A,A
25185,A,A,A,A,A,A,A,A,A,A
25186,A,A,A,A,A,A,A,A,A,A
25187,A,A,A,A,A,A,A,A,A,A
25188,A,A,A,A,A,A,A,A,A,A
25189,A,A,A,A,A,A,A,A,A,A
25190,A,A,A,A,A,A,A,A,A,A
25191,A,A,A,A,A,A,A,A,A,A
25192,A,A,A,A,A,A,A,A,A,A
25193,A,A,A,A,A,A,A,A,A,A
25194,A,A,A,A,A,A,A,A,A,A
25195,A,A,A,A,A,A,A,A,A,A
25196,A,A,A,A,A,A,A,A,A,A
25197,A,A,A,A,A,A,A,A,A,A
25198,A,A,A,A,A,A,A,A,A,A
25199,A,A,A,A,A,A,A,A,A,A
25200,A,A,A,A,A,A,A,A,A,A
25201,I,I,I,I,I,I,I,I,I,I
25202,I,I,I,I,I,I,I,I,I,I
25203,I,I,I,I,I,I,I,I,I,I
25204,B,B,B,B,B,B,B,B,B,B
25205,B,B,B,B,B,B,B,B,B,B
25206,B,B,B,B,B,B,B,B,B,B
25207,B,B,B,B,B,B,B,B,B,B
25208,B,B,B,B,B,B,B,B,B,B
25209,B,B,B,B,B,B,B,B,B,B
25210,B,B,B,B,B,B,B,B,B,B
25211,B,B,B,B,B,B,B,B,B,B
25212,B,B,B,B,B,B,B,B,B,B
25213,B,B,B,B,B,B,B,B,B,B
25214,B,B,B,B,B,B,B,B,B,B
25215,B,B,B,B,B,B,B,B,B,B
25216,B,B,B,B,B,B,B,B,B,B
25217,B,B,B,B,B,B,B,B,B,B
25218,B,B,B,B,B,B,B,B,B,B
25219,B,B,B,B,B,B,B,B,B,B
25220,B,B,B,B,B,B,B,B,B,B
25221,B,B,B,B,B,B,B,B,B,B
25222,B,B,B,B,B,B,B,B,B,B
25223,B,B,B,B,B,B,B,B,B,B
25224,B,B,B,B,B,B,B,B,B,B
25225,B,B,B,B,B,B,B,B,B,B
25226,A,A,A,A,A,A,A,A,A,A
25227,A,A,A,A,A,A,A,A,A,A
25228,A,A,A,A,A,A,A,A,A,A
25229,A,A,A,A,A,A,A,A,A,A
25230,A,A,A,A,A,A,A,A,A,A
25231,A,A,A,A,A,A,A,A,A,A
25232,A,A,A,A,A,A,A,A,A,A
25233,A,A,A,A,A,A,A,A,A,A
25234,A,A,A,A,A,A,A,A,A,A
25235,A,A,A,A,A,A,A,A,A,A
25236,A,A,A,A,A,A,A,A,A,A
25237,A,A,A,A,A,A,A,A,A,A
25238,E,E,E,E,E,E,E,E,E,E
25239,A,A,A,A,A,A,A,A,A,A
25240,A,A,A,A,A,A,A,A,A,A
25241,B,B,B,B,B,B,B,B,B,B
25242,B,B,B,B,B,B,B,B,B,B
25243,B,B,B,B,B,B,B,B,B,B
25244,B,B,B,B,B,B,B,B,B,B
25245,B,B,B,B,B,B,B,B,B,B
25246,E,E,E,E,E,E,E,E,E,E
25247,A,A,A,A,A,A,A,A,A,A
25248,A,A,A,A,A,A,A,A,A,A
25249,B,B,B,B,B,B,B,B,B,B
25250,B,B,B,B,B,B,B,B,B,B
25251,B,B,B,B,B,B,B,B,B,B
25252,B,B,B,B,B,B,B,B,B,B
25253,B,B,B,B,B,B,B,B,B,B
25254,B,B,B,B,B,B,B,B,B,B
25255,B,B,B,B,B,B,B,B,B,B
25256,B,B,B,B,B,B,B,B,B,B
25257,B,B,B,B,B,B,B,B,B,B
25258,B,B,B,B,B,B,B,B,B,B
25259,B,B,B,B,B,B,B,B,B,B
25260,A,A,A,A,A,A,A,A,A,A
25261,A,A,A,A,A,A,A,A,A,A
25262,A,A,A,A,A,A,A,A,A,A
25263,A,A,A,A,A,A,A,A,A,A
25264,A,A,A,A,A,A,A,A,A,A
25265,A,A,A,A,A,A,A,A,A,A
25266,A,A,A,A,A,A,A,A,A,A
25267,A,A,A,A,A,A,A,A,A,A
25268,A,A,A,A,A,A,A,A,A,A
25269,A,A,A,A,A,A,A,A,A,A
25270,A,A,A,A,A,A,A,A,A,A
25271,A,A,A,A,A,A,A,A,A,A
25272,A,A,A,A,A,A,A,A,A,A
25273,A,A,A,A,A,A,A,A,A,A
25274,A,A,A,A,A,A,A,A,A,A
25275,A,A,A,A,A,A,A,A,A,A
25276,A,A,A,A,A,A,A,A,A,A
25277,A,A,A,A,A,A,A,A,A,A
25278,B,B,B,B,B,B,B,B,B,B
25279,B,B,B,B,B,B,B,B,B,B
25280,B,B,B,B,B,B,B,B,B,B
25281,B,B,B,B,B,B,B,B,B,B
25282,B,B,B,B,B,B,B,B,B,B
25283,B,B,B,B,B,B,B,B,B,B
25284,B,B,B,B,B,B,B,B,B,B
25285,B,B,B,B,B,B,B,B,B,B
25286,A,A,A,A,A,A,A,A,A,A
25287,B,B,B,B,B,B,B,B,B,B
25288,B,B,B,B,B,B,B,B,B,B
25289,B,B,B,B,B,B,B,B,B,B
25290,B,B,B,B,B,B,B,B,B,B
25291,B,B,B,B,B,B,B,B,B,B
25292,B,B,B,B,B,B,B,B,B,B
25293,B,B,B,B,B,B,B,B,B,B
25294,B,B,B,B,B,B,B,B,B,B
25295,B,B,B,B,B,B,B,B,B,B
25296,B,B,B,B,B,B,B,B,B,B
25297,B,B,B,B,B,B,B,B,B,B
25298,A,A,A,A,A,A,A,A,A,A
25299,A,A,A,A,A,A,A,A,A,A
25300,A,A,A,A,A,A,A,A,A,A
25301,A,A,A,A,A,A,A,A,A,A
25302,A,A,A,A,A,A,A,A,A,A
25303,A,A,A,A,A,A,A,A,A,A
25304,A,A,A,A,A,A,A,A,A,A
25305,B,B,B,B,B,B,B,B,B,B
25306,A,A,A,A,A,A,A,A,A,B
25307,B,B,B,B,B,B,B,B,B,B
25308,B,B,B,B,B,B,B,B,B,B
25309,B,B,B,B,B,B,B,B,B,B
25310,B,B,B,B,B,B,B,B,B,B
25311,B,B,B,B,B,B,B,B,B,B
25312,B,B,B,B,B,B,B,B,B,B
25313,B,B,B,B,B,B,B,B,B,B
25314,B,B,B,B,B,B,B,B,B,B
25315,B,B,B,B,B,B,B,B,B,B
25316,B,B,B,B,B,B,B,B,B,B
25317,B,B,B,B,B,B,B,B,B,B
25318,B,B,B,B,B,B,B,B,B,B
25319,B,B,B,B,B,B,B,B,B,B
25320,A,A,A,A,A,A,A,A,A,A
25321,A,A,A,A,A,A,A,A,A,A
25322,A,A,A,A,A,A,A,A,A,A
25323,A,A,A,A,A,A,A,A,A,A
25324,A,A,A,A,A,A,A,A,A,A
25325,A,A,A,A,A,A,A,A,A,A
25326,A,A,A,A,A,A,A,A,A,A
25327,A,A,A,A,A,A,A,A,A,A
25328,A,A,A,A,A,A,A,A,A,A
25329,A,A,A,A,A,A,A,A,A,A
25330,A,A,A,A,A,A,A,A,A,A
25331,A,A,A,A,A,A,A,A,A,A
25332,A,A,A,A,A,A,A,A,A,A
25337,A,A,A,A,A,A,A,A,A,A
25338,A,A,A,A,A,A,A,A,A,A
25339,A,A,A,A,A,A,A,A,A,A
25340,A,A,A,A,A,A,A,A,A,A
25341,A,A,A,A,A,A,A,A,A,A
25342,A,A,A,A,A,A,A,A,A,A
25343,A,A,A,A,A,A,A,A,A,A
25344,B,B,B,B,B,B,B,B,B,B
25346,B,B,B,B,B,B,B,B,B,B
25347,B,B,B,B,B,B,B,B,B,B
25348,B,B,B,B,B,B,B,B,B,B
25349,B,B,B,B,B,B,B,B,B,B
25351,B,B,B,B,B,B,B,B,B,B
25352,B,B,B,B,B,B,B,B,B,B
25353,B,B,B,B,B,B,B,B,B,B
25354,A,A,A,A,A,A,A,A,A,A
25355,B,B,B,B,B,B,B,B,B,B
25356,B,B,B,B,B,B,B,B,B,B
25357,B,B,B,B,B,B,B,B,B,B
25358,B,B,B,B,B,B,B,B,B,B
25359,B,B,B,B,B,B,B,B,B,B
25360,B,B,B,B,B,B,B,B,B,B
25361,B,B,B,B,B,B,B,B,B,B
25362,B,B,B,B,B,B,B,B,B,B
25363,B,B,B,B,B,B,B,B,B,B
25364,A,A,A,A,A,A,A,A,A,A
25365,A,A,A,A,A,A,A,A,A,A
25366,A,A,A,A,A,A,A,A,A,A
25367,A,A,A,A,A,A,A,A,A,A
25368,A,A,A,A,A,A,A,A,A,A
25369,A,A,A,A,A,A,A,A,A,A
25370,A,A,A,A,A,A,A,A,A,A
25371,B,B,B,B,B,B,B,B,B,B
25372,A,A,A,A,A,A,A,A,A,A
25373,A,A,A,A,A,A,A,A,A,A
25374,A,A,A,A,A,A,A,A,A,A
25375,A,A,A,A,A,A,A,A,A,A
25376,A,A,A,A,A,A,A,A,A,A
25377,A,A,A,A,A,A,A,A,A,A
25378,B,B,B,B,B,B,B,B,B,B
25379,B,B,B,B,B,B,B,B,B,B
25380,B,B,B,B,B,B,B,B,B,B
25381,B,B,B,B,B,B,B,B,B,B
25382,B,B,B,B,B,B,B,B,B,B
25383,A,A,A,A,A,A,A,A,A,A
25384,A,A,A,A,A,A,A,A,A,A
25385,A,A,A,A,A,A,A,A,A,A
25386,A,A,A,A,A,A,A,A,A,A
25387,A,A,A,A,A,A,A,A,A,A
25388,A,A,A,A,A,A,A,A,A,A
25389,A,A,A,A,A,A,A,A,A,A
25390,A,A,A,A,A,A,A,A,A,A
25391,A,A,A,A,A,A,A,A,A,A
25392,A,A,A,A,A,A,A,A,A,A
25393,A,A,A,A,A,A,A,A,A,A
25394,A,A,A,A,A,A,A,A,A,A
25395,I,I,I,I,I,I,I,I,I,I
25396,I,I,I,I,I,I,I,I,I,I
25397,I,I,I,I,I,I,I,I,I,I
25398,A,A,A,A,A,A,A,A,A,A
25399,A,A,A,A,A,A,A,A,A,A
25400,A,A,A,A,A,A,A,A,A,A
25401,A,A,A,A,A,A,A,A,A,A
25402,A,A,A,A,A,A,A,A,A,A
25403,A,A,A,A,A,A,A,A,A,A
25404,B,B,B,B,B,B,B,B,B,B
25405,A,A,A,A,A,A,A,A,A,A
25406,A,A,A,A,A,A,A,A,A,A
25407,A,A,A,A,A,A,A,A,A,A
25408,B,B,B,B,B,B,B,B,B,B
25409,B,B,B,B,B,B,B,B,B,B
25410,B,B,B,B,B,B,B,B,B,B
25411,B,B,B,B,B,B,B,B,B,B
25412,B,B,B,B,B,B,B,B,B,B
25413,B,B,B,B,B,B,B,B,B,B
25414,B,B,B,B,B,B,B,B,B,B
25415,A,A,A,A,A,A,A,A,A,B
25416,A,A,A,A,A,A,A,A,A,B
25417,A,A,A,A,A,A,A,A,A,B
25418,A,A,A,A,A,A,A,A,A,B
25419,A,A,A,A,A,A,A,A,A,B
25420,A,A,A,A,A,A,A,A,A,B
25421,A,A,A,A,A,A,A,A,A,B
25422,A,A,A,A,A,A,A,A,A,B
25423,A,A,A,A,A,A,A,A,A,B
25424,A,A,A,A,A,A,A,A,A,B
25425,A,A,A,A,A,A,A,A,A,B
25426,A,A,A,A,A,A,A,A,A,B
25427,A,A,A,A,A,A,A,A,A,B
25428,A,A,A,A,A,A,A,A,A,B
25429,A,A,A,A,A,A,A,A,A,B
25430,A,A,A,A,A,A,A,A,A,A
25431,A,A,A,A,A,A,A,A,A,A
25432,A,A,A,A,A,A,A,A,A,A
25433,A,A,A,A,A,A,A,A,A,A
25434,A,A,A,A,A,A,A,A,A,A
25435,A,A,A,A,A,A,A,A,A,A
25436,A,A,A,A,A,A,A,A,A,A
25437,A,A,A,A,A,A,A,A,A,A
25438,A,A,A,A,A,A,A,A,A,A
25439,A,A,A,A,A,A,A,A,A,A
25440,A,A,A,A,A,A,A,A,A,A
25441,A,A,A,A,A,A,A,A,A,A
25442,A,A,A,A,A,A,A,A,A,A
25443,A,A,A,A,A,A,A,A,A,A
25444,A,A,A,A,A,A,A,A,A,A
25445,A,A,A,A,A,A,A,A,A,A
25446,A,A,A,A,A,A,A,A,A,A
25447,B,B,B,B,B,B,B,B,B,B
25448,A,A,A,A,A,A,A,A,A,A
25449,B,B,B,B,B,B,B,B,B,B
25450,B,B,B,B,B,B,B,B,B,B
25451,B,B,B,B,B,B,B,B,B,B
25452,B,B,B,B,B,B,B,B,B,B
25453,B,B,B,B,B,B,B,B,B,B
25454,B,B,B,B,B,B,B,B,B,B
25455,B,B,B,B,B,B,B,B,B,B
25456,A,A,A,A,A,A,A,A,A,A
25457,A,A,A,A,A,A,A,A,A,A
25458,A,A,A,A,A,A,A,A,A,A
25460,B,B,B,B,B,B,B,B,B,B
25461,B,B,B,B,B,B,B,B,B,B
25462,B,B,B,B,B,B,B,B,B,B
25463,B,B,B,B,B,B,B,B,B,B
25464,B,B,B,B,B,B,B,B,B,B
25465,B,B,B,B,B,B,B,B,B,B
25466,B,B,B,B,B,B,B,B,B,B
25467,B,B,B,B,B,B,B,B,B,B
25468,B,B,B,B,B,B,B,B,B,B
25469,B,B,B,B,B,B,B,B,B,B
25470,B,B,B,B,B,B,B,B,B,B
25471,B,B,B,B,B,B,B,B,B,B
25472,A,A,A,A,A,A,A,A,A,A
25473,A,A,A,A,A,A,A,A,A,A
25474,A,A,A,A,A,A,A,A,A,A
25475,A,A,A,A,A,A,A,A,A,A
25476,B,B,B,B,B,B,B,B,B,B
25477,A,A,A,A,A,A,A,A,A,A
25478,A,A,A,A,A,A,A,A,A,A
25479,A,A,A,A,A,A,A,A,A,A
25480,A,A,A,A,A,A,A,A,A,A
25481,A,A,A,A,A,A,A,A,A,A
25482,A,A,A,A,A,A,A,A,A,A
25483,A,A,A,A,A,A,A,A,A,A
25484,A,A,A,A,A,A,A,A,A,A
25485,A,A,A,A,A,A,A,A,A,A
25486,A,A,A,A,A,A,A,A,A,A
25487,A,A,A,A,A,A,A,A,A,A
25488,A,A,A,A,A,A,A,A,A,A
25489,A,A,A,A,A,A,A,A,A,A
25490,B,B,B,B,B,B,B,B,B,B
25491,B,B,B,B,B,B,B,B,B,B
25492,B,B,B,B,B,B,B,B,B,B
25493,B,B,B,B,B,B,B,B,B,B
25494,B,B,B,B,B,B,B,B,B,B
25495,B,B,B,B,B,B,B,B,B,B
25496,B,B,B,B,B,B,B,B,B,B
25497,A,A,A,A,A,A,A,A,A,A
25498,B,B,B,B,B,B,B,B,B,B
25499,B,B,B,B,B,B,B,B,B,B
25500,B,B,B,B,B,B,B,B,B,B
25501,A,A,A,A,A,A,A,A,A,A
25502,A,A,A,A,A,A,A,A,A,A
25503,A,A,A,A,A,A,A,A,A,A
25504,A,A,A,A,A,A,A,A,A,A
25505,B,B,B,B,A,A,A,A,A,A
25506,A,A,A,A,A,A,A,A,A,A
25507,A,A,A,A,A,A,A,A,A,A
25508,A,A,A,A,A,A,A,A,A,A
25509,A,A,A,A,A,A,A,A,A,A
25510,B,B,B,B,B,B,B,B,B,B
25511,A,A,A,A,A,A,A,A,A,A
25512,E,E,E,E,E,E,E,E,E,E
25513,A,A,A,A,A,A,A,A,A,A
25514,A,A,A,A,A,A,A,A,A,A
25515,A,A,A,A,A,A,A,A,A,A
25516,A,A,A,A,A,A,A,A,A,A
25517,A,A,A,A,A,A,A,A,A,A
25518,A,A,A,A,A,A,A,A,A,A
25519,A,A,A,A,A,A,A,A,A,A
25520,A,A,A,A,A,A,A,A,A,A
25521,A,A,A,A,A,A,A,A,A,A
25522,A,A,A,A,A,A,A,A,A,A
25523,A,A,A,A,A,A,A,A,A,A
25524,A,A,A,A,A,A,A,A,A,A
25525,A,A,A,A,A,A,A,A,A,A
25526,A,A,A,A,A,A,A,A,A,A
25527,A,A,A,A,A,A,A,A,A,A
25528,A,A,A,A,A,A,A,A,A,A
25529,A,A,A,A,A,A,A,A,A,A
25530,A,A,A,A,A,A,A,A,A,A
25531,A,A,A,A,A,A,A,A,A,A
25532,A,A,A,A,A,A,A,A,A,A
25533,A,A,A,A,A,A,A,A,A,A
25534,A,A,A,A,A,A,A,A,A,A
25535,A,A,A,A,A,A,A,A,A,A
25536,A,A,A,A,A,A,A,A,A,A
25537,A,A,A,A,A,A,A,A,A,A
25538,A,A,A,A,A,A,A,A,A,A
25539,A,A,A,A,A,A,A,A,A,A
25540,A,A,A,A,A,A,A,A,A,A
25541,A,A,A,A,A,A,A,A,A,A
25542,A,A,A,A,A,A,A,A,A,A
25543,A,A,A,A,A,A,A,A,A,A
25544,A,A,A,A,A,A,A,A,A,A
25545,A,A,A,A,A,A,A,A,A,A
25546,A,A,A,A,A,A,A,A,A,A
25547,A,A,A,A,A,A,A,A,A,A
25548,A,A,A,A,A,A,A,A,A,A
25549,A,A,A,A,A,A,A,A,A,A
25550,A,A,A,A,A,A,A,A,A,A
25551,A,A,A,A,A,A,A,A,A,A
25552,I,I,I,O,O,O,O,O,O,O
25553,A,A,A,A,A,A,A,A,A,A
25554,A,A,A,A,A,A,A,A,A,A
25555,A,A,A,A,A,A,A,A,A,A
25556,A,A,A,A,A,A,A,A,A,A
25557,A,A,A,A,A,A,A,A,A,A
25558,A,A,A,A,A,A,A,A,A,A
25559,A,A,A,A,A,A,A,A,A,A
25560,A,A,A,A,A,A,A,A,A,A
25561,A,A,A,A,A,A,A,A,A,A
25562,A,A,A,A,A,A,A,A,A,A
25563,A,A,A,A,A,A,A,A,A,A
25564,A,A,A,A,A,A,A,A,A,A
25565,A,A,A,A,A,A,A,A,A,A
25566,A,A,A,A,A,A,A,A,A,A
25567,A,A,A,A,A,A,A,A,A,A
25568,A,A,A,A,A,A,A,A,A,A
25569,A,A,A,A,A,A,A,A,A,A
25570,A,A,A,A,A,A,A,A,A,A
25571,A,A,A,A,A,A,A,A,A,A
25572,A,A,A,A,A,A,A,A,A,A
25573,A,A,A,A,A,A,A,A,A,A
25574,A,A,A,A,A,A,A,A,A,A
25575,A,A,A,A,A,A,A,A,A,A
25576,A,A,A,A,A,A,A,A,A,A
25577,A,A,A,A,A,A,A,A,A,A
25578,A,A,A,A,A,A,A,A,A,A
25579,A,A,A,A,A,A,A,A,A,A
25580,A,A,A,A,A,A,A,A,A,A
25581,A,A,A,A,A,A,A,A,A,A
25582,A,A,A,A,A,A,A,A,A,A
25583,A,A,A,A,A,A,A,A,A,A
25584,A,A,A,A,A,A,A,A,A,A
25585,A,A,A,A,A,A,A,A,A,A
25586,A,A,A,A,A,A,A,A,A,A
25587,A,A,A,A,A,A,A,A,A,A
25588,A,A,A,A,A,A,A,A,A,A
25624,A,A,A,A,A,A,A,A,A,A
25637,G,G,G,G,G,G,G,G,G,G
25638,G,G,G,G,G,G,G,G,G,G
25639,G,G,G,G,G,G,G,G,G,G
25640,E,E,E,E,E,E,E,E,E,E
25641,E,E,E,E,E,E,E,E,E,E
25642,A,A,A,A,A,A,A,A,A,A
25643,E,E,E,E,E,E,E,E,E,E
25644,A,A,A,A,A,A,A,A,A,A
25645,A,A,A,A,A,A,A,A,A,A
25646,A,A,A,A,A,A,A,A,A,A
25647,A,A,A,A,A,A,A,A,A,A
25648,A,A,A,A,A,A,A,A,A,A
25649,A,A,A,A,A,A,A,A,A,A
25650,A,A,A,A,A,A,A,A,A,A
25651,J,J,J,J,J,J,J,J,J,J
25652,A,A,A,A,A,A,A,A,A,A
25653,A,A,A,A,A,A,A,A,A,A
25654,A,A,A,A,A,A,A,A,A,A
25655,A,A,A,A,A,A,A,A,A,A
25656,A,A,A,A,A,A,A,A,A,A
25657,A,A,A,A,A,A,A,A,A,A
25658,A,A,A,A,A,A,A,A,A,A
25659,A,A,A,A,A,A,A,A,A,A
25660,A,A,A,A,A,A,A,A,A,A
25661,A,A,A,A,A,A,A,A,A,A
25662,A,A,A,A,A,A,A,A,A,A
25663,A,A,A,A,A,A,A,A,A,A
25664,A,A,A,A,A,A,A,A,A,A
25665,A,A,A,A,A,A,A,A,A,A
25666,A,A,A,A,A,A,A,A,A,A
25667,A,A,A,A,A,A,A,A,A,A
25668,A,A,A,A,A,A,A,A,A,A
25669,A,A,A,A,A,A,A,A,A,A
25670,A,A,A,A,A,A,A,A,A,A
25671,A,A,A,A,A,A,A,A,A,A
25672,A,A,A,A,A,A,A,A,A,A
25673,A,A,A,A,A,A,A,A,A,A
25674,A,A,A,A,A,A,A,A,A,A
25675,A,A,A,A,A,A,A,A,A,A
25676,A,A,A,A,A,A,A,A,A,A
25677,A,A,A,A,A,A,A,A,A,A
25678,A,A,A,A,A,A,A,A,A,A
25679,A,A,A,A,A,A,A,A,A,A
25680,A,A,A,A,A,A,A,A,A,A
25681,A,A,A,A,A,A,A,A,A,A
25682,A,A,A,A,A,A,A,A,A,A
25683,A,A,A,A,A,A,A,A,A,A
25684,A,A,A,A,A,A,A,A,A,A
25685,A,A,A,A,A,A,A,A,A,A
25686,A,A,A,A,A,A,A,A,A,A
25687,A,A,A,A,A,A,A,A,A,A
25688,A,A,A,A,A,A,A,A,A,A
25689,A,A,A,A,A,A,A,A,A,A
25690,A,A,A,A,A,A,A,A,A,A
25691,A,A,A,A,A,A,A,A,A,A
25692,A,A,A,A,A,A,A,A,A,A
25693,A,A,A,A,A,A,A,A,A,A
25694,A,A,A,A,A,A,A,A,A,A
25695,A,A,A,A,A,A,A,A,A,A
25696,A,A,A,A,A,A,A,A,A,A
25697,A,A,A,A,A,A,A,A,A,A
25698,A,A,A,A,A,A,A,A,A,A
25699,A,A,A,A,A,A,A,A,A,A
25700,A,A,A,A,A,A,A,A,A,A
25701,A,A,A,A,A,A,A,A,A,A
25702,A,A,A,A,A,A,A,A,A,A
25703,A,A,A,A,A,A,A,A,A,A
25704,A,A,A,A,A,A,A,A,A,A
25705,A,A,A,A,A,A,A,A,A,A
25706,A,A,A,A,A,A,A,A,A,A
25707,A,A,A,A,A,A,A,A,A,A
25708,A,A,A,A,A,A,A,A,A,A
25709,A,A,A,A,A,A,A,A,A,A
25710,A,A,A,A,A,A,A,A,A,A
25711,A,A,A,A,A,A,A,A,A,A
25712,A,A,A,A,A,A,A,A,A,A
25713,A,A,A,A,A,A,A,A,A,A
25714,A,A,A,A,A,A,A,A,A,A
25715,A,A,A,A,A,A,A,A,A,A
25716,A,A,A,A,A,A,A,A,A,A
25717,A,A,A,A,A,A,A,A,A,A
25718,A,A,A,A,A,A,A,A,A,A
25719,A,A,A,A,A,A,A,A,A,A
25720,A,A,A,A,A,A,A,A,A,A
25721,A,A,A,A,A,A,A,A,A,A
25722,A,A,A,A,A,A,A,A,A,A
25723,A,A,A,A,A,A,A,A,A,A
25724,A,A,A,A,A,A,A,A,A,A
25725,A,A,A,A,A,A,A,A,A,A
25726,A,A,A,A,A,A,A,A,A,A
25727,A,A,A,A,A,A,A,A,A,A
25728,A,A,A,A,A,A,A,A,A,A
25729,A,A,A,A,A,A,A,A,A,A
25730,A,A,A,A,A,A,A,A,A,A
25731,A,A,A,A,A,A,A,A,A,A
25732,A,A,A,A,A,A,A,A,A,A
25733,A,A,A,A,A,A,A,A,A,A
25734,A,A,A,A,A,A,A,A,A,A
25735,A,A,A,A,A,A,A,A,A,A
25736,A,A,A,A,A,A,A,A,A,A
25737,A,A,A,A,A,A,A,A,A,A
25738,A,A,A,A,A,A,A,A,A,A
25739,A,A,A,A,A,A,A,A,A,A
25740,A,A,A,A,A,A,A,A,A,A
25741,A,A,A,A,A,A,A,A,A,A
25742,A,A,A,A,A,A,A,A,A,A
25743,A,A,A,A,A,A,A,A,A,A
25744,A,A,A,A,A,A,A,A,A,A
25745,A,A,A,A,A,A,A,A,A,A
25746,A,A,A,A,A,A,A,A,A,A
25747,A,A,A,A,A,A,A,A,A,A
25748,A,A,A,A,A,A,A,A,A,A
25749,A,A,A,A,A,A,A,A,A,A
25750,A,A,A,A,A,A,A,A,A,A
25751,A,A,A,A,A,A,A,A,A,A
25752,A,A,A,A,A,A,A,A,A,A
25753,A,A,A,A,A,A,A,A,A,A
25754,A,A,A,A,A,A,A,A,A,A
25755,A,A,A,A,A,A,A,A,A,A
25756,A,A,A,A,A,A,A,A,A,A
25757,A,A,A,A,A,A,A,A,A,A
25758,A,A,A,A,A,A,A,A,A,A
25759,A,A,A,A,A,A,A,A,A,A
25760,A,A,A,A,A,A,A,A,A,A
25761,A,A,A,A,A,A,A,A,A,A
25762,A,A,A,A,A,A,A,A,A,A
25763,A,A,A,A,A,A,A,A,A,A
25764,A,A,A,A,A,A,A,A,A,A
25765,A,A,A,A,A,A,A,A,A,A
25766,A,A,A,A,A,A,A,A,A,A
25767,A,A,A,A,A,A,A,A,A,A
25768,A,A,A,A,A,A,A,A,A,A
25769,A,A,A,A,A,A,A,A,A,A
25770,A,A,A,A,A,A,A,A,A,A
25771,A,A,A,A,A,A,A,A,A,A
25772,A,A,A,A,A,A,A,A,A,A
25773,A,A,A,A,A,A,A,A,A,A
25774,A,A,A,A,A,A,A,A,A,A
25775,A,A,A,A,A,A,A,A,A,A
25776,A,A,A,A,A,A,A,A,A,A
25777,A,A,A,A,A,A,A,A,A,A
25778,A,A,A,A,A,A,A,A,A,A
25779,A,A,A,A,A,A,A,A,A,A
25780,A,A,A,A,A,A,A,A,A,A
25781,A,A,A,A,A,A,A,A,A,A
25782,A,A,A,A,A,A,A,A,A,A
25783,A,A,A,A,A,A,A,A,A,A
25784,A,A,A,A,A,A,A,A,A,A
25785,A,A,A,A,A,A,A,A,A,A
25786,A,A,A,A,A,A,A,A,A,A
25787,A,A,A,A,A,A,A,A,A,A
25788,A,A,A,A,A,A,A,A,A,A
25789,A,A,A,A,A,A,A,A,A,A
25790,A,A,A,A,A,A,A,A,A,A
25791,A,A,A,A,A,A,A,A,A,A
25792,A,A,A,A,A,A,A,A,A,A
25793,A,A,A,A,A,A,A,A,A,A
25794,A,A,A,A,A,A,A,A,A,A
25795,A,A,A,A,A,A,A,A,A,A
25796,A,A,A,A,A,A,A,A,A,A
25797,A,A,A,A,A,A,A,A,A,A
25798,A,A,A,A,A,A,A,A,A,A
25799,A,A,A,A,A,A,A,A,A,A
25800,A,A,A,A,A,A,A,A,A,A
25801,A,A,A,A,A,A,A,A,A,A
25802,A,A,A,A,A,A,A,A,A,A
25803,A,A,A,A,A,A,A,A,A,A
25804,A,A,A,A,A,A,A,A,A,A
25805,A,A,A,A,A,A,A,A,A,A
25806,A,A,A,A,A,A,A,A,A,A
25807,L,L,L,L,L,L,L,L,L,L
25808,A,A,A,A,A,A,A,A,A,A
25809,A,A,A,A,A,A,A,A,A,A
25810,A,A,A,A,A,A,A,A,A,A
25811,A,A,A,A,A,A,A,A,A,A
25812,A,A,A,A,A,A,A,A,A,A
25813,A,A,A,A,A,A,A,A,A,A
25814,A,A,A,A,A,A,A,A,A,A
25815,A,A,A,A,A,A,A,A,A,A
25816,A,A,A,A,A,A,A,A,A,A
25817,A,A,A,A,A,A,A,A,A,A
25818,A,A,A,A,A,A,A,A,A,A
25819,A,A,A,A,A,A,A,A,A,A
25820,A,A,A,A,A,A,A,A,A,A
25821,A,A,A,A,A,A,A,A,A,A
25822,A,A,A,A,A,A,A,A,A,A
25823,A,A,A,A,A,A,A,A,A,A
25824,A,A,A,A,A,A,A,A,A,A
25825,A,A,A,A,A,A,A,A,A,A
25826,A,A,A,A,A,A,A,A,A,A
25827,A,A,A,A,A,A,A,A,A,A
25828,A,A,A,A,A,A,A,A,A,A
25829,A,A,A,A,A,A,A,A,A,A
25830,A,A,A,A,A,A,A,A,A,A
25831,A,A,A,A,A,A,A,A,A,A
25832,A,A,A,A,A,A,A,A,A,A
25833,A,A,A,A,A,A,A,A,A,A
25834,A,A,A,A,A,A,A,A,A,A
25835,A,A,A,A,A,A,A,A,A,A
25836,A,A,A,A,A,A,A,A,A,A
25837,A,A,A,A,A,A,A,A,A,A
25838,L,L,#N/A,#N/A,#N/A,#N/A,#N/A,#N/A,#N/A,M
25839,A,A,A,A,A,A,A,A,A,A
25840,A,A,A,A,A,A,A,A,A,A
25841,A,A,A,A,A,A,A,A,A,A
25842,A,A,A,A,A,A,A,A,A,A
25843,A,A,A,A,A,A,A,A,A,A
25844,A,A,A,A,A,A,A,A,A,A
25845,A,A,A,A,A,A,A,A,A,A
25846,A,A,A,A,A,A,A,A,A,A
25847,A,A,A,A,A,A,A,A,A,A
25848,A,A,A,A,A,A,A,A,A,A
25849,A,A,A,A,A,A,A,A,A,A
25850,A,A,A,A,A,A,A,A,A,A
25851,A,A,A,A,A,A,A,A,A,A
25852,L,L,L,L,L,L,L,L,L,L
25853,A,A,A,A,A,A,A,A,A,A
25854,A,A,A,A,A,A,A,A,A,A
25855,A,A,A,A,A,A,A,A,A,A
25856,A,A,A,A,A,A,A,A,A,A
25857,A,A,A,A,A,A,A,A,A,A
25858,A,A,A,A,A,A,A,A,A,A
25859,A,A,A,A,A,A,A,A,A,A
25860,A,A,A,A,A,A,A,A,A,A
25861,A,A,A,A,A,A,A,A,A,A
25862,A,A,A,A,A,A,A,A,A,A
25863,A,A,A,A,A,A,A,A,A,A
25864,A,A,A,A,A,A,A,A,A,A
25865,A,A,A,A,A,A,A,A,A,A
25866,A,A,A,A,A,A,A,A,A,A
25867,A,A,A,A,A,A,A,A,A,A
25868,A,A,A,A,A,A,A,A,A,A
25869,A,A,A,A,A,A,A,A,A,A
25870,A,A,A,A,A,A,A,A,A,A
25871,A,A,A,A,A,A,A,A,A,A
25872,A,A,A,A,A,A,A,A,A,A
25873,A,A,A,A,A,A,A,A,A,A
25874,A,A,A,A,A,A,A,A,A,A
25875,A,A,A,A,A,A,A,A,A,A
25876,A,A,A,A,A,A,A,A,A,A
25877,A,A,A,A,A,A,A,A,A,A
25878,A,A,A,A,A,A,A,A,A,A
25879,A,A,A,A,A,A,A,A,A,A
25880,A,A,A,A,A,A,A,A,A,A
25881,A,A,A,A,A,A,A,A,A,A
25882,E,E,E,E,E,E,E,E,E,E
25883,A,A,A,A,A,A,A,A,A,A
25884,A,A,A,A,A,A,A,A,A,A
25885,A,A,A,A,A,A,A,A,A,A
25886,A,A,A,A,A,A,A,A,A,A
25887,A,A,A,A,A,A,A,A,A,A
25888,A,A,A,A,A,A,A,A,A,A
25889,A,A,A,A,A,A,A,A,A,A
25890,A,A,A,A,A,A,A,A,A,A
25891,A,A,A,A,A,A,A,A,A,A
25892,A,A,A,A,A,A,A,A,A,A
25893,A,A,A,A,A,A,A,A,A,A
25894,A,A,A,A,A,A,A,A,A,A
25895,A,A,A,A,A,A,A,A,A,A
25896,A,A,A,A,A,A,A,A,A,A
25897,A,A,A,A,A,A,A,A,A,A
25898,A,A,A,A,A,A,A,A,A,A
25899,A,A,A,A,A,A,A,A,A,A
25900,A,A,A,A,A,A,A,A,A,A
25901,A,A,A,A,A,A,A,A,A,A
25902,A,A,A,A,A,A,A,A,A,A
25903,A,A,A,A,A,A,A,A,A,A
25904,A,A,A,A,A,A,A,A,A,A
25905,A,A,A,A,A,A,A,A,A,A
25906,A,A,A,A,A,A,A,A,A,A
25907,A,A,A,A,A,A,A,A,A,A
25908,A,A,A,A,A,A,A,A,A,A
25909,A,A,A,A,A,A,A,A,A,A
25910,A,A,A,A,A,A,A,A,A,A
25911,A,A,A,A,A,A,A,A,A,A
25912,A,A,A,A,A,A,A,A,A,A
25913,A,A,A,A,A,A,A,A,A,A
25914,A,A,A,A,A,A,A,A,A,A
25915,A,A,A,A,A,A,A,A,A,A
25916,A,A,A,A,A,A,A,A,A,A
25917,A,A,A,A,A,A,A,A,A,A
25918,A,A,A,A,A,A,A,A,A,A
25919,A,A,A,A,A,A,A,A,A,A
25920,A,A,A,A,A,A,A,A,A,A
25921,A,A,A,A,A,A,A,A,A,A
25922,A,A,A,A,A,A,A,A,A,A
25923,A,A,A,A,A,A,A,A,A,A
25924,A,A,A,A,A,A,A,A,A,A
25925,A,A,A,A,A,A,A,A,A,A
25926,A,A,A,A,A,A,A,A,A,A
25927,A,A,A,A,A,A,A,A,A,A
25928,A,A,A,A,A,A,A,A,A,A
25929,A,A,A,A,A,A,A,A,A,A
25930,A,A,A,A,A,A,A,A,A,A
25931,A,A,A,A,A,A,A,A,A,A
25932,A,A,A,A,A,A,A,A,A,A
25933,A,A,A,A,A,A,A,A,A,A
25934,A,A,A,A,A,A,A,A,A,A
25935,A,A,A,A,A,A,A,A,A,A
25936,A,A,A,A,A,A,A,A,A,A
25937,A,A,A,A,A,A,A,A,A,A
25938,A,A,A,A,A,A,A,A,A,A
25939,A,A,A,A,A,A,A,A,A,A
25940,A,A,A,A,A,A,A,A,A,A
25941,A,A,A,A,A,A,A,A,A,A
25942,A,A,A,A,A,A,A,A,A,A
25943,A,A,A,A,A,A,A,A,A,A
25944,A,A,A,A,A,A,A,A,A,A
25945,A,A,A,A,A,A,A,A,A,A
25946,A,A,A,A,A,A,A,A,A,A
25947,A,A,A,A,A,A,A,A,A,A
25948,A,A,A,A,A,A,A,A,A,A
25949,A,A,A,A,A,A,A,A,A,A
25950,A,A,A,A,A,A,A,A,A,A
25951,A,A,A,A,A,A,A,A,A,A
25952,A,A,A,A,A,A,A,A,A,A
25953,A,A,A,A,A,A,A,A,A,A
25954,A,A,A,A,A,A,A,A,A,A
25955,A,A,A,A,A,A,A,A,A,A
25956,A,A,A,A,A,A,A,A,A,A
25957,A,A,A,A,A,A,A,A,A,A
25958,A,A,A,A,A,A,A,A,A,A
25959,A,A,A,A,A,A,A,A,A,A
25960,A,A,A,A,A,A,A,A,A,A
25961,A,A,A,A,A,A,A,A,A,A
25962,A,A,A,A,A,A,A,A,A,A
25963,A,A,A,A,A,A,A,A,A,A
25964,A,A,A,A,A,A,A,A,A,A
25965,A,A,A,A,A,A,A,A,A,A
25966,A,A,A,A,A,A,A,A,A,A
25967,A,A,A,A,A,A,A,A,A,A
25968,A,A,A,A,A,A,A,A,A,A
25969,A,A,A,A,A,A,A,A,A,A
25970,A,A,A,A,A,A,A,A,A,A
25971,A,A,A,A,A,A,A,A,A,A
25972,A,A,A,A,A,A,A,A,A,A
25973,A,A,A,A,A,A,A,A,A,A
25974,A,A,A,A,A,A,A,A,A,A
25975,A,A,A,A,A,A,A,A,A,A
25976,A,A,A,A,A,A,A,A,A,A
25977,A,A,A,A,A,A,A,A,A,A
25978,A,A,A,A,A,A,A,A,A,A
25979,A,A,A,A,A,A,A,A,A,A
25980,A,A,A,A,A,A,A,A,A,A
25981,A,A,A,A,A,A,A,A,A,A
25982,A,A,A,A,A,A,A,A,A,A
25983,A,A,A,A,A,A,A,A,A,A
25984,A,A,A,A,A,A,A,A,A,A
25985,A,A,A,A,A,A,A,A,A,A
25986,A,A,A,A,A,A,A,A,A,A
25987,A,A,A,A,A,A,A,A,A,A
25988,A,A,A,A,A,A,A,A,A,A
25989,A,A,A,A,A,A,A,A,A,A
25990,A,A,A,A,A,A,A,A,A,A
25991,A,A,A,A,A,A,A,A,A,A
25992,A,A,A,A,A,A,A,A,A,A
25993,A,A,A,A,A,A,A,A,A,A
25994,A,A,A,A,A,A,A,A,A,A
25995,A,A,A,A,A,A,A,A,A,A
25996,A,A,A,A,A,A,A,A,A,A
25997,A,A,A,A,A,A,A,A,A,A
25998,A,A,A,A,A,A,A,A,A,A
25999,A,A,A,A,A,A,A,A,A,A
26000,A,A,A,A,A,A,A,A,A,A
26001,A,A,A,A,A,A,A,A,A,A
26002,A,A,A,A,A,A,A,A,A,A
26003,A,A,A,A,A,A,A,A,A,A
26004,A,A,A,A,A,A,A,A,A,A
26005,A,A,A,A,A,A,A,A,A,A
26006,A,A,A,A,A,A,A,A,A,A
26007,A,A,A,A,A,A,A,A,A,A
26008,A,A,A,A,A,A,A,A,A,A
26009,A,A,A,A,A,A,A,A,A,A
26010,A,A,A,A,A,A,A,A,A,A
26011,A,A,A,A,A,A,A,A,A,A
26012,A,A,A,A,A,A,A,A,A,A
26013,A,A,A,A,A,A,A,A,A,A
26014,A,A,A,A,A,A,A,A,A,A
26015,A,A,A,A,A,A,A,A,A,A
26016,A,A,A,A,A,A,A,A,A,A
26017,A,A,A,A,A,A,A,A,A,A
26018,A,A,A,A,A,A,A,A,A,A
26019,A,A,A,A,A,A,A,A,A,A
26020,A,A,A,A,A,A,A,A,A,A
26021,A,A,A,A,A,A,A,A,A,A
26022,A,A,A,A,A,A,A,A,A,A
26023,A,A,A,A,A,A,A,A,A,A
26024,A,A,A,A,A,A,A,A,A,A
26025,A,A,A,A,A,A,A,A,A,A
26026,A,A,A,A,A,A,A,A,A,A
26027,A,A,A,A,A,A,A,A,A,A
26028,A,A,A,A,A,A,A,A,A,A
26029,A,A,A,A,A,A,A,A,A,A
26030,A,A,A,A,A,A,A,A,A,A
26031,A,A,A,A,A,A,A,A,A,A
26032,A,A,A,A,A,A,A,A,A,A
26033,A,A,A,A,A,A,A,A,A,A
26034,A,A,A,A,A,A,A,A,A,A
26035,A,A,A,A,A,A,A,A,A,A
26036,A,A,A,A,A,A,A,A,A,A
26037,A,A,A,A,A,A,A,A,A,A
26038,A,A,A,A,A,A,A,A,A,A
26039,A,A,A,A,A,A,A,A,A,A
26040,A,A,A,A,A,A,A,A,A,A
26041,A,A,A,A,A,A,A,A,A,A
26042,A,A,A,A,A,A,A,A,A,A
26043,A,A,A,A,A,A,A,A,A,A
26044,A,A,A,A,A,A,A,A,A,A
26045,A,A,A,A,A,A,A,A,A,A
26046,A,A,A,A,A,A,A,A,A,A
26047,A,A,A,A,A,A,A,A,A,A
26048,A,A,A,A,A,A,A,A,A,A
26049,A,A,A,A,A,A,A,A,A,A
26050,A,A,A,A,A,A,A,A,A,A
26051,A,A,A,A,A,A,A,A,A,A
26052,A,A,A,A,A,A,A,A,A,A
26053,A,A,A,A,A,A,A,A,A,A
26054,A,A,A,A,A,A,A,A,A,A
26055,A,A,A,A,A,A,A,A,A,A
26056,A,A,A,A,A,A,A,A,A,A
26057,A,A,A,A,A,A,A,A,A,A
26058,A,A,A,A,A,A,A,A,A,A
26059,A,A,A,A,A,A,A,A,A,A
26060,A,A,A,A,A,A,A,A,A,A
26061,A,A,A,A,A,A,A,A,A,A
26062,A,A,A,A,A,A,A,A,A,A
26063,A,A,A,A,A,A,A,A,A,A
26066,A,A,A,A,A,A,A,A,A,A
26069,A,A,A,A,A,A,A,A,A,A
26072,A,A,A,A,A,A,A,A,A,A
26075,A,A,A,A,A,A,A,A,A,A
26078,A,A,A,A,A,A,A,A,A,A
26081,A,A,A,A,A,A,A,A,A,A
26082,A,A,A,A,A,A,A,A,A,A
26083,A,A,A,A,A,A,A,A,A,A
26084,A,A,A,A,A,A,A,A,A,A
26085,A,A,A,A,A,A,A,A,A,A
26086,A,A,A,A,A,A,A,A,A,A
26087,A,A,A,A,A,A,A,A,A,A
26088,A,A,A,A,A,A,A,A,A,A
26089,A,A,A,A,A,A,A,A,A,A
26090,A,A,A,A,A,A,A,A,A,A
26091,A,A,A,A,A,A,A,A,A,A
26092,A,A,A,A,A,A,A,A,A,A
26093,A,A,A,A,A,A,A,A,A,A
26094,A,A,A,A,A,A,A,A,A,A
26095,A,A,A,A,A,A,A,A,A,A
26096,A,A,A,A,A,A,A,A,A,A
26097,A,A,A,A,A,A,A,A,A,A
26098,A,A,A,A,A,A,A,A,A,A
26099,A,A,A,A,A,A,A,A,A,A
26100,A,A,A,A,A,A,A,A,A,A
26101,A,A,A,A,A,A,A,A,A,A
26102,A,A,A,A,A,A,A,A,A,A
26103,A,A,A,A,A,A,A,A,A,A
26104,A,A,A,A,A,A,A,A,A,A
26105,A,A,A,A,A,A,A,A,A,A
26106,A,A,A,A,A,A,A,A,A,A
26107,A,A,A,A,A,A,A,A,A,A
26108,A,A,A,A,A,A,A,A,A,A
26109,A,A,A,A,A,A,A,A,A,A
26110,A,A,A,A,A,A,A,A,A,A
26111,A,A,A,A,A,A,A,A,A,A
26112,A,A,A,A,A,A,A,A,A,A
26113,A,A,A,A,A,A,A,A,A,A
26114,A,A,A,A,A,A,A,A,A,A
26115,A,A,A,A,A,A,A,A,A,A
26116,A,A,A,A,A,A,A,A,A,A
26117,A,A,A,A,A,A,A,A,A,A
26118,A,A,A,A,A,A,A,A,A,A
26119,A,A,A,A,A,A,A,A,A,A
26120,A,A,A,A,A,A,A,A,A,A
26121,A,A,A,A,A,A,A,A,A,A
26122,A,A,A,A,A,A,A,A,A,A
26123,A,A,A,A,A,A,A,A,A,A
26124,A,A,A,A,A,A,A,A,A,A
26125,A,A,A,A,A,A,A,A,A,A
26126,A,A,A,A,A,A,A,A,A,A
26127,A,A,A,A,A,A,A,A,A,A
26128,A,A,A,A,A,A,A,A,A,A
26129,A,A,A,A,A,A,A,A,A,A
26130,A,A,A,A,A,A,A,A,A,A
26131,A,A,A,A,A,A,A,A,A,A
26132,A,A,A,A,A,A,A,A,A,A
26133,A,A,A,A,A,A,A,A,A,A
26134,A,A,A,A,A,A,A,A,A,A
26135,A,A,A,A,A,A,A,A,A,A
26136,A,A,A,A,A,A,A,A,A,A
26137,A,A,A,A,A,A,A,A,A,A
26138,A,A,A,A,A,A,A,A,A,A
26139,A,A,A,A,A,A,A,A,A,A
26140,A,A,A,A,A,A,A,A,A,A
26141,A,A,A,A,A,A,A,A,A,A
26142,A,A,A,A,A,A,A,A,A,A
26143,A,A,A,A,A,A,A,A,A,A
26144,A,A,A,A,A,A,A,A,A,A
26145,A,A,A,A,A,A,A,A,A,A
26146,A,A,A,A,A,A,A,A,A,A
26147,A,A,A,A,A,A,A,A,A,A
26148,A,A,A,A,A,A,A,A,A,A
26149,A,A,A,A,A,A,A,A,A,A
26150,A,A,A,A,A,A,A,A,A,A
26151,A,A,A,A,A,A,A,A,A,A
26152,A,A,A,A,A,A,A,A,A,A
26153,A,A,A,A,A,A,A,A,A,A
26154,A,A,A,A,A,A,A,A,A,A
26155,A,A,A,A,A,A,A,A,A,A
26156,A,A,A,A,A,A,A,A,A,A
26157,A,A,A,A,A,A,A,A,A,A
26158,A,A,A,A,A,A,A,A,A,A
26159,A,A,A,A,A,A,A,A,A,A
26160,A,A,A,A,A,A,A,A,A,A
26161,A,A,A,A,A,A,A,A,A,A
26162,A,A,A,A,A,A,A,A,A,A
26163,A,A,A,A,A,A,A,A,A,A
26164,A,A,A,A,A,A,A,A,A,A
26165,A,A,A,A,A,A,A,A,A,A
26166,A,A,A,A,A,A,A,A,A,A
26167,A,A,A,A,A,A,A,A,A,A
26168,A,A,A,A,A,A,A,A,A,A
26169,A,A,A,A,A,A,A,A,A,A
26170,A,A,A,A,A,A,A,A,A,A
26171,A,A,A,A,A,A,A,A,A,A
26172,A,A,A,A,A,A,A,A,A,A
26173,A,A,A,A,A,A,A,A,A,A
26174,A,A,A,A,A,A,A,A,A,A
26175,A,A,A,A,A,A,A,A,A,A
26176,A,A,A,A,A,A,A,A,A,A
26177,A,A,A,A,A,A,A,A,A,A
26178,A,A,A,A,A,A,A,A,A,A
26179,A,A,A,A,A,A,A,A,A,A
26180,A,A,A,A,A,A,A,A,A,A
26181,A,A,A,A,A,A,A,A,A,A
26182,A,A,A,A,A,A,A,A,A,A
26183,A,A,A,A,A,A,A,A,A,A
26184,A,A,A,A,A,A,A,A,A,A
26185,A,A,A,A,A,A,A,A,A,A
26186,A,A,A,A,A,A,A,A,A,A
26187,A,A,A,A,A,A,A,A,A,A
26188,A,A,A,A,A,A,A,A,A,A
26189,A,A,A,A,A,A,A,A,A,A
26190,A,A,A,A,A,A,A,A,A,A
26191,A,A,A,A,A,A,A,A,A,A
26192,A,A,A,A,A,A,A,A,A,A
26193,A,A,A,A,A,A,A,A,A,A
26194,A,A,A,A,A,A,A,A,A,A
26195,A,A,A,A,A,A,A,A,A,A
26196,A,A,A,A,A,A,A,A,A,A
26197,A,A,A,A,A,A,A,A,A,A
26198,A,A,A,A,A,A,A,A,A,A
26199,A,A,A,A,A,A,A,A,A,A
26200,A,A,A,A,A,A,A,A,A,A
26201,A,A,A,A,A,A,A,A,A,A
26202,A,A,A,A,A,A,A,A,A,A
26203,A,A,A,A,A,A,A,A,A,A
26204,A,A,A,A,A,A,A,A,A,A
26205,A,A,A,A,A,A,A,A,A,A
26206,A,A,A,A,A,A,A,A,A,A
26207,A,A,A,A,A,A,A,A,A,A
26208,A,A,A,A,A,A,A,A,A,A
26209,A,A,A,A,A,A,A,A,A,A
26210,A,A,A,A,A,A,A,A,A,A
26211,A,A,A,A,A,A,A,A,A,A
26212,A,A,A,A,A,A,A,A,A,A
26213,A,A,A,A,A,A,A,A,A,A
26214,A,A,A,A,A,A,A,A,A,A
26215,A,A,A,A,A,A,A,A,A,A
26216,A,A,A,A,A,A,A,A,A,A
26217,A,A,A,A,A,A,A,A,A,A
26218,A,A,A,A,A,A,A,A,A,A
26219,A,A,A,A,A,A,A,A,A,A
26220,A,A,A,A,A,A,A,A,A,A
26221,A,A,A,A,A,A,A,A,A,A
26222,A,A,A,A,A,A,A,A,A,A
26223,A,A,A,A,A,A,A,A,A,A
26224,A,A,A,A,A,A,A,A,A,A
26225,A,A,A,A,A,A,A,A,A,A
26226,A,A,A,A,A,A,A,A,A,A
26227,A,A,A,A,A,A,A,A,A,A
26228,A,A,A,A,A,A,A,A,A,A
26229,A,A,A,A,A,A,A,A,A,A
26230,A,A,A,A,A,A,A,A,A,A
26231,A,A,A,A,A,A,A,A,A,A
26232,A,A,A,A,A,A,A,A,A,A
26233,A,A,A,A,A,A,A,A,A,A
26234,A,A,A,A,A,A,A,A,A,A
26235,A,A,A,A,A,A,A,A,A,A
26236,A,A,A,A,A,A,A,A,A,A
26237,A,A,A,A,A,A,A,A,A,A
26238,A,A,A,A,A,A,A,A,A,A
26239,A,A,A,A,A,A,A,A,A,A
26241,A,A,A,A,A,A,A,A,A,A
26244,A,A,A,A,A,A,A,A,A,A
26247,A,A,A,A,A,A,A,A,A,A
26249,A,A,A,A,A,A,A,A,A,A
26252,A,A,A,A,A,A,A,A,A,A
26254,L,L,L,L,L,L,L,L,L,L
26255,A,A,A,A,A,A,A,A,A,A
26258,A,A,A,A,A,A,A,A,A,A
26260,A,A,A,A,A,A,A,A,A,A
26262,A,A,A,A,A,A,A,A,A,A
26263,A,A,A,A,A,A,A,A,A,A
26264,A,A,A,A,A,A,A,A,A,A
26265,A,A,A,A,A,A,A,A,A,A
26266,A,A,A,A,A,A,A,A,A,A
26267,A,A,A,A,A,A,A,A,A,A
26268,A,A,A,A,A,A,A,A,A,A
26269,A,A,A,A,A,A,A,A,A,A
26270,A,A,A,A,A,A,A,A,A,A
26271,A,A,A,A,A,A,A,A,A,A
26272,A,A,A,A,A,A,A,A,A,A
26273,A,A,A,A,A,A,A,A,A,A
26274,A,A,A,A,A,A,A,A,A,A
26275,A,A,A,A,A,A,A,A,A,A
26276,A,A,A,A,A,A,A,A,A,A
26277,A,A,A,A,A,A,A,A,A,A
26278,A,A,A,A,A,A,A,A,A,A
26279,A,A,A,A,A,A,A,A,A,A
26280,A,A,A,A,A,A,A,A,A,A
26282,A,A,A,A,A,A,A,A,A,A
26283,A,A,A,A,A,A,A,A,A,A
26284,A,A,A,A,A,A,A,A,A,A
26285,A,A,A,A,A,A,A,A,A,A
26286,A,A,A,A,A,A,A,A,A,A
26287,A,A,A,A,A,A,A,A,A,A
26288,A,A,A,A,A,A,A,A,A,A
26289,A,A,A,A,A,A,A,A,A,A
26290,A,A,A,A,A,A,A,A,A,A
26291,A,A,A,A,A,A,A,A,A,A
26292,A,A,A,A,A,A,A,A,A,A
26293,A,A,A,A,A,A,A,A,A,A
26294,A,A,A,A,A,A,A,A,A,A
26295,A,A,A,A,A,A,A,A,A,A
26296,A,A,A,A,A,A,A,A,A,A
26297,A,A,A,A,A,A,A,A,A,A
26298,A,A,A,A,A,A,A,A,A,A
26299,A,A,A,A,A,A,A,A,A,A
26300,A,A,A,A,A,A,A,A,A,A
26301,A,A,A,A,A,A,A,A,A,A
26302,A,A,A,A,A,A,A,A,A,A
26303,A,A,A,A,A,A,A,A,A,A
26304,A,A,A,A,A,A,A,A,A,A
26305,A,A,A,A,A,A,A,A,A,A
26306,A,A,A,A,A,A,A,A,A,A
26307,A,A,A,A,A,A,A,A,A,A
26308,A,A,A,A,A,A,A,A,A,A
26309,A,A,A,A,A,A,A,A,A,A
26310,A,A,A,A,A,A,A,A,A,A
26311,A,A,A,A,A,A,A,A,A,A
26312,A,A,A,A,A,A,A,A,A,A
26313,A,A,A,A,A,A,A,A,A,A
26314,A,A,A,A,A,A,A,A,A,A
26315,A,A,A,A,A,A,A,A,A,A
26316,A,A,A,A,A,A,A,A,A,A
26317,A,A,A,A,A,A,A,A,A,A
26318,A,A,A,A,A,A,A,A,A,A
26319,A,A,A,A,A,A,A,A,A,A
26320,A,A,A,A,A,A,A,A,A,A
26321,A,A,A,A,A,A,A,A,A,A
26322,A,A,A,A,A,A,A,A,A,A
26323,A,A,A,A,A,A,A,A,A,A
26324,A,A,A,A,A,A,A,A,A,A
26325,A,A,A,A,A,A,A,A,A,A
26326,A,A,A,A,A,A,A,A,A,A
26327,A,A,A,A,A,A,A,A,A,A
26328,A,A,A,A,A,A,A,A,A,A
26329,A,A,A,A,A,A,A,A,A,A
26330,A,A,A,A,A,A,A,A,A,A
26331,A,A,A,A,A,A,A,A,A,A
26332,A,A,A,A,A,A,A,A,A,A
26333,A,A,A,A,A,A,A,A,A,A
26334,A,A,A,A,A,A,A,A,A,A
26335,A,A,A,A,A,A,A,A,A,A
26336,A,A,A,A,A,A,A,A,A,A
26337,A,A,A,A,A,A,A,A,A,A
26338,A,A,A,A,A,A,A,A,A,A
26339,A,A,A,A,A,A,A,A,A,A
26340,A,A,A,A,A,A,A,A,A,A
26341,A,A,A,A,A,A,A,A,A,A
26342,A,A,A,A,A,A,A,A,A,A
26343,A,A,A,A,A,A,A,A,A,A
26344,A,A,A,A,A,A,A,A,A,A
26345,A,A,A,A,A,A,A,A,A,A
26346,A,A,A,A,A,A,A,A,A,A
26347,A,A,A,A,A,A,A,A,A,A
26348,A,A,A,A,A,A,A,A,A,A
26349,A,A,A,A,A,A,A,A,A,A
26350,A,A,A,A,A,A,A,A,A,A
26351,A,A,A,A,A,A,A,A,A,A
26352,A,A,A,A,A,A,A,A,A,A
26353,A,A,A,A,A,A,A,A,A,A
26354,A,A,A,A,A,A,A,A,A,A
26355,A,A,A,A,A,A,A,A,A,A
26356,A,A,A,A,A,A,A,A,A,A
26357,A,A,A,A,A,A,A,A,A,A
26358,A,A,A,A,A,A,A,A,A,A
26359,A,A,A,A,A,A,A,A,A,A
26360,A,A,A,A,A,A,A,A,A,A
26361,A,A,A,A,A,A,A,A,A,A
26362,A,A,A,A,A,A,A,A,A,A
26363,A,A,A,A,A,A,A,A,A,A
26364,A,A,A,A,A,A,A,A,A,A
26365,A,A,A,A,A,A,A,A,A,A
26366,A,A,A,A,A,A,A,A,A,A
26367,A,A,A,A,A,A,A,A,A,A
26368,A,A,A,A,A,A,A,A,A,A
26369,A,A,A,A,A,A,A,A,A,A
26370,A,A,A,A,A,A,A,A,A,A
26371,A,A,A,A,A,A,A,A,A,A
26372,A,A,A,A,A,A,A,A,A,A
26373,A,A,A,A,A,A,A,A,A,A
26374,A,A,A,A,A,A,A,A,A,A
26375,A,A,A,A,A,A,A,A,A,A
26376,A,A,A,A,A,A,A,A,A,A
26377,A,A,A,A,A,A,A,A,A,A
26378,A,A,A,A,A,A,A,A,A,A
26379,A,A,A,A,A,A,A,A,A,A
26380,A,A,A,A,A,A,A,A,A,A
26381,A,A,A,A,A,A,A,A,A,A
26382,A,A,A,A,A,A,A,A,A,A
26383,A,A,A,A,A,A,A,A,A,A
26384,A,A,A,A,A,A,A,A,A,A
26385,A,A,A,A,A,A,A,A,A,A
26386,A,A,A,A,A,A,A,A,A,A
26387,A,A,A,A,A,A,A,A,A,A
26388,A,A,A,A,A,A,A,A,A,A
26389,A,A,A,A,A,A,A,A,A,A
26390,A,A,A,A,A,A,A,A,A,A
26391,A,A,A,A,A,A,A,A,A,A
26392,A,A,A,A,A,A,A,A,A,A
26393,A,A,A,A,A,A,A,A,A,A
26394,A,A,A,A,A,A,A,A,A,A
26395,A,A,A,A,A,A,A,A,A,A
26396,A,A,A,A,A,A,A,A,A,A
26397,A,A,A,A,A,A,A,A,A,A
26398,A,A,A,A,A,A,A,A,A,A
26399,A,A,A,A,A,A,A,A,A,A
26400,A,A,A,A,A,A,A,A,A,A
26401,A,A,A,A,A,A,A,A,A,A
26402,A,A,A,A,A,A,A,A,A,A
26403,A,A,A,A,A,A,A,A,A,A
26404,A,A,A,A,A,A,A,A,A,A
26405,A,A,A,A,A,A,A,A,A,A
26406,A,A,A,A,A,A,A,A,A,A
26407,A,A,A,A,A,A,A,A,A,A
26408,A,A,A,A,A,A,A,A,A,A
26409,A,A,A,A,A,A,A,A,A,A
26410,A,A,A,A,A,A,A,A,A,A
26411,A,A,A,A,A,A,A,A,A,A
26412,A,A,A,A,A,A,A,A,A,A
26413,A,A,A,A,A,A,A,A,A,A
26415,A,A,A,A,A,A,A,A,A,A
26416,A,A,A,A,A,A,A,A,A,A
26417,A,A,A,A,A,A,A,A,A,A
26418,A,A,A,A,A,A,A,A,A,A
26419,A,A,A,A,A,A,A,A,A,A
26420,A,A,A,A,A,A,A,A,A,A
26421,A,A,A,A,A,A,A,A,A,A
26422,A,A,A,A,A,A,A,A,A,A
26423,A,A,A,A,A,A,A,A,A,A
26424,A,A,A,A,A,A,A,A,A,A
26425,A,A,A,A,A,A,A,A,A,A
26426,A,A,A,A,A,A,A,A,A,A
26427,A,A,A,A,A,A,A,A,A,A
26428,A,A,A,A,A,A,A,A,A,A
26429,A,A,A,A,A,A,A,A,A,A
26430,A,A,A,A,A,A,A,A,A,A
26431,A,A,A,A,A,A,A,A,A,A
26432,A,A,A,A,A,A,A,A,A,A
26433,A,A,A,A,A,A,A,A,A,A
26434,A,A,A,A,A,A,A,A,A,A
26435,A,A,A,A,A,A,A,A,A,A
26436,A,A,A,A,A,A,A,A,A,A
26437,A,A,A,A,A,A,A,A,A,A
26438,A,A,A,A,A,A,A,A,A,A
26439,A,A,A,A,A,A,A,A,A,A
26440,A,A,A,A,A,A,A,A,A,A
26441,A,A,A,A,A,A,A,A,A,A
26442,A,A,A,A,A,A,A,A,A,A
26443,A,A,A,A,A,A,A,A,A,A
26444,A,A,A,A,A,A,A,A,A,A
26445,A,A,A,A,A,A,A,A,A,A
26446,A,A,A,A,A,A,A,A,A,A
26447,A,A,A,A,A,A,A,A,A,A
26448,A,A,A,A,A,A,A,A,A,A
26449,A,A,A,A,A,A,A,A,A,A
26450,A,A,A,A,A,A,A,A,A,A
26451,A,A,A,A,A,A,A,A,A,A
26452,A,A,A,A,A,A,A,A,A,A
26453,A,A,A,A,A,A,A,A,A,A
26454,A,A,A,A,A,A,A,A,A,A
26455,A,A,A,A,A,A,A,A,A,A
26456,A,A,A,A,A,A,A,A,A,A
26457,A,A,A,A,A,A,A,A,A,A
26458,A,A,A,A,A,A,A,A,A,A
26459,A,A,A,A,A,A,A,A,A,A
26460,A,A,A,A,A,A,A,A,A,A
26461,L,L,L,L,L,L,L,L,L,L
26462,A,A,A,A,A,A,A,A,A,A
26463,A,A,A,A,A,A,A,A,A,A
26464,A,A,A,A,A,A,A,A,A,A
26465,A,A,A,A,A,A,A,A,A,A
26466,A,A,A,A,A,A,A,A,A,A
26467,A,A,A,A,A,A,A,A,A,A
26468,A,A,A,A,A,A,A,A,A,A
26469,A,A,A,A,A,A,A,A,A,A
26470,A,A,A,A,A,A,A,A,A,A
26471,A,A,A,A,A,A,A,A,A,A
26472,L,L,L,L,L,L,L,L,L,L
26473,A,A,A,A,A,A,A,A,A,A
26474,L,L,L,L,L,L,L,L,L,L
26475,A,A,A,A,A,A,A,A,A,A
26476,A,A,A,A,A,A,A,A,A,A
26477,A,A,A,A,A,A,A,A,A,A
26478,L,L,L,L,L,L,L,L,L,L
26479,A,A,A,A,A,A,A,A,A,A
26480,A,A,A,A,A,A,A,A,A,A
26481,A,A,A,A,A,A,A,A,A,A
26482,A,A,A,A,A,A,A,A,A,A
26483,A,A,A,A,A,A,A,A,A,A
26484,A,A,A,A,A,A,A,A,A,A
26485,A,A,A,A,A,A,A,A,A,A
26486,A,A,A,A,A,A,A,A,A,A
26487,A,A,A,A,A,A,A,A,A,A
26488,A,A,A,A,A,A,A,A,A,A
26489,A,A,A,A,A,A,A,A,A,A
26490,A,A,A,A,A,A,A,A,A,A
26491,A,A,A,A,A,A,A,A,A,A
26492,A,A,A,A,A,A,A,A,A,A
26493,A,A,A,A,A,A,A,A,A,A
26494,A,A,A,A,A,A,A,A,A,A
26495,A,A,A,A,A,A,A,A,A,A
26496,A,A,A,A,A,A,A,A,A,A
26497,A,A,A,A,A,A,A,A,A,A
26498,A,A,A,A,A,A,A,A,A,A
26499,A,A,A,A,A,A,A,A,A,A
26500,A,A,A,A,A,A,A,A,A,A
26501,A,A,A,A,A,A,A,A,A,A
26502,A,A,A,A,A,A,A,A,A,A
26503,A,A,A,A,A,A,A,A,A,A
26504,A,A,A,A,A,A,A,A,A,A
26505,A,A,A,A,A,A,A,A,A,A
26506,A,A,A,A,A,A,A,A,A,A
26507,A,A,A,A,A,A,A,A,A,A
26508,A,A,A,A,A,A,A,A,A,A
26509,A,A,A,A,A,A,A,A,A,A
26510,A,A,A,A,A,A,A,A,A,A
26511,A,A,A,A,A,A,A,A,A,A
26512,A,A,A,A,A,A,A,A,A,A
26513,A,A,A,A,A,A,A,A,A,A
26514,A,A,A,A,A,A,A,A,A,A
26515,A,A,A,A,A,A,A,A,A,A
26516,A,A,A,A,A,A,A,A,A,A
26517,A,A,A,A,A,A,A,A,A,A
26518,A,A,A,A,A,A,A,A,A,A
26519,A,A,A,A,A,A,A,A,A,A
26520,A,A,A,A,A,A,A,A,A,A
26521,A,A,A,A,A,A,A,A,A,A
26522,A,A,A,A,A,A,A,A,A,A
26523,A,A,A,A,A,A,A,A,A,A
26524,A,A,A,A,A,A,A,A,A,A
26525,A,A,A,A,A,A,A,A,A,A
26526,A,A,A,A,A,A,A,A,A,A
26527,A,A,A,A,A,A,A,A,A,A
26528,A,A,A,A,A,A,A,A,A,A
26529,A,A,A,A,A,A,A,A,A,A
26530,A,A,A,A,A,A,A,A,A,A
26531,A,A,A,A,A,A,A,A,A,A
26532,A,A,A,A,A,A,A,A,A,A
26533,A,A,A,A,A,A,A,A,A,A
26534,A,A,A,A,A,A,A,A,A,A
26535,A,A,A,A,A,A,A,A,A,A
26536,A,A,A,A,A,A,A,A,A,A
26537,A,A,A,A,A,A,A,A,A,A
26538,A,A,A,A,A,A,A,A,A,A
26539,A,A,A,A,A,A,A,A,A,A
26540,A,A,A,A,A,A,A,A,A,A
26541,A,A,A,A,A,A,A,A,A,A
26542,A,A,A,A,A,A,A,A,A,A
26543,A,A,A,A,A,A,A,A,A,A
26544,A,A,A,A,A,A,A,A,A,A
26545,A,A,A,A,A,A,A,A,A,A
26546,A,A,A,A,A,A,A,A,A,A
26547,L,L,L,L,L,L,L,L,L,L
26548,L,L,L,L,L,L,L,L,L,L
26549,L,L,L,L,L,L,L,L,L,L
26550,L,L,L,L,L,L,L,L,L,L
26551,L,L,L,L,L,L,L,L,L,L
26552,L,L,L,L,L,L,L,L,L,L
26553,I,I,I,O,O,O,O,O,O,O
26554,L,L,L,L,L,L,L,L,L,L
26555,L,L,L,L,L,L,L,L,L,L
26556,A,A,A,A,A,A,A,A,A,A
26557,A,A,A,A,A,A,A,A,A,A
26558,A,A,A,A,A,A,A,A,A,A
26559,A,A,A,A,A,A,A,A,A,A
26560,A,A,A,A,A,A,A,A,A,A
26561,A,A,A,A,A,A,A,A,A,A
26562,A,A,A,A,A,A,A,A,A,A
26563,A,A,A,A,A,A,A,A,A,A
26564,A,A,A,A,A,A,A,A,A,A
26565,A,A,A,A,A,A,A,A,A,A
26566,A,A,A,A,A,A,A,A,A,A
26567,A,A,A,A,A,A,A,A,A,A
26568,A,A,A,A,A,A,A,A,A,A
26569,A,A,A,A,A,A,A,A,A,A
26570,A,A,A,A,A,A,A,A,A,A
26571,A,A,A,A,A,A,A,A,A,A
26572,A,A,A,A,A,A,A,A,A,A
26573,A,A,A,A,A,A,A,A,A,A
26574,A,A,A,A,A,A,A,A,A,A
26575,A,A,A,A,A,A,A,A,A,A
26576,A,A,A,A,A,A,A,A,A,A
26577,A,A,A,A,A,A,A,A,A,A
26578,A,A,A,A,A,A,A,A,A,A
26579,A,A,A,A,A,A,A,A,A,A
26580,A,A,A,A,A,A,A,A,A,A
26581,A,A,A,A,A,A,A,A,A,A
26582,A,A,A,A,A,A,A,A,A,A
26583,A,A,A,A,A,A,A,A,A,A
26584,A,A,A,A,A,A,A,A,A,A
26585,A,A,A,A,A,A,A,A,A,A
26586,A,A,A,A,A,A,A,A,A,A
26587,A,A,A,A,A,A,A,A,A,A
26588,A,A,A,A,A,A,A,A,A,A
26589,A,A,A,A,A,A,A,A,A,A
26590,A,A,A,A,A,A,A,A,A,A
26591,A,A,A,A,A,A,A,A,A,A
26592,A,A,A,A,A,A,A,A,A,A
26593,A,A,A,A,A,A,A,A,A,A
26594,A,A,A,A,A,A,A,A,A,A
26595,A,A,A,A,A,A,A,A,A,A
26596,A,A,A,A,A,A,A,A,A,A
26597,A,A,A,A,A,A,A,A,A,A
26598,A,A,A,A,A,A,A,A,A,A
26599,A,A,A,A,A,A,A,A,A,A
26600,A,A,A,A,A,A,A,A,A,A
26601,A,A,A,A,A,A,A,A,A,A
26602,A,A,A,A,A,A,A,A,A,A
26603,A,A,A,A,A,A,A,A,A,A
26604,A,A,A,A,A,A,A,A,A,A
26605,A,A,A,A,A,A,A,A,A,A
26606,A,A,A,A,A,A,A,A,A,A
26607,A,A,A,A,A,A,A,A,A,A
26608,A,A,A,A,A,A,A,A,A,A
26609,A,A,A,A,A,A,A,A,A,A
26610,A,A,A,A,A,A,A,A,A,A
26611,A,A,A,A,A,A,A,A,A,A
26612,A,A,A,A,A,A,A,A,A,A
26613,A,A,A,A,A,A,A,A,A,A
26614,A,A,A,A,A,A,A,A,A,A
26615,A,A,A,A,A,A,A,A,A,A
26616,A,A,A,A,A,A,A,A,A,A
26617,A,A,A,A,A,A,A,A,A,A
26618,A,A,A,A,A,A,A,A,A,A
26619,A,A,A,A,A,A,A,A,A,A
26620,A,A,A,A,A,A,A,A,A,A
26621,A,A,A,A,A,A,A,A,A,A
26622,A,A,A,A,A,A,A,A,A,A
26623,A,A,A,A,A,A,A,A,A,A
26624,A,A,A,A,A,A,A,A,A,A
26625,A,A,A,A,A,A,A,A,A,A
26626,A,A,A,A,A,A,A,A,A,A
26627,A,A,A,A,A,A,A,A,A,A
26628,A,A,A,A,A,A,A,A,A,A
26629,A,A,A,A,A,A,A,A,A,A
26630,A,A,A,A,A,A,A,A,A,A
26631,A,A,A,A,A,A,A,A,A,A
26632,A,A,A,A,A,A,A,A,A,A
26633,A,A,A,A,A,A,A,A,A,A
26634,A,A,A,A,A,A,A,A,A,A
26635,A,A,A,A,A,A,A,A,A,A
26636,A,A,A,A,A,A,A,A,A,A
26637,A,A,A,A,A,A,A,A,A,A
26638,A,A,A,A,A,A,A,A,A,A
26639,A,A,A,A,A,A,A,A,A,A
26640,A,A,A,A,A,A,A,A,A,A
26641,A,A,A,A,A,A,A,A,A,A
26642,A,A,A,A,A,A,A,A,A,A
26643,A,A,A,A,A,A,A,A,A,A
26644,A,A,A,A,A,A,A,A,A,A
26645,A,A,A,A,A,A,A,A,A,A
26646,A,A,A,A,A,A,A,A,A,A
26647,A,A,A,A,A,A,A,A,A,A
26648,A,A,A,A,A,A,A,A,A,A
26649,A,A,A,A,A,A,A,A,A,A
26650,A,A,A,A,A,A,A,A,A,A
26651,A,A,A,A,A,A,A,A,A,A
26652,A,A,A,A,A,A,A,A,A,A
26653,A,A,A,A,A,A,A,A,A,A
26654,A,A,A,A,A,A,A,A,A,A
26655,A,A,A,A,A,A,A,A,A,A
26656,A,A,A,A,A,A,A,A,A,A
26657,A,A,A,A,A,A,A,A,A,A
26658,A,A,A,A,A,A,A,A,A,A
26659,A,A,A,A,A,A,A,A,A,A
26660,A,A,A,A,A,A,A,A,A,A
26661,A,A,A,A,A,A,A,A,A,A
26662,A,A,A,A,A,A,A,A,A,A
26663,A,A,A,A,A,A,A,A,A,A
26664,A,A,A,A,A,A,A,A,A,A
26665,A,A,A,A,A,A,A,A,A,A
26666,A,A,A,A,A,A,A,A,A,A
26667,A,A,A,A,A,A,A,A,A,A
26668,A,A,A,A,A,A,A,A,A,A
26669,A,A,A,A,A,A,A,A,A,A
26670,A,A,A,A,A,A,A,A,A,A
26671,A,A,A,A,A,A,A,A,A,A
26672,A,A,A,A,A,A,A,A,A,A
26673,A,A,A,A,A,A,A,A,A,A
26674,A,A,A,A,A,A,A,A,A,A
26675,A,A,A,A,A,A,A,A,A,A
26676,A,A,A,A,A,A,A,A,A,A
26677,A,A,A,A,A,A,A,A,A,A
26678,A,A,A,A,A,A,A,A,A,A
26679,A,A,A,A,A,A,A,A,A,A
26680,A,A,A,A,A,A,A,A,A,A
26681,A,A,A,A,A,A,A,A,A,A
26682,A,A,A,A,A,A,A,A,A,A
26683,A,A,A,A,A,A,A,A,A,A
26684,A,A,A,A,A,A,A,A,A,A
26685,A,A,A,A,A,A,A,A,A,A
26686,A,A,A,A,A,A,A,A,A,A
26687,A,A,A,A,A,A,A,A,A,A
26688,A,A,A,A,A,A,A,A,A,A
26689,A,A,A,A,A,A,A,A,A,A
26690,A,A,A,A,A,A,A,A,A,A
26691,A,A,A,A,A,A,A,A,A,A
26692,A,A,A,A,A,A,A,A,A,A
26693,A,A,A,A,A,A,A,A,A,A
26694,A,A,A,A,A,A,A,A,A,A
26695,A,A,A,A,A,A,A,A,A,A
26696,A,A,A,A,A,A,A,A,A,A
26697,A,A,A,A,A,A,A,A,A,A
26698,A,A,A,A,A,A,A,A,A,A
26699,A,A,A,A,A,A,A,A,A,A
26700,A,A,A,A,A,A,A,A,A,A
26701,A,A,A,A,A,A,A,A,A,A
26702,A,A,A,A,A,A,A,A,A,A
26703,A,A,A,A,A,A,A,A,A,A
26704,A,A,A,A,A,A,A,A,A,A
26705,A,A,A,A,A,A,A,A,A,A
26706,A,A,A,A,A,A,A,A,A,A
26707,A,A,A,A,A,A,A,A,A,A
26708,A,A,A,A,A,A,A,A,A,A
26709,A,A,A,A,A,A,A,A,A,A
26710,A,A,A,A,A,A,A,A,A,A
26711,A,A,A,A,A,A,A,A,A,A
26712,A,A,A,A,A,A,A,A,A,A
26713,A,A,A,A,A,A,A,A,A,A
26714,A,A,A,A,A,A,A,A,A,A
26715,A,A,A,A,A,A,A,A,A,A
26716,A,A,A,A,A,A,A,A,A,A
26717,A,A,A,A,A,A,A,A,A,A
26718,A,A,A,A,A,A,A,A,A,A
26719,A,A,A,A,A,A,A,A,A,A
26720,A,A,A,A,A,A,A,A,A,A
26721,A,A,A,A,A,A,A,A,A,A
26722,A,A,A,A,A,A,A,A,A,A
26723,A,A,A,A,A,A,A,A,A,A
26724,A,A,A,A,A,A,A,A,A,A
26725,A,A,A,A,A,A,A,A,A,A
26726,A,A,A,A,A,A,A,A,A,A
26727,A,A,A,A,A,A,A,A,A,A
26728,A,A,A,A,A,A,A,A,A,A
26729,A,A,A,A,A,A,A,A,A,A
26730,A,A,A,A,A,A,A,A,A,A
26731,A,A,A,A,A,A,A,A,A,A
26732,A,A,A,A,A,A,A,A,A,A
26733,A,A,A,A,A,A,A,A,A,A
26734,A,A,A,A,A,A,A,A,A,A
26735,A,A,A,A,A,A,A,A,A,A
26736,A,A,A,A,A,A,A,A,A,A
26737,A,A,A,A,A,A,A,A,A,A
26738,A,A,A,A,A,A,A,A,A,A
26739,A,A,A,A,A,A,A,A,A,A
26740,A,A,A,A,A,A,A,A,A,A
26741,A,A,A,A,A,A,A,A,A,A
26742,A,A,A,A,A,A,A,A,A,A
26743,A,A,A,A,A,A,A,A,A,A
26744,A,A,A,A,A,A,A,A,A,A
26745,A,A,A,A,A,A,A,A,A,A
26746,A,A,A,A,A,A,A,A,A,A
26747,A,A,A,A,A,A,A,A,A,A
26748,A,A,A,A,A,A,A,A,A,A
26749,A,A,A,A,A,A,A,A,A,A
26750,A,A,A,A,A,A,A,A,A,A
26751,A,A,A,A,A,A,A,A,A,A
26752,A,A,A,A,A,A,A,A,A,A
26753,A,A,A,A,A,A,A,A,A,A
26754,A,A,A,A,A,A,A,A,A,A
26755,A,A,A,A,A,A,A,A,A,A
26756,A,A,A,A,A,A,A,A,A,A
26757,A,A,A,A,A,A,A,A,A,A
26758,A,A,A,A,A,A,A,A,A,A
26759,A,A,A,A,A,A,A,A,A,A
26760,A,A,A,A,A,A,A,A,A,A
26761,A,A,A,A,A,A,A,A,A,A
26762,A,A,A,A,A,A,A,A,A,A
26763,A,A,A,A,A,A,A,A,A,A
26764,A,A,A,A,A,A,A,A,A,A
26765,A,A,A,A,A,A,A,A,A,A
26766,A,A,A,A,A,A,A,A,A,A
26767,A,A,A,A,A,A,A,A,A,A
26768,A,A,A,A,A,A,A,A,A,A
26769,A,A,A,A,A,A,A,A,A,A
26770,A,A,A,A,A,A,A,A,A,A
26771,A,A,A,A,A,A,A,A,A,A
26772,A,A,A,A,A,A,A,A,A,A
26773,A,A,A,A,A,A,A,A,A,A
26774,A,A,A,A,A,A,A,A,A,A
26775,A,A,A,A,A,A,A,A,A,A
26776,A,A,A,A,A,A,A,A,A,A
26777,A,A,A,A,A,A,A,A,A,A
26778,A,A,A,A,A,A,A,A,A,A
26779,A,A,A,A,A,A,A,A,A,A
26780,A,A,A,A,A,A,A,A,A,A
26781,A,A,A,A,A,A,A,A,A,A
26782,A,A,A,A,A,A,A,A,A,A
26783,A,A,A,A,A,A,A,A,A,A
26784,A,A,A,A,A,A,A,A,A,A
26785,A,A,A,A,A,A,A,A,A,A
26786,A,A,A,A,A,A,A,A,A,A
26787,A,A,A,A,A,A,A,A,A,A
26788,A,A,A,A,A,A,A,A,A,A
26789,A,A,A,A,A,A,A,A,A,A
26790,A,A,A,A,A,A,A,A,A,A
26791,A,A,A,A,A,A,A,A,A,A
26792,A,A,A,A,A,A,A,A,A,A
26793,A,A,A,A,A,A,A,A,A,A
26794,A,A,A,A,A,A,A,A,A,A
26795,A,A,A,A,A,A,A,A,A,A
26796,A,A,A,A,A,A,A,A,A,A
26797,A,A,A,A,A,A,A,A,A,A
26798,A,A,A,A,A,A,A,A,A,A
26799,A,A,A,A,A,A,A,A,A,A
26800,A,A,A,A,A,A,A,A,A,A
26801,A,A,A,A,A,A,A,A,A,A
26802,A,A,A,A,A,A,A,A,A,A
26803,A,A,A,A,A,A,A,A,A,A
26804,A,A,A,A,A,A,A,A,A,A
26805,A,A,A,A,A,A,A,A,A,A
26806,A,A,A,A,A,A,A,A,A,A
26807,A,A,A,A,A,A,A,A,A,A
26808,A,A,A,A,A,A,A,A,A,A
26809,A,A,A,A,A,A,A,A,A,A
26810,A,A,A,A,A,A,A,A,A,A
26811,A,A,A,A,A,A,A,A,A,A
26812,A,A,A,A,A,A,A,A,A,A
26813,A,A,A,A,A,A,A,A,A,A
26814,A,A,A,A,A,A,A,A,A,A
26815,A,A,A,A,A,A,A,A,A,A
26816,A,A,A,A,A,A,A,A,A,A
26817,A,A,A,A,A,A,A,A,A,A
26818,A,A,A,A,A,A,A,A,A,A
26819,A,A,A,A,A,A,A,A,A,A
26820,A,A,A,A,A,A,A,A,A,A
26821,A,A,A,A,A,A,A,A,A,A
26822,A,A,A,A,A,A,A,A,A,A
26823,A,A,A,A,A,A,A,A,A,A
26824,A,A,A,A,A,A,A,A,A,A
26825,A,A,A,A,A,A,A,A,A,A
26826,A,A,A,A,A,A,A,A,A,A
26827,A,A,A,A,A,A,A,A,A,A
26828,A,A,A,A,A,A,A,A,A,A
26829,A,A,A,A,A,A,A,A,A,A
26830,A,A,A,A,A,A,A,A,A,A
26831,A,A,A,A,A,A,A,A,A,A
26832,A,A,A,A,A,A,A,A,A,A
26833,A,A,A,A,A,A,A,A,A,A
26834,A,A,A,A,A,A,A,A,A,A
26835,A,A,A,A,A,A,A,A,A,A
26836,A,A,A,A,A,A,A,A,A,A
26837,A,A,A,A,A,A,A,A,A,A
26838,A,A,A,A,A,A,A,A,A,A
26839,A,A,A,A,A,A,A,A,A,A
26840,A,A,A,A,A,A,A,A,A,A
26841,A,A,A,A,A,A,A,A,A,A
26842,A,A,A,A,A,A,A,A,A,A
26843,A,A,A,A,A,A,A,A,A,A
26844,A,A,A,A,A,A,A,A,A,A
26845,A,A,A,A,A,A,A,A,A,A
26846,A,A,A,A,A,A,A,A,A,A
26847,A,A,A,A,A,A,A,A,A,A
26848,A,A,A,A,A,A,A,A,A,A
26849,A,A,A,A,A,A,A,A,A,A
26850,A,A,A,A,A,A,A,A,A,A
26851,A,A,A,A,A,A,A,A,A,A
26852,A,A,A,A,A,A,A,A,A,A
26853,A,A,A,A,A,A,A,A,A,A
26854,A,A,A,A,A,A,A,A,A,A
26855,A,A,A,A,A,A,A,A,A,A
26856,A,A,A,A,A,A,A,A,A,A
26857,A,A,A,A,A,A,A,A,A,A
26858,A,A,A,A,A,A,A,A,A,A
26859,A,A,A,A,A,A,A,A,A,A
26860,A,A,A,A,A,A,A,A,A,A
26861,A,A,A,A,A,A,A,A,A,A
26862,A,A,A,A,A,A,A,A,A,A
26863,A,A,A,A,A,A,A,A,A,A
26864,A,A,A,A,A,A,A,A,A,A
26865,A,A,A,A,A,A,A,A,A,A
26866,A,A,A,A,A,A,A,A,A,A
26867,A,A,A,A,A,A,A,A,A,A
26868,A,A,A,A,A,A,A,A,A,A
26869,A,A,A,A,A,A,A,A,A,A
26870,A,A,A,A,A,A,A,A,A,A
26871,A,A,A,A,A,A,A,A,A,A
26872,A,A,A,A,A,A,A,A,A,A
26873,A,A,A,A,A,A,A,A,A,A
26874,A,A,A,A,A,A,A,A,A,A
26875,A,A,A,A,A,A,A,A,A,A
26876,A,A,A,A,A,A,A,A,A,A
26877,A,A,A,A,A,A,A,A,A,A
26878,A,A,A,A,A,A,A,A,A,A
26879,A,A,A,A,A,A,A,A,A,A
26880,A,A,A,A,A,A,A,A,A,A
26881,A,A,A,A,A,A,A,A,A,A
26882,A,A,A,A,A,A,A,A,A,A
26883,A,A,A,A,A,A,A,A,A,A
26884,A,A,A,A,A,A,A,A,A,A
26885,A,A,A,A,A,A,A,A,A,A
26886,A,A,A,A,A,A,A,A,A,A
26887,A,A,A,A,A,A,A,A,A,A
26888,A,A,A,A,A,A,A,A,A,A
26889,A,A,A,A,A,A,A,A,A,A
26890,A,A,A,A,A,A,A,A,A,A
26891,A,A,A,A,A,A,A,A,A,A
26892,A,A,A,A,A,A,A,A,A,A
26893,A,A,A,A,A,A,A,A,A,A
26894,A,A,A,A,A,A,A,A,A,A
26895,A,A,A,A,A,A,A,A,A,A
26896,A,A,A,A,A,A,A,A,A,A
26897,A,A,A,A,A,A,A,A,A,A
26898,A,A,A,A,A,A,A,A,A,A
26899,A,A,A,A,A,A,A,A,A,A
26900,A,A,A,A,A,A,A,A,A,A
26901,A,A,A,A,A,A,A,A,A,A
26902,A,A,A,A,A,A,A,A,A,A
26903,A,A,A,A,A,A,A,A,A,A
26904,A,A,A,A,A,A,A,A,A,A
26905,A,A,A,A,A,A,A,A,A,A
26906,A,A,A,A,A,A,A,A,A,A
26907,A,A,A,A,A,A,A,A,A,A
26908,A,A,A,A,A,A,A,A,A,A
26909,A,A,A,A,A,A,A,A,A,A
26910,A,A,A,A,A,A,A,A,A,A
26911,A,A,A,A,A,A,A,A,A,A
26912,A,A,A,A,A,A,A,A,A,A
26913,A,A,A,A,A,A,A,A,A,A
26914,A,A,A,A,A,A,A,A,A,A
26915,A,A,A,A,A,A,A,A,A,A
26916,A,A,A,A,A,A,A,A,A,A
26917,A,A,A,A,A,A,A,A,A,A
26918,A,A,A,A,A,A,A,A,A,A
26919,A,A,A,A,A,A,A,A,A,A
26920,A,A,A,A,A,A,A,A,A,A
26921,A,A,A,A,A,A,A,A,A,A
26922,A,A,A,A,A,A,A,A,A,A
26923,A,A,A,A,A,A,A,A,A,A
26924,A,A,A,A,A,A,A,A,A,A
26925,A,A,A,A,A,A,A,A,A,A
26926,A,A,A,A,A,A,A,A,A,A
26927,A,A,A,A,A,A,A,A,A,A
26928,A,A,A,A,A,A,A,A,A,A
26929,A,A,A,A,A,A,A,A,A,A
26930,A,A,A,A,A,A,A,A,A,A
26931,A,A,A,A,A,A,A,A,A,A
26932,A,A,A,A,A,A,A,A,A,A
26933,A,A,A,A,A,A,A,A,A,A
26934,A,A,A,A,A,A,A,A,A,A
26935,A,A,A,A,A,A,A,A,A,A
26936,A,A,A,A,A,A,A,A,A,A
26937,A,A,A,A,A,A,A,A,A,A
26938,A,A,A,A,A,A,A,A,A,A
26939,A,A,A,A,A,A,A,A,A,A
26940,A,A,A,A,A,A,A,A,A,A
26941,A,A,A,A,A,A,A,A,A,A
26942,A,A,A,A,A,A,A,A,A,A
26943,A,A,A,A,A,A,A,A,A,A
26944,A,A,A,A,A,A,A,A,A,A
26945,A,A,A,A,A,A,A,A,A,A
26946,A,A,A,A,A,A,A,A,A,A
26947,A,A,A,A,A,A,A,A,A,A
26948,A,A,A,A,A,A,A,A,A,A
26949,A,A,A,A,A,A,A,A,A,A
26950,A,A,A,A,A,A,A,A,A,A
26951,A,A,A,A,A,A,A,A,A,A
26953,A,A,A,A,A,A,A,A,A,A
26954,A,A,A,A,A,A,A,A,A,A
26955,A,A,A,A,A,A,A,A,A,A
26956,A,A,A,A,A,A,A,A,A,A
26957,A,A,A,A,A,A,A,A,A,A
26958,A,A,A,A,A,A,A,A,A,A
26959,A,A,A,A,A,A,A,A,A,A
26960,A,A,A,A,A,A,A,A,A,A
26961,A,A,A,A,A,A,A,A,A,A
26962,A,A,A,A,A,A,A,A,A,A
26963,A,A,A,A,A,A,A,A,A,A
26964,A,A,A,A,A,A,A,A,A,A
26965,A,A,A,A,A,A,A,A,A,A
26966,A,A,A,A,A,A,A,A,A,A
26967,A,A,A,A,A,A,A,A,A,A
26968,A,A,A,A,A,A,A,A,A,A
26969,A,A,A,A,A,A,A,A,A,A
26970,A,A,A,A,A,A,A,A,A,A
26971,A,A,A,A,A,A,A,A,A,A
26972,A,A,A,A,A,A,A,A,A,A
26973,A,A,A,A,A,A,A,A,A,A
26974,A,A,A,A,A,A,A,A,A,A
26975,A,A,A,A,A,A,A,A,A,A
26976,A,A,A,A,A,A,A,A,A,A
26977,A,A,A,A,A,A,A,A,A,A
26978,A,A,A,A,A,A,A,A,A,A
26979,A,A,A,A,A,A,A,A,A,A
26980,A,A,A,A,A,A,A,A,A,A
26981,A,A,A,A,A,A,A,A,A,A
26982,A,A,A,A,A,A,A,A,A,A
26983,A,A,A,A,A,A,A,A,A,A
26984,A,A,A,A,A,A,A,A,A,A
26985,A,A,A,A,A,A,A,A,A,A
26986,A,A,A,A,A,A,A,A,A,A
26987,A,A,A,A,A,A,A,A,A,A
26988,A,A,A,A,A,A,A,A,A,A
26989,A,A,A,A,A,A,A,A,A,A
26990,A,A,A,A,A,A,A,A,A,A
26991,A,A,A,A,A,A,A,A,A,A
26992,A,A,A,A,A,A,A,A,A,A
26993,A,A,A,A,A,A,A,A,A,A
26994,A,A,A,A,A,A,A,A,A,A
26995,A,A,A,A,A,A,A,A,A,A
26996,A,A,A,A,A,A,A,A,A,A
26997,A,A,A,A,A,A,A,A,A,A
26998,A,A,A,A,A,A,A,A,A,A
26999,A,A,A,A,A,A,A,A,A,A
27000,A,A,A,A,A,A,A,A,A,A
27001,A,A,A,A,A,A,A,A,A,A
27002,A,A,A,A,A,A,A,A,A,A
27003,A,A,A,A,A,A,A,A,A,A
27004,A,A,A,A,A,A,A,A,A,A
27005,A,A,A,A,A,A,A,A,A,A
27006,A,A,A,A,A,A,A,A,A,A
27007,A,A,A,A,A,A,A,A,A,A
27008,A,A,A,A,A,A,A,A,A,A
27009,A,A,A,A,A,A,A,A,A,A
27010,A,A,A,A,A,A,A,A,A,A
27011,A,A,A,A,A,A,A,A,A,A
27012,A,A,A,A,A,A,A,A,A,A
27013,A,A,A,A,A,A,A,A,A,A
27014,A,A,A,A,A,A,A,A,A,A
27015,A,A,A,A,A,A,A,A,A,A
27016,A,A,A,A,A,A,A,A,A,A
27017,A,A,A,A,A,A,A,A,A,A
27018,A,A,A,A,A,A,A,A,A,A
27019,A,A,A,A,A,A,A,A,A,A
27020,A,A,A,A,A,A,A,A,A,A
27021,A,A,A,A,A,A,A,A,A,A
27022,A,A,A,A,A,A,A,A,A,A
27023,A,A,A,A,A,A,A,A,A,A
27024,A,A,A,A,A,A,A,A,A,A
27025,A,A,A,A,A,A,A,A,A,A
27026,A,A,A,A,A,A,A,A,A,A
27027,A,A,A,A,A,A,A,A,A,A
27028,A,A,A,A,A,A,A,A,A,A
27029,A,A,A,A,A,A,A,A,A,A
27030,A,A,A,A,A,A,A,A,A,A
27031,A,A,A,A,A,A,A,A,A,A
27032,A,A,A,A,A,A,A,A,A,A
27033,A,A,A,A,A,A,A,A,A,A
27034,A,A,A,A,A,A,A,A,A,A
27035,A,A,A,A,A,A,A,A,A,A
27036,A,A,A,A,A,A,A,A,A,A
27037,A,A,A,A,A,A,A,A,A,A
27038,A,A,A,A,A,A,A,A,A,A
27039,A,A,A,A,A,A,A,A,A,A
27040,A,A,A,A,A,A,A,A,A,A
27041,A,A,A,A,A,A,A,A,A,A
27042,A,A,A,A,A,A,A,A,A,A
27043,A,A,A,A,A,A,A,A,A,A
27044,A,A,A,A,A,A,A,A,A,A
27045,A,A,A,A,A,A,A,A,A,A
27046,A,A,A,A,A,A,A,A,A,A
27047,A,A,A,A,A,A,A,A,A,A
27048,A,A,A,A,A,A,A,A,A,A
27049,A,A,A,A,A,A,A,A,A,A
27050,A,A,A,A,A,A,A,A,A,A
27051,A,A,A,A,A,A,A,A,A,A
27052,A,A,A,A,A,A,A,A,A,A
27053,A,A,A,A,A,A,A,A,A,A
27054,A,A,A,A,A,A,A,A,A,A
27055,A,A,A,A,A,A,A,A,A,A
27056,A,A,A,A,A,A,A,A,A,A
27057,A,A,A,A,A,A,A,A,A,A
27058,A,A,A,A,A,A,A,A,A,A
27059,A,A,A,A,A,A,A,A,A,A
27060,A,A,A,A,A,A,A,A,A,A
27061,A,A,A,A,A,A,A,A,A,A
27062,A,A,A,A,A,A,A,A,A,A
27063,A,A,A,A,A,A,A,A,A,A
27064,A,A,A,A,A,A,A,A,A,A
27065,A,A,A,A,A,A,A,A,A,A
27066,A,A,A,A,A,A,A,A,A,A
27067,A,A,A,A,A,A,A,A,A,A
27068,A,A,A,A,A,A,A,A,A,A
27069,A,A,A,A,A,A,A,A,A,A
27070,A,A,A,A,A,A,A,A,A,A
27071,A,A,A,A,A,A,A,A,A,A
27072,A,A,A,A,A,A,A,A,A,A
27073,A,A,A,A,A,A,A,A,A,A
27074,A,A,A,A,A,A,A,A,A,A
27075,A,A,A,A,A,A,A,A,A,A
27076,A,A,A,A,A,A,A,A,A,A
27077,A,A,A,A,A,A,A,A,A,A
27078,A,A,A,A,A,A,A,A,A,A
27079,A,A,A,A,A,A,A,A,A,A
27080,A,A,A,A,A,A,A,A,A,A
27081,A,A,A,A,A,A,A,A,A,A
27082,A,A,A,A,A,A,A,A,A,A
27083,A,A,A,A,A,A,A,A,A,A
27084,A,A,A,A,A,A,A,A,A,A
27085,A,A,A,A,A,A,A,A,A,A
27086,A,A,A,A,A,A,A,A,A,A
27087,A,A,A,A,A,A,A,A,A,A
27088,A,A,A,A,A,A,A,A,A,A
27089,A,A,A,A,A,A,A,A,A,A
27090,A,A,A,A,A,A,A,A,A,A
27091,A,A,A,A,A,A,A,A,A,A
27092,A,A,A,A,A,A,A,A,A,A
27093,A,A,A,A,A,A,A,A,A,A
27094,A,A,A,A,A,A,A,A,A,A
27095,A,A,A,A,A,A,A,A,A,A
27096,A,A,A,A,A,A,A,A,A,A
27097,A,A,A,A,A,A,A,A,A,A
27098,A,A,A,A,A,A,A,A,A,A
27099,A,A,A,A,A,A,A,A,A,A
27100,A,A,A,A,A,A,A,A,A,A
27101,A,A,A,A,A,A,A,A,A,A
27102,A,A,A,A,A,A,A,A,A,A
27103,A,A,A,A,A,A,A,A,A,A
27104,A,A,A,A,A,A,A,A,A,A
27105,A,A,A,A,A,A,A,A,A,A
27106,A,A,A,A,A,A,A,A,A,A
27107,A,A,A,A,A,A,A,A,A,A
27108,A,A,A,A,A,A,A,A,A,A
27109,A,A,A,A,A,A,A,A,A,A
27110,A,A,A,A,A,A,A,A,A,A
27111,A,A,A,A,A,A,A,A,A,A
27112,A,A,A,A,A,A,A,A,A,A
27113,A,A,A,A,A,A,A,A,A,A
27114,A,A,A,A,A,A,A,A,A,A
27115,A,A,A,A,A,A,A,A,A,A
27116,A,A,A,A,A,A,A,A,A,A
27117,A,A,A,A,A,A,A,A,A,A
27118,A,A,A,A,A,A,A,A,A,A
27119,A,A,A,A,A,A,A,A,A,A
27120,A,A,A,A,A,A,A,A,A,A
27121,A,A,A,A,A,A,A,A,A,A
27122,A,A,A,A,A,A,A,A,A,A
27123,A,A,A,A,A,A,A,A,A,A
27124,A,A,A,A,A,A,A,A,A,A
27125,A,A,A,A,A,A,A,A,A,A
27126,A,A,A,A,A,A,A,A,A,A
27127,A,A,A,A,A,A,A,A,A,A
27128,A,A,A,A,A,A,A,A,A,A
27129,A,A,A,A,A,A,A,A,A,A
27130,A,A,A,A,A,A,A,A,A,A
27131,A,A,A,A,A,A,A,A,A,A
27132,A,A,A,A,A,A,A,A,A,A
27133,A,A,A,A,A,A,A,A,A,A
27134,A,A,A,A,A,A,A,A,A,A
27135,A,A,A,A,A,A,A,A,A,A
27136,A,A,A,A,A,A,A,A,A,A
27137,A,A,A,A,A,A,A,A,A,A
27138,A,A,A,A,A,A,A,A,A,A
27139,A,A,A,A,A,A,A,A,A,A
27140,A,A,A,A,A,A,A,A,A,A
27141,A,A,A,A,A,A,A,A,A,A
27142,A,A,A,A,A,A,A,A,A,A
27143,A,A,A,A,A,A,A,A,A,A
27144,A,A,A,A,A,A,A,A,A,A
27145,A,A,A,A,A,A,A,A,A,A
27146,A,A,A,A,A,A,A,A,A,A
27147,A,A,A,A,A,A,A,A,A,A
27148,A,A,A,A,A,A,A,A,A,A
27149,A,A,A,A,A,A,A,A,A,A
27150,A,A,A,A,A,A,A,A,A,A
27151,A,A,A,A,A,A,A,A,A,A
27152,A,A,A,A,A,A,A,A,A,A
27153,A,A,A,A,A,A,A,A,A,A
27154,A,A,A,A,A,A,A,A,A,A
27155,A,A,A,A,A,A,A,A,A,A
27156,A,A,A,A,A,A,A,A,A,A
27157,A,A,A,A,A,A,A,A,A,A
27158,A,A,A,A,A,A,A,A,A,A
27159,A,A,A,A,A,A,A,A,A,A
27160,A,A,A,A,A,A,A,A,A,A
27161,A,A,A,A,A,A,A,A,A,A
27162,A,A,A,A,A,A,A,A,A,A
27163,A,A,A,A,A,A,A,A,A,A
27164,A,A,A,A,A,A,A,A,A,A
27165,A,A,A,A,A,A,A,A,A,A
27166,A,A,A,A,A,A,A,A,A,A
27167,A,A,A,A,A,A,A,A,A,A
27168,A,A,A,A,A,A,A,A,A,A
27169,A,A,A,A,A,A,A,A,A,A
27170,A,A,A,A,A,A,A,A,A,A
27171,A,A,A,A,A,A,A,A,A,A
27172,A,A,A,A,A,A,A,A,A,A
27173,A,A,A,A,A,A,A,A,A,A
27174,A,A,A,A,A,A,A,A,A,A
27175,A,A,A,A,A,A,A,A,A,A
27176,A,A,A,A,A,A,A,A,A,A
27177,A,A,A,A,A,A,A,A,A,A
27178,A,A,A,A,A,A,A,A,A,A
27179,A,A,A,A,A,A,A,A,A,A
27180,A,A,A,A,A,A,A,A,A,A
27181,A,A,A,A,A,A,A,A,A,A
27182,A,A,A,A,A,A,A,A,A,A
27183,A,A,A,A,A,A,A,A,A,A
27184,A,A,A,A,A,A,A,A,A,A
27185,A,A,A,A,A,A,A,A,A,A
27186,A,A,A,A,A,A,A,A,A,A
27187,A,A,A,A,A,A,A,A,A,A
27188,A,A,A,A,A,A,A,A,A,A
27189,A,A,A,A,A,A,A,A,A,A
27190,A,A,A,A,A,A,A,A,A,A
27191,A,A,A,A,A,A,A,A,A,A
27192,A,A,A,A,A,A,A,A,A,A
27193,A,A,A,A,A,A,A,A,A,A
27194,A,A,A,A,A,A,A,A,A,A
27195,A,A,A,A,A,A,A,A,A,A
27196,A,A,A,A,A,A,A,A,A,A
27197,A,A,A,A,A,A,A,A,A,A
27198,A,A,A,A,A,A,A,A,A,A
27199,A,A,A,A,A,A,A,A,A,A
27200,A,A,A,A,A,A,A,A,A,A
27201,A,A,A,A,A,A,A,A,A,A
27202,A,A,A,A,A,A,A,A,A,A
27203,A,A,A,A,A,A,A,A,A,A
27204,A,A,A,A,A,A,A,A,A,A
27205,A,A,A,A,A,A,A,A,A,A
27206,A,A,A,A,A,A,A,A,A,A
27207,A,A,A,A,A,A,A,A,A,A
27208,A,A,A,A,A,A,A,A,A,A
27209,A,A,A,A,A,A,A,A,A,A
27210,A,A,A,A,A,A,A,A,A,A
27211,A,A,A,A,A,A,A,A,A,A
27212,A,A,A,A,A,A,A,A,A,A
27213,A,A,A,A,A,A,A,A,A,A
27214,A,A,A,A,A,A,A,A,A,A
27215,A,A,A,A,A,A,A,A,A,A
27216,A,A,A,A,A,A,A,A,A,A
27217,A,A,A,A,A,A,A,A,A,A
27218,A,A,A,A,A,A,A,A,A,A
27219,A,A,A,A,A,A,A,A,A,A
27220,A,A,A,A,A,A,A,A,A,A
27221,A,A,A,A,A,A,A,A,A,A
27222,A,A,A,A,A,A,A,A,A,A
27223,A,A,A,A,A,A,A,A,A,A
27224,A,A,A,A,A,A,A,A,A,A
27225,A,A,A,A,A,A,A,A,A,A
27226,A,A,A,A,A,A,A,A,A,A
27227,A,A,A,A,A,A,A,A,A,A
27228,A,A,A,A,A,A,A,A,A,A
27229,A,A,A,A,A,A,A,A,A,A
27230,A,A,A,A,A,A,A,A,A,A
27231,A,A,A,A,A,A,A,A,A,A
27232,A,A,A,A,A,A,A,A,A,A
27233,A,A,A,A,A,A,A,A,A,A
27234,A,A,A,A,A,A,A,A,A,A
27235,A,A,A,A,A,A,A,A,A,A
27236,A,A,A,A,A,A,A,A,A,A
27237,A,A,A,A,A,A,A,A,A,A
27238,A,A,A,A,A,A,A,A,A,A
27239,A,A,A,A,A,A,A,A,A,A
27240,A,A,A,A,A,A,A,A,A,A
27241,A,A,A,A,A,A,A,A,A,A
27242,A,A,A,A,A,A,A,A,A,A
27243,A,A,A,A,A,A,A,A,A,A
27244,A,A,A,A,A,A,A,A,A,A
27245,A,A,A,A,A,A,A,A,A,A
27246,A,A,A,A,A,A,A,A,A,A
27247,A,A,A,A,A,A,A,A,A,A
27248,I,I,I,I,I,I,I,I,I,I
27249,A,A,A,A,A,A,A,A,A,A
27250,A,A,A,A,A,A,A,A,A,A
27251,A,A,A,A,A,A,A,A,A,A
27252,A,A,A,A,A,A,A,A,A,A
27253,A,A,A,A,A,A,A,A,A,A
27254,A,A,A,A,A,A,A,A,A,A
27255,A,A,A,A,A,A,A,A,A,A
27256,A,A,A,A,A,A,A,A,A,A
27257,A,A,A,A,A,A,A,A,A,A
27258,A,A,A,A,A,A,A,A,A,A
27259,A,A,A,A,A,A,A,A,A,A
27260,A,A,A,A,A,A,A,A,A,A
27261,A,A,A,A,A,A,A,A,A,A
27262,A,A,A,A,A,A,A,A,A,A
27263,A,A,A,A,A,A,A,A,A,A
27264,A,A,A,A,A,A,A,A,A,A
27265,A,A,A,A,A,A,A,A,A,A
27266,A,A,A,A,A,A,A,A,A,A
27267,A,A,A,A,A,A,A,A,A,A
27268,A,A,A,A,A,A,A,A,A,A
27269,A,A,A,A,A,A,A,A,A,A
27270,A,A,A,A,A,A,A,A,A,A
27271,A,A,A,A,A,A,A,A,A,A
27272,A,A,A,A,A,A,A,A,A,A
27273,A,A,A,A,A,A,A,A,A,A
27274,A,A,A,A,A,A,A,A,A,A
27275,A,A,A,A,A,A,A,A,A,A
27276,A,A,A,A,A,A,A,A,A,A
27277,A,A,A,A,A,A,A,A,A,A
27278,A,A,A,A,A,A,A,A,A,A
27279,A,A,A,A,A,A,A,A,A,A
27280,A,A,A,A,A,A,A,A,A,A
27281,A,A,A,A,A,A,A,A,A,A
27282,A,A,A,A,A,A,A,A,A,A
27283,A,A,A,A,A,A,A,A,A,A
27284,A,A,A,A,A,A,A,A,A,A
27285,A,A,A,A,A,A,A,A,A,A
27286,A,A,A,A,A,A,A,A,A,A
27287,A,A,A,A,A,A,A,A,A,A
27288,A,A,A,A,A,A,A,A,A,A
27289,A,A,A,A,A,A,A,A,A,A
27290,A,A,A,A,A,A,A,A,A,A
27291,A,A,A,A,A,A,A,A,A,A
27292,A,A,A,A,A,A,A,A,A,A
27293,A,A,A,A,A,A,A,A,A,A
27294,A,A,A,A,A,A,A,A,A,A
27295,A,A,A,A,A,A,A,A,A,A
27296,A,A,A,A,A,A,A,A,A,A
27297,A,A,A,A,A,A,A,A,A,A
27298,A,A,A,A,A,A,A,A,A,A
27299,A,A,A,A,A,A,A,A,A,A
27300,A,A,A,A,A,A,A,A,A,A
27301,A,A,A,A,A,A,A,A,A,A
27302,A,A,A,A,A,A,A,A,A,A
27303,A,A,A,A,A,A,A,A,A,A
27304,A,A,A,A,A,A,A,A,A,A
27306,A,A,A,A,A,A,A,A,A,A
27307,A,A,A,A,A,A,A,A,A,A
27308,J,J,J,J,J,J,J,J,J,J
27309,A,A,A,A,A,A,A,A,A,A
27310,A,A,A,A,A,A,A,A,A,A
27311,A,A,A,A,A,A,A,A,A,A
27312,A,A,A,A,A,A,A,A,A,A
27313,A,A,A,A,A,A,A,A,A,A
27314,A,A,A,A,A,A,A,A,A,A
27315,A,A,A,A,A,A,A,A,A,A
27316,A,A,A,A,A,A,A,A,A,A
27317,A,A,A,A,A,A,A,A,A,A
27318,A,A,A,A,A,A,A,A,A,A
27319,A,A,A,A,A,A,A,A,A,A
27320,A,A,A,A,A,A,A,A,A,A
27321,A,A,A,A,A,A,A,A,A,A
27322,A,A,A,A,A,A,A,A,A,A
27323,A,A,A,A,A,A,A,A,A,A
27324,A,A,A,A,A,A,A,A,A,A
27325,A,A,A,A,A,A,A,A,A,A
27326,A,A,A,A,A,A,A,A,A,A
27327,A,A,A,A,A,A,A,A,A,A
27328,A,A,A,A,A,A,A,A,A,A
27329,A,A,A,A,A,A,A,A,A,A
27330,A,A,A,A,A,A,A,A,A,A
27331,A,A,A,A,A,A,A,A,A,A
27332,A,A,A,A,A,A,A,A,A,A
27333,A,A,A,A,A,A,A,A,A,A
27334,A,A,A,A,A,A,A,A,A,A
27335,A,A,A,A,A,A,A,A,A,A
27336,A,A,A,A,A,A,A,A,A,A
27337,A,A,A,A,A,A,A,A,A,A
27338,A,A,A,A,A,A,A,A,A,A
27339,A,A,A,A,A,A,A,A,A,A
27340,A,A,A,A,A,A,A,A,A,A
27341,A,A,A,A,A,A,A,A,A,A
27342,A,A,A,A,A,A,A,A,A,A
27343,A,A,A,A,A,A,A,A,A,A
27344,A,A,A,A,A,A,A,A,A,A
27345,A,A,A,A,A,A,A,A,A,A
27346,A,A,A,A,A,A,A,A,A,A
27347,A,A,A,A,A,A,A,A,A,A
27348,A,A,A,A,A,A,A,A,A,A
27349,A,A,A,A,A,A,A,A,A,A
27350,A,A,A,A,A,A,A,A,A,A
27351,A,A,A,A,A,A,A,A,A,A
27352,A,A,A,A,A,A,A,A,A,A
27353,A,A,A,A,A,A,A,A,A,A
27354,A,A,A,A,A,A,A,A,A,A
27355,A,A,A,A,A,A,A,A,A,A
27356,A,A,A,A,A,A,A,A,A,A
27357,A,A,A,A,A,A,A,A,A,A
27358,A,A,A,A,A,A,A,A,A,A
27359,A,A,A,A,A,A,A,A,A,A
27360,A,A,A,A,A,A,A,A,A,A
27361,A,A,A,A,A,A,A,A,A,A
27362,A,A,A,A,A,A,A,A,A,A
27363,A,A,A,A,A,A,A,A,A,A
27364,A,A,A,A,A,A,A,A,A,A
27365,A,A,A,A,A,A,A,A,A,A
27366,A,A,A,A,A,A,A,A,A,A
27367,A,A,A,A,A,A,A,A,A,A
27368,A,A,A,A,A,A,A,A,A,A
27369,A,A,A,A,A,A,A,A,A,A
27370,A,A,A,A,A,A,A,A,A,A
27371,A,A,A,A,A,A,A,A,A,A
27372,A,A,A,A,A,A,A,A,A,A
27373,A,A,A,A,A,A,A,A,A,A
27374,A,A,A,A,A,A,A,A,A,A
27375,A,A,A,A,A,A,A,A,A,A
27376,A,A,A,A,A,A,A,A,A,A
27377,A,A,A,A,A,A,A,A,A,A
27378,A,A,A,A,A,A,A,A,A,A
27379,A,A,A,A,A,A,A,A,A,A
27380,A,A,A,A,A,A,A,A,A,A
27381,A,A,A,A,A,A,A,A,A,A
27382,A,A,A,A,A,A,A,A,A,A
27383,A,A,A,A,A,A,A,A,A,A
27384,A,A,A,A,A,A,A,A,A,A
27385,A,A,A,A,A,A,A,A,A,A
27386,A,A,A,A,A,A,A,A,A,A
27387,A,A,A,A,A,A,A,A,A,A
27388,A,A,A,A,A,A,A,A,A,A
27389,A,A,A,A,A,A,A,A,A,A
27390,A,A,A,A,A,A,A,A,A,A
27391,A,A,A,A,A,A,A,A,A,A
27392,A,A,A,A,A,A,A,A,A,A
27393,A,A,A,A,A,A,A,A,A,A
27394,A,A,A,A,A,A,A,A,A,A
27395,A,A,A,A,A,A,A,A,A,A
27396,A,A,A,A,A,A,A,A,A,A
27397,A,A,A,A,A,A,A,A,A,A
27398,A,A,A,A,A,A,A,A,A,A
27399,A,A,A,A,A,A,A,A,A,A
27400,A,A,A,A,A,A,A,A,A,A
27401,A,A,A,A,A,A,A,A,A,A
27402,A,A,A,A,A,A,A,A,A,A
27403,A,A,A,A,A,A,A,A,A,A
27404,A,A,A,A,A,A,A,A,A,A
27405,A,A,A,A,A,A,A,A,A,A
27406,A,A,A,A,A,A,A,A,A,A
27407,A,A,A,A,A,A,A,A,A,A
27408,A,A,A,A,A,A,A,A,A,A
27409,A,A,A,A,A,A,A,A,A,A
27410,A,A,A,A,A,A,A,A,A,A
27411,A,A,A,A,A,A,A,A,A,A
27412,A,A,A,A,A,A,A,A,A,A
27413,A,A,A,A,A,A,A,A,A,A
27414,A,A,A,A,A,A,A,A,A,A
27415,A,A,A,A,A,A,A,A,A,A
27416,A,A,A,A,A,A,A,A,A,A
27417,A,A,A,A,A,A,A,A,A,A
27418,A,A,A,A,A,A,A,A,A,A
27419,A,A,A,A,A,A,A,A,A,A
27420,A,A,A,A,A,A,A,A,A,A
27421,A,A,A,A,A,A,A,A,A,A
27422,A,A,A,A,A,A,A,A,A,A
27423,A,A,A,A,A,A,A,A,A,A
27424,A,A,A,A,A,A,A,A,A,A
27425,A,A,A,A,A,A,A,A,A,A
27426,A,A,A,A,A,A,A,A,A,A
27427,A,A,A,A,A,A,A,A,A,A
27428,A,A,A,A,A,A,A,A,A,A
27429,A,A,A,A,A,A,A,A,A,A
27430,A,A,A,A,A,A,A,A,A,A
27431,A,A,A,A,A,A,A,A,A,A
27432,A,A,A,A,A,A,A,A,A,A
27433,A,A,A,A,A,A,A,A,A,A
27434,A,A,A,A,A,A,A,A,A,A
27435,A,A,A,A,A,A,A,A,A,A
27436,A,A,A,A,A,A,A,A,A,A
27437,A,A,A,A,A,A,A,A,A,A
27438,A,A,A,A,A,A,A,A,A,A
27439,A,A,A,A,A,A,A,A,A,A
27440,A,A,A,A,A,A,A,A,A,A
27441,A,A,A,A,A,A,A,A,A,A
27442,A,A,A,A,A,A,A,A,A,A
27443,A,A,A,A,A,A,A,A,A,A
27444,A,A,A,A,A,A,A,A,A,A
27445,A,A,A,A,A,A,A,A,A,A
27446,A,A,A,A,A,A,A,A,A,A
27447,A,A,A,A,A,A,A,A,A,A
27448,A,A,A,A,A,A,A,A,A,A
27449,A,A,A,A,A,A,A,A,A,A
27450,A,A,A,A,A,A,A,A,A,A
27451,A,A,A,A,A,A,A,A,A,A
27452,A,A,A,A,A,A,A,A,A,A
27453,A,A,A,A,A,A,A,A,A,A
27454,A,A,A,A,A,A,A,A,A,A
27455,A,A,A,A,A,A,A,A,A,A
27456,A,A,A,A,A,A,A,A,A,A
27457,A,A,A,A,A,A,A,A,A,A
27458,A,A,A,A,A,A,A,A,A,A
27459,A,A,A,A,A,A,A,A,A,A
27460,A,A,A,A,A,A,A,A,A,A
27461,A,A,A,A,A,A,A,A,A,A
27462,A,A,A,A,A,A,A,A,A,A
27463,A,A,A,A,A,A,A,A,A,A
27464,A,A,A,A,A,A,A,A,A,A
27465,A,A,A,A,A,A,A,A,A,A
27466,A,A,A,A,A,A,A,A,A,A
27467,A,A,A,A,A,A,A,A,A,A
27468,A,A,A,A,A,A,A,A,A,A
27469,A,A,A,A,A,A,A,A,A,A
27470,A,A,A,A,A,A,A,A,A,A
27471,A,A,A,A,A,A,A,A,A,A
27472,A,A,A,A,A,A,A,A,A,A
27473,A,A,A,A,A,A,A,A,A,A
27474,A,A,A,A,A,A,A,A,A,A
27475,A,A,A,A,A,A,A,A,A,A
27476,A,A,A,A,A,A,A,A,A,A
27477,A,A,A,A,A,A,A,A,A,A
27478,A,A,A,A,A,A,A,A,A,A
27479,A,A,A,A,A,A,A,A,A,A
27480,A,A,A,A,A,A,A,A,A,A
27481,A,A,A,A,A,A,A,A,A,A
27482,A,A,A,A,A,A,A,A,A,A
27483,A,A,A,A,A,A,A,A,A,A
27484,A,A,A,A,A,A,A,A,A,A
27485,A,A,A,A,A,A,A,A,A,A
27486,A,A,A,A,A,A,A,A,A,A
27487,A,A,A,A,A,A,A,A,A,A
27488,A,A,A,A,A,A,A,A,A,A
27489,A,A,A,A,A,A,A,A,A,A
27490,A,A,A,A,A,A,A,A,A,A
27491,A,A,A,A,A,A,A,A,A,A
27492,A,A,A,A,A,A,A,A,A,A
27493,A,A,A,A,A,A,A,A,A,A
27494,A,A,A,A,A,A,A,A,A,A
27495,A,A,A,A,A,A,A,A,A,A
27496,A,A,A,A,A,A,A,A,A,A
27497,A,A,A,A,A,A,A,A,A,A
27498,A,A,A,A,A,A,A,A,A,A
27499,A,A,A,A,A,A,A,A,A,A
27500,A,A,A,A,A,A,A,A,A,A
27501,A,A,A,A,A,A,A,A,A,A
27502,A,A,A,A,A,A,A,A,A,A
27503,A,A,A,A,A,A,A,A,A,A
27504,A,A,A,A,A,A,A,A,A,A
27505,A,A,A,A,A,A,A,A,A,A
27506,A,A,A,A,A,A,A,A,A,A
27507,A,A,A,A,A,A,A,A,A,A
27508,A,A,A,A,A,A,A,A,A,A
27509,A,A,A,A,A,A,A,A,A,A
27510,A,A,A,A,A,A,A,A,A,A
27511,A,A,A,A,A,A,A,A,A,A
27512,A,A,A,A,A,A,A,A,A,A
27513,A,A,A,A,A,A,A,A,A,A
27514,A,A,A,A,A,A,A,A,A,A
27515,A,A,A,A,A,A,A,A,A,A
27516,A,A,A,A,A,A,A,A,A,A
27517,A,A,A,A,A,A,A,A,A,A
27518,A,A,A,A,A,A,A,A,A,A
27519,A,A,A,A,A,A,A,A,A,A
27520,A,A,A,A,A,A,A,A,A,A
27521,A,A,A,A,A,A,A,A,A,A
27522,A,A,A,A,A,A,A,A,A,A
27523,A,A,A,A,A,A,A,A,A,A
27524,A,A,A,A,A,A,A,A,A,A
27525,A,A,A,A,A,A,A,A,A,A
27526,A,A,A,A,A,A,A,A,A,A
27527,A,A,A,A,A,A,A,A,A,A
27528,A,A,A,A,A,A,A,A,A,A
27529,A,A,A,A,A,A,A,A,A,A
27530,A,A,A,A,A,A,A,A,A,A
27531,A,A,A,A,A,A,A,A,A,A
27532,A,A,A,A,A,A,A,A,A,A
27533,A,A,A,A,A,A,A,A,A,A
27534,A,A,A,A,A,A,A,A,A,A
27535,A,A,A,A,A,A,A,A,A,A
27536,A,A,A,A,A,A,A,A,A,A
27537,A,A,A,A,A,A,A,A,A,A
27538,A,A,A,A,A,A,A,A,A,A
27539,A,A,A,A,A,A,A,A,A,A
27540,A,A,A,A,A,A,A,A,A,A
27541,A,A,A,A,A,A,A,A,A,A
27542,A,A,A,A,A,A,A,A,A,A
27543,A,A,A,A,A,A,A,A,A,A
27544,A,A,A,A,A,A,A,A,A,A
27545,A,A,A,A,A,A,A,A,A,A
27546,A,A,A,A,A,A,A,A,A,A
27547,A,A,A,A,A,A,A,A,A,A
27548,A,A,A,A,A,A,A,A,A,A
27549,A,A,A,A,A,A,A,A,A,A
27550,A,A,A,A,A,A,A,A,A,A
27551,A,A,A,A,A,A,A,A,A,A
27552,A,A,A,A,A,A,A,A,A,A
27553,A,A,A,A,A,A,A,A,A,A
27554,A,A,A,A,A,A,A,A,A,A
27555,A,A,A,A,A,A,A,A,A,A
27556,A,A,A,A,A,A,A,A,A,A
27557,A,A,A,A,A,A,A,A,A,A
27558,A,A,A,A,A,A,A,A,A,A
27559,A,A,A,A,A,A,A,A,A,A
27560,A,A,A,A,A,A,A,A,A,A
27561,A,A,A,A,A,A,A,A,A,A
27562,A,A,A,A,A,A,A,A,A,A
27563,A,A,A,A,A,A,A,A,A,A
27564,A,A,A,A,A,A,A,A,A,A
27565,A,A,A,A,A,A,A,A,A,A
27566,A,A,A,A,A,A,A,A,A,A
27567,A,A,A,A,A,A,A,A,A,A
27568,A,A,A,A,A,A,A,A,A,A
27569,A,A,A,A,A,A,A,A,A,A
27570,A,A,A,A,A,A,A,A,A,A
27571,A,A,A,A,A,A,A,A,A,A
27572,A,A,A,A,A,A,A,A,A,A
27573,A,A,A,A,A,A,A,A,A,A
27574,A,A,A,A,A,A,A,A,A,A
27575,A,A,A,A,A,A,A,A,A,A
27576,A,A,A,A,A,A,A,A,A,A
27577,A,A,A,A,A,A,A,A,A,A
27578,A,A,A,A,A,A,A,A,A,A
27579,A,A,A,A,A,A,A,A,A,A
27580,A,A,A,A,A,A,A,A,A,A
27581,A,A,A,A,A,A,A,A,A,A
27582,A,A,A,A,A,A,A,A,A,A
27583,A,A,A,A,A,A,A,A,A,A
27584,A,A,A,A,A,A,A,A,A,A
27585,A,A,A,A,A,A,A,A,A,A
27586,A,A,A,A,A,A,A,A,A,A
27587,A,A,A,A,A,A,A,A,A,A
27588,A,A,A,A,A,A,A,A,A,A
27589,A,A,A,A,A,A,A,A,A,A
27590,A,A,A,A,A,A,A,A,A,A
27591,A,A,A,A,A,A,A,A,A,A
27592,A,A,A,A,A,A,A,A,A,A
27593,A,A,A,A,A,A,A,A,A,A
27594,A,A,A,A,A,A,A,A,A,A
27595,A,A,A,A,A,A,A,A,A,A
27596,A,A,A,A,A,A,A,A,A,A
27597,A,A,A,A,A,A,A,A,A,A
27598,A,A,A,A,A,A,A,A,A,A
27599,A,A,A,A,A,A,A,A,A,A
27600,A,A,A,A,A,A,A,A,A,A
27601,A,A,A,A,A,A,A,A,A,A
27602,A,A,A,A,A,A,A,A,A,A
27603,A,A,A,A,A,A,A,A,A,A
27604,A,A,A,A,A,A,A,A,A,A
27605,A,A,A,A,A,A,A,A,A,A
27606,A,A,A,A,A,A,A,A,A,A
27607,A,A,A,A,A,A,A,A,A,A
27608,A,A,A,A,A,A,A,A,A,A
27609,A,A,A,A,A,A,A,A,A,A
27610,A,A,A,A,A,A,A,A,A,A
27611,A,A,A,A,A,A,A,A,A,A
27612,A,A,A,A,A,A,A,A,A,A
27613,A,A,A,A,A,A,A,A,A,A
27614,A,A,A,A,A,A,A,A,A,A
27615,A,A,A,A,A,A,A,A,A,A
27616,A,A,A,A,A,A,A,A,A,A
27617,A,A,A,A,A,A,A,A,A,A
27618,A,A,A,A,A,A,A,A,A,A
27619,A,A,A,A,A,A,A,A,A,A
27620,A,A,A,A,A,A,A,A,A,A
27621,A,A,A,A,A,A,A,A,A,A
27622,A,A,A,A,A,A,A,A,A,A
27623,A,A,A,A,A,A,A,A,A,A
27624,A,A,A,A,A,A,A,A,A,A
27625,A,A,A,A,A,A,A,A,A,A
27626,A,A,A,A,A,A,A,A,A,A
27627,A,A,A,A,A,A,A,A,A,A
27628,A,A,A,A,A,A,A,A,A,A
27629,A,A,A,A,A,A,A,A,A,A
27630,A,A,A,A,A,A,A,A,A,A
27631,A,A,A,A,A,A,A,A,A,A
27632,A,A,A,A,A,A,A,A,A,A
27633,A,A,A,A,A,A,A,A,A,A
27634,A,A,A,A,A,A,A,A,A,A
27635,A,A,A,A,A,A,A,A,A,A
27636,A,A,A,A,A,A,A,A,A,A
27637,A,A,A,A,A,A,A,A,A,A
27638,A,A,A,A,A,A,A,A,A,A
27639,A,A,A,A,A,A,A,A,A,A
27640,A,A,A,A,A,A,A,A,A,A
27641,A,A,A,A,A,A,A,A,A,A
27642,A,A,A,A,A,A,A,A,A,A
27643,A,A,A,A,A,A,A,A,A,A
27644,A,A,A,A,A,A,A,A,A,A
27645,A,A,A,A,A,A,A,A,A,A
27646,A,A,A,A,A,A,A,A,A,A
27647,A,A,A,A,A,A,A,A,A,A
27648,A,A,A,A,A,A,A,A,A,A
27649,A,A,A,A,A,A,A,A,A,A
27650,A,A,A,A,A,A,A,A,A,A
27651,A,A,A,A,A,A,A,A,A,A
27652,A,A,A,A,A,A,A,A,A,A
27653,A,A,A,A,A,A,A,A,A,A
27654,A,A,A,A,A,A,A,A,A,A
27655,A,A,A,A,A,A,A,A,A,A
27656,A,A,A,A,A,A,A,A,A,A
27657,A,A,A,A,A,A,A,A,A,A
27658,A,A,A,A,A,A,A,A,A,A
27659,A,A,A,A,A,A,A,A,A,A
27660,A,A,A,A,A,A,A,A,A,A
27661,A,A,A,A,A,A,A,A,A,A
27662,A,A,A,A,A,A,A,A,A,A
27663,A,A,A,A,A,A,A,A,A,A
27664,A,A,A,A,A,A,A,A,A,A
27665,A,A,A,A,A,A,A,A,A,A
27666,A,A,A,A,A,A,A,A,A,A
27667,A,A,A,A,A,A,A,A,A,A
27668,A,A,A,A,A,A,A,A,A,A
27669,A,A,A,A,A,A,A,A,A,A
27670,A,A,A,A,A,A,A,A,A,A
27671,A,A,A,A,A,A,A,A,A,A
27672,A,A,A,A,A,A,A,A,A,A
27673,A,A,A,A,A,A,A,A,A,A
27674,A,A,A,A,A,A,A,A,A,A
27675,A,A,A,A,A,A,A,A,A,A
27676,A,A,A,A,A,A,A,A,A,A
27677,A,A,A,A,A,A,A,A,A,A
27678,A,A,A,A,A,A,A,A,A,A
27679,A,A,A,A,A,A,A,A,A,A
27680,A,A,A,A,A,A,A,A,A,A
27681,A,A,A,A,A,A,A,A,A,A
27682,A,A,A,A,A,A,A,A,A,A
27683,A,A,A,A,A,A,A,A,A,A
27684,A,A,A,A,A,A,A,A,A,A
27685,A,A,A,A,A,A,A,A,A,A
27686,A,A,A,A,A,A,A,A,A,A
27687,A,A,A,A,A,A,A,A,A,A
27688,A,A,A,A,A,A,A,A,A,A
27689,A,A,A,A,A,A,A,A,A,A
27690,A,A,A,A,A,A,A,A,A,A
27691,A,A,A,A,A,A,A,A,A,A
27692,A,A,A,A,A,A,A,A,A,A
27693,A,A,A,A,A,A,A,A,A,A
27694,A,A,A,A,A,A,A,A,A,A
27695,A,A,A,A,A,A,A,A,A,A
27696,A,A,A,A,A,A,A,A,A,A
27697,A,A,A,A,A,A,A,A,A,A
27698,A,A,A,A,A,A,A,A,A,A
27699,A,A,A,A,A,A,A,A,A,A
27700,A,A,A,A,A,A,A,A,A,A
27701,A,A,A,A,A,A,A,A,A,A
27702,A,A,A,A,A,A,A,A,A,A
27703,A,A,A,A,A,A,A,A,A,A
27704,A,A,A,A,A,A,A,A,A,A
27705,A,A,A,A,A,A,A,A,A,A
27706,A,A,A,A,A,A,A,A,A,A
27707,A,A,A,A,A,A,A,A,A,A
27708,A,A,A,A,A,A,A,A,A,A
27709,A,A,A,A,A,A,A,A,A,A
27710,A,A,A,A,A,A,A,A,A,A
27711,A,A,A,A,A,A,A,A,A,A
27712,A,A,A,A,A,A,A,A,A,A
27713,A,A,A,A,A,A,A,A,A,A
27714,A,A,A,A,A,A,A,A,A,A
27715,A,A,A,A,A,A,A,A,A,A
27716,A,A,A,A,A,A,A,A,A,A
27717,A,A,A,A,A,A,A,A,A,A
27718,A,A,A,A,A,A,A,A,A,A
27719,A,A,A,A,A,A,A,A,A,A
27720,A,A,A,A,A,A,A,A,A,A
27721,A,A,A,A,A,A,A,A,A,A
27722,A,A,A,A,A,A,A,A,A,A
27723,A,A,A,A,A,A,A,A,A,A
27724,A,A,A,A,A,A,A,A,A,A
27725,A,A,A,A,A,A,A,A,A,A
27726,A,A,A,A,A,A,A,A,A,A
27727,A,A,A,A,A,A,A,A,A,A
27728,A,A,A,A,A,A,A,A,A,A
27729,A,A,A,A,A,A,A,A,A,A
27730,A,A,A,A,A,A,A,A,A,A
27731,A,A,A,A,A,A,A,A,A,A
27732,A,A,A,A,A,A,A,A,A,A
27733,A,A,A,A,A,A,A,A,A,A
27734,A,A,A,A,A,A,A,A,A,A
27735,A,A,A,A,A,A,A,A,A,A
27736,A,A,A,A,A,A,A,A,A,A
27737,A,A,A,A,A,A,A,A,A,A
27738,A,A,A,A,A,A,A,A,A,A
27739,A,A,A,A,A,A,A,A,A,A
27740,A,A,A,A,A,A,A,A,A,A
27741,A,A,A,A,A,A,A,A,A,A
27742,A,A,A,A,A,A,A,A,A,A
27743,A,A,A,A,A,A,A,A,A,A
27744,A,A,A,A,A,A,A,A,A,A
27745,A,A,A,A,A,A,A,A,A,A
27746,A,A,A,A,A,A,A,A,A,A
27747,A,A,A,A,A,A,A,A,A,A
27748,A,A,A,A,A,A,A,A,A,A
27749,A,A,A,A,A,A,A,A,A,A
27750,A,A,A,A,A,A,A,A,A,A
27751,A,A,A,A,A,A,A,A,A,A
27752,A,A,A,A,A,A,A,A,A,A
27753,A,A,A,A,A,A,A,A,A,A
27754,A,A,A,A,A,A,A,A,A,A
27755,A,A,A,A,A,A,A,A,A,A
27756,A,A,A,A,A,A,A,A,A,A
27757,A,A,A,A,A,A,A,A,A,A
27758,A,A,A,A,A,A,A,A,A,A
27759,A,A,A,A,A,A,A,A,A,A
27760,A,A,A,A,A,A,A,A,A,A
27761,A,A,A,A,A,A,A,A,A,A
27762,A,A,A,A,A,A,A,A,A,A
27763,A,A,A,A,A,A,A,A,A,A
27764,A,A,A,A,A,A,A,A,A,A
27765,A,A,A,A,A,A,A,A,A,A
27766,A,A,A,A,A,A,A,A,A,A
27767,A,A,A,A,A,A,A,A,A,A
27768,A,A,A,A,A,A,A,A,A,A
27769,A,A,A,A,A,A,A,A,A,A
27770,A,A,A,A,A,A,A,A,A,A
27771,A,A,A,A,A,A,A,A,A,A
27772,A,A,A,A,A,A,A,A,A,A
27773,A,A,A,A,A,A,A,A,A,A
27774,A,A,A,A,A,A,A,A,A,A
27775,A,A,A,A,A,A,A,A,A,A
27776,A,A,A,A,A,A,A,A,A,A
27777,A,A,A,A,A,A,A,A,A,A
27778,A,A,A,A,A,A,A,A,A,A
27779,A,A,A,A,A,A,A,A,A,A
27780,A,A,A,A,A,A,A,A,A,A
27781,A,A,A,A,A,A,A,A,A,A
27782,A,A,A,A,A,A,A,A,A,A
27783,A,A,A,A,A,A,A,A,A,A
27784,A,A,A,A,A,A,A,A,A,A
27785,A,A,A,A,A,A,A,A,A,A
27786,A,A,A,A,A,A,A,A,A,A
27787,A,A,A,A,A,A,A,A,A,A
27788,A,A,A,A,A,A,A,A,A,A
27789,A,A,A,A,A,A,A,A,A,A
27790,A,A,A,A,A,A,A,A,A,A
27791,A,A,A,A,A,A,A,A,A,A
27792,A,A,A,A,A,A,A,A,A,A
27793,A,A,A,A,A,A,A,A,A,A
27794,A,A,A,A,A,A,A,A,A,A
27795,A,A,A,A,A,A,A,A,A,A
27796,A,A,A,A,A,A,A,A,A,A
27797,A,A,A,A,A,A,A,A,A,A
27798,A,A,A,A,A,A,A,A,A,A
27799,A,A,A,A,A,A,A,A,A,A
27800,A,A,A,A,A,A,A,A,A,A
27801,A,A,A,A,A,A,A,A,A,A
27802,A,A,A,A,A,A,A,A,A,A
27803,A,A,A,A,A,A,A,A,A,A
27804,A,A,A,A,A,A,A,A,A,A
27805,A,A,A,A,A,A,A,A,A,A
27806,A,A,A,A,A,A,A,A,A,A
27807,A,A,A,A,A,A,A,A,A,A
27808,A,A,A,A,A,A,A,A,A,A
27809,A,A,A,A,A,A,A,A,A,A
27810,A,A,A,A,A,A,A,A,A,A
27811,A,A,A,A,A,A,A,A,A,A
27812,A,A,A,A,A,A,A,A,A,A
27813,A,A,A,A,A,A,A,A,A,A
27814,A,A,A,A,A,A,A,A,A,A
27815,A,A,A,A,A,A,A,A,A,A
27816,A,A,A,A,A,A,A,A,A,A
27817,A,A,A,A,A,A,A,A,A,A
27818,A,A,A,A,A,A,A,A,A,A
27819,A,A,A,A,A,A,A,A,A,A
27820,A,A,A,A,A,A,A,A,A,A
27821,A,A,A,A,A,A,A,A,A,A
27822,A,A,A,A,A,A,A,A,A,A
27823,A,A,A,A,A,A,A,A,A,A
27824,A,A,A,A,A,A,A,A,A,A
27825,A,A,A,A,A,A,A,A,A,A
27826,A,A,A,A,A,A,A,A,A,A
27827,A,A,A,A,A,A,A,A,A,A
27828,A,A,A,A,A,A,A,A,A,A
27829,A,A,A,A,A,A,A,A,A,A
27830,A,A,A,A,A,A,A,A,A,A
27831,A,A,A,A,A,A,A,A,A,A
27832,A,A,A,A,A,A,A,A,A,A
27833,A,A,A,A,A,A,A,A,A,A
27834,A,A,A,A,A,A,A,A,A,A
27835,A,A,A,A,A,A,A,A,A,A
27836,A,A,A,A,A,A,A,A,A,A
27837,A,A,A,A,A,A,A,A,A,A
27838,A,A,A,A,A,A,A,A,A,A
27839,A,A,A,A,A,A,A,A,A,A
27840,A,A,A,A,A,A,A,A,A,A
27841,A,A,A,A,A,A,A,A,A,A
27842,A,A,A,A,A,A,A,A,A,A
27843,A,A,A,A,A,A,A,A,A,A
27844,A,A,A,A,A,A,A,A,A,A
27845,A,A,A,A,A,A,A,A,A,A
27846,A,A,A,A,A,A,A,A,A,A
27847,A,A,A,A,A,A,A,A,A,A
27848,A,A,A,A,A,A,A,A,A,A
27849,A,A,A,A,A,A,A,A,A,A
27850,A,A,A,A,A,A,A,A,A,A
27851,A,A,A,A,A,A,A,A,A,A
27852,A,A,A,A,A,A,A,A,A,A
27853,A,A,A,A,A,A,A,A,A,A
27854,A,A,A,A,A,A,A,A,A,A
27855,A,A,A,A,A,A,A,A,A,A
27856,A,A,A,A,A,A,A,A,A,A
27857,A,A,A,A,A,A,A,A,A,A
27858,A,A,A,A,A,A,A,A,A,A
27859,A,A,A,A,A,A,A,A,A,A
27860,A,A,A,A,A,A,A,A,A,A
27861,A,A,A,A,A,A,A,A,A,A
27862,A,A,A,A,A,A,A,A,A,A
27863,A,A,A,A,A,A,A,A,A,A
27864,A,A,A,A,A,A,A,A,A,A
27865,A,A,A,A,A,A,A,A,A,A
27866,A,A,A,A,A,A,A,A,A,A
27867,A,A,A,A,A,A,A,A,A,A
27868,A,A,A,A,A,A,A,A,A,A
27869,A,A,A,A,A,A,A,A,A,A
27870,A,A,A,A,A,A,A,A,A,A
27871,A,A,A,A,A,A,A,A,A,A
27872,A,A,A,A,A,A,A,A,A,A
27873,A,A,A,A,A,A,A,A,A,A
27874,A,A,A,A,A,A,A,A,A,A
27875,A,A,A,A,A,A,A,A,A,A
27876,A,A,A,A,A,A,A,A,A,A
27877,A,A,A,A,A,A,A,A,A,A
27878,A,A,A,A,A,A,A,A,A,A
27879,A,A,A,A,A,A,A,A,A,A
27880,A,A,A,A,A,A,A,A,A,A
27881,A,A,A,A,A,A,A,A,A,A
27882,A,A,A,A,A,A,A,A,A,A
27883,A,A,A,A,A,A,A,A,A,A
27884,A,A,A,A,A,A,A,A,A,A
27885,A,A,A,A,A,A,A,A,A,A
27886,A,A,A,A,A,A,A,A,A,A
27887,A,A,A,A,A,A,A,A,A,A
27888,A,A,A,A,A,A,A,A,A,A
27889,A,A,A,A,A,A,A,A,A,A
27890,A,A,A,A,A,A,A,A,A,A
27891,A,A,A,A,A,A,A,A,A,A
27892,A,A,A,A,A,A,A,A,A,A
27893,A,A,A,A,A,A,A,A,A,A
27894,A,A,A,A,A,A,A,A,A,A
27895,A,A,A,A,A,A,A,A,A,A
27896,A,A,A,A,A,A,A,A,A,A
27897,A,A,A,A,A,A,A,A,A,A
27898,A,A,A,A,A,A,A,A,A,A
27899,A,A,A,A,A,A,A,A,A,A
27900,A,A,A,A,A,A,A,A,A,A
27901,A,A,A,A,A,A,A,A,A,A
27902,A,A,A,A,A,A,A,A,A,A
27903,A,A,A,A,A,A,A,A,A,A
27904,A,A,A,A,A,A,A,A,A,A
27905,A,A,A,A,A,A,A,A,A,A
27906,A,A,A,A,A,A,A,A,A,A
27907,A,A,A,A,A,A,A,A,A,A
27908,A,A,A,A,A,A,A,A,A,A
27909,A,A,A,A,A,A,A,A,A,A
27910,A,A,A,A,A,A,A,A,A,A
27911,A,A,A,A,A,A,A,A,A,A
27912,A,A,A,A,A,A,A,A,A,A
27913,A,A,A,A,A,A,A,A,A,A
27914,A,A,A,A,A,A,A,A,A,A
27915,A,A,A,A,A,A,A,A,A,A
27916,A,A,A,A,A,A,A,A,A,A
27917,A,A,A,A,A,A,A,A,A,A
27918,A,A,A,A,A,A,A,A,A,A
27919,A,A,A,A,A,A,A,A,A,A
27920,A,A,A,A,A,A,A,A,A,A
27921,A,A,A,A,A,A,A,A,A,A
27922,A,A,A,A,A,A,A,A,A,A
27923,A,A,A,A,A,A,A,A,A,A
27924,A,A,A,A,A,A,A,A,A,A
27925,A,A,A,A,A,A,A,A,A,A
27926,A,A,A,A,A,A,A,A,A,A
27927,A,A,A,A,A,A,A,A,A,A
27928,A,A,A,A,A,A,A,A,A,A
27929,A,A,A,A,A,A,A,A,A,A
27930,A,A,A,A,A,A,A,A,A,A
27931,A,A,A,A,A,A,A,A,A,A
27932,A,A,A,A,A,A,A,A,A,A
27933,A,A,A,A,A,A,A,A,A,A
27934,A,A,A,A,A,A,A,A,A,A
27935,A,A,A,A,A,A,A,A,A,A
27936,A,A,A,A,A,A,A,A,A,A
27937,A,A,A,A,A,A,A,A,A,A
27938,A,A,A,A,A,A,A,A,A,A
27939,A,A,A,A,A,A,A,A,A,A
27940,A,A,A,A,A,A,A,A,A,A
27941,A,A,A,A,A,A,A,A,A,A
27942,A,A,A,A,A,A,A,A,A,A
27943,A,A,A,A,A,A,A,A,A,A
27944,A,A,A,A,A,A,A,A,A,A
27945,A,A,A,A,A,A,A,A,A,A
27946,A,A,A,A,A,A,A,A,A,A
27947,A,A,A,A,A,A,A,A,A,A
27948,A,A,A,A,A,A,A,A,A,A
27949,A,A,A,A,A,A,A,A,A,A
27950,A,A,A,A,A,A,A,A,A,A
27951,A,A,A,A,A,A,A,A,A,A
27952,A,A,A,A,A,A,A,A,A,A
27953,A,A,A,A,A,A,A,A,A,A
27954,A,A,A,A,A,A,A,A,A,A
27955,A,A,A,A,A,A,A,A,A,A
27956,A,A,A,A,A,A,A,A,A,A
27957,A,A,A,A,A,A,A,A,A,A
27958,A,A,A,A,A,A,A,A,A,A
27959,A,A,A,A,A,A,A,A,A,A
27960,A,A,A,A,A,A,A,A,A,A
27961,A,A,A,A,A,A,A,A,A,A
27962,A,A,A,A,A,A,A,A,A,A
27963,A,A,A,A,A,A,A,A,A,A
27964,A,A,A,A,A,A,A,A,A,A
27965,A,A,A,A,A,A,A,A,A,A
27966,A,A,A,A,A,A,A,A,A,A
27967,A,A,A,A,A,A,A,A,A,A
27968,A,A,A,A,A,A,A,A,A,A
27969,A,A,A,A,A,A,A,A,A,A
27970,A,A,A,A,A,A,A,A,A,A
27971,A,A,A,A,A,A,A,A,A,A
27972,A,A,A,A,A,A,A,A,A,A
27973,A,A,A,A,A,A,A,A,A,A
27974,A,A,A,A,A,A,A,A,A,A
27975,A,A,A,A,A,A,A,A,A,A
27976,A,A,A,A,A,A,A,A,A,A
27977,A,A,A,A,A,A,A,A,A,A
27978,A,A,A,A,A,A,A,A,A,A
27979,A,A,A,A,A,A,A,A,A,A
27980,A,A,A,A,A,A,A,A,A,A
27981,A,A,A,A,A,A,A,A,A,A
27982,A,A,A,A,A,A,A,A,A,A
27983,A,A,A,A,A,A,A,A,A,A
27984,A,A,A,A,A,A,A,A,A,A
27985,A,A,A,A,A,A,A,A,A,A
27986,A,A,A,A,A,A,A,A,A,A
27987,A,A,A,A,A,A,A,A,A,A
27988,A,A,A,A,A,A,A,A,A,A
27989,A,A,A,A,A,A,A,A,A,A
27990,A,A,A,A,A,A,A,A,A,A
27991,A,A,A,A,A,A,A,A,A,A
27992,A,A,A,A,A,A,A,A,A,A
27993,A,A,A,A,A,A,A,A,A,A
27994,A,A,A,A,A,A,A,A,A,A
27997,A,A,A,A,A,A,A,A,A,A
27999,A,A,A,A,A,A,A,A,A,A
28000,A,A,A,A,A,A,A,A,A,A
28001,A,A,A,A,A,A,A,A,A,A
28002,A,A,A,A,A,A,A,A,A,A
28003,A,A,A,A,A,A,A,A,A,A
28004,A,A,A,A,A,A,A,A,A,A
28005,A,A,A,A,A,A,A,A,A,A
28006,A,A,A,A,A,A,A,A,A,A
28007,A,A,A,A,A,A,A,A,A,A
28008,A,A,A,A,A,A,A,A,A,A
28009,A,A,A,A,A,A,A,A,A,A
28010,A,A,A,A,A,A,A,A,A,A
28011,A,A,A,A,A,A,A,A,A,A
28012,A,A,A,A,A,A,A,A,A,A
28013,A,A,A,A,A,A,A,A,A,A
28014,A,A,A,A,A,A,A,A,A,A
28015,A,A,A,A,A,A,A,A,A,A
28016,A,A,A,A,A,A,A,A,A,A
28017,A,A,A,A,A,A,A,A,A,A
28018,A,A,A,A,A,A,A,A,A,A
28019,A,A,A,A,A,A,A,A,A,A
28020,A,A,A,A,A,A,A,A,A,A
28021,A,A,A,A,A,A,A,A,A,A
28022,A,A,A,A,A,A,A,A,A,A
28023,A,A,A,A,A,A,A,A,A,A
28024,A,A,A,A,A,A,A,A,A,A
28025,A,A,A,A,A,A,A,A,A,A
28026,A,A,A,A,A,A,A,A,A,A
28027,A,A,A,A,A,A,A,A,A,A
28028,A,A,A,A,A,A,A,A,A,A
28029,A,A,A,A,A,A,A,A,A,A
28030,A,A,A,A,A,A,A,A,A,A
28031,A,A,A,A,A,A,A,A,A,A
28032,A,A,A,A,A,A,A,A,A,A
28033,A,A,A,A,A,A,A,A,A,A
28034,A,A,A,A,A,A,A,A,A,A
28035,A,A,A,A,A,A,A,A,A,A
28036,A,A,A,A,A,A,A,A,A,A
28037,A,A,A,A,A,A,A,A,A,A
28038,A,A,A,A,A,A,A,A,A,A
28039,A,A,A,A,A,A,A,A,A,A
28040,A,A,A,A,A,A,A,A,A,A
28041,A,A,A,A,A,A,A,A,A,A
28042,A,A,A,A,A,A,A,A,A,A
28043,A,A,A,A,A,A,A,A,A,A
28044,A,A,A,A,A,A,A,A,A,A
28045,A,A,A,A,A,A,A,A,A,A
28046,A,A,A,A,A,A,A,A,A,A
28047,A,A,A,A,A,A,A,A,A,A
28048,A,A,A,A,A,A,A,A,A,A
28049,A,A,A,A,A,A,A,A,A,A
28050,A,A,A,A,A,A,A,A,A,A
28051,A,A,A,A,A,A,A,A,A,A
28052,A,A,A,A,A,A,A,A,A,A
28053,A,A,A,A,A,A,A,A,A,A
28054,A,A,A,A,A,A,A,A,A,A
28055,A,A,A,A,A,A,A,A,A,A
28056,A,A,A,A,A,A,A,A,A,A
28057,A,A,A,A,A,A,A,A,A,A
28058,A,A,A,A,A,A,A,A,A,A
28059,A,A,A,A,A,A,A,A,A,A
28060,A,A,A,A,A,A,A,A,A,A
28061,A,A,A,A,A,A,A,A,A,A
28062,A,A,A,A,A,A,A,A,A,A
28063,A,A,A,A,A,A,A,A,A,A
28064,A,A,A,A,A,A,A,A,A,A
28065,A,A,A,A,A,A,A,A,A,A
28066,A,A,A,A,A,A,A,A,A,A
28067,A,A,A,A,A,A,A,A,A,A
28068,A,A,A,A,A,A,A,A,A,A
28069,A,A,A,A,A,A,A,A,A,A
28070,A,A,A,A,A,A,A,A,A,A
28071,A,A,A,A,A,A,A,A,A,A
28072,A,A,A,A,A,A,A,A,A,A
28073,A,A,A,A,A,A,A,A,A,A
28074,A,A,A,A,A,A,A,A,A,A
28075,A,A,A,A,A,A,A,A,A,A
28076,A,A,A,A,A,A,A,A,A,A
28077,A,A,A,A,A,A,A,A,A,A
28078,A,A,A,A,A,A,A,A,A,A
28079,A,A,A,A,A,A,A,A,A,A
28080,A,A,A,A,A,A,A,A,A,A
28081,A,A,A,A,A,A,A,A,A,A
28082,A,A,A,A,A,A,A,A,A,A
28083,A,A,A,A,A,A,A,A,A,A
28084,A,A,A,A,A,A,A,A,A,A
28085,A,A,A,A,A,A,A,A,A,A
28086,A,A,A,A,A,A,A,A,A,A
28087,A,A,A,A,A,A,A,A,A,A
28088,A,A,A,A,A,A,A,A,A,A
28089,A,A,A,A,A,A,A,A,A,A
28090,A,A,A,A,A,A,A,A,A,A
28091,A,A,A,A,A,A,A,A,A,A
28092,A,A,A,A,A,A,A,A,A,A
28093,A,A,A,A,A,A,A,A,A,A
28094,A,A,A,A,A,A,A,A,A,A
28095,A,A,A,A,A,A,A,A,A,A
28096,A,A,A,A,A,A,A,A,A,A
28097,A,A,A,A,A,A,A,A,A,A
28098,A,A,A,A,A,A,A,A,A,A
28099,A,A,A,A,A,A,A,A,A,A
28100,A,A,A,A,A,A,A,A,A,A
28101,A,A,A,A,A,A,A,A,A,A
28102,A,A,A,A,A,A,A,A,A,A
28103,A,A,A,A,A,A,A,A,A,A
28104,A,A,A,A,A,A,A,A,A,A
28105,A,A,A,A,A,A,A,A,A,A
28106,A,A,A,A,A,A,A,A,A,A
28107,A,A,A,A,A,A,A,A,A,A
28108,A,A,A,A,A,A,A,A,A,A
28109,A,A,A,A,A,A,A,A,A,A
28110,A,A,A,A,A,A,A,A,A,A
28111,A,A,A,A,A,A,A,A,A,A
28112,A,A,A,A,A,A,A,A,A,A
28113,A,A,A,A,A,A,A,A,A,A
28114,A,A,A,A,A,A,A,A,A,A
28115,A,A,A,A,A,A,A,A,A,A
28116,A,A,A,A,A,A,A,A,A,A
28117,A,A,A,A,A,A,A,A,A,A
28118,A,A,A,A,A,A,A,A,A,A
28119,A,A,A,A,A,A,A,A,A,A
28120,A,A,A,A,A,A,A,A,A,A
28121,A,A,A,A,A,A,A,A,A,A
28122,A,A,A,A,A,A,A,A,A,A
28123,A,A,A,A,A,A,A,A,A,A
28124,A,A,A,A,A,A,A,A,A,A
28125,A,A,A,A,A,A,A,A,A,A
28126,A,A,A,A,A,A,A,A,A,A
28127,A,A,A,A,A,A,A,A,A,A
28128,A,A,A,A,A,A,A,A,A,A
28129,A,A,A,A,A,A,A,A,A,A
28130,A,A,A,A,A,A,A,A,A,A
28131,A,A,A,A,A,A,A,A,A,A
28132,A,A,A,A,A,A,A,A,A,A
28133,A,A,A,A,A,A,A,A,A,A
28134,A,A,A,A,A,A,A,A,A,A
28135,A,A,A,A,A,A,A,A,A,A
28136,A,A,A,A,A,A,A,A,A,A
28137,A,A,A,A,A,A,A,A,A,A
28138,A,A,A,A,A,A,A,A,A,A
28139,A,A,A,A,A,A,A,A,A,A
28140,A,A,A,A,A,A,A,A,A,A
28141,A,A,A,A,A,A,A,A,A,A
28142,A,A,A,A,A,A,A,A,A,A
28143,A,A,A,A,A,A,A,A,A,A
28144,A,A,A,A,A,A,A,A,A,A
28145,A,A,A,A,A,A,A,A,A,A
28146,A,A,A,A,A,A,A,A,A,A
28147,A,A,A,A,A,A,A,A,A,A
28148,A,A,A,A,A,A,A,A,A,A
28149,A,A,A,A,A,A,A,A,A,A
28150,A,A,A,A,A,A,A,A,A,A
28151,A,A,A,A,A,A,A,A,A,A
28152,A,A,A,A,A,A,A,A,A,A
28153,A,A,A,A,A,A,A,A,A,A
28154,A,A,A,A,A,A,A,A,A,A
28155,A,A,A,A,A,A,A,A,A,A
28156,A,A,A,A,A,A,A,A,A,A
28157,A,A,A,A,A,A,A,A,A,A
28158,A,A,A,A,A,A,A,A,A,A
28159,A,A,A,A,A,A,A,A,A,A
28160,A,A,A,A,A,A,A,A,A,A
28161,A,A,A,A,A,A,A,A,A,A
28162,A,A,A,A,A,A,A,A,A,A
28163,A,A,A,A,A,A,A,A,A,A
28164,A,A,A,A,A,A,A,A,A,A
28165,A,A,A,A,A,A,A,A,A,A
28166,A,A,A,A,A,A,A,A,A,A
28167,A,A,A,A,A,A,A,A,A,A
28168,A,A,A,A,A,A,A,A,A,A
28169,A,A,A,A,A,A,A,A,A,A
28170,A,A,A,A,A,A,A,A,A,A
28171,A,A,A,A,A,A,A,A,A,A
28172,A,A,A,A,A,A,A,A,A,A
28173,A,A,A,A,A,A,A,A,A,A
28174,A,A,A,A,A,A,A,A,A,A
28175,A,A,A,A,A,A,A,A,A,A
28176,A,A,A,A,A,A,A,A,A,A
28177,A,A,A,A,A,A,A,A,A,A
28178,A,A,A,A,A,A,A,A,A,A
28179,A,A,A,A,A,A,A,A,A,A
28180,A,A,A,A,A,A,A,A,A,A
28181,A,A,A,A,A,A,A,A,A,A
28182,A,A,A,A,A,A,A,A,A,A
28183,A,A,A,A,A,A,A,A,A,A
28184,A,A,A,A,A,A,A,A,A,A
28187,A,A,A,A,A,A,A,A,A,A
28188,A,A,A,A,A,A,A,A,A,A
28189,A,A,A,A,A,A,A,A,A,A
28190,A,A,A,A,A,A,A,A,A,A
28191,A,A,A,A,A,A,A,A,A,A
28192,A,A,A,A,A,A,A,A,A,A
28193,A,A,A,A,A,A,A,A,A,A
28194,A,A,A,A,A,A,A,A,A,A
28195,A,A,A,A,A,A,A,A,A,A
28196,A,A,A,A,A,A,A,A,A,A
28197,A,A,A,A,A,A,A,A,A,A
28198,A,A,A,A,A,A,A,A,A,A
28199,A,A,A,A,A,A,A,A,A,A
28200,A,A,A,A,A,A,A,A,A,A
28201,A,A,A,A,A,A,A,A,A,A
28202,A,A,A,A,A,A,A,A,A,A
28203,A,A,A,A,A,A,A,A,A,A
28204,A,A,A,A,A,A,A,A,A,A
28205,A,A,A,A,A,A,A,A,A,A
28206,A,A,A,A,A,A,A,A,A,A
28207,A,A,A,A,A,A,A,A,A,A
28208,A,A,A,A,A,A,A,A,A,A
28209,A,A,A,A,A,A,A,A,A,A
28210,A,A,A,A,A,A,A,A,A,A
28211,A,A,A,A,A,A,A,A,A,A
28212,A,A,A,A,A,A,A,A,A,A
28213,A,A,A,A,A,A,A,A,A,A
28214,A,A,A,A,A,A,A,A,A,A
28215,A,A,A,A,A,A,A,A,A,A
28216,A,A,A,A,A,A,A,A,A,A
28217,A,A,A,A,A,A,A,A,A,A
28218,A,A,A,A,A,A,A,A,A,A
28219,A,A,A,A,A,A,A,A,A,A
28220,A,A,A,A,A,A,A,A,A,A
28221,A,A,A,A,A,A,A,A,A,A
28222,A,A,A,A,A,A,A,A,A,A
28223,A,A,A,A,A,A,A,A,A,A
28224,A,A,A,A,A,A,A,A,A,A
28225,A,A,A,A,A,A,A,A,A,A
28226,A,A,A,A,A,A,A,A,A,A
28227,A,A,A,A,A,A,A,A,A,A
28228,A,A,A,A,A,A,A,A,A,A
28229,A,A,A,A,A,A,A,A,A,A
28230,A,A,A,A,A,A,A,A,A,A
28231,A,A,A,A,A,A,A,A,A,A
28232,A,A,A,A,A,A,A,A,A,A
28234,A,A,A,A,A,A,A,A,A,A
28235,A,A,A,A,A,A,A,A,A,A
28236,A,A,A,A,A,A,A,A,A,A
28237,A,A,A,A,A,A,A,A,A,A
28238,A,A,A,A,A,A,A,A,A,A
28239,A,A,A,A,A,A,A,A,A,A
28240,A,A,A,A,A,A,A,A,A,A
28241,A,A,A,A,A,A,A,A,A,A
28242,A,A,A,A,A,A,A,A,A,A
28243,A,A,A,A,A,A,A,A,A,A
28244,A,A,A,A,A,A,A,A,A,A
28245,A,A,A,A,A,A,A,A,A,A
28246,A,A,A,A,A,A,A,A,A,A
28247,A,A,A,A,A,A,A,A,A,A
28248,A,A,A,A,A,A,A,A,A,A
28249,A,A,A,A,A,A,A,A,A,A
28250,A,A,A,A,A,A,A,A,A,A
28251,A,A,A,A,A,A,A,A,A,A
28252,A,A,A,A,A,A,A,A,A,A
28253,A,A,A,A,A,A,A,A,A,A
28254,A,A,A,A,A,A,A,A,A,A
28255,A,A,A,A,A,A,A,A,A,A
28256,A,A,A,A,A,A,A,A,A,A
28257,A,A,A,A,A,A,A,A,A,A
28258,A,A,A,A,A,A,A,A,A,A
28259,A,A,A,A,A,A,A,A,A,A
28260,A,A,A,A,A,A,A,A,A,A
28261,A,A,A,A,A,A,A,A,A,A
28262,A,A,A,A,A,A,A,A,A,A
28263,A,A,A,A,A,A,A,A,A,A
28264,A,A,A,A,A,A,A,A,A,A
28265,A,A,A,A,A,A,A,A,A,A
28266,A,A,A,A,A,A,A,A,A,A
28267,A,A,A,A,A,A,A,A,A,A
28268,A,A,A,A,A,A,A,A,A,A
28269,A,A,A,A,A,A,A,A,A,A
28270,A,A,A,A,A,A,A,A,A,A
28271,A,A,A,A,A,A,A,A,A,A
28272,A,A,A,A,A,A,A,A,A,A
28273,A,A,A,A,A,A,A,A,A,A
28274,A,A,A,A,A,A,A,A,A,A
28275,A,A,A,A,A,A,A,A,A,A
28276,A,A,A,A,A,A,A,A,A,A
28277,A,A,A,A,A,A,A,A,A,A
28278,A,A,A,A,A,A,A,A,A,A
28279,A,A,A,A,A,A,A,A,A,A
28280,A,A,A,A,A,A,A,A,A,A
28281,A,A,A,A,A,A,A,A,A,A
28282,A,A,A,A,A,A,A,A,A,A
28283,A,A,A,A,A,A,A,A,A,A
28284,A,A,A,A,A,A,A,A,A,A
28285,A,A,A,A,A,A,A,A,A,A
28286,A,A,A,A,A,A,A,A,A,A
28287,A,A,A,A,A,A,A,A,A,A
28288,A,A,A,A,A,A,A,A,A,A
28289,A,A,A,A,A,A,A,A,A,A
28290,A,A,A,A,A,A,A,A,A,A
28291,A,A,A,A,A,A,A,A,A,A
28292,A,A,A,A,A,A,A,A,A,A
28293,A,A,A,A,A,A,A,A,A,A
28294,A,A,A,A,A,A,A,A,A,A
28295,A,A,A,A,A,A,A,A,A,A
28296,A,A,A,A,A,A,A,A,A,A
28297,A,A,A,A,A,A,A,A,A,A
28298,A,A,A,A,A,A,A,A,A,A
28299,A,A,A,A,A,A,A,A,A,A
28300,A,A,A,A,A,A,A,A,A,A
28301,A,A,A,A,A,A,A,A,A,A
28302,A,A,A,A,A,A,A,A,A,A
28303,A,A,A,A,A,A,A,A,A,A
28304,A,A,A,A,A,A,A,A,A,A
28305,A,A,A,A,A,A,A,A,A,A
28306,A,A,A,A,A,A,A,A,A,A
28307,A,A,A,A,A,A,A,A,A,A
28308,A,A,A,A,A,A,A,A,A,A
28309,A,A,A,A,A,A,A,A,A,A
28310,J,J,J,J,J,J,J,J,J,J
28311,J,J,J,J,J,J,J,J,J,J
28313,E,E,E,E,E,E,E,E,E,E
28314,E,E,E,E,E,E,E,E,E,E
28315,E,E,E,E,E,E,E,E,E,E
28316,E,E,E,E,E,E,E,E,E,E
28317,E,E,E,E,E,E,E,E,E,E
28318,E,E,E,E,E,E,E,E,E,E
28319,O,O,O,O,O,O,O,O,O,O
28320,I,I,I,I,I,C,C,C,C,C
28321,C,C,C,C,C,C,C,C,C,C
28322,C,C,C,C,C,C,C,C,C,C
28323,C,C,C,C,C,C,C,C,C,C
28324,C,C,C,C,C,C,C,C,C,C
28325,C,C,C,C,C,C,C,C,C,C
28326,C,C,C,C,C,C,C,C,C,C
28327,C,C,C,C,C,C,C,C,C,C
28328,C,C,C,C,C,C,C,C,C,C
28329,C,C,C,C,C,C,C,C,C,C
28330,C,C,C,C,C,C,C,C,C,C
28331,E,E,E,E,E,E,E,E,E,E
28333,C,C,C,C,C,C,C,C,C,C
28334,C,C,C,C,C,C,C,C,C,C
28335,C,C,C,C,C,C,C,C,C,C
28336,C,C,C,C,C,C,C,C,C,C
28337,C,C,C,C,C,C,C,C,C,C
28338,C,C,C,C,C,C,C,C,C,C
28339,D,D,D,D,D,D,D,D,D,D
28340,I,I,I,I,I,I,I,I,I,I
28341,C,C,C,C,C,C,C,C,C,C
28342,C,C,C,C,C,C,C,C,C,C
28343,C,C,C,C,C,C,C,C,C,C
28344,C,C,C,C,C,C,C,C,C,C
28345,C,C,C,C,C,C,C,C,C,C
28346,C,C,C,C,C,C,C,C,C,C
28347,C,C,C,C,C,C,C,C,C,C
28348,C,C,C,C,C,C,C,C,C,C
28349,C,C,C,C,C,C,C,C,C,C
28350,C,C,C,C,C,C,C,C,C,C
28351,C,C,C,C,C,C,C,C,C,C
28352,C,C,C,C,C,C,C,C,C,C
28353,E,E,E,E,E,E,E,E,E,E
28354,J,J,J,J,J,J,J,J,J,J
28356,E,E,E,E,E,E,E,E,E,E
28357,E,E,E,E,E,E,E,E,E,E
28358,E,E,E,E,E,E,E,E,E,E
28360,E,E,E,E,E,E,E,E,E,E
28361,I,I,I,I,I,I,I,I,I,I
28362,C,C,C,C,C,C,C,C,C,C
28363,C,C,C,C,C,C,C,C,C,C
28364,C,C,C,C,C,C,C,C,C,C
28365,C,C,C,C,C,C,C,C,C,C
28366,C,C,C,C,C,C,C,C,C,C
28367,C,C,C,C,C,C,C,C,C,C
28368,C,C,C,C,C,C,C,C,C,C
28369,C,C,C,C,C,C,C,C,C,C
28370,C,C,C,C,C,C,C,C,C,C
28371,C,C,C,C,C,C,C,C,C,C
28372,C,C,C,C,C,C,C,C,C,C
28373,C,C,C,C,C,C,C,C,C,C
28374,C,C,C,C,C,C,C,C,C,C
28375,C,C,C,C,C,C,C,C,C,C
28377,E,E,E,E,E,E,E,E,E,E
28384,E,E,E,E,E,E,E,E,E,E
28385,E,E,E,E,E,E,E,E,E,E
28386,E,E,E,E,E,E,E,E,E,E
28388,E,E,E,E,E,E,E,E,E,E
28389,E,E,E,E,E,E,E,E,E,E
28391,E,E,E,E,E,E,E,E,E,E
28392,E,E,E,E,E,E,E,E,E,E
28393,E,E,E,E,E,E,E,E,E,E
28394,E,E,E,E,E,E,E,E,E,E
28396,E,E,E,E,E,E,E,E,E,E
28398,E,E,E,E,E,E,E,E,E,E
28402,E,E,E,E,E,E,E,E,E,E
28404,E,E,E,E,E,E,E,E,E,E
28405,E,E,E,E,E,E,E,E,E,E
28408,J,J,J,J,J,J,J,J,J,J
28410,E,E,E,E,E,E,E,E,E,E
28411,E,E,E,E,E,E,E,E,E,E
28412,E,E,E,E,E,E,E,E,E,E
28414,E,E,E,E,E,E,E,E,E,E
28415,E,E,E,E,E,E,E,E,E,E
28416,E,E,E,E,E,E,E,E,E,E
28417,E,E,E,E,E,E,E,E,E,E
28418,E,E,E,E,E,E,E,E,E,E
28419,E,E,E,E,E,E,E,E,E,E
28420,E,E,E,E,E,E,E,E,E,E
28421,E,E,E,E,E,E,E,E,E,E
28422,E,E,E,E,E,E,E,E,E,E
28423,O,O,O,O,O,O,O,O,O,O
28424,E,E,E,E,E,E,E,E,E,E
28425,E,E,E,E,E,E,E,E,E,E
28426,E,E,E,E,E,E,E,E,E,E
28428,E,E,E,E,E,E,E,E,E,E
28429,E,E,E,E,E,E,E,E,E,E
28430,E,E,E,E,E,E,E,E,E,E
28431,E,E,E,E,E,E,E,E,E,E
28432,E,E,E,E,E,E,E,E,E,E
28435,E,E,E,E,E,E,E,E,E,E
28437,D,D,D,D,D,D,D,D,D,D
28438,C,C,C,C,C,C,C,C,C,C
28440,C,C,C,C,C,C,C,C,C,C
28441,C,C,C,C,C,C,C,C,C,C
28442,C,C,C,C,C,C,C,C,C,C
28443,C,C,C,C,C,C,C,C,C,C
28444,C,C,C,C,C,C,C,C,C,C
28449,C,C,C,C,C,C,C,C,C,C
28450,C,C,C,C,C,C,C,C,C,C
28451,C,C,C,C,C,C,C,C,C,C
28452,C,C,C,C,C,C,C,C,C,C
28453,C,C,C,C,C,C,C,C,C,C
28454,C,C,C,C,C,C,C,C,C,C
28455,C,C,C,C,C,C,C,C,C,C
28456,C,C,C,C,C,C,C,C,C,C
28457,C,C,C,C,C,C,C,C,C,C
28458,C,C,C,C,C,C,C,C,C,C
28459,C,C,C,C,C,C,C,C,C,C
28460,C,C,C,C,C,C,C,C,C,C
28461,C,C,C,C,C,C,C,C,C,C
28462,C,C,C,C,C,C,C,C,C,C
28463,C,C,C,C,C,C,C,C,C,C
28464,C,C,C,C,C,C,C,C,C,C
28465,C,C,C,C,C,C,C,C,C,C
28466,C,C,C,C,C,C,C,C,C,C
28467,C,C,C,C,C,C,C,C,C,C
28468,C,C,C,C,C,C,C,C,C,C
28469,D,D,D,D,D,D,D,D,D,D
28470,E,E,E,E,E,E,E,E,E,E
28471,D,D,D,D,D,D,D,D,D,D
28472,E,E,E,E,E,E,E,E,E,E
28473,D,D,D,D,D,D,D,D,D,D
28474,D,D,D,D,D,D,D,D,D,D
28475,D,D,D,D,D,D,D,D,D,D
28476,I,I,I,I,I,I,I,I,I,I
28477,I,I,I,I,I,I,I,I,I,I
28478,E,E,E,E,E,E,E,E,E,E
28479,E,E,E,E,E,E,E,E,E,E
28480,D,D,D,D,D,D,D,D,D,D
28481,D,D,D,D,D,D,D,D,D,D
28482,D,D,D,D,D,D,D,D,D,D
28483,D,D,D,D,D,D,D,D,D,D
28484,D,D,D,D,D,D,D,D,D,D
28485,D,D,D,D,D,D,D,D,D,D
28486,D,D,D,D,D,D,D,D,D,D
28487,D,D,D,D,D,D,D,D,D,D
28488,D,D,D,D,D,D,D,D,D,D
28489,D,D,D,D,D,D,D,D,D,D
28490,D,D,D,D,D,D,D,D,D,D
28491,D,D,D,D,D,D,D,D,D,D
28492,D,D,D,D,D,D,D,D,D,D
28493,I,I,I,I,I,I,I,I,I,I
28494,D,D,D,D,D,D,D,D,D,D
28495,D,D,D,D,D,D,D,D,D,D
28496,D,D,D,D,D,D,D,D,D,D
28497,D,D,D,D,D,D,D,D,D,D
28498,D,D,D,D,D,D,D,D,D,D
28499,D,D,D,D,D,D,D,D,D,D
28500,D,D,D,D,D,D,D,D,D,D
28501,D,D,D,D,D,D,D,D,D,D
28502,D,D,D,D,D,D,D,D,D,D
28503,E,E,E,E,E,E,E,E,E,E
28504,D,D,D,D,D,D,D,D,D,D
28505,D,D,D,D,D,D,D,D,D,D
28506,D,D,D,D,D,D,D,D,D,D
28507,D,D,D,D,D,D,D,D,D,D
28508,D,D,D,D,D,D,D,D,D,D
28509,D,D,D,D,D,D,D,D,D,D
28510,D,D,D,D,D,D,D,D,D,D
28511,D,D,D,D,D,D,D,D,D,D
28512,D,D,D,D,D,D,D,D,D,D
28513,E,E,E,E,E,E,E,E,E,E
28514,E,E,E,E,E,E,E,E,E,E
28515,E,E,E,E,E,E,E,E,E,E
28516,E,E,E,E,E,E,E,E,E,E
28517,E,E,E,E,E,E,E,E,E,E
28518,E,E,E,E,E,E,E,E,E,E
28519,E,E,E,E,E,E,E,E,E,E
28520,E,E,E,E,E,E,E,E,E,E
28521,E,E,E,E,E,E,E,E,E,E
28522,E,E,E,E,E,E,E,E,E,E
28523,E,E,E,E,E,E,E,E,E,E
28524,I,I,I,O,#N/A,#N/A,#N/A,#N/A,#N/A,K
28525,E,E,E,E,E,E,E,E,E,E
28526,E,E,E,E,E,E,E,E,E,E
28527,E,E,E,E,E,E,E,E,E,E
28528,J,J,J,J,J,J,J,J,J,J
28532,E,E,E,E,E,E,E,E,E,E
28533,E,E,E,E,E,E,E,E,E,E
28534,F,E,E,E,E,E,E,E,E,E
28535,F,F,F,F,F,F,F,F,F,F
28536,F,F,F,F,F,F,F,F,F,F
28538,E,E,E,E,E,E,E,E,E,E
28539,E,E,E,E,E,E,E,E,E,E
28540,D,D,D,D,D,D,D,D,D,D
28541,D,D,D,D,D,D,D,D,D,D
28542,D,D,D,D,D,D,D,D,D,D
28550,E,E,E,E,E,E,E,E,E,E
28557,D,D,D,D,D,D,D,D,D,D
28558,D,D,D,D,D,D,D,D,D,D
28559,D,D,D,D,D,D,D,D,D,D
28560,D,D,D,D,D,D,D,D,D,D
28561,E,E,E,E,E,E,E,E,E,E
28562,E,E,E,E,E,E,E,E,E,E
28563,I,I,I,O,O,O,O,O,O,O
28564,E,E,E,E,E,E,E,E,E,E
28565,E,E,E,E,E,E,E,E,E,E
28566,E,E,E,E,E,E,E,E,E,E
28567,E,E,E,E,E,E,E,E,E,E
28568,I,I,I,O,O,O,O,O,O,O
28569,E,E,E,E,E,E,E,E,E,E
28570,E,E,E,E,E,E,E,E,E,E
28572,E,E,E,E,E,E,E,E,E,E
28573,E,E,E,E,E,E,E,E,E,E
28581,J,J,J,J,J,J,J,J,J,J
28584,E,E,E,E,E,E,E,E,E,E
28585,E,E,E,E,E,E,E,E,E,E
28586,E,E,E,E,E,E,E,E,E,E
28588,E,E,E,E,E,E,E,E,E,E
28589,C,C,C,C,C,C,C,C,C,C
28590,C,C,C,C,C,C,C,C,C,C
28591,C,C,C,C,C,C,C,C,C,C
28592,C,C,C,C,C,C,C,C,C,C
28593,C,C,C,C,C,C,C,C,C,C
28595,E,E,E,E,E,E,E,E,E,E
28596,E,E,E,E,E,E,E,E,E,E
28597,I,I,I,O,O,O,O,O,O,O
28598,C,C,C,C,C,C,C,C,C,C
28599,C,C,C,C,C,C,C,C,C,C
28600,C,C,C,C,C,C,C,C,C,C
28601,C,C,C,C,C,C,C,C,C,C
28602,C,C,C,C,C,C,C,C,C,C
28603,C,C,C,C,C,C,C,C,C,C
28604,C,C,C,C,C,C,C,C,C,C
28605,C,C,C,C,C,C,C,C,C,C
28606,C,C,C,C,C,C,C,C,C,C
28607,C,C,C,C,C,C,C,C,C,C
28608,C,C,C,C,C,C,C,C,C,C
28609,C,C,C,C,C,C,C,C,C,C
28610,C,C,C,C,C,C,C,C,C,C
28611,C,C,C,C,C,C,C,C,C,C
28612,C,C,C,C,C,C,C,C,C,C
28613,C,C,C,C,C,C,C,C,C,C
28614,C,C,C,C,C,C,C,C,C,C
28615,C,C,C,C,C,C,C,C,C,C
28616,C,C,C,C,C,C,C,C,C,C
28617,E,E,E,E,E,E,E,E,E,E
28619,E,E,E,E,E,E,E,E,E,E
28620,D,D,D,D,D,D,D,D,D,D
28621,D,D,D,D,D,D,D,D,D,D
28622,D,D,D,D,D,D,D,D,D,D
28623,D,D,D,D,D,D,D,D,D,D
28624,J,J,J,J,J,J,J,J,J,J
28625,D,D,D,D,D,D,D,D,D,D
28626,D,D,D,D,D,D,D,D,D,D
28627,D,D,D,D,D,D,D,D,D,D
28628,D,D,D,D,D,D,D,D,D,D
28629,D,D,D,D,D,D,D,D,D,D
28630,D,D,D,D,D,D,D,D,D,D
28631,D,D,D,D,D,D,D,D,D,D
28632,D,D,D,D,D,D,D,D,D,D
28633,D,D,D,D,D,D,D,D,D,D
28634,L,L,L,L,L,L,L,L,L,L
28635,D,D,D,D,D,D,D,D,D,D
28636,D,D,D,D,D,D,D,D,D,D
28637,D,D,D,D,D,D,D,D,D,D
28638,D,D,D,D,D,D,D,D,D,D
28639,D,D,D,D,D,D,D,D,D,D
28640,D,D,D,D,D,D,D,D,D,D
28641,D,D,D,D,D,D,D,D,D,D
28642,D,D,D,D,D,D,D,D,D,D
28643,D,D,D,D,D,D,D,D,D,D
28645,I,I,I,I,I,I,I,I,I,I
28646,D,D,D,D,D,D,D,D,D,D
28647,D,D,D,D,D,D,D,D,D,D
28648,E,E,E,E,E,E,E,E,E,E
28649,D,D,D,D,D,D,D,D,D,D
28650,D,D,D,D,D,D,D,D,D,D
28651,D,D,D,D,D,D,D,D,D,D
28652,D,D,D,D,D,D,D,D,D,D
28653,E,E,E,E,E,E,E,E,E,E
28654,D,D,D,D,D,D,D,D,D,D
28655,D,D,D,D,D,D,D,D,D,D
28656,E,E,E,E,E,E,E,E,E,E
28657,B,B,D,D,D,D,D,D,D,D
28658,D,D,D,D,D,D,D,D,D,D
28659,D,D,D,D,D,D,D,D,D,D
28660,D,D,D,D,D,D,D,D,D,D
28661,D,D,D,D,D,D,D,D,D,D
28662,D,D,D,D,D,D,D,D,D,D
28663,D,D,D,D,D,D,D,D,D,D
28664,D,D,D,D,D,D,D,D,D,D
28665,D,D,D,D,D,D,D,D,D,D
28666,D,D,D,D,D,D,D,D,D,D
28667,I,I,I,I,I,I,I,I,I,I
28668,I,I,I,I,I,I,I,I,I,I
28669,D,D,D,D,D,D,D,D,D,D
28670,D,D,D,D,D,D,D,D,D,D
28671,D,D,D,D,D,D,D,D,D,D
28672,E,E,E,E,E,E,E,E,E,E
28673,E,E,E,E,E,E,E,E,E,E
28674,E,E,E,E,E,E,E,E,E,E
28675,E,E,E,E,E,E,E,E,E,E
28680,E,E,E,E,E,E,E,E,E,E
28681,I,I,I,O,O,O,O,O,O,O
28691,E,E,E,E,E,E,E,E,E,E
28692,E,E,E,E,E,E,E,E,E,E
28694,E,E,E,E,E,E,E,E,E,E
28695,E,E,E,E,E,E,E,E,E,E
28696,E,E,E,E,E,E,E,E,E,E
28699,E,E,E,E,E,E,E,E,E,E
28701,E,E,E,E,E,E,E,E,E,E
28708,E,E,E,E,E,E,E,E,E,E
28709,E,E,E,E,E,E,E,E,E,E
28710,E,E,E,E,E,E,E,E,E,E
28711,E,E,E,E,E,E,E,E,E,E
28713,E,E,E,E,E,E,E,E,E,E
28715,E,E,E,E,E,E,E,E,E,E
28733,E,E,E,E,E,E,E,E,E,E
28734,E,E,E,E,E,E,E,E,E,E
28735,E,E,E,E,E,E,E,E,E,E
28736,E,E,E,E,E,E,E,E,E,E
28738,E,E,E,E,E,E,E,E,E,E
28740,E,E,E,E,E,E,E,E,E,E
28742,E,E,E,E,E,E,E,E,E,E
28744,E,E,E,E,E,E,E,E,E,E
28746,E,E,E,E,E,E,E,E,E,E
28747,E,E,E,E,E,E,E,E,E,E
28748,E,E,E,E,E,E,E,E,E,E
28749,E,E,E,E,E,E,E,E,E,E
28750,E,E,E,E,E,E,E,E,E,E
28751,E,E,E,E,E,E,E,E,E,E
28752,E,E,E,E,E,E,E,E,E,E
28753,E,E,E,E,E,E,E,E,E,E
28754,E,E,E,E,E,E,E,E,E,E
28755,E,E,E,E,E,E,E,E,E,E
28756,E,E,E,E,E,E,E,E,E,E
28757,E,E,E,E,E,E,E,E,E,E
28759,E,E,E,E,E,E,E,E,E,E
28760,E,E,E,E,E,E,E,E,E,E
28761,E,E,E,E,E,E,E,E,E,E
28762,E,E,E,E,E,E,E,E,E,E
28764,E,E,E,E,E,E,E,E,E,E
28765,E,E,E,E,E,E,E,E,E,E
28766,E,E,E,E,E,E,E,E,E,E
28769,E,E,E,E,E,E,E,E,E,E
28774,E,E,E,E,E,E,E,E,E,E
28775,E,E,E,E,E,E,E,E,E,E
28776,D,D,D,D,D,D,D,D,D,D
28777,I,I,I,I,I,I,I,I,I,I
28779,A,A,A,A,A,A,A,A,A,A
28780,A,A,A,A,A,A,A,A,A,A
28781,A,A,A,A,A,A,A,A,A,A
28782,A,A,A,A,A,A,A,A,A,A
28783,A,A,A,A,A,A,A,A,A,A
28784,A,A,A,A,A,A,A,A,A,A
28785,A,A,A,A,A,A,A,A,A,A
28786,A,A,A,A,A,A,A,A,A,A
28787,A,A,A,A,A,A,A,A,A,A
28788,A,A,A,A,A,A,A,A,A,A
28789,A,A,A,A,A,A,A,A,A,A
28790,A,A,A,A,A,A,A,A,A,A
28791,A,A,A,A,A,A,A,A,A,A
28792,A,A,A,A,A,A,A,A,A,A
28793,A,A,A,A,A,A,A,A,A,A
28794,A,A,A,A,A,A,A,A,A,A
28795,A,A,A,A,A,A,A,A,A,A
28796,A,A,A,A,A,A,A,A,A,A
28797,A,A,A,A,A,A,A,A,A,A
28798,A,A,A,A,A,A,A,A,A,A
28799,A,A,A,A,A,A,A,A,A,A
28800,A,A,A,A,A,A,A,A,A,A
28801,A,A,A,A,A,A,A,A,A,A
28802,A,A,A,A,A,A,A,A,A,A
28803,A,A,A,A,A,A,A,A,A,A
28804,A,A,A,A,A,A,A,A,A,A
28805,A,A,A,A,A,A,A,A,A,A
28806,A,A,A,A,A,A,A,A,A,A
28807,A,A,A,A,A,A,A,A,A,A
28808,A,A,A,A,A,A,A,A,A,A
28809,A,A,A,A,A,A,A,A,A,A
28810,A,A,A,A,A,A,A,A,A,A
28811,A,A,A,A,A,A,A,A,A,A
28812,A,A,A,A,A,A,A,A,A,A
28813,A,A,A,A,A,A,A,A,A,A
28814,A,A,A,A,A,A,A,A,A,A
28815,A,A,A,A,A,A,A,A,A,A
28816,A,A,A,A,A,A,A,A,A,A
28817,A,A,A,A,A,A,A,A,A,A
28818,A,A,A,A,A,A,A,A,A,A
28819,A,A,A,A,A,A,A,A,A,A
28820,A,A,A,A,A,A,A,A,A,A
28821,A,A,A,A,A,A,A,A,A,A
28822,A,A,A,A,A,A,A,A,A,A
28823,A,A,A,A,A,A,A,A,A,A
28824,A,A,A,A,A,A,A,A,A,A
28825,A,A,A,A,A,A,A,A,A,A
28826,A,A,A,A,A,A,A,A,A,A
28827,A,A,A,A,A,A,A,A,A,A
28828,A,A,A,A,A,A,A,A,A,A
28829,A,A,A,A,A,A,A,A,A,A
28830,A,A,A,A,A,A,A,A,A,A
28831,A,A,A,A,A,A,A,A,A,A
28832,A,A,A,A,A,A,A,A,A,A
28833,A,A,A,A,A,A,A,A,A,A
28834,A,A,A,A,A,A,A,A,A,A
28835,A,A,A,A,A,A,A,A,A,A
28836,A,A,A,A,A,A,A,A,A,A
28837,A,A,A,A,A,A,A,A,A,A
28838,A,A,A,A,A,A,A,A,A,A
28839,A,A,A,A,A,A,A,A,A,A
28840,A,A,A,A,A,A,A,A,A,A
28841,A,A,A,A,A,A,A,A,A,A
28842,A,A,A,A,A,A,A,A,A,A
28843,A,A,A,A,A,A,A,A,A,A
28844,A,A,A,A,A,A,A,A,A,A
28845,A,A,A,A,A,A,A,A,A,A
28846,A,A,A,A,A,A,A,A,A,A
28847,A,A,A,A,A,A,A,A,A,A
28848,A,A,A,A,A,A,A,A,A,A
28849,A,A,A,A,A,A,A,A,A,A
28850,A,A,A,A,A,A,A,A,A,A
28851,A,A,A,A,A,A,A,A,A,A
28852,A,A,A,A,A,A,A,A,A,A
28853,A,A,A,A,A,A,A,A,A,A
28854,A,A,A,A,A,A,A,A,A,A
28855,A,A,A,A,A,A,A,A,A,A
28856,A,A,A,A,A,A,A,A,A,A
28857,A,A,A,A,A,A,A,A,A,A
28858,A,A,A,A,A,A,A,A,A,A
28859,A,A,A,A,A,A,A,A,A,A
28860,A,A,A,A,A,A,A,A,A,A
28861,A,A,A,A,A,A,A,A,A,A
28862,A,A,A,A,A,A,A,A,A,A
28863,A,A,A,A,A,A,A,A,A,A
28864,A,A,A,A,A,A,A,A,A,A
28865,A,A,A,A,A,A,A,A,A,A
28866,A,A,A,A,A,A,A,A,A,A
28867,A,A,A,A,A,A,A,A,A,A
28868,A,A,A,A,A,A,A,A,A,A
28869,A,A,A,A,A,A,A,A,A,A
28870,A,A,A,A,A,A,A,A,A,A
28871,A,A,A,A,A,A,A,A,A,A
28872,A,A,A,A,A,A,A,A,A,A
28873,A,A,A,A,A,A,A,A,A,A
28874,A,A,A,A,A,A,A,A,A,A
28875,A,A,A,A,A,A,A,A,A,A
28876,A,A,A,A,A,A,A,A,A,A
28877,A,A,A,A,A,A,A,A,A,A
28878,A,A,A,A,A,A,A,A,A,A
28879,A,A,A,A,A,A,A,A,A,A
28880,A,A,A,A,A,A,A,A,A,A
28881,A,A,A,A,A,A,A,A,A,A
28882,A,A,A,A,A,A,A,A,A,A
28883,A,A,A,A,A,A,A,A,A,A
28884,A,A,A,A,A,A,A,A,A,A
28885,A,A,A,A,A,A,A,A,A,A
28886,A,A,A,A,A,A,A,A,A,A
28887,A,A,A,A,A,A,A,A,A,A
28888,A,A,A,A,A,A,A,A,A,A
28889,A,A,A,A,A,A,A,A,A,A
28890,A,A,A,A,A,A,A,A,A,A
28891,A,A,A,A,A,A,A,A,A,A
28892,A,A,A,A,A,A,A,A,A,A
28893,A,A,A,A,A,A,A,A,A,A
28894,A,A,A,A,A,A,A,A,A,A
28895,A,A,A,A,A,A,A,A,A,A
28896,A,A,A,A,A,A,A,A,A,A
28897,A,A,A,A,A,A,A,A,A,A
28898,A,A,A,A,A,A,A,A,A,A
28899,A,A,A,A,A,A,A,A,A,A
28900,A,A,A,A,A,A,A,A,A,A
28901,A,A,A,A,A,A,A,A,A,A
28902,A,A,A,A,A,A,A,A,A,A
28903,A,A,A,A,A,A,A,A,A,A
28904,A,A,A,A,A,A,A,A,A,A
28905,A,A,A,A,A,A,A,A,A,A
28906,A,A,A,A,A,A,A,A,A,A
28907,A,A,A,A,A,A,A,A,A,A
28908,A,A,A,A,A,A,A,A,A,A
28909,A,A,A,A,A,A,A,A,A,A
28910,A,A,A,A,A,A,A,A,A,A
28911,A,A,A,A,A,A,A,A,A,A
28912,A,A,A,A,A,A,A,A,A,A
28913,A,A,A,A,A,A,A,A,A,A
28914,A,A,A,A,A,A,A,A,A,A
28915,A,A,A,A,A,A,A,A,A,A
28916,A,A,A,A,A,A,A,A,A,A
28917,A,A,A,A,A,A,A,A,A,A
28918,A,A,A,A,A,A,A,A,A,A
28919,A,A,A,A,A,A,A,A,A,A
28920,A,A,A,A,A,A,A,A,A,A
28921,A,A,A,A,A,A,A,A,A,A
28922,A,A,A,A,A,A,A,A,A,A
28923,A,A,A,A,A,A,A,A,A,A
28924,A,A,A,A,A,A,A,A,A,A
28925,A,A,A,A,A,A,A,A,A,A
28926,A,A,A,A,A,A,A,A,A,A
28927,A,A,A,A,A,A,A,A,A,A
28928,A,A,A,A,A,A,A,A,A,A
28929,A,A,A,A,A,A,A,A,A,A
28930,A,A,A,A,A,A,A,A,A,A
28931,A,A,A,A,A,A,A,A,A,A
28932,A,A,A,A,A,A,A,A,A,A
28933,A,A,A,A,A,A,A,A,A,A
28934,A,A,A,A,A,A,A,A,A,A
28935,A,A,A,A,A,A,A,A,A,A
28936,A,A,A,A,A,A,A,A,A,A
28937,A,A,A,A,A,A,A,A,A,A
28938,A,A,A,A,A,A,A,A,A,A
28939,A,A,A,A,A,A,A,A,A,A
28940,A,A,A,A,A,A,A,A,A,A
28941,A,A,A,A,A,A,A,A,A,A
28942,A,A,A,A,A,A,A,A,A,A
28943,A,A,A,A,A,A,A,A,A,A
28944,A,A,A,A,A,A,A,A,A,A
28945,A,A,A,A,A,A,A,A,A,A
28946,A,A,A,A,A,A,A,A,A,A
28947,A,A,A,A,A,A,A,A,A,A
28948,A,A,A,A,A,A,A,A,A,A
28949,A,A,A,A,A,A,A,A,A,A
28950,A,A,A,A,A,A,A,A,A,A
28951,A,A,A,A,A,A,A,A,A,A
28952,A,A,A,A,A,A,A,A,A,A
28953,A,A,A,A,A,A,A,A,A,A
28954,A,A,A,A,A,A,A,A,A,A
28955,A,A,A,A,A,A,A,A,A,A
28956,A,A,A,A,A,A,A,A,A,A
28957,A,A,A,A,A,A,A,A,A,A
28958,A,A,A,A,A,A,A,A,A,A
28959,A,A,A,A,A,A,A,A,A,A
28960,A,A,A,A,A,A,A,A,A,A
28961,A,A,A,A,A,A,A,A,A,A
28962,A,A,A,A,A,A,A,A,A,A
28963,A,A,A,A,A,A,A,A,A,A
28964,A,A,A,A,A,A,A,A,A,A
28965,A,A,A,A,A,A,A,A,A,A
28966,A,A,A,A,A,A,A,A,A,A
28967,A,A,A,A,A,A,A,A,A,A
28968,A,A,A,A,A,A,A,A,A,A
28969,A,A,A,A,A,A,A,A,A,A
28970,A,A,A,A,A,A,A,A,A,A
28971,A,A,A,A,A,A,A,A,A,A
28972,A,A,A,A,A,A,A,A,A,A
28973,A,A,A,A,A,A,A,A,A,A
28974,A,A,A,A,A,A,A,A,A,A
28975,L,L,L,L,L,L,L,L,L,L
28976,L,L,L,L,L,L,L,L,L,L
28979,A,A,A,A,A,A,A,A,A,A
28980,A,A,A,A,A,A,A,A,A,A
28981,A,A,A,A,A,A,A,A,A,A
28982,A,A,A,A,A,A,A,A,A,A
28983,A,A,A,A,A,A,A,A,A,A
28984,A,A,A,A,A,A,A,A,A,A
28985,A,A,A,A,A,A,A,A,A,A
28986,A,A,A,A,A,A,A,A,A,A
28987,A,A,A,A,A,A,A,A,A,A
28988,A,A,A,A,A,A,A,A,A,A
28989,A,A,A,A,A,A,A,A,A,A
28990,A,A,A,A,A,A,A,A,A,A
28991,A,A,A,A,A,A,A,A,A,A
28992,A,A,A,A,A,A,A,A,A,A
28993,A,A,A,A,A,A,A,A,A,A
28994,A,A,A,A,A,A,A,A,A,A
28995,A,A,A,A,A,A,A,A,A,A
28996,A,A,A,A,A,A,A,A,A,A
28997,A,A,A,A,A,A,A,A,A,A
28998,A,A,A,A,A,A,A,A,A,A
28999,A,A,A,A,A,A,A,A,A,A
29000,A,A,A,A,A,A,A,A,A,A
29001,A,A,A,A,A,A,A,A,A,A
29002,A,A,A,A,A,A,A,A,A,A
29003,A,A,A,A,A,A,A,A,A,A
29004,A,A,A,A,A,A,A,A,A,A
29005,A,A,A,A,A,A,A,A,A,A
29006,A,A,A,A,A,A,A,A,A,A
29007,A,A,A,A,A,A,A,A,A,A
29008,A,A,A,A,A,A,A,A,A,A
29009,A,A,A,A,A,A,A,A,A,A
29010,A,A,A,A,A,A,A,A,A,A
29011,A,A,A,A,A,A,A,A,A,A
29012,A,A,A,A,A,A,A,A,A,A
29013,A,A,A,A,A,A,A,A,A,A
29014,A,A,A,A,A,A,A,A,A,A
29015,A,A,A,A,A,A,A,A,A,A
29016,A,A,A,A,A,A,A,A,A,A
29017,A,A,A,A,A,A,A,A,A,A
29018,A,A,A,A,A,A,A,A,A,A
29019,A,A,A,A,A,A,A,A,A,A
29020,A,A,A,A,A,A,A,A,A,A
29021,A,A,A,A,A,A,A,A,A,A
29022,A,A,A,A,A,A,A,A,A,A
29023,A,A,A,A,A,A,A,A,A,A
29024,A,A,A,A,A,A,A,A,A,A
29025,A,A,A,A,A,A,A,A,A,A
29026,A,A,A,A,A,A,A,A,A,A
29027,A,A,A,A,A,A,A,A,A,A
29028,A,A,A,A,A,A,A,A,A,A
29029,A,A,A,A,A,A,A,A,A,A
29030,A,A,A,A,A,A,A,A,A,A
29031,A,A,A,A,A,A,A,A,A,A
29032,A,A,A,A,A,A,A,A,A,A
29033,A,A,A,A,A,A,A,A,A,A
29034,A,A,A,A,A,A,A,A,A,A
29035,A,A,A,A,A,A,A,A,A,A
29036,A,A,A,A,A,A,A,A,A,A
29037,A,A,A,A,A,A,A,A,A,A
29038,A,A,A,A,A,A,A,A,A,A
29039,A,A,A,A,A,A,A,A,A,A
29040,A,A,A,A,A,A,A,A,A,A
29041,A,A,A,A,A,A,A,A,A,A
29042,A,A,A,A,A,A,A,A,A,A
29043,A,A,A,A,A,A,A,A,A,A
29044,A,A,A,A,A,A,A,A,A,A
29045,A,A,A,A,A,A,A,A,A,A
29046,A,A,A,A,A,A,A,A,A,A
29047,A,A,A,A,A,A,A,A,A,A
29048,A,A,A,A,A,A,A,A,A,A
29049,A,A,A,A,A,A,A,A,A,A
29050,A,A,A,A,A,A,A,A,A,A
29051,A,A,A,A,A,A,A,A,A,A
29052,A,A,A,A,A,A,A,A,A,A
29053,A,A,A,A,A,A,A,A,A,A
29054,A,A,A,A,A,A,A,A,A,A
29055,A,A,A,A,A,A,A,A,A,A
29056,A,A,A,A,A,A,A,A,A,A
29057,A,A,A,A,A,A,A,A,A,A
29058,A,A,A,A,A,A,A,A,A,A
29059,A,A,A,A,A,A,A,A,A,A
29060,A,A,A,A,A,A,A,A,A,A
29061,A,A,A,A,A,A,A,A,A,A
29062,A,A,A,A,A,A,A,A,A,A
29063,A,A,A,A,A,A,A,A,A,A
29064,A,A,A,A,A,A,A,A,A,A
29065,A,A,A,A,A,A,A,A,A,A
29066,A,A,A,A,A,A,A,A,A,A
29067,A,A,A,A,A,A,A,A,A,A
29068,A,A,A,A,A,A,A,A,A,A
29069,A,A,A,A,A,A,A,A,A,A
29070,A,A,A,A,A,A,A,A,A,A
29071,A,A,A,A,A,A,A,A,A,A
29072,A,A,A,A,A,A,A,A,A,A
29073,A,A,A,A,A,A,A,A,A,A
29074,A,A,A,A,A,A,A,A,A,A
29075,A,A,A,A,A,A,A,A,A,A
29076,A,A,A,A,A,A,A,A,A,A
29077,A,A,A,A,A,A,A,A,A,A
29078,A,A,A,A,A,A,A,A,A,A
29079,A,A,A,A,A,A,A,A,A,A
29080,A,A,A,A,A,A,A,A,A,A
29081,A,A,A,A,A,A,A,A,A,A
29082,A,A,A,A,A,A,A,A,A,A
29083,A,A,A,A,A,A,A,A,A,A
29084,A,A,A,A,A,A,A,A,A,A
29085,A,A,A,A,A,A,A,A,A,A
29086,A,A,A,A,A,A,A,A,A,A
29087,A,A,A,A,A,A,A,A,A,A
29088,A,A,A,A,A,A,A,A,A,A
29089,A,A,A,A,A,A,A,A,A,A
29090,A,A,A,A,A,A,A,A,A,A
29091,A,A,A,A,A,A,A,A,A,A
29092,A,A,A,A,A,A,A,A,A,A
29093,A,A,A,A,A,A,A,A,A,A
29094,A,A,A,A,A,A,A,A,A,A
29095,A,A,A,A,A,A,A,A,A,A
29096,A,A,A,A,A,A,A,A,A,A
29097,A,A,A,A,A,A,A,A,A,A
29098,A,A,A,A,A,A,A,A,A,A
29099,A,A,A,A,A,A,A,A,A,A
29100,A,A,A,A,A,A,A,A,A,A
29101,A,A,A,A,A,A,A,A,A,A
29102,A,A,A,A,A,A,A,A,A,A
29103,A,A,A,A,A,A,A,A,A,A
29104,A,A,A,A,A,A,A,A,A,A
29105,A,A,A,A,A,A,A,A,A,A
29106,A,A,A,A,A,A,A,A,A,A
29107,A,A,A,A,A,A,A,A,A,A
29108,A,A,A,A,A,A,A,A,A,A
29109,A,A,A,A,A,A,A,A,A,A
29110,A,A,A,A,A,A,A,A,A,A
29111,A,A,A,A,A,A,A,A,A,A
29112,A,A,A,A,A,A,A,A,A,A
29113,A,A,A,A,A,A,A,A,A,A
29114,A,A,A,A,A,A,A,A,A,A
29115,A,A,A,A,A,A,A,A,A,A
29116,A,A,A,A,A,A,A,A,A,A
29117,A,A,A,A,A,A,A,A,A,A
29118,A,A,A,A,A,A,A,A,A,A
29119,A,A,A,A,A,A,A,A,A,A
29120,A,A,A,A,A,A,A,A,A,A
29121,A,A,A,A,A,A,A,A,A,A
29122,A,A,A,A,A,A,A,A,A,A
29123,A,A,A,A,A,A,A,A,A,A
29124,A,A,A,A,A,A,A,A,A,A
29125,A,A,A,A,A,A,A,A,A,A
29126,A,A,A,A,A,A,A,A,A,A
29127,A,A,A,A,A,A,A,A,A,A
29128,A,A,A,A,A,A,A,A,A,A
29129,A,A,A,A,A,A,A,A,A,A
29130,A,A,A,A,A,A,A,A,A,A
29131,A,A,A,A,A,A,A,A,A,A
29132,A,A,A,A,A,A,A,A,A,A
29133,A,A,A,A,A,A,A,A,A,A
29134,A,A,A,A,A,A,A,A,A,A
29135,A,A,A,A,A,A,A,A,A,A
29136,A,A,A,A,A,A,A,A,A,A
29137,A,A,A,A,A,A,A,A,A,A
29138,A,A,A,A,A,A,A,A,A,A
29139,A,A,A,A,A,A,A,A,A,A
29140,A,A,A,A,A,A,A,A,A,A
29141,A,A,A,A,A,A,A,A,A,A
29142,A,A,A,A,A,A,A,A,A,A
29143,A,A,A,A,A,A,A,A,A,A
29144,L,L,L,L,L,L,L,L,L,L
29145,A,A,A,A,A,A,A,A,A,A
29146,A,A,A,A,A,A,A,A,A,A
29147,A,A,A,A,A,A,A,A,A,A
29148,A,A,A,A,A,A,A,A,A,A
29149,A,A,A,A,A,A,A,A,A,A
29150,A,A,A,A,A,A,A,A,A,A
29151,A,A,A,A,A,A,A,A,A,A
29152,A,A,A,A,A,A,A,A,A,A
29153,A,A,A,A,A,A,A,A,A,A
29154,A,A,A,A,A,A,A,A,A,A
29155,A,A,A,A,A,A,A,A,A,A
29156,A,A,A,A,A,A,A,A,A,A
29157,A,A,A,A,A,A,A,A,A,A
29158,A,A,A,A,A,A,A,A,A,A
29159,A,A,A,A,A,A,A,A,A,A
29160,A,A,A,A,A,A,A,A,A,A
29161,A,A,A,A,A,A,A,A,A,A
29162,A,A,A,A,A,A,A,A,A,A
29163,A,A,A,A,A,A,A,A,A,A
29164,A,A,A,A,A,A,A,A,A,A
29165,A,A,A,A,A,A,A,A,A,A
29166,A,A,A,A,A,A,A,A,A,A
29167,A,A,A,A,A,A,A,A,A,A
29168,A,A,A,A,A,A,A,A,A,A
29169,A,A,A,A,A,A,A,A,A,A
29170,A,A,A,A,A,A,A,A,A,A
29171,A,A,A,A,A,A,A,A,A,A
29172,A,A,A,A,A,A,A,A,A,A
29173,A,A,A,A,A,A,A,A,A,A
29174,A,A,A,A,A,A,A,A,A,A
29175,A,A,A,A,A,A,A,A,A,A
29176,A,A,A,A,A,A,A,A,A,A
29177,A,A,A,A,A,A,A,A,A,A
29178,A,A,A,A,A,A,A,A,A,A
29179,A,A,A,A,A,A,A,A,A,A
29180,A,A,A,A,A,A,A,A,A,A
29181,A,A,A,A,A,A,A,A,A,A
29182,A,A,A,A,A,A,A,A,A,A
29183,A,A,A,A,A,A,A,A,A,A
29184,A,A,A,A,A,A,A,A,A,A
29185,A,A,A,A,A,A,A,A,A,A
29186,A,A,A,A,A,A,A,A,A,A
29187,A,A,A,A,A,A,A,A,A,A
29188,A,A,A,A,A,A,A,A,A,A
29189,A,A,A,A,A,A,A,A,A,A
29190,A,A,A,A,A,A,A,A,A,A
29191,A,A,A,A,A,A,A,A,A,A
29192,A,A,A,A,A,A,A,A,A,A
29193,A,A,A,A,A,A,A,A,A,A
29194,A,A,A,A,A,A,A,A,A,A
29195,A,A,A,A,A,A,A,A,A,A
29196,A,A,A,A,A,A,A,A,A,A
29197,A,A,A,A,A,A,A,A,A,A
29198,A,A,A,A,A,A,A,A,A,A
29199,A,A,A,A,A,A,A,A,A,A
29200,A,A,A,A,A,A,A,A,A,A
29201,A,A,A,A,A,A,A,A,A,A
29202,A,A,A,A,A,A,A,A,A,A
29203,A,A,A,A,A,A,A,A,A,A
29204,A,A,A,A,A,A,A,A,A,A
29205,A,A,A,A,A,A,A,A,A,A
29206,A,A,A,A,A,A,A,A,A,A
29207,A,A,A,A,A,A,A,A,A,A
29208,A,A,A,A,A,A,A,A,A,A
29209,A,A,A,A,A,A,A,A,A,A
29210,A,A,A,A,A,A,A,A,A,A
29211,A,A,A,A,A,A,A,A,A,A
29212,A,A,A,A,A,A,A,A,A,A
29213,A,A,A,A,A,A,A,A,A,A
29214,A,A,A,A,A,A,A,A,A,A
29215,A,A,A,A,A,A,A,A,A,A
29216,A,A,A,A,A,A,A,A,A,A
29218,L,L,L,L,L,L,L,L,L,L
29219,I,I,I,I,I,I,I,I,I,I
29220,A,A,A,A,A,A,A,A,A,A
29221,A,A,A,A,A,A,A,A,A,A
29222,A,A,A,A,A,A,A,A,A,A
29223,A,A,A,A,A,A,A,A,A,A
29225,B,B,B,B,B,B,B,B,B,B
29226,B,B,B,B,B,B,B,B,B,B
29227,A,A,A,A,A,A,A,A,A,A
29228,A,A,A,A,A,A,A,A,A,A
29229,A,A,A,A,A,A,A,A,A,A
29230,I,I,I,I,I,I,I,I,I,I
29231,D,D,D,D,D,D,D,D,D,D
29232,I,I,I,I,I,I,I,I,I,I
29233,D,D,D,D,D,D,D,D,D,D
29234,I,I,I,I,I,I,I,I,I,I
29235,D,D,D,D,D,D,D,D,D,D
29236,D,D,D,D,D,D,D,D,D,D
29237,D,D,D,D,D,D,D,D,D,D
29238,D,D,D,D,D,D,D,D,D,D
29239,I,I,I,I,I,I,I,I,I,I
29240,I,I,I,I,I,I,I,I,I,I
29241,I,I,I,I,I,I,I,I,I,I
29242,I,I,I,I,I,I,I,I,I,I
29243,B,B,B,B,B,B,B,B,B,B
29244,B,B,B,B,B,B,B,B,B,B
29245,B,B,B,B,B,B,B,B,B,B
29246,I,I,I,I,I,I,I,I,I,I
29247,I,I,I,I,I,I,I,I,I,I
29248,B,B,B,B,B,B,B,B,B,B
29249,I,I,I,I,I,I,I,I,I,I
29250,B,B,B,B,B,B,B,B,B,B
29251,B,B,B,B,B,B,B,B,B,B
29252,B,B,B,B,B,B,B,B,B,B
29253,B,B,B,B,B,B,B,B,B,B
29254,B,B,B,B,B,B,B,B,B,B
29255,B,B,B,B,B,B,B,B,B,B
29256,B,B,B,B,B,B,B,B,B,B
29257,B,B,B,B,B,B,B,B,B,B
29258,B,B,B,B,B,B,B,B,B,B
29259,B,B,B,B,B,B,B,B,B,B
29260,B,B,B,B,B,B,B,B,B,B
29261,A,A,A,A,A,A,A,A,A,A
29262,A,A,A,A,A,A,A,A,A,A
29263,A,A,A,A,A,A,A,A,A,A
29264,A,A,A,A,A,A,A,A,A,A
29265,A,A,A,A,A,A,A,A,A,A
29266,A,A,A,A,A,A,A,A,A,A
29267,A,A,A,A,A,A,A,A,A,A
29268,A,A,A,A,A,A,A,A,A,A
29269,A,A,A,A,A,A,A,A,A,A
29270,A,A,A,A,A,A,A,A,A,A
29271,A,A,A,A,A,A,A,A,A,A
29272,A,A,A,A,A,A,A,A,A,A
29273,A,A,A,A,A,A,A,A,A,A
29274,A,A,A,A,A,A,A,A,A,A
29275,A,A,A,A,A,A,A,A,A,A
29276,A,A,A,A,A,A,A,A,A,A
29277,A,A,A,A,A,A,A,A,A,A
29278,A,A,A,A,A,A,A,A,A,A
29279,A,A,A,A,A,A,A,A,A,A
29280,A,A,A,A,A,A,A,A,A,A
29281,A,A,A,A,A,A,A,A,A,A
29282,A,A,A,A,A,A,A,A,A,A
29283,A,A,A,A,A,A,A,A,A,A
29284,A,A,A,A,A,A,A,A,A,A
29285,A,A,A,A,A,A,A,A,A,A
29286,A,A,A,A,A,A,A,A,A,A
29287,A,A,A,A,A,A,A,A,A,A
29288,A,A,A,A,A,A,A,A,A,A
29289,A,A,A,A,A,A,A,A,A,A
29290,A,A,A,A,A,A,A,A,A,A
29291,A,A,A,A,A,A,A,A,A,A
29292,A,A,A,A,A,A,A,A,A,A
29293,A,A,A,A,A,A,A,A,A,A
29294,A,A,A,A,A,A,A,A,A,A
29295,A,A,A,A,A,A,A,A,A,A
29296,A,A,A,A,A,A,A,A,A,A
29297,A,A,A,A,A,A,A,A,A,A
29298,A,A,A,A,A,A,A,A,A,A
29299,A,A,A,A,A,A,A,A,A,A
29300,A,A,A,A,A,A,A,A,A,A
29301,A,A,A,A,A,A,A,A,A,A
29302,A,A,A,A,A,A,A,A,A,A
29303,A,A,A,A,A,A,A,A,A,A
29304,A,A,A,A,A,A,A,A,A,A
29305,A,A,A,A,A,A,A,A,A,A
29306,A,A,A,A,A,A,A,A,A,A
29307,A,A,A,A,A,A,A,A,A,A
29308,A,A,A,A,A,A,A,A,A,A
29309,A,A,A,A,A,A,A,A,A,A
29310,A,A,A,A,A,A,A,A,A,A
29311,A,A,A,A,A,A,A,A,A,A
29312,A,A,A,A,A,A,A,A,A,A
29313,A,A,A,A,A,A,A,A,A,A
29314,A,A,A,A,A,A,A,A,A,A
29315,A,A,A,A,A,A,A,A,A,A
29316,A,A,A,A,A,A,A,A,A,A
29317,A,A,A,A,A,A,A,A,A,A
29318,A,A,A,A,A,A,A,A,A,A
29319,A,A,A,A,A,A,A,A,A,A
29320,A,A,A,A,A,A,A,A,A,A
29321,A,A,A,A,A,A,A,A,A,A
29322,A,A,A,A,A,A,A,A,A,A
29323,A,A,A,A,A,A,A,A,A,A
29324,A,A,A,A,A,A,A,A,A,A
29325,A,A,A,A,A,A,A,A,A,A
29326,A,A,A,A,A,A,A,A,A,A
29327,A,A,A,A,A,A,A,A,A,A
29328,A,A,A,A,A,A,A,A,A,A
29329,A,A,A,A,A,A,A,A,A,A
29330,A,A,A,A,A,A,A,A,A,A
29331,A,A,A,A,A,A,A,A,A,A
29332,A,A,A,A,A,A,A,A,A,A
29333,A,A,A,A,A,A,A,A,A,A
29334,A,A,A,A,A,A,A,A,A,A
29335,A,A,A,A,A,A,A,A,A,A
29336,A,A,A,A,A,A,A,A,A,A
29337,A,A,A,A,A,A,A,A,A,A
29338,A,A,A,A,A,A,A,A,A,A
29339,A,A,A,A,A,A,A,A,A,A
29340,A,A,A,A,A,A,A,A,A,A
29341,A,A,A,A,A,A,A,A,A,A
29342,A,A,A,A,A,A,A,A,A,A
29343,A,A,A,A,A,A,A,A,A,A
29344,A,A,A,A,A,A,A,A,A,A
29345,A,A,A,A,A,A,A,A,A,A
29346,A,A,A,A,A,A,A,A,A,A
29347,A,A,A,A,A,A,A,A,A,A
29348,A,A,A,A,A,A,A,A,A,A
29349,A,A,A,A,A,A,A,A,A,A
29350,A,A,A,A,A,A,A,A,A,A
29351,A,A,A,A,A,A,A,A,A,A
29352,A,A,A,A,A,A,A,A,A,A
29353,A,A,A,A,A,A,A,A,A,A
29354,A,A,A,A,A,A,A,A,A,A
29355,A,A,A,A,A,A,A,A,A,A
29356,A,A,A,A,A,A,A,A,A,A
29357,A,A,A,A,A,A,A,A,A,A
29358,A,A,A,A,A,A,A,A,A,A
29359,D,D,D,D,D,D,D,D,D,D
29360,I,I,I,I,I,I,I,I,I,I
29361,D,D,D,D,D,D,D,D,D,D
29362,B,B,B,B,B,B,B,B,B,B
29363,B,B,B,B,B,B,B,B,B,B
29364,D,D,D,D,D,D,D,D,D,D
29365,D,D,D,D,D,D,D,D,D,D
29366,D,D,D,D,D,D,D,D,D,D
29367,D,D,D,D,D,D,D,D,D,D
29368,D,D,D,D,D,D,D,D,D,D
29369,D,D,D,D,D,D,D,D,D,D
29370,D,D,D,D,D,D,D,D,D,D
29371,D,D,D,D,D,D,D,D,D,D
29372,D,D,D,D,D,D,D,D,D,D
29373,D,D,D,D,D,D,D,D,D,D
29374,C,C,C,C,C,C,C,C,C,C
29375,D,D,D,D,D,D,D,D,D,D
29376,D,D,D,D,D,D,D,D,D,D
29377,D,D,D,D,D,D,D,D,D,D
29378,B,B,B,B,B,B,B,B,B,B
29379,B,B,B,B,B,B,B,B,B,B
29380,B,B,B,B,B,B,B,B,B,B
29381,B,B,B,B,B,B,B,B,B,B
29382,B,B,B,B,B,B,B,B,B,B
29383,B,B,B,B,B,B,B,B,B,B
29384,B,B,B,B,B,B,B,B,B,B
29385,B,B,B,B,B,B,B,B,B,B
29386,B,B,B,B,B,B,B,B,B,B
29387,B,B,B,B,B,B,B,B,B,B
29388,B,B,B,B,B,B,B,B,B,B
29389,B,B,B,B,B,B,B,B,B,B
29390,B,B,B,B,B,B,B,B,B,B
29391,B,B,B,B,B,B,B,B,B,B
29392,B,B,B,B,B,B,B,B,B,B
29393,B,B,B,B,B,B,B,B,B,B
29394,B,B,B,B,B,B,B,B,B,B
29395,B,B,B,B,B,B,B,B,B,B
29396,B,B,B,B,B,B,B,B,B,B
29397,B,B,B,B,B,B,B,B,B,B
29398,B,B,B,B,B,B,B,B,B,B
29399,B,B,B,B,B,B,B,B,B,B
29400,B,B,B,B,B,B,B,B,B,B
29401,B,B,B,B,B,B,B,B,B,B
29402,B,B,B,B,B,B,B,B,B,B
29403,B,B,B,B,B,B,B,B,B,B
29404,B,B,B,B,B,B,B,B,B,B
29405,B,B,B,B,B,B,B,B,B,B
29406,B,B,B,B,B,B,B,B,B,B
29407,B,B,B,B,B,B,B,B,B,B
29408,B,B,B,B,B,B,B,B,B,B
29409,B,B,B,B,B,B,B,B,B,B
29410,B,B,B,B,B,B,B,B,B,B
29411,B,B,B,B,B,B,B,B,B,B
29412,B,B,B,B,B,B,B,B,B,B
29413,B,B,B,B,B,B,B,B,B,B
29414,B,B,B,B,B,B,B,B,B,B
29415,B,B,B,B,B,B,B,B,B,B
29416,B,B,B,B,B,B,B,B,B,B
29417,I,I,I,I,I,I,I,I,I,I
29418,B,B,B,B,B,B,B,B,B,B
29419,B,B,B,B,B,B,B,B,B,B
29420,I,I,I,I,I,I,I,I,I,I
29421,B,B,B,B,B,B,B,B,B,B
29422,B,B,B,B,B,B,B,B,B,B
29423,I,I,I,I,I,I,I,I,I,I
29424,I,I,I,I,I,I,I,I,I,I
29425,I,I,I,I,I,I,I,I,I,I
29426,A,A,A,A,A,A,A,A,A,A
29427,A,A,A,A,A,A,A,A,A,A
29428,A,A,A,A,A,A,A,A,A,A
29429,A,A,A,A,A,A,A,A,A,A
29430,A,A,A,A,A,A,A,A,A,A
29431,A,A,A,A,A,A,A,A,A,A
29432,A,A,A,A,A,A,A,A,A,A
29433,A,A,A,A,A,A,A,A,A,A
29434,A,A,A,A,A,A,A,A,A,A
29435,A,A,A,A,A,A,A,A,A,A
29436,A,A,A,A,A,A,A,A,A,A
29437,A,A,A,A,A,A,A,A,A,A
29438,A,A,A,A,A,A,A,A,A,A
29439,A,A,A,A,A,A,A,A,A,A
29440,A,A,A,A,A,A,A,A,A,A
29441,A,A,A,A,A,A,A,A,A,A
29442,A,A,A,A,A,A,A,A,A,A
29443,A,A,A,A,A,A,A,A,A,A
29444,A,A,A,A,A,A,A,A,A,A
29445,A,A,A,A,A,A,A,A,A,A
29446,A,A,A,A,A,A,A,A,A,A
29447,A,A,A,A,A,A,A,A,A,A
29448,A,A,A,A,A,A,A,A,A,A
29449,A,A,A,A,A,A,A,A,A,A
29450,A,A,A,A,A,A,A,A,A,A
29451,A,A,A,A,A,A,A,A,A,A
29452,A,A,A,A,A,A,A,A,A,A
29453,A,A,A,A,A,A,A,A,A,A
29454,I,I,I,I,I,I,I,I,I,I
29455,A,A,A,A,A,A,A,A,A,A
29456,A,A,A,A,A,A,A,A,A,A
29457,A,A,A,A,A,A,A,A,A,A
29458,A,A,A,A,A,A,A,A,A,A
29459,I,I,I,I,I,I,I,I,I,I
29460,A,A,A,A,A,A,A,A,A,A
29461,A,A,A,A,A,A,A,A,A,A
29462,A,A,A,A,A,A,A,A,A,A
29463,A,A,A,A,A,A,A,A,A,A
29464,A,A,A,A,A,A,A,A,A,A
29465,A,A,A,A,A,A,A,A,A,A
29466,A,A,A,A,A,A,A,A,A,A
29467,A,A,A,A,A,A,A,A,A,A
29468,A,A,A,A,A,A,A,A,A,A
29469,A,A,A,A,A,A,A,A,A,A
29470,A,A,A,A,A,A,A,A,A,A
29471,A,A,A,A,A,A,A,A,A,A
29472,I,I,I,I,I,I,I,I,I,I
29473,A,A,A,A,A,A,A,A,A,A
29474,A,A,A,A,A,A,A,A,A,A
29475,A,A,A,A,A,A,A,A,A,A
29476,A,A,A,A,A,A,A,A,A,A
29477,A,A,A,A,A,A,A,A,A,A
29478,A,A,A,A,A,A,A,A,A,A
29479,A,A,A,A,A,A,A,A,A,A
29480,A,A,A,A,A,A,A,A,A,A
29481,A,A,A,A,A,A,A,A,A,A
29482,A,A,A,A,A,A,A,A,A,A
29483,A,A,A,A,A,A,A,A,A,A
29484,A,A,A,A,A,A,A,A,A,A
29485,A,A,A,A,A,A,A,A,A,A
29486,A,A,A,A,A,A,A,A,A,A
29487,A,A,A,A,A,A,A,A,A,A
29488,A,A,A,A,A,A,A,A,A,A
29489,L,L,L,L,L,L,L,L,L,L
29490,A,A,A,A,A,A,A,A,A,A
29491,A,A,A,A,A,A,A,A,A,A
29492,A,A,A,A,A,A,A,A,A,A
29493,A,A,A,A,A,A,A,A,A,A
29494,A,A,A,A,A,A,A,A,A,A
29495,A,A,A,A,A,A,A,A,A,A
29496,A,A,A,A,A,A,A,A,A,A
29497,A,A,A,A,A,A,A,A,A,A
29498,A,A,A,A,A,A,A,A,A,A
29499,A,A,A,A,A,A,A,A,A,A
29500,A,A,A,A,A,A,A,A,A,A
29501,A,A,A,A,A,A,A,A,A,A
29502,A,A,A,A,A,A,A,A,A,A
29503,A,A,A,A,A,A,A,A,A,A
29504,A,A,A,A,A,A,A,A,A,A
29505,A,A,A,A,A,A,A,A,A,A
29506,A,A,A,A,A,A,A,A,A,A
29507,A,A,A,A,A,A,A,A,A,A
29508,A,A,A,A,A,A,A,A,A,A
29509,I,I,I,I,I,I,I,I,I,I
29510,A,A,A,A,A,A,A,A,A,A
29511,A,A,A,A,A,A,A,A,A,A
29512,A,A,A,A,A,A,A,A,A,A
29513,A,A,A,A,A,A,A,A,A,A
29514,A,A,A,A,A,A,A,A,A,A
29515,A,A,A,A,A,A,A,A,A,A
29516,A,A,A,A,A,A,A,A,A,A
29517,A,A,A,A,A,A,A,A,A,A
29518,A,A,A,A,A,A,A,A,A,A
29519,A,A,A,A,A,A,A,A,A,A
29520,A,A,A,A,A,A,A,A,A,A
29521,A,A,A,A,A,A,A,A,A,A
29522,A,A,A,A,A,A,A,A,A,A
29523,A,A,A,A,A,A,A,A,A,A
29524,A,A,A,A,A,A,A,A,A,A
29525,A,A,A,A,A,A,A,A,A,A
29526,A,A,A,A,A,A,A,A,A,A
29527,A,A,A,A,A,A,A,A,A,A
29528,A,A,A,A,A,A,A,A,A,A
29529,A,A,A,A,A,A,A,A,A,A
29530,A,A,A,A,A,A,A,A,A,A
29531,A,A,A,A,A,A,A,A,A,A
29532,A,A,A,A,A,A,A,A,A,A
29533,A,A,A,A,A,A,A,A,A,A
29534,A,A,A,A,A,A,A,A,A,A
29535,A,A,A,A,A,A,A,A,A,A
29536,A,A,A,A,A,A,A,A,A,A
29537,A,A,A,A,A,A,A,A,A,A
29538,A,A,A,A,A,A,A,A,A,A
29539,A,A,A,A,A,A,A,A,A,A
29540,A,A,A,A,A,A,A,A,A,A
29541,A,A,A,A,A,A,A,A,A,A
29542,A,A,A,A,A,A,A,A,A,A
29543,A,A,A,A,A,A,A,A,A,A
29544,A,A,A,A,A,A,A,A,A,A
29545,A,A,A,A,A,A,A,A,A,A
29546,A,A,A,A,A,A,A,A,A,A
29547,A,A,A,A,A,A,A,A,A,A
29548,A,A,A,A,A,A,A,A,A,A
29549,A,A,A,A,A,A,A,A,A,A
29550,A,A,A,A,A,A,A,A,A,A
29551,A,A,A,A,A,A,A,A,A,A
29552,A,A,A,A,A,A,A,A,A,A
29553,A,A,A,A,A,A,A,A,A,A
29554,A,A,A,A,A,A,A,A,A,A
29555,B,B,B,B,B,B,B,B,B,B
29556,A,A,A,A,A,A,A,A,A,A
29557,A,A,A,A,A,A,A,A,A,A
29558,B,B,B,B,B,B,B,B,B,B
29559,A,A,A,A,A,A,A,A,A,A
29560,B,B,B,B,B,B,B,B,B,B
29561,A,A,A,A,A,A,A,A,A,A
29562,I,I,I,I,I,I,I,I,I,I
29563,I,I,I,I,I,I,I,I,I,I
29564,A,A,A,A,A,A,A,A,A,A
29565,I,I,I,I,I,I,I,I,I,I
29566,B,B,B,B,B,B,B,B,B,B
29567,A,A,A,A,A,A,A,A,A,A
29568,B,B,B,B,B,B,B,B,B,B
29569,A,A,A,A,A,A,A,A,A,A
29570,B,B,B,B,B,B,B,B,B,B
29571,A,A,A,A,A,A,A,A,A,A
29572,B,B,B,B,B,B,B,B,B,B
29573,B,B,B,B,B,B,B,B,B,B
29574,A,A,A,A,A,A,A,A,A,A
29575,B,B,B,B,B,B,B,B,B,B
29576,A,A,A,A,A,A,A,A,A,A
29577,A,A,A,A,A,A,A,A,A,A
29578,A,A,A,A,A,A,A,A,A,A
29579,A,A,A,A,A,A,A,A,A,A
29580,A,A,A,A,A,A,A,A,A,A
29581,A,A,A,A,A,A,A,A,A,A
29582,A,A,A,A,A,A,A,A,A,A
29583,B,B,B,B,B,B,B,B,B,B
29584,B,B,B,B,B,B,B,B,B,B
29585,A,A,A,A,A,A,A,A,A,A
29586,A,A,A,A,A,A,A,A,A,A
29587,A,A,A,A,A,A,A,A,A,A
29588,A,A,A,A,A,A,A,A,A,A
29589,A,A,A,A,A,A,A,A,A,A
29590,A,A,A,A,A,A,A,A,A,A
29591,I,I,I,I,I,I,I,I,I,I
29592,I,I,I,I,I,I,I,I,I,I
29593,A,A,A,A,A,A,A,A,A,A
29594,I,I,I,I,I,I,I,I,I,I
29595,A,A,A,A,A,A,A,A,A,A
29596,I,I,I,I,I,I,I,I,I,I
29597,A,A,A,A,A,A,A,A,A,A
29598,I,I,I,I,I,I,I,I,I,I
29599,I,I,I,I,I,I,I,I,I,I
29600,I,I,I,I,I,I,I,I,I,I
29601,I,I,I,I,I,I,I,I,I,I
29602,I,I,I,I,I,I,I,I,I,I
29604,A,A,A,A,A,A,A,A,A,A
29605,I,I,I,O,O,O,O,O,O,O
29606,I,I,I,O,O,O,O,O,O,O
29607,A,A,A,A,A,A,A,A,A,A
29608,H,H,H,H,H,H,H,H,H,H
29609,A,#N/A,A,A,#N/A,A,#N/A,A,A,A
29610,A,A,A,A,A,A,A,A,A,A
29611,A,A,A,A,A,A,A,A,A,A
29612,A,A,A,A,A,A,A,A,A,A
29613,A,A,A,A,A,A,A,A,A,A
29614,A,A,A,A,A,A,A,A,A,A
29615,A,A,A,A,A,A,A,A,A,A
29616,A,A,A,A,A,A,A,A,A,A
29617,A,A,A,A,A,A,A,A,A,A
29618,A,A,A,A,A,A,A,A,A,A
29619,A,A,A,A,A,A,A,A,A,A
29620,A,A,A,A,A,A,A,A,A,A
29621,A,A,A,A,A,A,A,A,A,A
29622,A,A,A,A,A,A,A,A,A,A
29623,A,A,A,A,A,A,A,A,A,A
29624,A,A,A,A,A,A,A,A,A,A
29625,A,A,A,A,A,A,A,A,A,A
29626,A,A,A,A,A,A,A,A,A,A
29627,A,A,A,A,A,A,A,A,A,A
29628,A,A,A,A,A,A,A,A,A,A
29629,A,A,A,A,A,A,A,A,A,A
29630,A,A,A,A,A,A,A,A,A,A
29631,A,A,A,A,A,A,A,A,A,A
29632,A,A,A,A,A,A,A,A,A,A
29633,A,A,A,A,A,A,A,A,A,A
29634,A,A,A,A,A,A,A,A,A,A
29635,A,A,A,A,A,A,A,A,A,A
29636,A,A,A,A,A,A,A,A,A,A
29637,A,A,A,A,A,A,A,A,A,A
29638,A,A,A,A,A,A,A,A,A,A
29639,A,A,A,A,A,A,A,A,A,A
29640,A,A,A,A,A,A,A,A,A,A
29641,A,A,A,A,A,A,A,A,A,A
29642,A,A,A,A,A,A,A,A,A,A
29643,A,A,A,A,A,A,A,A,A,A
29644,A,A,A,A,A,A,A,A,A,A
29645,A,A,A,A,A,A,A,A,A,A
29646,A,A,A,A,A,A,A,A,A,A
29647,A,A,A,A,A,A,A,A,A,A
29648,A,A,A,A,A,A,A,A,A,A
29649,A,A,A,A,A,A,A,A,A,A
29650,A,A,A,A,A,A,A,A,A,A
29651,A,A,A,A,A,A,A,A,A,A
29652,A,A,A,A,A,A,A,A,A,A
29653,A,A,A,A,A,A,A,A,A,A
29654,A,A,A,A,A,A,A,A,A,A
29655,A,A,A,A,A,A,A,A,A,A
29656,A,A,A,A,A,A,A,A,A,A
29657,A,A,A,A,A,A,A,A,A,A
29658,A,A,A,A,A,A,A,A,A,A
29659,A,A,A,A,A,A,A,A,A,A
29660,A,A,A,A,A,A,A,A,A,A
29661,A,A,A,A,A,A,A,A,A,A
29662,A,A,A,A,A,A,A,A,A,A
29663,A,A,A,A,A,A,A,A,A,A
29664,A,A,A,A,A,A,A,A,A,A
29665,A,A,A,A,A,A,A,A,A,A
29666,A,A,A,A,A,A,A,A,A,A
29667,A,A,A,A,A,A,A,A,A,A
29668,A,A,A,A,A,A,A,A,A,A
29669,A,A,A,A,A,A,A,A,A,A
29670,A,A,A,A,A,A,A,A,A,A
29671,A,A,A,A,A,A,A,A,A,A
29672,A,A,A,A,A,A,A,A,A,A
29673,A,A,A,A,A,A,A,A,A,A
29674,A,A,A,A,A,A,A,A,A,A
29675,A,A,A,A,A,A,A,A,A,A
29676,A,A,A,A,A,A,A,A,A,A
29677,A,A,A,A,A,A,A,A,A,A
29678,A,A,A,A,A,A,A,A,A,A
29679,A,A,A,A,A,A,A,A,A,A
29680,A,A,A,A,A,A,A,A,A,A
29681,A,A,A,A,A,A,A,A,A,A
29682,A,A,A,A,A,A,A,A,A,A
29683,A,A,A,A,A,A,A,A,A,A
29684,A,A,A,A,A,A,A,A,A,A
29685,A,A,A,A,A,A,A,A,A,A
29686,A,A,A,A,A,A,A,A,A,A
29687,A,A,A,A,A,A,A,A,A,A
29688,A,A,A,A,A,A,A,A,A,A
29689,A,A,A,A,A,A,A,A,A,A
29690,A,A,A,A,A,A,A,A,A,A
29691,A,A,A,A,A,A,A,A,A,A
29692,A,A,A,A,A,A,A,A,A,A
29693,A,A,A,A,A,A,A,A,A,A
29694,A,A,A,A,A,A,A,A,A,A
29695,A,A,A,A,A,A,A,A,A,A
29696,A,A,A,A,A,A,A,A,A,A
29697,A,A,A,A,A,A,A,A,A,A
29698,A,A,A,A,A,A,A,A,A,A
29699,A,A,A,A,A,A,A,A,A,A
29700,A,A,A,A,A,A,A,A,A,A
29701,A,A,A,A,A,A,A,A,A,A
29702,A,A,A,A,A,A,A,A,A,A
29703,A,A,A,A,A,A,A,A,A,A
29704,A,A,A,A,A,A,A,A,A,A
29705,A,A,A,A,A,A,A,A,A,A
29706,A,A,A,A,A,A,A,A,A,A
29707,A,A,A,A,A,A,A,A,A,A
29708,A,A,A,A,A,A,A,A,A,A
29709,A,A,A,A,A,A,A,A,A,A
29710,A,A,A,A,A,A,A,A,A,A
29711,A,A,A,A,A,A,A,A,A,A
29712,A,A,A,A,A,A,A,A,A,A
29713,A,A,A,A,A,A,A,A,A,A
29714,A,A,A,A,A,A,A,A,A,A
29715,A,A,A,A,A,A,A,A,A,A
29716,A,A,A,A,A,A,A,A,A,A
29717,A,A,A,A,A,A,A,A,A,A
29718,A,A,A,A,A,A,A,A,A,A
29719,A,A,A,A,A,A,A,A,A,A
29720,A,A,A,A,A,A,A,A,A,A
29721,A,A,A,A,A,A,A,A,A,A
29722,A,A,A,A,A,A,A,A,A,A
29723,A,A,A,A,A,A,A,A,A,A
29724,A,A,A,A,A,A,A,A,A,A
29725,A,A,A,A,A,A,A,A,A,A
29726,A,A,A,A,A,A,A,A,A,A
29727,A,A,A,A,A,A,A,A,A,A
29728,A,A,A,A,A,A,A,A,A,A
29729,A,A,A,A,A,A,A,A,A,A
29730,A,A,A,A,A,A,A,A,A,A
29731,A,A,A,A,A,A,A,A,A,A
29732,A,A,A,A,A,A,A,A,A,A
29733,A,A,A,A,A,A,A,A,A,A
29734,A,A,A,A,A,A,A,A,A,A
29735,A,A,A,A,A,A,A,A,A,A
29736,A,A,A,A,A,A,A,A,A,A
29737,A,A,A,A,A,A,A,A,A,A
29738,A,A,A,A,A,A,A,A,A,A
29739,A,A,A,A,A,A,A,A,A,A
29740,A,A,A,A,A,A,A,A,A,A
29741,A,A,A,A,A,A,A,A,A,A
29742,A,A,A,A,A,A,A,A,A,A
29743,A,A,A,A,A,A,A,A,A,A
29744,A,A,A,A,A,A,A,A,A,A
29745,A,A,A,A,A,A,A,A,A,A
29746,A,A,A,A,A,A,A,A,A,A
29747,A,A,A,A,A,A,A,A,A,A
29748,A,A,A,A,A,A,A,A,A,A
29749,A,A,A,A,A,A,A,A,A,A
29750,A,A,A,A,A,A,A,A,A,A
29751,A,A,A,A,A,A,A,A,A,A
29752,A,A,A,A,A,A,A,A,A,A
29753,A,A,A,A,A,A,A,A,A,A
29754,A,A,A,A,A,A,A,A,A,A
29755,A,A,A,A,A,A,A,A,A,A
29756,A,A,A,A,A,A,A,A,A,A
29757,A,A,A,A,A,A,A,A,A,A
29758,A,A,A,A,A,A,A,A,A,A
29759,L,L,L,L,L,L,L,L,L,L
29760,A,A,A,A,A,A,A,A,A,A
29761,A,A,A,A,A,A,A,A,A,A
29762,A,A,A,A,A,A,A,A,A,A
29763,A,A,A,A,A,A,A,A,A,A
29764,A,A,A,A,A,A,A,A,A,A
29765,A,A,A,A,A,A,A,A,A,A
29766,A,A,A,A,A,A,A,A,A,A
29767,A,A,A,A,A,A,A,A,A,A
29768,A,A,A,A,A,A,A,A,A,A
29769,A,A,A,A,A,A,A,A,A,A
29770,A,A,A,A,A,A,A,A,A,A
29771,A,A,A,A,A,A,A,A,A,A
29772,A,A,A,A,A,A,A,A,A,A
29773,A,A,A,A,A,A,A,A,A,A
29774,A,A,A,A,A,A,A,A,A,A
29775,A,A,A,A,A,A,A,A,A,A
29776,A,A,A,A,A,A,A,A,A,A
29777,A,A,A,A,A,A,A,A,A,A
29778,A,A,A,A,A,A,A,A,A,A
29779,A,A,A,A,A,A,A,A,A,A
29780,A,A,A,A,A,A,A,A,A,A
29781,A,A,A,A,A,A,A,A,A,A
29782,A,A,A,A,A,A,A,A,A,A
29783,A,A,A,A,A,A,A,A,A,A
29784,A,A,A,A,A,A,A,A,A,A
29785,A,A,A,A,A,A,A,A,A,A
29786,A,A,A,A,A,A,A,A,A,A
29787,A,A,A,A,A,A,A,A,A,A
29788,A,A,A,A,A,A,A,A,A,A
29789,A,A,A,A,A,A,A,A,A,A
29790,A,A,A,A,A,A,A,A,A,A
29791,A,A,A,A,A,A,A,A,A,A
29792,A,A,A,A,A,A,A,A,A,A
29793,A,A,A,A,A,A,A,A,A,A
29794,A,A,A,A,A,A,A,A,A,A
29795,A,A,A,A,A,A,A,A,A,A
29796,A,A,A,A,A,A,A,A,A,A
29797,A,A,A,A,A,A,A,A,A,A
29798,A,A,A,A,A,A,A,A,A,A
29799,A,A,A,A,A,A,A,A,A,A
29800,A,A,A,A,A,A,A,A,A,A
29801,A,A,A,A,A,A,A,A,A,A
29802,A,A,A,A,A,A,A,A,A,A
29803,A,A,A,A,A,A,A,A,A,A
29804,A,A,A,A,A,A,A,A,A,A
29805,A,A,A,A,A,A,A,A,A,A
29806,A,A,A,A,A,A,A,A,A,A
29807,A,A,A,A,A,A,A,A,A,A
29808,A,A,A,A,A,A,A,A,A,A
29809,B,B,B,B,B,B,B,B,B,B
29810,B,B,B,B,B,B,B,B,B,B
29811,B,B,B,B,B,B,B,B,B,B
29812,B,B,B,B,B,B,B,B,B,B
29813,B,B,B,B,B,B,B,B,B,B
29814,I,I,I,I,I,I,I,I,I,I
29815,A,A,A,A,A,A,A,A,A,A
29816,I,I,I,I,I,I,I,I,I,I
29817,A,A,A,A,A,A,A,A,A,A
29818,A,A,A,A,A,A,A,A,A,A
29819,A,A,A,A,A,A,A,A,A,A
29820,A,A,A,A,A,A,A,A,A,A
29821,A,A,A,A,A,A,A,A,A,A
29822,A,A,A,A,A,A,A,A,A,A
29823,A,A,A,A,A,A,A,A,A,A
29824,A,A,A,A,A,A,A,A,A,A
29825,A,A,A,A,A,A,A,A,A,A
29826,A,A,A,A,A,A,A,A,A,A
29827,A,A,A,A,A,A,A,A,A,A
29828,A,A,A,A,A,A,A,A,A,A
29829,A,A,A,A,A,A,A,A,A,A
29830,A,A,A,A,A,A,A,A,A,A
29831,A,A,A,A,A,A,A,A,A,A
29832,A,A,A,A,A,A,A,A,A,A
29833,A,A,A,A,A,A,A,A,A,A
29834,A,A,A,A,A,A,A,A,A,A
29835,A,A,A,A,A,A,A,A,A,A
29836,A,A,A,A,A,A,A,A,A,A
29837,A,A,A,A,A,A,A,A,A,A
29838,A,A,A,A,A,A,A,A,A,A
29839,A,A,A,A,A,A,A,A,A,A
29840,A,A,A,A,A,A,A,A,A,A
29841,A,A,A,A,A,A,A,A,A,A
29842,A,A,A,A,A,A,A,A,A,A
29843,A,A,A,A,A,A,A,A,A,A
29844,A,A,A,A,A,A,A,A,A,A
29845,A,A,A,A,A,A,A,A,A,A
29846,A,A,A,A,A,A,A,A,A,A
29847,A,A,A,A,A,A,A,A,A,A
29848,A,A,A,A,A,A,A,A,A,A
29849,A,A,A,A,A,A,A,A,A,A
29850,A,A,A,A,A,A,A,A,A,A
29851,A,A,A,A,A,A,A,A,A,A
29852,A,A,A,A,A,A,A,A,A,A
29853,A,A,A,A,A,A,A,A,A,A
29854,A,A,A,A,A,A,A,A,A,A
29855,A,A,A,A,A,A,A,A,A,A
29856,A,A,A,A,A,A,A,A,A,A
29857,A,A,A,A,A,A,A,A,A,A
29858,A,A,A,A,A,A,A,A,A,A
29859,A,A,A,A,A,A,A,A,A,A
29860,A,A,A,A,A,A,A,A,A,A
29861,A,A,A,A,A,A,A,A,A,A
29862,A,A,A,A,A,A,A,A,A,A
29863,A,A,A,A,A,A,A,A,A,A
29864,A,A,A,A,A,A,A,A,A,A
29865,A,A,A,A,A,A,A,A,A,A
29866,A,A,A,A,A,A,A,A,A,A
29867,A,A,A,A,A,A,A,A,A,A
29868,A,A,A,A,A,A,A,A,A,A
29869,A,A,A,A,A,A,A,A,A,A
29870,A,A,A,A,A,A,A,A,A,A
29871,A,A,A,A,A,A,A,A,A,A
29872,A,A,A,A,A,A,A,A,A,A
29873,A,A,A,A,A,A,A,A,A,A
29874,A,A,A,A,A,A,A,A,A,A
29875,A,A,A,A,A,A,A,A,A,A
29876,A,A,A,A,A,A,A,A,A,A
29877,A,A,A,A,A,A,A,A,A,A
29878,A,A,A,A,A,A,A,A,A,A
29879,A,A,A,A,A,A,A,A,A,A
29880,A,A,A,A,A,A,A,A,A,A
29881,A,A,A,A,A,A,A,A,A,A
29882,A,A,A,A,A,A,A,A,A,A
29883,A,A,A,A,A,A,A,A,A,A
29884,L,L,L,L,L,L,L,L,L,L
29885,A,A,A,A,A,A,A,A,A,A
29886,A,A,A,A,A,A,A,A,A,A
29887,A,A,A,A,A,A,A,A,A,A
29888,A,A,A,A,A,A,A,A,A,A
29889,A,A,A,A,A,A,A,A,A,A
29890,A,A,A,A,A,A,A,A,A,A
29891,A,A,A,A,A,A,A,A,A,A
29892,A,A,A,A,A,A,A,A,A,A
29893,A,A,A,A,A,A,A,A,A,A
29894,A,A,A,A,A,A,A,A,A,A
29895,A,A,A,A,A,A,A,A,A,A
29896,A,A,A,A,A,A,A,A,A,A
29897,A,A,A,A,A,A,A,A,A,A
29898,A,A,A,A,A,A,A,A,A,A
29899,A,A,A,A,A,A,A,A,A,A
29900,A,A,A,A,A,A,A,A,A,A
29901,A,A,A,A,A,A,A,A,A,A
29902,A,A,A,A,A,A,A,A,A,A
29903,A,A,A,A,A,A,A,A,A,A
29904,E,E,E,E,E,E,E,E,E,E
29905,A,A,A,A,A,A,A,A,A,A
29906,A,A,A,A,A,A,A,A,A,A
29907,A,A,A,A,A,A,A,A,A,A
29908,A,A,A,A,A,A,A,A,A,A
29909,A,A,A,A,A,A,A,A,A,A
29910,A,A,A,A,A,A,A,A,A,A
29911,A,A,A,A,A,A,A,A,A,A
29912,A,A,A,A,A,A,A,A,A,A
29913,A,A,A,A,A,A,A,A,A,A
29914,A,A,A,A,A,A,A,A,A,A
29915,A,A,A,A,A,A,A,A,A,A
29916,A,A,A,A,A,A,A,A,A,A
29917,A,A,A,A,A,A,A,A,A,A
29918,A,A,A,A,A,A,A,A,A,A
29919,A,A,A,A,A,A,A,A,A,A
29920,A,A,A,A,A,A,A,A,A,A
29921,A,A,A,A,A,A,A,A,A,A
29922,A,A,A,A,A,A,A,A,A,A
29923,A,A,A,A,A,A,A,A,A,A
29924,A,A,A,A,A,A,A,A,A,A
29925,A,A,A,A,A,A,A,A,A,A
29926,A,A,A,A,A,A,A,A,A,A
29927,A,A,A,A,A,A,A,A,A,A
29928,A,A,A,A,A,A,A,A,A,A
29929,A,A,A,A,A,A,A,A,A,A
29930,A,A,A,A,A,A,A,A,A,A
29931,A,A,A,A,A,A,A,A,A,A
29932,A,A,A,A,A,A,A,A,A,A
29933,A,A,A,A,A,A,A,A,A,A
29934,A,A,A,A,A,A,A,A,A,A
29935,A,A,A,A,A,A,A,A,A,A
29936,A,A,A,A,A,A,A,A,A,A
29937,A,A,A,A,A,A,A,A,A,A
29938,A,A,A,A,A,A,A,A,A,A
29939,A,A,A,A,A,A,A,A,A,A
29940,A,A,A,A,A,A,A,A,A,A
29941,A,A,A,A,A,A,A,A,A,A
29942,A,A,A,A,A,A,A,A,A,A
29943,A,A,A,A,A,A,A,A,A,A
29944,A,A,A,A,A,A,A,A,A,A
29945,A,A,A,A,A,A,A,A,A,A
29946,A,A,A,A,A,A,A,A,A,A
29947,A,A,A,A,A,A,A,A,A,A
29948,A,A,A,A,A,A,A,A,A,A
29949,A,A,A,A,A,A,A,A,A,A
29950,A,A,A,A,A,A,A,A,A,A
29951,A,A,A,A,A,A,A,A,A,A
29952,A,A,A,A,A,A,A,A,A,A
29953,A,A,A,A,A,A,A,A,A,A
29954,A,A,A,A,A,A,A,A,A,A
29955,A,A,A,A,A,A,A,A,A,A
29956,A,A,A,A,A,A,A,A,A,A
29957,A,A,A,A,A,A,A,A,A,A
29958,A,A,A,A,A,A,A,A,A,A
29959,A,A,A,A,A,A,A,A,A,A
29960,A,A,A,A,A,A,A,A,A,A
29961,A,A,A,A,A,A,A,A,A,A
29962,A,A,A,A,A,A,A,A,A,A
29963,A,A,A,A,A,A,A,A,A,A
29964,A,A,A,A,A,A,A,A,A,A
29965,A,A,A,A,A,A,A,A,A,A
29966,A,A,A,A,A,A,A,A,A,A
29967,A,A,A,A,A,A,A,A,A,A
29968,A,A,A,A,A,A,A,A,A,A
29969,A,A,A,A,A,A,A,A,A,A
29970,A,A,A,A,A,A,A,A,A,A
29971,A,A,A,A,A,A,A,A,A,A
29972,A,A,A,A,A,A,A,A,A,A
29973,A,A,A,A,A,A,A,A,A,A
29974,A,A,A,A,A,A,A,A,A,A
29975,A,A,A,A,A,A,A,A,A,A
29976,A,A,A,A,A,A,A,A,A,A
29977,A,A,A,A,A,A,A,A,A,A
29978,A,A,A,A,A,A,A,A,A,A
29979,A,A,A,A,A,A,A,A,A,A
29980,A,A,A,A,A,A,A,A,A,A
29981,A,A,A,A,A,A,A,A,A,A
29982,A,A,A,A,A,A,A,A,A,A
29983,A,A,A,A,A,A,A,A,A,A
29984,A,A,A,A,A,A,A,A,A,A
29985,A,A,A,A,A,A,A,A,A,A
29986,A,A,A,A,A,A,A,A,A,A
29987,A,A,A,A,A,A,A,A,A,A
29988,A,A,A,A,A,A,A,A,A,A
29989,A,A,A,A,A,A,A,A,A,A
29990,A,A,A,A,A,A,A,A,A,A
29991,A,A,A,A,A,A,A,A,A,A
29992,L,L,L,L,L,L,L,L,L,L
29993,A,A,A,A,A,A,A,A,A,A
29994,A,A,A,A,A,A,A,A,A,A
29995,A,A,A,A,A,A,A,A,A,A
29996,A,A,A,A,A,A,A,A,A,A
29997,A,A,A,A,A,A,A,A,A,A
29998,A,A,A,A,A,A,A,A,A,A
29999,A,A,A,A,A,A,A,A,A,A
30000,A,A,A,A,A,A,A,A,A,A
30001,A,A,A,A,A,A,A,A,A,A
30002,A,A,A,A,A,A,A,A,A,A
30003,A,A,A,A,A,A,A,A,A,A
30004,A,A,A,A,A,A,A,A,A,A
30005,A,A,A,A,A,A,A,A,A,A
30006,A,A,A,A,A,A,A,A,A,A
30007,A,A,A,A,A,A,A,A,A,A
30008,A,A,A,A,A,A,A,A,A,A
30009,A,A,A,A,A,A,A,A,A,A
30010,A,A,A,A,A,A,A,A,A,A
30011,A,A,A,A,A,A,A,A,A,A
30012,A,A,A,A,A,A,A,A,A,A
30013,A,A,A,A,A,A,A,A,A,A
30014,A,A,A,A,A,A,A,A,A,A
30015,A,A,A,A,A,A,A,A,A,A
30016,A,A,A,A,A,A,A,A,A,A
30017,A,A,A,A,A,A,A,A,A,A
30018,A,A,A,A,A,A,A,A,A,A
30019,A,A,A,A,A,A,A,A,A,A
30020,A,A,A,A,A,A,A,A,A,A
30021,A,A,A,A,A,A,A,A,A,A
30022,A,A,A,A,A,A,A,A,A,A
30023,A,A,A,A,A,A,A,A,A,A
30024,A,A,A,A,A,A,A,A,A,A
30025,A,A,A,A,A,A,A,A,A,A
30026,E,#N/A,E,E,#N/A,E,#N/A,E,E,E
30027,A,#N/A,A,A,#N/A,A,#N/A,A,A,A
30028,A,A,A,A,A,A,A,A,A,A
30029,A,A,A,A,A,A,A,A,A,A
30030,A,A,A,A,A,A,A,A,A,A
30031,A,A,A,A,A,A,A,A,A,A
30032,A,A,A,A,A,A,A,A,A,A
30033,A,A,A,A,A,A,A,A,A,A
30034,A,A,A,A,A,A,A,A,A,A
30035,A,A,A,A,A,A,A,A,A,A
30036,A,A,A,A,A,A,A,A,A,A
30037,A,A,A,A,A,A,A,A,A,A
30038,A,A,A,A,A,A,A,A,A,A
30039,A,A,A,A,A,A,A,A,A,A
30040,A,A,A,A,A,A,A,A,A,A
30041,A,A,A,A,A,A,A,A,A,A
30042,A,A,A,A,A,A,A,A,A,A
30043,A,A,A,A,A,A,A,A,A,A
30044,A,A,A,A,A,A,A,A,A,A
30045,A,A,A,A,A,A,A,A,A,A
30046,A,A,A,A,A,A,A,A,A,A
30047,A,A,A,A,A,A,A,A,A,A
30048,A,A,A,A,A,A,A,A,A,A
30049,A,A,A,A,A,A,A,A,A,A
30050,A,A,A,A,A,A,A,A,A,A
30051,A,A,A,A,A,A,A,A,A,A
30052,A,A,A,A,A,A,A,A,A,A
30053,A,A,A,A,A,A,A,A,A,A
30054,A,A,A,A,A,A,A,A,A,A
30055,A,A,A,A,A,A,A,A,A,A
30056,A,A,A,A,A,A,A,A,A,A
30057,A,A,A,A,A,A,A,A,A,A
30058,A,A,A,A,A,A,A,A,A,A
30059,A,A,A,A,A,A,A,A,A,A
30060,A,A,A,A,A,A,A,A,A,A
30061,A,A,A,A,A,A,A,A,A,A
30062,A,A,A,A,A,A,A,A,A,A
30063,A,A,A,A,A,A,A,A,A,A
30064,A,A,A,A,A,A,A,A,A,A
30065,A,A,A,A,A,A,A,A,A,A
30066,A,A,A,A,A,A,A,A,A,A
30067,A,A,A,A,A,A,A,A,A,A
30068,A,A,A,A,A,A,A,A,A,A
30069,A,A,A,A,A,A,A,A,A,A
30070,A,A,A,A,A,A,A,A,A,A
30071,A,A,A,A,A,A,A,A,A,A
30072,A,A,A,A,A,A,A,A,A,A
30073,A,A,A,A,A,A,A,A,A,A
30074,A,A,A,A,A,A,A,A,A,A
30075,A,A,A,A,A,A,A,A,A,A
30076,A,A,A,A,A,A,A,A,A,A
30077,A,A,A,A,A,A,A,A,A,A
30078,A,A,A,A,A,A,A,A,A,A
30079,A,A,A,A,A,A,A,A,A,A
30080,A,A,A,A,A,A,A,A,A,A
30081,A,A,A,A,A,A,A,A,A,A
30082,A,A,A,A,A,A,A,A,A,A
30083,A,A,A,A,A,A,A,A,A,A
30084,A,A,A,A,A,A,A,A,A,A
30085,A,A,A,A,A,A,A,A,A,A
30086,A,A,A,A,A,A,A,A,A,A
30087,A,A,A,A,A,A,A,A,A,A
30088,A,A,A,A,A,A,A,A,A,A
30089,A,A,A,A,A,A,A,A,A,A
30090,A,A,A,A,A,A,A,A,A,A
30091,A,A,A,A,A,A,A,A,A,A
30092,A,A,A,A,A,A,A,A,A,A
30095,I,#N/A,#N/A,#N/A,#N/A,#N/A,#N/A,#N/A,#N/A,K
30097,A,A,A,A,A,A,A,A,A,A
30098,A,A,A,A,A,A,A,A,A,A
30099,A,A,A,A,A,A,A,A,A,A
30100,A,A,A,A,A,A,A,A,A,A
30101,A,A,A,A,A,A,A,A,A,A
30102,A,A,A,A,A,A,A,A,A,A
30103,A,A,A,A,A,A,A,A,A,A
30104,A,A,A,A,A,A,A,A,A,A
30105,A,A,A,A,A,A,A,A,A,A
30106,A,A,A,A,A,A,A,A,A,A
30107,A,A,A,A,A,A,A,A,A,A
30108,A,A,A,A,A,A,A,A,A,A
30109,A,A,A,A,A,A,A,A,A,A
30110,A,A,A,A,A,A,A,A,A,A
30111,A,A,A,A,A,A,A,A,A,A
30112,A,A,A,A,A,A,A,A,A,A
30113,A,A,A,A,A,A,A,A,A,A
30114,A,A,A,A,A,A,A,A,A,A
30115,A,A,A,A,A,A,A,A,A,A
30116,A,A,A,A,A,A,A,A,A,A
30117,A,A,A,A,A,A,A,A,A,A
30118,A,A,A,A,A,A,A,A,A,A
30119,A,A,A,A,A,A,A,A,A,A
30120,A,A,A,A,A,A,A,A,A,A
30121,A,A,A,A,A,A,A,A,A,A
30122,A,A,A,A,A,A,A,A,A,A
30123,A,A,A,A,A,A,A,A,A,A
30124,A,A,A,A,A,A,A,A,A,A
30125,A,A,A,A,A,A,A,A,A,A
30126,A,A,A,A,A,A,A,A,A,A
30127,A,A,A,A,A,A,A,A,A,A
30128,A,A,A,A,A,A,A,A,A,A
30129,A,A,A,A,A,A,A,A,A,A
30130,A,A,A,A,A,A,A,A,A,A
30131,A,A,A,A,A,A,A,A,A,A
30132,A,A,A,A,A,A,A,A,A,A
30133,A,A,A,A,A,A,A,A,A,A
30134,A,A,A,A,A,A,A,A,A,A
30135,A,A,A,A,A,A,A,A,A,A
30136,A,A,A,A,A,A,A,A,A,A
30137,A,A,A,A,A,A,A,A,A,A
30138,A,A,A,A,A,A,A,A,A,A
30139,A,A,A,A,A,A,A,A,A,A
30140,E,E,E,E,E,E,E,E,E,E
30141,A,A,A,A,A,A,A,A,A,A
30142,A,A,A,A,A,A,A,A,A,A
30143,A,A,A,A,A,A,A,A,A,A
30144,A,A,A,A,A,A,A,A,A,A
30145,A,A,A,A,A,A,A,A,A,A
30146,A,A,A,A,A,A,A,A,A,A
30147,A,A,A,A,A,A,A,A,A,A
30148,A,A,A,A,A,A,A,A,A,A
30149,A,A,A,A,A,A,A,A,A,A
30150,A,A,A,A,A,A,A,A,A,A
30151,A,A,A,A,A,A,A,A,A,A
30152,A,A,A,A,A,A,A,A,A,A
30153,A,A,A,A,A,A,A,A,A,A
30154,P,P,P,P,P,P,P,P,P,P
30155,P,P,P,P,P,P,P,P,P,P
30156,P,P,P,P,P,P,P,P,P,P
30157,P,P,P,P,P,P,P,P,P,P
30158,P,P,P,P,P,P,P,P,P,P
30159,P,P,P,P,P,P,P,P,P,P
30160,P,P,P,P,P,P,P,P,P,P
30161,P,P,P,P,P,P,P,P,P,P
30162,P,P,P,P,P,P,P,P,P,P
30163,P,P,P,P,P,P,P,P,P,P
30164,P,P,P,P,P,P,P,P,P,P
30165,P,P,P,P,P,P,P,P,P,P
30166,I,I,I,I,I,I,I,I,I,I
30167,P,P,P,P,P,P,P,P,P,P
30168,P,P,P,P,P,P,P,P,P,P
30169,P,P,P,P,P,P,P,P,P,P
30170,P,P,P,P,P,P,P,P,P,P
30171,P,P,P,P,P,P,P,P,P,P
30172,P,P,P,P,P,P,P,P,P,P
30173,P,P,P,P,P,P,P,P,P,P
30174,P,P,P,P,P,P,P,P,P,P
30175,P,P,P,P,P,P,P,P,P,P
30176,P,P,P,P,P,P,P,P,P,P
30177,P,P,P,P,P,P,P,P,P,P
30178,P,P,P,P,P,P,P,P,P,P
30179,P,P,P,P,P,P,P,P,P,P
30180,P,P,P,P,P,P,P,P,P,P
30181,P,P,P,P,P,P,P,P,P,P
30182,P,P,P,P,P,P,P,P,P,P
30183,P,P,P,P,P,P,P,P,P,P
30184,P,P,P,P,P,P,P,P,P,P
30185,P,P,P,P,P,P,P,P,P,P
30186,P,P,P,P,P,P,P,P,P,P
30187,P,P,P,P,P,P,P,P,P,P
30188,P,P,P,P,P,P,P,P,P,P
30189,P,P,P,P,P,P,P,P,P,P
30190,P,P,P,P,P,P,P,P,P,P
30191,P,P,P,P,P,P,P,P,P,P
30192,P,P,P,P,P,P,P,P,P,P
30193,P,P,P,P,P,P,P,P,P,P
30194,P,P,P,P,P,P,P,P,P,P
30195,P,P,P,P,P,P,P,P,P,P
30196,P,P,P,P,P,P,P,P,P,P
30197,P,P,P,P,P,P,P,P,P,P
30198,P,P,P,P,P,P,P,P,P,P
30199,P,P,P,P,P,P,P,P,P,P
30200,P,P,P,P,P,P,P,P,P,P
30201,P,P,P,P,P,P,P,P,P,P
30202,P,P,P,P,P,P,P,P,P,P
30203,P,P,P,P,P,P,P,P,P,P
30204,P,P,P,P,P,P,P,P,P,P
30205,P,P,P,P,P,P,P,P,P,P
30206,P,P,P,P,P,P,P,P,P,P
30207,P,P,P,P,P,P,P,P,P,P
30208,P,P,P,P,P,P,P,P,P,P
30209,P,P,P,P,P,P,P,P,P,P
30210,P,P,P,P,P,P,P,P,P,P
30211,P,P,P,P,P,P,P,P,P,P
30212,P,P,P,P,P,P,P,P,P,P
30213,P,P,P,P,P,P,P,P,P,P
30214,P,P,P,P,P,P,P,P,P,P
30215,P,P,P,P,P,P,P,P,P,P
30216,P,P,P,P,P,P,P,P,P,P
30217,P,P,P,P,P,P,P,P,P,P
30218,P,P,P,P,P,P,P,P,P,P
30219,P,P,P,P,P,P,P,P,P,P
30220,P,P,P,P,P,P,P,P,P,P
30221,P,P,P,P,P,P,P,P,P,P
30222,P,P,P,P,P,P,P,P,P,P
30223,P,P,P,P,P,P,P,P,P,P
30224,P,P,P,P,P,P,P,P,P,P
30225,P,P,P,P,P,P,P,P,P,P
30226,P,P,P,P,P,P,P,P,P,P
30227,P,P,P,P,P,P,P,P,P,P
30228,P,P,P,P,P,P,P,P,P,P
30229,P,P,P,P,P,P,P,P,P,P
30230,P,P,P,P,P,P,P,P,P,P
30231,P,P,P,P,P,P,P,P,P,P
30232,P,P,P,P,P,P,P,P,P,P
30233,P,P,P,P,P,P,P,P,P,P
30234,P,P,P,P,P,P,P,P,P,P
30235,P,P,P,P,P,P,P,P,P,P
30236,P,P,P,P,P,P,P,P,P,P
30237,P,P,P,P,P,P,P,P,P,P
30238,P,P,P,P,P,P,P,P,P,P
30239,P,P,P,P,P,P,P,P,P,P
30240,P,P,P,P,P,P,P,P,P,P
30241,P,P,P,P,P,P,P,P,P,P
30242,P,P,P,P,P,P,P,P,P,P
30243,P,P,P,P,P,P,P,P,P,P
30244,P,P,P,P,P,P,P,P,P,P
30245,P,P,P,P,P,P,P,P,P,P
30246,P,P,P,P,P,P,P,P,P,P
30247,P,P,P,P,P,P,P,P,P,P
30248,P,P,P,P,P,P,P,P,P,P
30249,P,P,P,P,P,P,P,P,P,P
30250,P,P,P,P,P,P,P,P,P,P
30251,P,P,P,P,P,P,P,P,P,P
30252,P,P,P,P,P,P,P,P,P,P
30253,P,P,P,P,P,P,P,P,P,P
30254,P,P,P,P,P,P,P,P,P,P
30255,P,P,P,P,P,P,P,P,P,P
30256,P,P,P,P,P,P,P,P,P,P
30257,P,P,P,P,P,P,P,P,P,P
30258,A,A,A,A,A,A,A,A,A,B
30259,P,P,P,P,P,P,P,P,P,P
30260,P,P,P,P,P,P,P,P,P,P
30261,P,P,P,P,P,P,P,P,P,P
30262,P,P,P,P,P,P,P,P,P,P
30263,P,P,P,P,P,P,P,P,P,P
30264,P,P,P,P,P,P,P,P,P,P
30265,P,P,P,P,P,P,P,P,P,P
30266,A,A,A,A,A,A,A,A,A,A
30267,A,A,A,A,A,A,A,A,A,A
30268,A,A,A,A,A,A,A,A,A,A
30269,A,A,A,A,A,A,A,A,A,A
30270,A,A,A,A,A,A,A,A,A,A
30271,A,A,A,A,A,A,A,A,A,A
30272,A,A,A,A,A,A,A,A,A,A
30273,L,L,L,L,L,L,L,L,L,L
30274,A,A,A,A,A,A,A,A,A,A
30275,A,A,A,A,A,A,A,A,A,A
30276,A,A,A,A,A,A,A,A,A,A
30277,A,A,A,A,A,A,A,A,A,A
30278,A,A,A,A,A,A,A,A,A,A
30279,A,A,A,A,A,A,A,A,A,A
30280,A,A,A,A,A,A,A,A,A,A
30281,A,A,A,A,A,A,A,A,A,A
30282,A,A,A,A,A,A,A,A,A,A
30283,A,A,A,A,A,A,A,A,A,A
30284,A,A,A,A,A,A,A,A,A,A
30285,A,A,A,A,A,A,A,A,A,A
30286,A,A,A,A,A,A,A,A,A,A
30287,A,A,A,A,A,A,A,A,A,A
30288,A,A,A,A,A,A,A,A,A,A
30289,A,A,A,A,A,A,A,A,A,A
30290,A,A,A,A,A,A,A,A,A,A
30291,A,A,A,A,A,A,A,A,A,A
30292,A,A,A,A,A,A,A,A,A,A
30293,A,A,A,A,A,A,A,A,A,A
30294,A,A,A,A,A,A,A,A,A,A
30295,A,A,A,A,A,A,A,A,A,A
30296,A,A,A,A,A,A,A,A,A,A
30297,A,A,A,A,A,A,A,A,A,A
30298,A,A,A,A,A,A,A,A,A,A
30299,A,A,A,A,A,A,A,A,A,A
30300,A,A,A,A,A,A,A,A,A,A
30301,A,A,A,A,A,A,A,A,A,A
30302,A,A,A,A,A,A,A,A,A,A
30303,A,A,A,A,A,A,A,A,A,A
30304,A,A,A,A,A,A,A,A,A,A
30305,A,A,A,A,A,A,A,A,A,A
30306,A,A,A,A,A,A,A,A,A,A
30307,A,A,A,A,A,A,A,A,A,A
30308,A,A,A,A,A,A,A,A,A,A
30309,A,A,A,A,A,A,A,A,A,A
30310,A,A,A,A,A,A,A,A,A,A
30311,A,A,A,A,A,A,A,A,A,A
30312,A,A,A,A,A,A,A,A,A,A
30313,A,A,A,A,A,A,A,A,A,A
30314,A,A,A,A,A,A,A,A,A,A
30315,A,A,A,A,A,A,A,A,A,A
30316,A,A,A,A,A,A,A,A,A,A
30317,A,A,A,A,A,A,A,A,A,A
30318,A,A,A,A,A,A,A,A,A,A
30319,A,A,A,A,A,A,A,A,A,A
30320,A,A,A,A,A,A,A,A,A,A
30321,A,A,A,A,A,A,A,A,A,A
30322,A,A,A,A,A,A,A,A,A,A
30323,A,A,A,A,A,A,A,A,A,A
30324,A,A,A,A,A,A,A,A,A,A
30325,A,A,A,A,A,A,A,A,A,A
30326,A,A,A,A,A,A,A,A,A,A
30327,A,A,A,A,A,A,A,A,A,A
30328,A,A,A,A,A,A,A,A,A,A
30329,A,A,A,A,A,A,A,A,A,A
30330,A,A,A,A,A,A,A,A,A,A
30331,A,A,A,A,A,A,A,A,A,A
30332,A,A,A,A,A,A,A,A,A,A
30333,A,A,A,A,A,A,A,A,A,A
30335,A,A,A,A,A,A,A,A,A,A
30337,A,A,A,A,A,A,A,A,A,A
30338,A,A,A,A,A,A,A,A,A,A
30339,A,A,A,A,A,A,A,A,A,A
30340,A,A,A,A,A,A,A,A,A,A
30341,A,A,A,A,A,A,A,A,A,A
30342,A,A,A,A,A,A,A,A,A,A
30343,A,A,A,A,A,A,A,A,A,A
30344,A,A,A,A,A,A,A,A,A,A
30345,A,A,A,A,A,A,A,A,A,A
30346,A,A,A,A,A,A,A,A,A,A
30347,A,A,A,A,A,A,A,A,A,A
30348,A,A,A,A,A,A,A,A,A,A
30349,A,A,A,A,A,A,A,A,A,A
30350,A,A,A,A,A,A,A,A,A,A
30351,A,A,A,A,A,A,A,A,A,A
30352,A,A,A,A,A,A,A,A,A,A
30353,A,A,A,A,A,A,A,A,A,A
30354,A,A,A,A,A,A,A,A,A,A
30355,A,A,A,A,A,A,A,A,A,A
30356,A,A,A,A,A,A,A,A,A,A
30357,A,A,A,A,A,A,A,A,A,A
30358,A,A,A,A,A,A,A,A,A,A
30359,A,A,A,A,A,A,A,A,A,A
30360,A,A,A,A,A,A,A,A,A,A
30361,A,A,A,A,A,A,A,A,A,A
30362,A,A,A,A,A,A,A,A,A,A
30363,A,A,A,A,A,A,A,A,A,A
30364,A,A,A,A,A,A,A,A,A,A
30365,A,A,A,A,A,A,A,A,A,A
30366,A,A,A,A,A,A,A,A,A,A
30367,A,A,A,A,A,A,A,A,A,A
30368,A,A,A,A,A,A,A,A,A,A
30369,A,A,A,A,A,A,A,A,A,A
30370,A,A,A,A,A,A,A,A,A,A
30371,A,A,A,A,A,A,A,A,A,A
30372,A,A,A,A,A,A,A,A,A,A
30373,A,A,A,A,A,A,A,A,A,A
30374,A,A,A,A,A,A,A,A,A,A
30375,A,A,A,A,A,A,A,A,A,A
30376,A,A,A,A,A,A,A,A,A,A
30377,A,A,A,A,A,A,A,A,A,A
30378,D,D,D,D,D,D,D,D,D,D
30379,D,D,D,D,D,D,D,D,D,D
30380,D,D,D,D,D,D,D,D,D,D
30381,D,D,D,D,D,D,D,D,D,D
30382,D,D,D,D,D,D,D,D,D,D
30383,D,D,D,D,D,D,D,D,D,D
30384,D,D,D,D,D,D,D,D,D,D
30385,D,D,D,D,D,D,D,D,D,D
30386,D,D,D,D,D,D,D,D,D,D
30387,D,D,D,D,D,D,D,D,D,D
30388,D,D,D,D,D,D,D,D,D,D
30389,D,D,D,D,D,D,D,D,D,D
30390,D,D,D,D,D,D,D,D,D,D
30391,A,A,A,A,A,A,A,A,A,A
30392,I,I,I,I,I,C,C,C,C,C
30393,D,D,D,D,D,D,D,D,D,D
30394,D,D,D,D,D,D,D,D,D,D
30395,D,D,D,D,D,D,D,D,D,D
30396,D,D,D,D,D,D,D,D,D,D
30397,D,D,D,D,D,D,D,D,D,D
30398,I,I,I,I,I,I,I,I,I,I
30399,D,D,D,D,D,D,D,D,D,D
30400,D,D,D,D,D,D,D,D,D,D
30401,D,D,D,D,D,D,D,D,D,D
30402,I,I,I,I,I,I,I,I,I,I
30403,C,C,C,C,C,C,C,C,C,C
30404,C,C,C,C,C,C,C,C,C,C
30405,C,C,C,C,C,C,C,C,C,C
30406,C,C,C,C,C,C,C,C,C,C
30407,C,C,C,C,C,C,C,C,C,C
30408,C,C,C,C,C,C,C,C,C,C
30409,C,C,C,C,C,C,C,C,C,C
30410,C,C,C,C,C,C,C,C,C,C
30411,C,C,C,C,C,C,C,C,C,C
30412,I,I,I,I,I,I,I,I,I,I
30413,A,A,A,A,A,A,A,A,A,A
30414,A,A,A,A,A,A,A,A,A,A
30415,A,A,A,A,A,A,A,A,A,A
30416,A,A,A,A,A,A,A,A,A,A
30417,A,A,A,A,A,A,A,A,A,A
30418,A,A,A,A,A,A,A,A,A,A
30419,A,A,A,A,A,A,A,A,A,A
30420,A,A,A,A,A,A,A,A,A,A
30421,A,A,A,A,A,A,A,A,A,A
30422,A,A,A,A,A,A,A,A,A,A
30423,A,A,A,A,A,A,A,A,A,A
30424,A,A,A,A,A,A,A,A,A,A
30425,A,A,A,A,A,A,A,A,A,A
30426,A,A,A,A,A,A,A,A,A,A
30427,A,A,A,A,A,A,A,A,A,A
30428,A,A,A,A,A,A,A,A,A,A
30429,A,A,A,A,A,A,A,A,A,A
30430,A,A,A,A,A,A,A,A,A,A
30431,A,A,A,A,A,A,A,A,A,A
30432,A,A,A,A,A,A,A,A,A,A
30433,A,A,A,A,A,A,A,A,A,A
30434,A,A,A,A,A,A,A,A,A,A
30435,A,A,A,A,A,A,A,A,A,A
30436,A,A,A,A,A,A,A,A,A,A
30437,A,A,A,A,A,A,A,A,A,A
30438,A,A,A,A,A,A,A,A,A,A
30439,A,A,A,A,A,A,A,A,A,A
30440,A,A,A,A,A,A,A,A,A,A
30441,A,A,A,A,A,A,A,A,A,A
30442,A,A,A,A,A,A,A,A,A,A
30443,A,A,A,A,A,A,A,A,A,A
30444,A,A,A,A,A,A,A,A,A,A
30445,A,A,A,A,A,A,A,A,A,A
30446,A,A,A,A,A,A,A,A,A,A
30447,A,A,A,A,A,A,A,A,A,A
30448,A,A,A,A,A,A,A,A,A,A
30449,A,A,A,A,A,A,A,A,A,A
30450,A,A,A,A,A,A,A,A,A,A
30451,A,A,A,A,A,A,A,A,A,A
30452,A,A,A,A,A,A,A,A,A,A
30453,A,A,A,A,A,A,A,A,A,A
30454,A,A,A,A,A,A,A,A,A,A
30455,A,A,A,A,A,A,A,A,A,A
30456,A,A,A,A,A,A,A,A,A,A
30457,A,A,A,A,A,A,A,A,A,A
30458,A,A,A,A,A,A,A,A,A,A
30459,A,A,A,A,A,A,A,A,A,A
30460,A,A,A,A,A,A,A,A,A,A
30461,A,A,A,A,A,A,A,A,A,A
30462,A,A,A,A,A,A,A,A,A,A
30463,A,A,A,A,A,A,A,A,A,A
30464,A,A,A,A,A,A,A,A,A,A
30465,A,A,A,A,A,A,A,A,A,A
30466,A,A,A,A,A,A,A,A,A,A
30467,A,A,A,A,A,A,A,A,A,A
30468,A,A,A,A,A,A,A,A,A,A
30469,A,A,A,A,A,A,A,A,A,A
30470,A,A,A,A,A,A,A,A,A,A
30471,A,A,A,A,A,A,A,A,A,A
30472,A,A,A,A,A,A,A,A,A,A
30473,A,A,A,A,A,A,A,A,A,A
30474,A,A,A,A,A,A,A,A,A,A
30475,A,A,A,A,A,A,A,A,A,A
30476,A,A,A,A,A,A,A,A,A,A
30477,A,A,A,A,A,A,A,A,A,A
30478,A,A,A,A,A,A,A,A,A,A
30479,A,A,A,A,A,A,A,A,A,A
30480,A,A,A,A,A,A,A,A,A,A
30481,A,A,A,A,A,A,A,A,A,A
30482,A,A,A,A,A,A,A,A,A,A
30483,A,A,A,A,A,A,A,A,A,A
30484,A,A,A,A,A,A,A,A,A,A
30485,A,A,A,A,A,A,A,A,A,A
30486,A,A,A,A,A,A,A,A,A,A
30487,A,A,A,A,A,A,A,A,A,A
30488,A,A,A,A,A,A,A,A,A,A
30489,A,A,A,A,A,A,A,A,A,A
30490,A,A,A,A,A,A,A,A,A,A
30491,A,A,A,A,A,A,A,A,A,A
30492,A,A,A,A,A,A,A,A,A,A
30493,A,A,A,A,A,A,A,A,A,A
30494,A,A,A,A,A,A,A,A,A,A
30495,A,A,A,A,A,A,A,A,A,A
30496,A,A,A,A,A,A,A,A,A,A
30497,A,A,A,A,A,A,A,A,A,A
30498,A,A,A,A,A,A,A,A,A,A
30499,A,A,A,A,A,A,A,A,A,A
30500,A,A,A,A,A,A,A,A,A,A
30501,A,A,A,A,A,A,A,A,A,A
30502,A,A,A,A,A,A,A,A,A,A
30503,A,A,A,A,A,A,A,A,A,A
30504,A,A,A,A,A,A,A,A,A,A
30505,A,A,A,A,A,A,A,A,A,A
30506,A,A,A,A,A,A,A,A,A,A
30507,A,A,A,A,A,A,A,A,A,A
30508,A,A,A,A,A,A,A,A,A,A
30509,A,A,A,A,A,A,A,A,A,A
30510,A,A,A,A,A,A,A,A,A,A
30511,A,A,A,A,A,A,A,A,A,A
30512,A,A,A,A,A,A,A,A,A,A
30513,A,A,A,A,A,A,A,A,A,A
30514,A,A,A,A,A,A,A,A,A,A
30515,A,A,A,A,A,A,A,A,A,A
30516,A,A,A,A,A,A,A,A,A,A
30517,A,A,A,A,A,A,A,A,A,A
30518,A,A,A,A,A,A,A,A,A,A
30519,A,A,A,A,A,A,A,A,A,A
30520,A,A,A,A,A,A,A,A,A,A
30521,A,A,A,A,A,A,A,A,A,A
30522,A,A,A,A,A,A,A,A,A,A
30523,A,A,A,A,A,A,A,A,A,A
30524,A,A,A,A,A,A,A,A,A,A
30525,A,A,A,A,A,A,A,A,A,A
30526,A,A,A,A,A,A,A,A,A,A
30527,A,A,A,A,A,A,A,A,A,A
30528,A,A,A,A,A,A,A,A,A,A
30529,A,A,A,A,A,A,A,A,A,A
30530,A,A,A,A,A,A,A,A,A,A
30531,A,A,A,A,A,A,A,A,A,A
30533,A,A,A,A,A,A,A,A,A,A
30534,A,A,A,A,A,A,A,A,A,A
30535,A,A,A,A,A,A,A,A,A,A
30536,A,A,A,A,A,A,A,A,A,A
30538,A,A,A,A,A,A,A,A,A,A
30539,A,A,A,A,A,A,A,A,A,A
30540,A,A,A,A,A,A,A,A,A,A
30541,A,A,A,A,A,A,A,A,A,A
30542,A,A,A,A,A,A,A,A,A,A
30543,A,A,A,A,A,A,A,A,A,A
30544,A,A,A,A,A,A,A,A,A,A
30545,A,A,A,A,A,A,A,A,A,A
30546,A,A,A,A,A,A,A,A,A,A
30547,A,A,A,A,A,A,A,A,A,A
30548,A,A,A,A,A,A,A,A,A,A
30549,A,A,A,A,A,A,A,A,A,A
30550,A,A,A,A,A,A,A,A,A,A
30551,A,A,A,A,A,A,A,A,A,A
30552,A,A,A,A,A,A,A,A,A,A
30553,A,A,A,A,A,A,A,A,A,A
30554,A,A,A,A,A,A,A,A,A,A
30555,A,A,A,A,A,A,A,A,A,A
30556,A,A,A,A,A,A,A,A,A,A
30557,A,A,A,A,A,A,A,A,A,A
30558,A,A,A,A,A,A,A,A,A,A
30559,A,A,A,A,A,A,A,A,A,A
30560,A,A,A,A,A,A,A,A,A,A
30561,A,A,A,A,A,A,A,A,A,A
30562,A,A,A,A,A,A,A,A,A,A
30563,A,A,A,A,A,A,A,A,A,A
30564,A,A,A,A,A,A,A,A,A,A
30565,A,A,A,A,A,A,A,A,A,A
30566,A,A,A,A,A,A,A,A,A,A
30567,A,A,A,A,A,A,A,A,A,A
30568,A,A,A,A,A,A,A,A,A,A
30569,A,A,A,A,A,A,A,A,A,A
30570,A,A,A,A,A,A,A,A,A,A
30571,A,A,A,A,A,A,A,A,A,A
30572,A,A,A,A,A,A,A,A,A,A
30573,A,A,A,A,A,A,A,A,A,A
30574,A,A,A,A,A,A,A,A,A,A
30575,A,A,A,A,A,A,A,A,A,A
30576,A,A,A,A,A,A,A,A,A,A
30577,A,A,A,A,A,A,A,A,A,A
30578,A,A,A,A,A,A,A,A,A,A
30579,A,A,A,A,A,A,A,A,A,A
30580,J,J,J,J,J,J,J,J,J,J
30583,A,A,A,A,A,A,A,A,A,A
30584,A,A,A,A,A,A,A,A,A,A
30586,A,A,A,A,A,A,A,A,A,A
30588,E,E,E,E,E,E,E,E,E,E
30589,A,A,A,A,A,A,A,A,A,A
30590,A,A,A,A,A,A,A,A,A,A
30591,A,A,A,A,A,A,A,A,A,A
30592,A,A,A,A,A,A,A,A,A,A
30593,A,A,A,A,A,A,A,A,A,A
30594,A,A,A,A,A,A,A,A,A,A
30595,A,A,A,A,A,A,A,A,A,A
30596,A,A,A,A,A,A,A,A,A,A
30597,A,A,A,A,A,A,A,A,A,A
30598,A,A,A,A,A,A,A,A,A,A
30599,A,A,A,A,A,A,A,A,A,A
30600,A,A,A,A,A,A,A,A,A,A
30601,E,E,E,E,E,E,E,E,E,E
30602,A,A,A,A,A,A,A,A,A,A
30603,A,A,A,A,A,A,A,A,A,A
30604,A,A,A,A,A,A,A,A,A,A
30605,A,A,A,A,A,A,A,A,A,A
30606,A,A,A,A,A,A,A,A,A,A
30607,A,A,A,A,A,A,A,A,A,A
30608,A,A,A,A,A,A,A,A,A,A
30609,A,A,A,A,A,A,A,A,A,A
30610,A,A,A,A,A,A,A,A,A,A
30612,A,A,A,A,A,A,A,A,A,A
30613,A,A,A,A,A,A,A,A,A,A
30614,A,A,A,A,A,A,A,A,A,A
30615,A,A,A,A,A,A,A,A,A,A
30616,A,A,A,A,A,A,A,A,A,A
30617,A,A,A,A,A,A,A,A,A,A
30618,A,A,A,A,A,A,A,A,A,A
30619,A,A,A,A,A,A,A,A,A,A
30620,A,A,A,A,A,A,A,A,A,A
30621,A,A,A,A,A,A,A,A,A,A
30622,A,A,A,A,A,A,A,A,A,A
30623,A,A,A,A,A,A,A,A,A,A
30624,A,A,A,A,A,A,A,A,A,A
30625,A,A,A,A,A,A,A,A,A,A
30626,A,A,A,A,A,A,A,A,A,A
30627,A,A,A,A,A,A,A,A,A,A
30628,A,A,A,A,A,A,A,A,A,A
30629,A,A,A,A,A,A,A,A,A,A
30630,A,A,A,A,A,A,A,A,A,A
30631,A,A,A,A,A,A,A,A,A,A
30634,A,A,A,A,A,A,A,A,A,A
30635,A,A,A,A,A,A,A,A,A,A
30636,A,A,A,A,A,A,A,A,A,A
30637,A,A,A,A,A,A,A,A,A,A
30638,A,A,A,A,A,A,A,A,A,A
30639,A,A,A,A,A,A,A,A,A,A
30640,A,A,A,A,A,A,A,A,A,A
30641,A,A,A,A,A,A,A,A,A,A
30642,A,A,A,A,A,A,A,A,A,A
30643,A,A,A,A,A,A,A,A,A,A
30644,A,A,A,A,A,A,A,A,A,A
30645,A,A,A,A,A,A,A,A,A,A
30646,A,A,A,A,A,A,A,A,A,A
30647,A,A,A,A,A,A,A,A,A,A
30648,A,A,A,A,A,A,A,A,A,A
30649,A,A,A,A,A,A,A,A,A,A
30650,A,A,A,A,A,A,A,A,A,A
30651,A,A,A,A,A,A,A,A,A,A
30652,A,A,A,A,A,A,A,A,A,A
30653,A,A,A,A,A,A,A,A,A,A
30654,A,A,A,A,A,A,A,A,A,A
30655,A,A,A,A,A,A,A,A,A,A
30656,A,A,A,A,A,A,A,A,A,A
30657,A,A,A,A,A,A,A,A,A,A
30658,A,A,A,A,A,A,A,A,A,A
30659,A,A,A,A,A,A,A,A,A,A
30660,A,A,A,A,A,A,A,A,A,A
30661,A,A,A,A,A,A,A,A,A,A
30662,A,A,A,A,A,A,A,A,A,A
30663,A,A,A,A,A,A,A,A,A,A
30664,A,A,A,A,A,A,A,A,A,A
30665,A,A,A,A,A,A,A,A,A,A
30666,A,A,A,A,A,A,A,A,A,A
30667,A,A,A,A,A,A,A,A,A,A
30668,A,A,A,A,A,A,A,A,A,A
30669,A,A,A,A,A,A,A,A,A,A
30670,A,A,A,A,A,A,A,A,A,A
30671,A,A,A,A,A,A,A,A,A,A
30672,A,A,A,A,A,A,A,A,A,A
30673,A,A,A,A,A,A,A,A,A,A
30674,A,A,A,A,A,A,A,A,A,A
30675,A,A,A,A,A,A,A,A,A,A
30676,A,A,A,A,A,A,A,A,A,A
30677,A,A,A,A,A,A,A,A,A,A
30678,A,A,A,A,A,A,A,A,A,A
30679,A,A,A,A,A,A,A,A,A,A
30680,A,A,A,A,A,A,A,A,A,A
30681,A,A,A,A,A,A,A,A,A,A
30682,A,A,A,A,A,A,A,A,A,A
30683,A,A,A,A,A,A,A,A,A,A
30684,A,A,A,A,A,A,A,A,A,A
30685,A,A,A,A,A,A,A,A,A,A
30686,A,A,A,A,A,A,A,A,A,A
30687,A,A,A,A,A,A,A,A,A,A
30688,A,A,A,A,A,A,A,A,A,A
30689,A,A,A,A,A,A,A,A,A,A
30690,A,A,A,A,A,A,A,A,A,A
30691,A,A,A,A,A,A,A,A,A,A
30692,A,A,A,A,A,A,A,A,A,A
30693,A,A,A,A,A,A,A,A,A,A
30694,A,A,A,A,A,A,A,A,A,A
30695,A,A,A,A,A,A,A,A,A,A
30696,A,A,A,A,A,A,A,A,A,A
30697,A,A,A,A,A,A,A,A,A,A
30698,A,A,A,A,A,A,A,A,A,A
30699,A,A,A,A,A,A,A,A,A,A
30700,A,A,A,A,A,A,A,A,A,A
30701,A,A,A,A,A,A,A,A,A,A
30702,A,A,A,A,A,A,A,A,A,A
30703,A,A,A,A,A,A,A,A,A,A
30704,A,A,A,A,A,A,A,A,A,A
30705,A,A,A,A,A,A,A,A,A,A
30706,A,A,A,A,A,A,A,A,A,A
30707,A,A,A,A,A,A,A,A,A,A
30708,A,A,A,A,A,A,A,A,A,A
30709,A,A,A,A,A,A,A,A,A,A
30710,A,A,A,A,A,A,A,A,A,A
30711,A,A,A,A,A,A,A,A,A,A
30712,A,A,A,A,A,A,A,A,A,A
30713,A,A,A,A,A,A,A,A,A,A
30714,A,A,A,A,A,A,A,A,A,A
30715,A,A,A,A,A,A,A,A,A,A
30716,A,A,A,A,A,A,A,A,A,A
30717,A,A,A,A,A,A,A,A,A,A
30718,A,A,A,A,A,A,A,A,A,A
30719,A,A,A,A,A,A,A,A,A,A
30720,A,A,A,A,A,A,A,A,A,A
30721,A,A,A,A,A,A,A,A,A,A
30722,A,A,A,A,A,A,A,A,A,A
30723,A,A,A,A,A,A,A,A,A,A
30724,A,A,A,A,A,A,A,A,A,A
30725,A,A,A,A,A,A,A,A,A,A
30726,A,A,A,A,A,A,A,A,A,A
30727,A,A,A,A,A,A,A,A,A,A
30728,A,A,A,A,A,A,A,A,A,A
30729,A,A,A,A,A,A,A,A,A,A
30730,A,A,A,A,A,A,A,A,A,A
30731,A,A,A,A,A,A,A,A,A,A
30732,A,A,A,A,A,A,A,A,A,A
30733,A,A,A,A,A,A,A,A,A,A
30734,A,A,A,A,A,A,A,A,A,A
30735,A,A,A,A,A,A,A,A,A,A
30736,A,A,A,A,A,A,A,A,A,A
30737,A,A,A,A,A,A,A,A,A,A
30738,A,A,A,A,A,A,A,A,A,A
30739,A,A,A,A,A,A,A,A,A,A
30740,A,A,A,A,A,A,A,A,A,A
30741,A,A,A,A,A,A,A,A,A,A
30742,A,A,A,A,A,A,A,A,A,A
30743,A,A,A,A,A,A,A,A,A,A
30744,A,A,A,A,A,A,A,A,A,A
30745,A,A,A,A,A,A,A,A,A,A
30746,A,A,A,A,A,A,A,A,A,A
30747,A,A,A,A,A,A,A,A,A,A
30748,A,A,A,A,A,A,A,A,A,A
30749,J,J,J,J,J,J,J,J,J,J
30750,A,A,A,A,A,A,A,A,A,A
30751,I,I,I,I,I,I,I,I,I,I
30752,A,A,A,A,A,A,A,A,A,A
30753,A,A,A,A,A,A,A,A,A,A
30754,A,A,A,A,A,A,A,A,A,A
30755,A,A,A,A,A,A,A,A,A,A
30756,A,A,A,A,A,A,A,A,A,A
30757,A,A,A,A,A,A,A,A,A,A
30758,A,A,A,A,A,A,A,A,A,A
30759,A,A,A,A,A,A,A,A,A,A
30760,A,A,A,A,A,A,A,A,A,A
30761,A,A,A,A,A,A,A,A,A,A
30762,A,A,A,A,A,A,A,A,A,A
30763,A,A,A,A,A,A,A,A,A,A
30764,A,A,A,A,A,A,A,A,A,A
30765,A,A,A,A,A,A,A,A,A,A
30766,A,A,A,A,A,A,A,A,A,A
30767,A,A,A,A,A,A,A,A,A,A
30768,A,A,A,A,A,A,A,A,A,A
30769,A,A,A,A,A,A,A,A,A,A
30770,A,A,A,A,A,A,A,A,A,A
30771,A,A,A,A,A,A,A,A,A,A
30772,A,A,A,A,A,A,A,A,A,A
30773,A,A,A,A,A,A,A,A,A,A
30774,A,A,A,A,A,A,A,A,A,A
30775,A,A,A,A,A,A,A,A,A,A
30776,A,A,A,A,A,A,A,A,A,A
30777,A,A,A,A,A,A,A,A,A,A
30778,A,A,A,A,A,A,A,A,A,A
30779,A,A,A,A,A,A,A,A,A,A
30780,A,A,A,A,A,A,A,A,A,A
30781,A,A,A,A,A,A,A,A,A,A
30782,A,A,A,A,A,A,A,A,A,A
30783,A,A,A,A,A,A,A,A,A,A
30784,A,A,A,A,A,A,A,A,A,A
30785,A,A,A,A,A,A,A,A,A,A
30786,L,L,L,L,L,L,L,L,L,L
30787,A,A,A,A,A,A,A,A,A,A
30788,A,A,A,A,A,A,A,A,A,A
30789,A,A,A,A,A,A,A,A,A,A
30790,A,A,A,A,A,A,A,A,A,A
30791,A,A,A,A,A,A,A,A,A,A
30792,A,A,A,A,A,A,A,A,A,A
30793,A,A,A,A,A,A,A,A,A,A
30794,A,A,A,A,A,A,A,A,A,A
30795,A,A,A,A,A,A,A,A,A,A
30796,A,A,A,A,A,A,A,A,A,A
30797,A,A,A,A,A,A,A,A,A,A
30798,A,A,A,A,A,A,A,A,A,A
30799,A,A,A,A,A,A,A,A,A,A
30800,A,A,A,A,A,A,A,A,A,A
30801,A,A,A,A,A,A,A,A,A,A
30802,A,A,A,A,A,A,A,A,A,A
30803,A,A,A,A,A,A,A,A,A,A
30804,A,A,A,A,A,A,A,A,A,A
30805,A,A,A,A,A,A,A,A,A,A
30806,A,A,A,A,A,A,A,A,A,A
30807,A,A,A,A,A,A,A,A,A,A
30808,A,A,A,A,A,A,A,A,A,A
30809,A,A,A,A,A,A,A,A,A,A
30810,A,A,A,A,A,A,A,A,A,A
30811,A,A,A,A,A,A,A,A,A,A
30812,A,A,A,A,A,A,A,A,A,A
30813,A,A,A,A,A,A,A,A,A,A
30814,A,A,A,A,A,A,A,A,A,A
30815,A,A,A,A,A,A,A,A,A,A
30816,L,L,L,L,L,L,L,L,L,L
30817,A,A,A,A,A,A,A,A,A,A
30818,A,A,A,A,A,A,A,A,A,A
30819,A,A,A,A,A,A,A,A,A,A
30820,A,A,A,A,A,A,A,A,A,A
30821,A,A,A,A,A,A,A,A,A,A
30822,A,A,A,A,A,A,A,A,A,A
30823,A,A,A,A,A,A,A,A,A,A
30824,A,A,A,A,A,A,A,A,A,A
30825,A,A,A,A,A,A,A,A,A,A
30826,A,A,A,A,A,A,A,A,A,A
30827,A,A,A,A,A,A,A,A,A,A
30828,A,A,A,A,A,A,A,A,A,A
30829,A,A,A,A,A,A,A,A,A,A
30830,A,A,A,A,A,A,A,A,A,A
30831,A,A,A,A,A,A,A,A,A,A
30832,A,A,A,A,A,A,A,A,A,A
30833,A,A,A,A,A,A,A,A,A,A
30834,A,A,A,A,A,A,A,A,A,A
30835,A,A,A,A,A,A,A,A,A,A
30836,A,A,A,A,A,A,A,A,A,A
30837,A,A,A,A,A,A,A,A,A,A
30838,A,A,A,A,A,A,A,A,A,A
30839,A,A,A,A,A,A,A,A,A,A
30840,A,A,A,A,A,A,A,A,A,A
30841,A,A,A,A,A,A,A,A,A,A
30842,A,A,A,A,A,A,A,A,A,A
30843,A,A,A,A,A,A,A,A,A,A
30844,A,A,A,A,A,A,A,A,A,A
30845,A,A,A,A,A,A,A,A,A,A
30846,A,A,A,A,A,A,A,A,A,A
30847,A,A,A,A,A,A,A,A,A,A
30848,A,A,A,A,A,A,A,A,A,A
30849,A,A,A,A,A,A,A,A,A,A
30850,A,A,A,A,A,A,A,A,A,A
30851,A,A,A,A,A,A,A,A,A,A
30852,A,A,A,A,A,A,A,A,A,A
30853,A,A,A,A,A,A,A,A,A,A
30854,A,A,A,A,A,A,A,A,A,A
30855,A,A,A,A,A,A,A,A,A,A
30856,A,A,A,A,A,A,A,A,A,A
30857,A,A,A,A,A,A,A,A,A,A
30858,A,A,A,A,A,A,A,A,A,A
30859,A,A,A,A,A,A,A,A,A,A
30860,A,A,A,A,A,A,A,A,A,A
30861,A,A,A,A,A,A,A,A,A,A
30862,A,A,A,A,A,A,A,A,A,A
30863,A,A,A,A,A,A,A,A,A,A
30864,A,A,A,A,A,A,A,A,A,A
30865,A,A,A,A,A,A,A,A,A,A
30866,A,A,A,A,A,A,A,A,A,A
30867,A,A,A,A,A,A,A,A,A,A
30868,A,A,A,A,A,A,A,A,A,A
30869,A,A,A,A,A,A,A,A,A,A
30870,A,A,A,A,A,A,A,A,A,A
30871,A,A,A,A,A,A,A,A,A,A
30872,A,A,A,A,A,A,A,A,A,A
30873,A,A,A,A,A,A,A,A,A,A
30874,A,A,A,A,A,A,A,A,A,A
30875,A,A,A,A,A,A,A,A,A,A
30876,A,A,A,A,A,A,A,A,A,A
30877,A,A,A,A,A,A,A,A,A,A
30878,A,A,A,A,A,A,A,A,A,A
30879,A,A,A,A,A,A,A,A,A,A
30880,A,A,A,A,A,A,A,A,A,A
30881,A,A,A,A,A,A,A,A,A,A
30882,A,A,A,A,A,A,A,A,A,A
30883,A,A,A,A,A,A,A,A,A,A
30884,A,A,A,A,A,A,A,A,A,A
30885,A,A,A,A,A,A,A,A,A,A
30886,A,A,A,A,A,A,A,A,A,A
30887,A,A,A,A,A,A,A,A,A,A
30888,A,A,A,A,A,A,A,A,A,A
30889,A,A,A,A,A,A,A,A,A,A
30890,A,A,A,A,A,A,A,A,A,A
30891,A,A,A,A,A,A,A,A,A,A
30892,A,A,A,A,A,A,A,A,A,A
30893,A,A,A,A,A,A,A,A,A,A
30894,A,A,A,A,A,A,A,A,A,A
30895,A,A,A,A,A,A,A,A,A,A
30896,A,A,A,A,A,A,A,A,A,A
30897,A,A,A,A,A,A,A,A,A,A
30898,A,A,A,A,A,A,A,A,A,A
30899,A,A,A,A,A,A,A,A,A,A
30900,A,A,A,A,A,A,A,A,A,A
30901,A,A,A,A,A,A,A,A,A,A
30902,A,A,A,A,A,A,A,A,A,A
30903,A,A,A,A,A,A,A,A,A,A
30904,A,A,A,A,A,A,A,A,A,A
30905,A,A,A,A,A,A,A,A,A,A
30906,A,A,A,A,A,A,A,A,A,A
30907,A,A,A,A,A,A,A,A,A,A
30908,A,A,A,A,A,A,A,A,A,A
30909,A,A,A,A,A,A,A,A,A,A
30910,A,A,A,A,A,A,A,A,A,A
30911,A,A,A,A,A,A,A,A,A,A
30912,A,A,A,A,A,A,A,A,A,A
30913,A,A,A,A,A,A,A,A,A,A
30914,A,A,A,A,A,A,A,A,A,A
30915,A,A,A,A,A,A,A,A,A,A
30916,A,A,A,A,A,A,A,A,A,A
30917,A,A,A,A,A,A,A,A,A,A
30918,A,A,A,A,A,A,A,A,A,A
30919,A,A,A,A,A,A,A,A,A,A
30920,A,A,A,A,A,A,A,A,A,A
30921,A,A,A,A,A,A,A,A,A,A
30922,A,A,A,A,A,A,A,A,A,A
30923,A,A,A,A,A,A,A,A,A,A
30924,A,A,A,A,A,A,A,A,A,A
30925,A,A,A,A,A,A,A,A,A,A
30926,A,A,A,A,A,A,A,A,A,A
30927,A,A,A,A,A,A,A,A,A,A
30928,A,A,A,A,A,A,A,A,A,A
30929,A,A,A,A,A,A,A,A,A,A
30930,A,A,A,A,A,A,A,A,A,A
30931,A,A,A,A,A,A,A,A,A,A
30932,A,A,A,A,A,A,A,A,A,A
30933,A,A,A,A,A,A,A,A,A,A
30934,A,A,A,A,A,A,A,A,A,A
30935,A,A,A,A,A,A,A,A,A,A
30936,A,A,A,A,A,A,A,A,A,A
30937,A,A,A,A,A,A,A,A,A,A
30938,A,A,A,A,A,A,A,A,A,A
30939,A,A,A,A,A,A,A,A,A,A
30940,A,A,A,A,A,A,A,A,A,A
30941,A,A,A,A,A,A,A,A,A,A
30942,A,A,A,A,A,A,A,A,A,A
30943,A,A,A,A,A,A,A,A,A,A
30944,A,A,A,A,A,A,A,A,A,A
30945,A,A,A,A,A,A,A,A,A,A
30946,A,A,A,A,A,A,A,A,A,A
30947,A,A,A,A,A,A,A,A,A,A
30948,A,A,A,A,A,A,A,A,A,A
30949,A,A,A,A,A,A,A,A,A,A
30950,A,A,A,A,A,A,A,A,A,A
30951,A,A,A,A,A,A,A,A,A,A
30952,A,A,A,A,A,A,A,A,A,A
30953,A,A,A,A,A,A,A,A,A,A
30954,A,A,A,A,A,A,A,A,A,A
30955,A,A,A,A,A,A,A,A,A,A
30956,A,A,A,A,A,A,A,A,A,A
30957,A,A,A,A,A,A,A,A,A,A
30958,A,A,A,A,A,A,A,A,A,A
30959,A,A,A,A,A,A,A,A,A,A
30960,A,A,A,A,A,A,A,A,A,A
30961,A,A,A,A,A,A,A,A,A,A
30962,A,A,A,A,A,A,A,A,A,A
30963,A,A,A,A,A,A,A,A,A,A
30964,A,A,A,A,A,A,A,A,A,A
30965,A,A,A,A,A,A,A,A,A,A
30966,A,A,A,A,A,A,A,A,A,A
30967,A,A,A,A,A,A,A,A,A,A
30968,A,A,A,A,A,A,A,A,A,A
30969,A,A,A,A,A,A,A,A,A,A
30970,A,A,A,A,A,A,A,A,A,A
30971,A,A,A,A,A,A,A,A,A,A
30972,A,A,A,A,A,A,A,A,A,A
30973,A,A,A,A,A,A,A,A,A,A
30974,A,A,A,A,A,A,A,A,A,A
30975,A,A,A,A,A,A,A,A,A,A
30976,A,A,A,A,A,A,A,A,A,A
30977,A,A,A,A,A,A,A,A,A,A
30978,A,A,A,A,A,A,A,A,A,A
30979,A,A,A,A,A,A,A,A,A,A
30980,A,A,A,A,A,A,A,A,A,A
30981,A,A,A,A,A,A,A,A,A,A
30982,A,A,A,A,A,A,A,A,A,A
30983,A,A,A,A,A,A,A,A,A,A
30984,A,A,A,A,A,A,A,A,A,A
30985,A,A,A,A,A,A,A,A,A,A
30986,A,A,A,A,A,A,A,A,A,A
30987,A,A,A,A,A,A,A,A,A,A
30988,A,A,A,A,A,A,A,A,A,A
30989,A,A,A,A,A,A,A,A,A,A
30990,A,A,A,A,A,A,A,A,A,A
30991,A,A,A,A,A,A,A,A,A,A
30992,A,A,A,A,A,A,A,A,A,A
30993,A,A,A,A,A,A,A,A,A,A
30994,A,A,A,A,A,A,A,A,A,A
30995,A,A,A,A,A,A,A,A,A,A
30996,A,A,A,A,A,A,A,A,A,A
30997,A,A,A,A,A,A,A,A,A,A
30998,A,A,A,A,A,A,A,A,A,A
30999,A,A,A,A,A,A,A,A,A,A
31000,A,A,A,A,A,A,A,A,A,A
31001,A,A,A,A,A,A,A,A,A,A
31002,A,A,A,A,A,A,A,A,A,A
31003,A,A,A,A,A,A,A,A,A,A
31004,A,A,A,A,A,A,A,A,A,A
31005,A,A,A,A,A,A,A,A,A,A
31006,A,A,A,A,A,A,A,A,A,A
31007,A,A,A,A,A,A,A,A,A,A
31008,A,A,A,A,A,A,A,A,A,A
31009,A,A,A,A,A,A,A,A,A,A
31010,A,A,A,A,A,A,A,A,A,A
31011,A,A,A,A,A,A,A,A,A,A
31012,A,A,A,A,A,A,A,A,A,A
31013,A,A,A,A,A,A,A,A,A,A
31014,A,A,A,A,A,A,A,A,A,A
31015,A,A,A,A,A,A,A,A,A,A
31016,A,A,A,A,A,A,A,A,A,A
31017,A,A,A,A,A,A,A,A,A,A
31018,A,A,A,A,A,A,A,A,A,A
31019,A,A,A,A,A,A,A,A,A,A
31020,A,A,A,A,A,A,A,A,A,A
31021,A,A,A,A,A,A,A,A,A,A
31022,A,A,A,A,A,A,A,A,A,A
31023,A,A,A,A,A,A,A,A,A,A
31024,A,A,A,A,A,A,A,A,A,A
31025,A,A,A,A,A,A,A,A,A,A
31026,A,A,A,A,A,A,A,A,A,A
31027,A,A,A,A,A,A,A,A,A,A
31028,A,A,A,A,A,A,A,A,A,A
31029,A,A,A,A,A,A,A,A,A,A
31030,A,A,A,A,A,A,A,A,A,A
31031,A,A,A,A,A,A,A,A,A,A
31032,A,A,A,A,A,A,A,A,A,A
31033,A,A,A,A,A,A,A,A,A,A
31034,A,A,A,A,A,A,A,A,A,A
31035,A,A,A,A,A,A,A,A,A,A
31036,A,A,A,A,A,A,A,A,A,A
31037,A,A,A,A,A,A,A,A,A,A
31038,A,A,A,A,A,A,A,A,A,A
31039,A,A,A,A,A,A,A,A,A,A
31040,A,A,A,A,A,A,A,A,A,A
31041,A,A,A,A,A,A,A,A,A,A
31042,A,A,A,A,A,A,A,A,A,A
31043,A,A,A,A,A,A,A,A,A,A
31044,A,A,A,A,A,A,A,A,A,A
31045,A,A,A,A,A,A,A,A,A,A
31046,A,A,A,A,A,A,A,A,A,A
31047,A,A,A,A,A,A,A,A,A,A
31048,A,A,A,A,A,A,A,A,A,A
31049,A,A,A,A,A,A,A,A,A,A
31050,A,A,A,A,A,A,A,A,A,A
31051,A,A,A,A,A,A,A,A,A,A
31052,A,A,A,A,A,A,A,A,A,A
31053,A,A,A,A,A,A,A,A,A,A
31054,A,A,A,A,A,A,A,A,A,A
31055,A,A,A,A,A,A,A,A,A,A
31056,A,A,A,A,A,A,A,A,A,A
31057,A,A,A,A,A,A,A,A,A,A
31058,A,A,A,A,A,A,A,A,A,A
31059,A,A,A,A,A,A,A,A,A,A
31060,A,A,A,A,A,A,A,A,A,A
31061,A,A,A,A,A,A,A,A,A,A
31062,A,A,A,A,A,A,A,A,A,A
31063,A,A,A,A,A,A,A,A,A,A
31064,A,A,A,A,A,A,A,A,A,A
31065,A,A,A,A,A,A,A,A,A,A
31066,A,A,A,A,A,A,A,A,A,A
31067,A,A,A,A,A,A,A,A,A,A
31068,A,A,A,A,A,A,A,A,A,A
31069,A,A,A,A,A,A,A,A,A,A
31070,A,A,A,A,A,A,A,A,A,A
31071,A,A,A,A,A,A,A,A,A,A
31072,A,A,A,A,A,A,A,A,A,A
31073,A,A,A,A,A,A,A,A,A,A
31074,L,L,L,L,L,L,L,L,L,L
31075,A,A,A,A,A,A,A,A,A,A
31076,E,E,E,E,E,E,E,E,E,E
31077,E,E,E,E,E,E,E,E,E,E
31078,A,A,A,A,A,A,A,A,A,A
31081,A,A,A,A,A,A,A,A,A,A
31083,A,A,A,A,A,A,A,A,A,A
31084,A,A,A,A,A,A,A,A,A,A
31085,A,A,A,A,A,A,A,A,A,A
31086,A,A,A,A,A,A,A,A,A,A
31087,A,A,A,A,A,A,A,A,A,A
31088,A,A,A,A,A,A,A,A,A,A
31089,A,A,A,A,A,A,A,A,A,A
31090,A,A,A,A,A,A,A,A,A,A
31091,A,A,A,A,A,A,A,A,A,A
31092,A,A,A,A,A,A,A,A,A,A
31093,A,A,A,A,A,A,A,A,A,A
31094,A,A,A,A,A,A,A,A,A,A
31095,A,A,A,A,A,A,A,A,A,A
31096,A,A,A,A,A,A,A,A,A,A
31097,A,A,A,A,A,A,A,A,A,A
31098,A,A,A,A,A,A,A,A,A,A
31099,A,A,A,A,A,A,A,A,A,A
31100,A,A,A,A,A,A,A,A,A,A
31101,A,A,A,A,A,A,A,A,A,A
31102,A,A,A,A,A,A,A,A,A,A
31103,A,A,A,A,A,A,A,A,A,A
31104,A,A,A,A,A,A,A,A,A,A
31105,A,A,A,A,A,A,A,A,A,A
31106,A,A,A,A,A,A,A,A,A,A
31107,A,A,A,A,A,A,A,A,A,A
31108,A,A,A,A,A,A,A,A,A,A
31109,A,A,A,A,A,A,A,A,A,A
31110,A,A,A,A,A,A,A,A,A,A
31111,A,A,A,A,A,A,A,A,A,A
31112,A,A,A,A,A,A,A,A,A,A
31113,A,A,A,A,A,A,A,A,A,A
31114,A,A,A,A,A,A,A,A,A,A
31115,A,A,A,A,A,A,A,A,A,A
31116,A,A,A,A,A,A,A,A,A,A
31117,A,A,A,A,A,A,A,A,A,A
31118,A,A,A,A,A,A,A,A,A,A
31119,A,A,A,A,A,A,A,A,A,A
31120,A,A,A,A,A,A,A,A,A,A
31121,A,A,A,A,A,A,A,A,A,A
31122,A,A,A,A,A,A,A,A,A,A
31123,A,A,A,A,A,A,A,A,A,A
31124,A,A,A,A,A,A,A,A,A,A
31125,A,A,A,A,A,A,A,A,A,A
31126,A,A,A,A,A,A,A,A,A,A
31127,I,I,I,I,I,I,I,I,I,I
31128,I,I,I,O,O,O,O,O,O,O
31129,P,P,P,P,P,P,P,P,P,P
31130,P,P,P,P,P,P,P,P,P,P
31131,P,P,P,P,P,P,P,P,P,P
31132,P,P,P,P,P,P,P,P,P,P
31133,P,P,P,P,P,P,P,P,P,P
31134,P,P,P,P,P,P,P,P,P,P
31135,P,P,P,P,P,P,P,P,P,P
31136,P,P,P,P,P,P,P,P,P,P
31137,P,P,P,P,P,P,P,P,P,P
31138,P,P,P,P,P,P,P,P,P,P
31139,P,P,P,P,P,P,P,P,P,P
31140,P,P,P,P,P,P,P,P,P,P
31141,P,P,P,P,P,P,P,P,P,P
31142,P,P,P,P,P,P,P,P,P,P
31143,P,P,P,P,P,P,P,P,P,P
31144,P,P,P,P,P,P,P,P,P,P
31145,P,P,P,P,P,P,P,P,P,P
31146,P,P,P,P,P,P,P,P,P,P
31147,P,P,P,P,P,P,P,P,P,P
31148,P,P,P,P,P,P,P,P,P,P
31149,P,P,P,P,P,P,P,P,P,P
31150,P,P,P,P,P,P,P,P,P,P
31151,P,P,P,P,P,P,P,P,P,P
31152,P,P,P,P,P,P,P,P,P,P
31153,P,P,P,P,P,P,P,P,P,P
31154,P,P,P,P,P,P,P,P,P,P
31155,P,P,P,P,P,P,P,P,P,P
31156,P,P,P,P,P,P,P,P,P,P
31157,P,P,P,P,P,P,P,P,P,P
31158,P,P,P,P,P,P,P,P,P,P
31159,P,P,P,P,P,P,P,P,P,P
31160,P,P,P,P,P,P,P,P,P,P
31161,P,P,P,P,P,P,P,P,P,P
31162,P,P,P,P,P,P,P,P,P,P
31163,P,P,P,P,P,P,P,P,P,P
31164,P,P,P,P,P,P,P,P,P,P
31165,P,P,P,P,P,P,P,P,P,P
31166,P,P,P,P,P,P,P,P,P,P
31167,P,P,P,P,P,P,P,P,P,P
31168,P,P,P,P,P,P,P,P,P,P
31169,A,A,A,A,A,A,A,A,A,A
31170,A,A,A,A,A,A,A,A,A,A
31171,L,L,L,L,L,L,L,L,L,L
31172,P,P,P,P,P,P,P,P,P,P
31173,P,P,P,P,P,P,P,P,P,P
31174,P,P,P,P,P,P,P,P,P,P
31175,P,P,P,P,P,P,P,P,P,P
31176,P,P,P,P,P,P,P,P,P,P
31177,P,P,P,P,P,P,P,P,P,P
31178,P,P,P,P,P,P,P,P,P,P
31179,P,P,P,P,P,P,P,P,P,P
31180,P,P,P,P,P,P,P,P,P,P
31181,P,P,P,P,P,P,P,P,P,P
31182,P,P,P,P,P,P,P,P,P,P
31183,P,P,P,P,P,P,P,P,P,P
31184,P,P,P,P,P,P,P,P,P,P
31185,P,P,P,P,P,P,P,P,P,P
31186,P,P,P,P,P,P,P,P,P,P
31187,P,P,P,P,P,P,P,P,P,P
31188,P,P,P,P,P,P,P,P,P,P
31189,P,P,P,P,P,P,P,P,P,P
31190,P,P,P,P,P,P,P,P,P,P
31191,P,P,P,P,P,P,P,P,P,P
31192,P,P,P,P,P,P,P,P,P,P
31193,P,P,P,P,P,P,P,P,P,P
31194,P,P,P,P,P,P,P,P,P,P
31195,P,P,P,P,P,P,P,P,P,P
31196,P,P,P,P,P,P,P,P,P,P
31197,P,P,P,P,P,P,P,P,P,P
31198,P,P,P,P,P,P,P,P,P,P
31199,P,P,P,P,P,P,P,P,P,P
31200,P,P,P,P,P,P,P,P,P,P
31201,P,P,P,P,P,P,P,P,P,P
31202,P,P,P,P,P,P,P,P,P,P
31203,P,P,P,P,P,P,P,P,P,P
31204,P,P,P,P,P,P,P,P,P,P
31205,P,P,P,P,P,P,P,P,P,P
31206,P,P,P,P,P,P,P,P,P,P
31207,P,P,P,P,P,P,P,P,P,P
31208,P,P,P,P,P,P,P,P,P,P
31209,P,P,P,P,P,P,P,P,P,P
31210,P,P,P,P,P,P,P,P,P,P
31211,P,P,P,P,P,P,P,P,P,P
31212,P,P,P,P,P,P,P,P,P,P
31213,P,P,P,P,P,P,P,P,P,P
31214,P,P,P,P,P,P,P,P,P,P
31215,P,P,P,P,P,P,P,P,P,P
31216,P,P,P,P,P,P,P,P,P,P
31217,P,P,P,P,P,P,P,P,P,P
31218,P,P,P,P,P,P,P,P,P,P
31219,P,P,P,P,P,P,P,P,P,P
31220,P,P,P,P,P,P,P,P,P,P
31221,P,P,P,P,P,P,P,P,P,P
31222,P,P,P,P,P,P,P,P,P,P
31223,P,P,P,P,P,P,P,P,P,P
31224,P,P,P,P,P,P,P,P,P,P
31225,P,P,P,P,P,P,P,P,P,P
31226,P,P,P,P,P,P,P,P,P,P
31227,P,P,P,P,P,P,P,P,P,P
31228,P,P,P,P,P,P,P,P,P,P
31229,P,P,P,P,P,P,P,P,P,P
31230,P,P,P,P,P,P,P,P,P,P
31231,P,P,P,P,P,P,P,P,P,P
31232,P,P,P,P,P,P,P,P,P,P
31233,P,P,P,P,P,P,P,P,P,P
31234,P,P,P,P,P,P,P,P,P,P
31235,P,P,P,P,P,P,P,P,P,P
31236,P,P,P,P,P,P,P,P,P,P
31237,P,P,P,P,P,P,P,P,P,P
31238,P,P,P,P,P,P,P,P,P,P
31239,P,P,P,P,P,P,P,P,P,P
31240,P,P,P,P,P,P,P,P,P,P
31241,P,P,P,P,P,P,P,P,P,P
31242,P,P,P,P,P,P,P,P,P,P
31243,P,P,P,P,P,P,P,P,P,P
31244,P,P,P,P,P,P,P,P,P,P
31245,P,P,P,P,P,P,P,P,P,P
31246,P,P,P,P,P,P,P,P,P,P
31247,P,P,P,P,P,P,P,P,P,P
31248,P,P,P,P,P,P,P,P,P,P
31249,P,P,P,P,P,P,P,P,P,P
31250,P,P,P,P,P,P,P,P,P,P
31251,P,P,P,P,P,P,P,P,P,P
31252,P,P,P,P,P,P,P,P,P,P
31253,P,P,P,P,P,P,P,P,P,P
31254,P,P,P,P,P,P,P,P,P,P
31255,P,P,P,P,P,P,P,P,P,P
31256,P,P,P,P,P,P,P,P,P,P
31257,P,P,P,P,P,P,P,P,P,P
31258,P,P,P,P,P,P,P,P,P,P
31259,P,P,P,P,P,P,P,P,P,P
31260,P,P,P,P,P,P,P,P,P,P
31261,P,P,P,P,P,P,P,P,P,P
31262,P,P,P,P,P,P,P,P,P,P
31263,P,P,P,P,P,P,P,P,P,P
31264,P,P,P,P,P,P,P,P,P,P
31265,P,P,P,P,P,P,P,P,P,P
31354,H,H,H,H,H,H,H,H,H,H
31355,H,H,H,H,H,H,H,H,H,H
31356,H,H,H,H,H,H,H,H,H,H
31357,H,H,H,H,H,H,H,H,H,H
31361,A,A,A,A,A,A,A,A,A,A
31362,A,A,A,A,A,A,A,A,A,A
31363,A,A,A,A,A,A,A,A,A,A
31364,A,A,A,A,A,A,A,A,A,A
31365,A,A,A,A,A,A,A,A,A,A
31366,A,A,A,A,A,A,A,A,A,A
31367,A,A,A,A,A,A,A,A,A,A
31368,A,A,A,A,A,A,A,A,A,A
31369,A,A,A,A,A,A,A,A,A,A
31370,A,A,A,A,A,A,A,A,A,A
31371,A,A,A,A,A,A,A,A,A,A
31372,A,A,A,A,A,A,A,A,A,A
31373,A,A,A,A,A,A,A,A,A,A
31374,A,A,A,A,A,A,A,A,A,A
31375,A,A,A,A,A,A,A,A,A,A
31376,A,A,A,A,A,A,A,A,A,A
31377,A,A,A,A,A,A,A,A,A,A
31378,A,A,A,A,A,A,A,A,A,A
31379,A,A,A,A,A,A,A,A,A,A
31380,A,A,A,A,A,A,A,A,A,A
31381,A,A,A,A,A,A,A,A,A,A
31382,A,A,A,A,A,A,A,A,A,A
31383,A,A,A,A,A,A,A,A,A,A
31384,A,A,A,A,A,A,A,A,A,A
31385,A,A,A,A,A,A,A,A,A,A
31386,A,A,A,A,A,A,A,A,A,A
31387,A,A,A,A,A,A,A,A,A,A
31388,A,A,A,A,A,A,A,A,A,A
31389,A,A,A,A,A,A,A,A,A,A
31390,A,A,A,A,A,A,A,A,A,A
31391,A,A,A,A,A,A,A,A,A,A
31392,A,A,A,A,A,A,A,A,A,A
31393,A,A,A,A,A,A,A,A,A,A
31394,A,A,A,A,A,A,A,A,A,A
31395,A,A,A,A,A,A,A,A,A,A
31396,A,A,A,A,A,A,A,A,A,A
31397,A,A,A,A,A,A,A,A,A,A
31398,A,A,A,A,A,A,A,A,A,A
31399,A,A,A,A,A,A,A,A,A,A
31400,A,A,A,A,A,A,A,A,A,A
31401,A,A,A,A,A,A,A,A,A,A
31402,A,A,A,A,A,A,A,A,A,A
31403,A,A,A,A,A,A,A,A,A,A
31404,A,A,A,A,A,A,A,A,A,A
31405,A,A,A,A,A,A,A,A,A,A
31406,A,A,A,A,A,A,A,A,A,A
31407,A,A,A,A,A,A,A,A,A,A
31408,A,A,A,A,A,A,A,A,A,A
31409,A,A,A,A,A,A,A,A,A,A
31410,A,A,A,A,A,A,A,A,A,A
31411,A,A,A,A,A,A,A,A,A,A
31412,A,A,A,A,A,A,A,A,A,A
31413,A,A,A,A,A,A,A,A,A,A
31414,A,A,A,A,A,A,A,A,A,A
31415,A,A,A,A,A,A,A,A,A,A
31416,A,A,A,A,A,A,A,A,A,A
31417,A,A,A,A,A,A,A,A,A,A
31418,A,A,A,A,A,A,A,A,A,A
31419,A,A,A,A,A,A,A,A,A,A
31420,A,A,A,A,A,A,A,A,A,A
31421,A,A,A,A,A,A,A,A,A,A
31422,A,A,A,A,A,A,A,A,A,A
31423,A,A,A,A,A,A,A,A,A,A
31424,A,A,A,A,A,A,A,A,A,A
31425,A,A,A,A,A,A,A,A,A,A
31426,A,A,A,A,A,A,A,A,A,A
31427,A,A,A,A,A,A,A,A,A,A
31428,A,A,A,A,A,A,A,A,A,A
31429,A,A,A,A,A,A,A,A,A,A
31430,A,A,A,A,A,A,A,A,A,A
31431,A,A,A,A,A,A,A,A,A,A
31432,A,A,A,A,A,A,A,A,A,A
31433,A,A,A,A,A,A,A,A,A,A
31434,A,A,A,A,A,A,A,A,A,A
31435,A,A,A,A,A,A,A,A,A,A
31436,A,A,A,A,A,A,A,A,A,A
31437,A,A,A,A,A,A,A,A,A,A
31438,A,A,A,A,A,A,A,A,A,A
31439,A,A,A,A,A,A,A,A,A,A
31440,A,A,A,A,A,A,A,A,A,A
31441,A,A,A,A,A,A,A,A,A,A
31442,A,A,A,A,A,A,A,A,A,A
31443,A,A,A,A,A,A,A,A,A,A
31444,A,A,A,A,A,A,A,A,A,A
31445,A,A,A,A,A,A,A,A,A,A
31446,A,A,A,A,A,A,A,A,A,A
31447,A,A,A,A,A,A,A,A,A,A
31448,A,A,A,A,A,A,A,A,A,A
31449,A,A,A,A,A,A,A,A,A,A
31450,A,A,A,A,A,A,A,A,A,A
31451,A,A,A,A,A,A,A,A,A,A
31452,A,A,A,A,A,A,A,A,A,A
31453,A,A,A,A,A,A,A,A,A,A
31454,A,A,A,A,A,A,A,A,A,A
31455,A,A,A,A,A,A,A,A,A,A
31456,A,A,A,A,A,A,A,A,A,A
31457,A,A,A,A,A,A,A,A,A,A
31458,A,A,A,A,A,A,A,A,A,A
31459,A,A,A,A,A,A,A,A,A,A
31460,A,A,A,A,A,A,A,A,A,A
31461,A,A,A,A,A,A,A,A,A,A
31462,A,A,A,A,A,A,A,A,A,A
31463,A,A,A,A,A,A,A,A,A,A
31464,A,A,A,A,A,A,A,A,A,A
31465,A,A,A,A,A,A,A,A,A,A
31466,A,A,A,A,A,A,A,A,A,A
31467,A,A,A,A,A,A,A,A,A,A
31468,A,A,A,A,A,A,A,A,A,A
31469,A,A,A,A,A,A,A,A,A,A
31470,A,A,A,A,A,A,A,A,A,A
31471,A,A,A,A,A,A,A,A,A,A
31472,A,A,A,A,A,A,A,A,A,A
31473,A,A,A,A,A,A,A,A,A,A
31474,A,A,A,A,A,A,A,A,A,A
31475,A,A,A,A,A,A,A,A,A,A
31477,A,A,A,A,A,A,A,A,A,A
31478,I,I,I,I,I,I,I,I,I,I
31480,A,A,A,A,A,A,A,A,A,A
31481,A,A,A,A,A,A,A,A,A,A
31482,A,A,A,A,A,A,A,A,A,A
31483,A,A,A,A,A,A,A,A,A,A
31484,A,A,A,A,A,A,A,A,A,A
31485,A,A,A,A,A,A,A,A,A,A
31486,A,A,A,A,A,A,A,A,A,A
31487,A,A,A,A,A,A,A,A,A,A
31488,A,A,A,A,A,A,A,A,A,A
31489,A,A,A,A,A,A,A,A,A,A
31490,A,A,A,A,A,A,A,A,A,A
31491,A,A,A,A,A,A,A,A,A,A
31492,A,A,A,A,A,A,A,A,A,A
31493,A,A,A,A,A,A,A,A,A,A
31494,A,A,A,A,A,A,A,A,A,A
31495,A,A,A,A,A,A,A,A,A,A
31496,A,A,A,A,A,A,A,A,A,A
31497,A,A,A,A,A,A,A,A,A,A
31498,A,A,A,A,A,A,A,A,A,A
31499,A,A,A,A,A,A,A,A,A,A
31500,A,A,A,A,A,A,A,A,A,A
31501,A,A,A,A,A,A,A,A,A,A
31502,A,A,A,A,A,A,A,A,A,A
31503,A,A,A,A,A,A,A,A,A,A
31504,A,A,A,A,A,A,A,A,A,A
31505,A,A,A,A,A,A,A,A,A,A
31506,A,A,A,A,A,A,A,A,A,A
31507,A,A,A,A,A,A,A,A,A,A
31508,A,A,A,A,A,A,A,A,A,A
31509,A,A,A,A,A,A,A,A,A,A
31510,A,A,A,A,A,A,A,A,A,A
31511,A,A,A,A,A,A,A,A,A,A
31512,A,A,A,A,A,A,A,A,A,A
31513,A,A,A,A,A,A,A,A,A,A
31514,A,A,A,A,A,A,A,A,A,A
31515,A,A,A,A,A,A,A,A,A,A
31516,A,A,A,A,A,A,A,A,A,A
31517,L,L,L,L,L,L,L,L,L,L
31518,A,A,A,A,A,A,A,A,A,A
31519,A,A,A,A,A,A,A,A,A,A
31520,A,A,A,A,A,A,A,A,A,A
31521,A,A,A,A,A,A,A,A,A,A
31522,A,A,A,A,A,A,A,A,A,A
31523,A,A,A,A,A,A,A,A,A,A
31524,A,A,A,A,A,A,A,A,A,A
31525,A,A,A,A,A,A,A,A,A,A
31526,A,A,A,A,A,A,A,A,A,A
31527,A,A,A,A,A,A,A,A,A,A
31528,A,A,A,A,A,A,A,A,A,A
31529,A,A,A,A,A,A,A,A,A,A
31530,A,A,A,A,A,A,A,A,A,A
31531,A,A,A,A,A,A,A,A,A,A
31532,A,A,A,A,A,A,A,A,A,A
31533,A,A,A,A,A,A,A,A,A,A
31534,A,A,A,A,A,A,A,A,A,A
31535,A,A,A,A,A,A,A,A,A,A
31536,A,A,A,A,A,A,A,A,A,A
31537,A,A,A,A,A,A,A,A,A,A
31538,H,H,H,H,H,H,H,H,H,H
31539,L,L,L,L,L,L,L,L,L,L
31540,A,A,A,A,A,A,A,A,A,A
31541,A,A,A,A,A,A,A,A,A,A
31542,A,A,A,A,A,A,A,A,A,A
31543,A,A,A,A,A,A,A,A,A,A
31544,A,A,A,A,A,A,A,A,A,A
31545,A,A,A,A,A,A,A,A,A,A
31546,A,A,A,A,A,A,A,A,A,A
31547,A,A,A,A,A,A,A,A,A,A
31548,A,A,A,A,A,A,A,A,A,A
31549,A,A,A,A,A,A,A,A,A,A
31550,A,A,A,A,A,A,A,A,A,A
31551,A,A,A,A,A,A,A,A,A,A
31552,A,A,A,A,A,A,A,A,A,A
31553,A,A,A,A,A,A,A,A,A,A
31554,A,A,A,A,A,A,A,A,A,A
31555,A,A,A,A,A,A,A,A,A,A
31556,A,A,A,A,A,A,A,A,A,A
31557,A,A,A,A,A,A,A,A,A,A
31558,A,A,A,A,A,A,A,A,A,A
31559,A,A,A,A,A,A,A,A,A,A
31560,A,A,A,A,A,A,A,A,A,A
31561,A,A,A,A,A,A,A,A,A,A
31562,A,A,A,A,A,A,A,A,A,A
31563,A,A,A,A,A,A,A,A,A,A
31564,A,A,A,A,A,A,A,A,A,A
31565,A,A,A,A,A,A,A,A,A,A
31566,A,A,A,A,A,A,A,A,A,A
31567,A,A,A,A,A,A,A,A,A,A
31568,A,A,A,A,A,A,A,A,A,A
31569,A,A,A,A,A,A,A,A,A,A
31570,A,A,A,A,A,A,A,A,A,A
31571,A,A,A,A,A,A,A,A,A,A
31572,A,A,A,A,A,A,A,A,A,A
31573,A,A,A,A,A,A,A,A,A,A
31574,A,A,A,A,A,A,A,A,A,A
31575,A,A,A,A,A,A,A,A,A,A
31576,A,A,A,A,A,A,A,A,A,A
31577,A,A,A,A,A,A,A,A,A,A
31578,A,A,A,A,A,A,A,A,A,A
31579,A,A,A,A,A,A,A,A,A,A
31580,A,A,A,A,A,A,A,A,A,A
31581,A,A,A,A,A,A,A,A,A,A
31582,A,A,A,A,A,A,A,A,A,A
31583,A,A,A,A,A,A,A,A,A,A
31584,A,A,A,A,A,A,A,A,A,A
31585,A,A,A,A,A,A,A,A,A,A
31586,A,A,A,A,A,A,A,A,A,A
31587,A,A,A,A,A,A,A,A,A,A
31588,A,A,A,A,A,A,A,A,A,A
31589,A,A,A,A,A,A,A,A,A,A
31590,A,A,A,A,A,A,A,A,A,A
31591,A,A,A,A,A,A,A,A,A,A
31592,A,A,A,A,A,A,A,A,A,A
31593,A,A,A,A,A,A,A,A,A,A
31594,A,A,A,A,A,A,A,A,A,A
31595,A,A,A,A,A,A,A,A,A,A
31596,A,A,A,A,A,A,A,A,A,A
31597,A,A,A,A,A,A,A,A,A,A
31598,A,A,A,A,A,A,A,A,A,A
31599,A,A,A,A,A,A,A,A,A,A
31600,A,A,A,A,A,A,A,A,A,A
31601,A,A,A,A,A,A,A,A,A,A
31602,A,A,A,A,A,A,A,A,A,A
31603,A,A,A,A,A,A,A,A,A,A
31604,A,A,A,A,A,A,A,A,A,A
31605,A,A,A,A,A,A,A,A,A,A
31606,A,A,A,A,A,A,A,A,A,A
31607,A,A,A,A,A,A,A,A,A,A
31608,A,A,A,A,A,A,A,A,A,A
31609,A,A,A,A,A,A,A,A,A,A
31610,A,A,A,A,A,A,A,A,A,A
31611,A,A,A,A,A,A,A,A,A,A
31612,A,A,A,A,A,A,A,A,A,A
31613,A,A,A,A,A,A,A,A,A,A
31614,A,A,A,A,A,A,A,A,A,A
31615,A,A,A,A,A,A,A,A,A,A
31616,A,A,A,A,A,A,A,A,A,A
31617,A,A,A,A,A,A,A,A,A,A
31618,A,A,A,A,A,A,A,A,A,A
31619,A,A,A,A,A,A,A,A,A,A
31620,A,A,A,A,A,A,A,A,A,A
31621,A,A,A,A,A,A,A,A,A,A
31622,A,A,A,A,A,A,A,A,A,A
31623,A,A,A,A,A,A,A,A,A,A
31624,A,A,A,A,A,A,A,A,A,A
31625,A,A,A,A,A,A,A,A,A,A
31626,A,A,A,A,A,A,A,A,A,A
31627,A,A,A,A,A,A,A,A,A,A
31628,A,A,A,A,A,A,A,A,A,A
31629,A,A,A,A,A,A,A,A,A,A
31630,A,A,A,A,A,A,A,A,A,A
31631,A,A,A,A,A,A,A,A,A,A
31632,A,A,A,A,A,A,A,A,A,A
31633,A,A,A,A,A,A,A,A,A,A
31634,A,A,A,A,A,A,A,A,A,A
31635,A,A,A,A,A,A,A,A,A,A
31636,A,A,A,A,A,A,A,A,A,A
31637,A,A,A,A,A,A,A,A,A,A
31638,A,A,A,A,A,A,A,A,A,A
31639,A,A,A,A,A,A,A,A,A,A
31640,A,A,A,A,A,A,A,A,A,A
31641,A,A,A,A,A,A,A,A,A,A
31642,A,A,A,A,A,A,A,A,A,A
31643,A,A,A,A,A,A,A,A,A,A
31644,A,A,A,A,A,A,A,A,A,A
31645,A,A,A,A,A,A,A,A,A,A
31646,A,A,A,A,A,A,A,A,A,A
31647,A,A,A,A,A,A,A,A,A,A
31648,A,A,A,A,A,A,A,A,A,A
31649,A,A,A,A,A,A,A,A,A,A
31650,A,A,A,A,A,A,A,A,A,A
31651,A,A,A,A,A,A,A,A,A,A
31652,A,A,A,A,A,A,A,A,A,A
31653,A,A,A,A,A,A,A,A,A,A
31654,A,A,A,A,A,A,A,A,A,A
31655,A,A,A,A,A,A,A,A,A,A
31656,A,A,A,A,A,A,A,A,A,A
31657,A,A,A,A,A,A,A,A,A,A
31658,A,A,A,A,A,A,A,A,A,A
31659,A,A,A,A,A,A,A,A,A,A
31660,A,A,A,A,A,A,A,A,A,A
31661,A,A,A,A,A,A,A,A,A,A
31662,A,A,A,A,A,A,A,A,A,A
31663,A,A,A,A,A,A,A,A,A,A
31664,A,A,A,A,A,A,A,A,A,A
31665,L,L,L,L,L,L,L,L,L,L
31667,A,A,A,A,A,A,A,A,A,A
31668,A,A,A,A,A,A,A,A,A,A
31669,A,A,A,A,A,A,A,A,A,A
31670,A,A,A,A,A,A,A,A,A,A
31671,I,I,I,O,O,O,O,O,O,O
31672,A,A,A,A,A,A,A,A,A,A
31673,A,A,A,A,A,A,A,A,A,A
31674,A,A,A,A,A,A,A,A,A,A
31675,A,A,A,A,A,A,A,A,A,A
31676,A,A,A,A,A,A,A,A,A,A
31677,A,A,A,A,A,A,A,A,A,A
31678,A,A,A,A,A,A,A,A,A,A
31679,A,A,A,A,A,A,A,A,A,A
31680,A,A,A,A,A,A,A,A,A,A
31681,A,A,A,A,A,A,A,A,A,A
31682,A,A,A,A,A,A,A,A,A,A
31683,A,A,A,A,A,A,A,A,A,A
31684,A,A,A,A,A,A,A,A,A,A
31685,A,A,A,A,A,A,A,A,A,A
31686,A,A,A,A,A,A,A,A,A,A
31687,A,A,A,A,A,A,A,A,A,A
31688,A,A,A,A,A,A,A,A,A,A
31689,A,A,A,A,A,A,A,A,A,A
31690,A,A,A,A,A,A,A,A,A,A
31691,A,A,A,A,A,A,A,A,A,A
31692,A,A,A,A,A,A,A,A,A,A
31693,A,A,A,A,A,A,A,A,A,A
31694,A,A,A,A,A,A,A,A,A,A
31695,A,A,A,A,A,A,A,A,A,A
31696,E,E,E,E,E,E,E,E,E,E
31697,A,A,A,A,A,A,A,A,A,A
31698,E,E,E,E,E,E,E,E,E,E
31699,A,A,A,A,A,A,A,A,A,A
31700,A,A,A,A,A,A,A,A,A,A
31701,A,A,A,A,A,A,A,A,A,A
31702,A,A,A,A,A,A,A,A,A,A
31703,A,A,A,A,A,A,A,A,A,A
31704,A,A,A,A,A,A,A,A,A,A
31705,A,A,A,A,A,A,A,A,A,A
31706,A,A,A,A,A,A,A,A,A,A
31707,A,A,A,A,A,A,A,A,A,A
31708,A,A,A,A,A,A,A,A,A,A
31709,A,A,A,A,A,A,A,A,A,A
31710,A,A,A,A,A,A,A,A,A,A
31711,A,A,A,A,A,A,A,A,A,A
31712,A,A,A,A,A,A,A,A,A,A
31713,A,A,A,A,A,A,A,A,A,A
31715,A,A,A,A,A,A,A,A,A,A
31716,A,A,A,A,A,A,A,A,A,A
31717,A,A,A,A,A,A,A,A,A,A
31718,A,A,A,A,A,A,A,A,A,A
31719,A,A,A,A,A,A,A,A,A,A
31720,A,A,A,A,A,A,A,A,A,A
31721,A,A,A,A,A,A,A,A,A,A
31722,A,A,A,A,A,A,A,A,A,A
31723,A,A,A,A,A,A,A,A,A,A
31725,A,A,A,A,A,A,A,A,A,A
31727,A,A,A,A,A,A,A,A,A,A
31729,A,A,A,A,A,A,A,A,A,A
31731,A,A,A,A,A,A,A,A,A,A
31733,A,A,A,A,A,A,A,A,A,A
31752,A,A,A,A,A,A,A,A,A,A
31810,L,H,L,L,L,L,L,L,L,L
31811,L,L,L,L,L,L,L,L,L,L
31812,A,A,A,A,A,A,A,A,A,A
31813,A,A,A,A,A,A,A,A,A,A
31814,A,A,A,A,A,A,A,A,A,A
31815,A,A,A,A,A,A,A,A,A,A
31816,A,A,A,A,A,A,A,A,A,A
31817,A,A,A,A,A,A,A,A,A,A
31819,A,A,A,A,A,A,A,A,A,A
31820,A,A,A,A,A,A,A,A,A,A
31821,A,A,A,A,A,A,A,A,A,A
31822,A,A,A,A,A,A,A,A,A,A
31823,A,A,A,A,A,A,A,A,A,A
31824,A,A,A,A,A,A,A,A,A,A
31825,A,A,A,A,A,A,A,A,A,A
31826,A,A,A,A,A,A,A,A,A,A
31827,A,A,A,A,A,A,A,A,A,A
31828,A,A,A,A,A,A,A,A,A,A
31829,A,A,A,A,A,A,A,A,A,A
31830,A,A,A,A,A,A,A,A,A,A
31831,A,A,A,A,A,A,A,A,A,A
31832,A,A,A,A,A,A,A,A,A,A
31833,A,A,A,A,A,A,A,A,A,A
31834,A,A,A,A,A,A,A,A,A,A
31835,A,A,A,A,A,A,A,A,A,A
31836,A,A,A,A,A,A,A,A,A,A
31837,A,A,A,A,A,A,A,A,A,A
31838,A,A,A,A,A,A,A,A,A,A
31839,A,A,A,A,A,A,A,A,A,A
31840,A,A,A,A,A,A,A,A,A,A
31841,A,A,A,A,A,A,A,A,A,A
31842,A,A,A,A,A,A,A,A,A,A
31843,A,A,A,A,A,A,A,A,A,A
31844,A,A,A,A,A,A,A,A,A,A
31845,A,A,A,A,A,A,A,A,A,A
31846,A,A,A,A,A,A,A,A,A,A
31847,A,A,A,A,A,A,A,A,A,A
31848,A,A,A,A,A,A,A,A,A,A
31849,A,A,A,A,A,A,A,A,A,A
31850,A,A,A,A,A,A,A,A,A,A
31851,A,A,A,A,A,A,A,A,A,A
31852,A,A,A,A,A,A,A,A,A,A
31853,A,A,A,A,A,A,A,A,A,A
31854,A,A,A,A,A,A,A,A,A,A
31855,A,A,A,A,A,A,A,A,A,A
31856,A,A,A,A,A,A,A,A,A,A
31857,A,A,A,A,A,A,A,A,A,A
31858,A,A,A,A,A,A,A,A,A,A
31859,A,A,A,A,A,A,A,A,A,A
31860,A,A,A,A,A,A,A,A,A,A
31861,A,A,A,A,A,A,A,A,A,A
31862,A,A,A,A,A,A,A,A,A,A
31863,A,A,A,A,A,A,A,A,A,A
31864,A,A,A,A,A,A,A,A,A,A
31865,A,A,A,A,A,A,A,A,A,A
31866,A,A,A,A,A,A,A,A,A,A
31867,A,A,A,A,A,A,A,A,A,A
31868,A,A,A,A,A,A,A,A,A,A
31869,A,A,A,A,A,A,A,A,A,A
31870,A,A,A,A,A,A,A,A,A,A
31871,A,A,A,A,A,A,A,A,A,A
31872,A,A,A,A,A,A,A,A,A,A
31873,A,A,A,A,A,A,A,A,A,A
31874,A,A,A,A,A,A,A,A,A,A
31875,A,A,A,A,A,A,A,A,A,A
31876,A,A,A,A,A,A,A,A,A,A
31877,A,A,A,A,A,A,A,A,A,A
31878,A,A,A,A,A,A,A,A,A,A
31879,A,A,A,A,A,A,A,A,A,A
31880,A,A,A,A,A,A,A,A,A,A
31881,A,A,A,A,A,A,A,A,A,A
31882,A,A,A,A,A,A,A,A,A,A
31883,A,A,A,A,A,A,A,A,A,A
31884,A,A,A,A,A,A,A,A,A,A
31885,A,A,A,A,A,A,A,A,A,A
31886,A,A,A,A,A,A,A,A,A,A
31887,A,A,A,A,A,A,A,A,A,A
31888,A,A,A,A,A,A,A,A,A,A
31889,A,A,A,A,A,A,A,A,A,A
31890,A,A,A,A,A,A,A,A,A,A
31891,A,A,A,A,A,A,A,A,A,A
31892,A,A,A,A,A,A,A,A,A,A
31893,A,A,A,A,A,A,A,A,A,A
31894,A,A,A,A,A,A,A,A,A,A
31895,A,A,A,A,A,A,A,A,A,A
31896,A,A,A,A,A,A,A,A,A,A
31897,A,A,A,A,A,A,A,A,A,A
31898,A,A,A,A,A,A,A,A,A,A
31899,A,A,A,A,A,A,A,A,A,A
31900,A,A,A,A,A,A,A,A,A,A
31901,A,A,A,A,A,A,A,A,A,A
31902,A,A,A,A,A,A,A,A,A,A
31903,A,A,A,A,A,A,A,A,A,A
31904,A,A,A,A,A,A,A,A,A,A
31905,A,A,A,A,A,A,A,A,A,A
31906,A,A,A,A,A,A,A,A,A,A
31907,A,A,A,A,A,A,A,A,A,A
31908,A,A,A,A,A,A,A,A,A,A
31909,A,A,A,A,A,A,A,A,A,A
31910,A,A,A,A,A,A,A,A,A,A
31911,A,A,A,A,A,A,A,A,A,A
31912,A,A,A,A,A,A,A,A,A,A
31913,A,A,A,A,A,A,A,A,A,A
31914,A,A,A,A,A,A,A,A,A,A
31915,A,A,A,A,A,A,A,A,A,A
31916,A,A,A,A,A,A,A,A,A,A
31917,A,A,A,A,A,A,A,A,A,A
31918,A,A,A,A,A,A,A,A,A,A
31919,A,A,A,A,A,A,A,A,A,A
31920,A,A,A,A,A,A,A,A,A,A
31921,A,A,A,A,A,A,A,A,A,A
31922,A,A,A,A,A,A,A,A,A,A
31923,A,A,A,A,A,A,A,A,A,A
31924,A,A,A,A,A,A,A,A,A,A
31925,A,A,A,A,A,A,A,A,A,A
31926,A,A,A,A,A,A,A,A,A,A
31927,A,A,A,A,A,A,A,A,A,A
31928,A,A,A,A,A,A,A,A,A,A
31929,A,A,A,A,A,A,A,A,A,A
31930,A,A,A,A,A,A,A,A,A,A
31931,A,A,A,A,A,A,A,A,A,A
31932,A,A,A,A,A,A,A,A,A,A
31933,A,A,A,A,A,A,A,A,A,A
31934,A,A,A,A,A,A,A,A,A,A
31935,A,A,A,A,A,A,A,A,A,A
31936,A,A,A,A,A,A,A,A,A,A
31937,A,A,A,A,A,A,A,A,A,A
31938,A,A,A,A,A,A,A,A,A,A
31939,A,A,A,A,A,A,A,A,A,A
31940,A,A,A,A,A,A,A,A,A,A
31941,A,A,A,A,A,A,A,A,A,A
31942,A,A,A,A,A,A,A,A,A,A
31943,A,A,A,A,A,A,A,A,A,A
31944,A,A,A,A,A,A,A,A,A,A
31945,A,A,A,A,A,A,A,A,A,A
31946,A,A,A,A,A,A,A,A,A,A
31947,A,A,A,A,A,A,A,A,A,A
31948,A,A,A,A,A,A,A,A,A,A
31949,A,A,A,A,A,A,A,A,A,A
31950,A,A,A,A,A,A,A,A,A,A
31951,A,A,A,A,A,A,A,A,A,A
31952,A,A,A,A,A,A,A,A,A,A
31953,A,A,A,A,A,A,A,A,A,A
31954,A,A,A,A,A,A,A,A,A,A
31955,A,A,A,A,A,A,A,A,A,A
31956,A,A,A,A,A,A,A,A,A,A
31957,A,A,A,A,A,A,A,A,A,A
31958,A,A,A,A,A,A,A,A,A,A
31959,A,A,A,A,A,A,A,A,A,A
31960,A,A,A,A,A,A,A,A,A,A
31961,A,A,A,A,A,A,A,A,A,A
31962,A,A,A,A,A,A,A,A,A,A
31963,A,A,A,A,A,A,A,A,A,A
31964,A,A,A,A,A,A,A,A,A,A
31965,A,A,A,A,A,A,A,A,A,A
31966,A,A,A,A,A,A,A,A,A,A
31967,A,A,A,A,A,A,A,A,A,A
31968,A,A,A,A,A,A,A,A,A,A
31969,A,A,A,A,A,A,A,A,A,A
31970,A,A,A,A,A,A,A,A,A,A
31971,A,A,A,A,A,A,A,A,A,A
31972,A,A,A,A,A,A,A,A,A,A
31973,A,A,A,A,A,A,A,A,A,A
31974,A,A,A,A,A,A,A,A,A,A
31975,A,A,A,A,A,A,A,A,A,A
31976,A,A,A,A,A,A,A,A,A,A
31977,A,A,A,A,A,A,A,A,A,A
31978,A,A,A,A,A,A,A,A,A,A
31979,A,A,A,A,A,A,A,A,A,A
31980,A,A,A,A,A,A,A,A,A,A
31981,A,A,A,A,A,A,A,A,A,A
31982,A,A,A,A,A,A,A,A,A,A
31983,A,A,A,A,A,A,A,A,A,A
31984,A,A,A,A,A,A,A,A,A,A
31985,A,A,A,A,A,A,A,A,A,A
31986,A,A,A,A,A,A,A,A,A,A
31987,A,A,A,A,A,A,A,A,A,A
31988,A,A,A,A,A,A,A,A,A,A
31989,A,A,A,A,A,A,A,A,A,A
31990,A,A,A,A,A,A,A,A,A,A
31991,A,A,A,A,A,A,A,A,A,A
31992,A,A,A,A,A,A,A,A,A,A
31993,A,A,A,A,A,A,A,A,A,A
31994,A,A,A,A,A,A,A,A,A,A
31995,A,A,A,A,A,A,A,A,A,A
31996,A,A,A,A,A,A,A,A,A,A
31997,A,A,A,A,A,A,A,A,A,A
31998,A,A,A,A,A,A,A,A,A,A
31999,A,A,A,A,A,A,A,A,A,A
32000,A,A,A,A,A,A,A,A,A,A
32001,A,A,A,A,A,A,A,A,A,A
32002,A,A,A,A,A,A,A,A,A,A
32003,A,A,A,A,A,A,A,A,A,A
32004,A,A,A,A,A,A,A,A,A,A
32005,A,A,A,A,A,A,A,A,A,A
32006,A,A,A,A,A,A,A,A,A,A
32007,A,A,A,A,A,A,A,A,A,A
32008,A,A,A,A,A,A,A,A,A,A
32009,A,A,A,A,A,A,A,A,A,A
32010,A,A,A,A,A,A,A,A,A,A
32011,A,A,A,A,A,A,A,A,A,A
32012,A,A,A,A,A,A,A,A,A,A
32013,A,A,A,A,A,A,A,A,A,A
32014,A,A,A,A,A,A,A,A,A,A
32015,A,A,A,A,A,A,A,A,A,A
32016,A,A,A,A,A,A,A,A,A,A
32017,A,A,A,A,A,A,A,A,A,A
32018,A,A,A,A,A,A,A,A,A,A
32019,A,A,A,A,A,A,A,A,A,A
32020,A,A,A,A,A,A,A,A,A,A
32021,A,A,A,A,A,A,A,A,A,A
32022,A,A,A,A,A,A,A,A,A,A
32023,A,A,A,A,A,A,A,A,A,A
32024,A,A,A,A,A,A,A,A,A,A
32025,A,A,A,A,A,A,A,A,A,A
32026,A,A,A,A,A,A,A,A,A,A
32027,A,A,A,A,A,A,A,A,A,A
32028,A,A,A,A,A,A,A,A,A,A
32029,A,A,A,A,A,A,A,A,A,A
32030,A,A,A,A,A,A,A,A,A,A
32031,A,A,A,A,A,A,A,A,A,A
32032,A,A,A,A,A,A,A,A,A,A
32033,A,A,A,A,A,A,A,A,A,A
32034,A,A,A,A,A,A,A,A,A,A
32035,A,A,A,A,A,A,A,A,A,A
32036,A,A,A,A,A,A,A,A,A,A
32037,A,A,A,A,A,A,A,A,A,A
32038,A,A,A,A,A,A,A,A,A,A
32039,A,A,A,A,A,A,A,A,A,A
32040,A,A,A,A,A,A,A,A,A,A
32041,A,A,A,A,A,A,A,A,A,A
32042,A,A,A,A,A,A,A,A,A,A
32043,A,A,A,A,A,A,A,A,A,A
32044,A,A,A,A,A,A,A,A,A,A
32045,A,A,A,A,A,A,A,A,A,A
32046,A,A,A,A,A,A,A,A,A,A
32047,A,A,A,A,A,A,A,A,A,A
32048,A,A,A,A,A,A,A,A,A,A
32049,A,A,A,A,A,A,A,A,A,A
32050,A,A,A,A,A,A,A,A,A,A
32051,A,A,A,A,A,A,A,A,A,A
32052,A,A,A,A,A,A,A,A,A,A
32053,A,A,A,A,A,A,A,A,A,A
32054,A,A,A,A,A,A,A,A,A,A
32055,A,A,A,A,A,A,A,A,A,A
32056,A,A,A,A,A,A,A,A,A,A
32057,A,A,A,A,A,A,A,A,A,A
32058,A,A,A,A,A,A,A,A,A,A
32059,A,A,A,A,A,A,A,A,A,A
32060,A,A,A,A,A,A,A,A,A,A
32061,A,A,A,A,A,A,A,A,A,A
32062,A,A,A,A,A,A,A,A,A,A
32063,A,A,A,A,A,A,A,A,A,A
32064,A,A,A,A,A,A,A,A,A,A
32065,A,A,A,A,A,A,A,A,A,A
32066,A,A,A,A,A,A,A,A,A,A
32067,A,A,A,A,A,A,A,A,A,A
32068,A,A,A,A,A,A,A,A,A,A
32069,A,A,A,A,A,A,A,A,A,A
32070,A,A,A,A,A,A,A,A,A,A
32071,A,A,A,A,A,A,A,A,A,A
32072,A,A,A,A,A,A,A,A,A,A
32073,A,A,A,A,A,A,A,A,A,A
32074,A,A,A,A,A,A,A,A,A,A
32075,A,A,A,A,A,A,A,A,A,A
32076,A,A,A,A,A,A,A,A,A,A
32077,A,A,A,A,A,A,A,A,A,A
32078,A,A,A,A,A,A,A,A,A,A
32079,A,A,A,A,A,A,A,A,A,A
32080,A,A,A,A,A,A,A,A,A,A
32081,A,A,A,A,A,A,A,A,A,A
32082,A,A,A,A,A,A,A,A,A,A
32083,A,A,A,A,A,A,A,A,A,A
32084,A,A,A,A,A,A,A,A,A,A
32085,A,A,A,A,A,A,A,A,A,A
32086,A,A,A,A,A,A,A,A,A,A
32087,A,A,A,A,A,A,A,A,A,A
32088,A,A,A,A,A,A,A,A,A,A
32089,A,A,A,A,A,A,A,A,A,A
32090,A,A,A,A,A,A,A,A,A,A
32091,A,A,A,A,A,A,A,A,A,A
32092,A,A,A,A,A,A,A,A,A,A
32093,A,A,A,A,A,A,A,A,A,A
32094,A,A,A,A,A,A,A,A,A,A
32095,A,A,A,A,A,A,A,A,A,A
32096,A,A,A,A,A,A,A,A,A,A
32097,A,A,A,A,A,A,A,A,A,A
32098,A,A,A,A,A,A,A,A,A,A
32100,A,A,A,A,A,A,A,A,A,A
32101,A,A,A,A,A,A,A,A,A,A
32102,A,A,A,A,A,A,A,A,A,A
32103,A,A,A,A,A,A,A,A,A,A
32104,A,A,A,A,A,A,A,A,A,A
32106,A,A,A,A,A,A,A,A,A,A
32107,A,A,A,A,A,A,A,A,A,A
32108,A,A,A,A,A,A,A,A,A,A
32109,A,A,A,A,A,A,A,A,A,A
32112,A,A,A,A,A,A,A,A,A,A
32113,A,A,A,A,A,A,A,A,A,A
32114,A,A,A,A,A,A,A,A,A,A
32115,A,A,A,A,A,A,A,A,A,A
32116,A,A,A,A,A,A,A,A,A,A
32117,A,A,A,A,A,A,A,A,A,A
32118,A,A,A,A,A,A,A,A,A,A
32119,A,A,A,A,A,A,A,A,A,A
32120,A,A,A,A,A,A,A,A,A,A
32121,A,A,A,A,A,A,A,A,A,A
32122,A,A,A,A,A,A,A,A,A,A
32123,A,A,A,A,A,A,A,A,A,A
32124,A,A,A,A,A,A,A,A,A,A
32125,A,A,A,A,A,A,A,A,A,A
32126,A,A,A,A,A,A,A,A,A,A
32127,A,A,A,A,A,A,A,A,A,A
32132,I,I,I,I,I,I,I,I,I,I
32133,I,I,I,I,I,I,I,I,I,I
32134,I,I,I,I,I,I,I,I,I,I
32135,I,I,I,I,I,I,I,I,I,I
32136,I,I,I,I,I,I,I,I,I,I
32137,L,L,L,L,L,L,L,L,L,L
32138,B,I,I,I,I,I,I,I,I,I
32139,A,A,A,A,A,A,A,A,A,A
32140,A,A,A,A,A,A,A,A,A,A
32141,L,L,L,L,L,L,L,L,L,L
32180,A,A,A,A,A,A,A,A,A,A
32181,A,A,A,A,A,A,A,A,A,A
32182,A,A,A,A,A,A,A,A,A,A
32183,A,A,A,A,A,A,A,A,A,A
32184,A,A,A,A,A,A,A,A,A,A
32185,A,A,A,A,A,A,A,A,A,A
32186,A,A,A,A,A,A,A,A,A,A
32187,A,A,A,A,A,A,A,A,A,A
32188,A,A,A,A,A,A,A,A,A,A
32189,A,A,A,A,A,A,A,A,A,A
32190,A,A,A,A,A,A,A,A,A,A
32191,A,A,A,A,A,A,A,A,A,A
32192,L,L,L,L,L,L,L,L,L,L
32193,A,A,A,A,A,A,A,A,A,A
32194,A,A,A,A,A,A,A,A,A,A
32195,A,A,A,A,A,A,A,A,A,A
32196,A,A,A,A,A,A,A,A,A,A
32197,A,A,A,A,A,A,A,A,A,A
32198,A,A,A,A,A,A,A,A,A,A
32199,A,A,A,A,A,A,A,A,A,A
32200,A,A,A,A,A,A,A,A,A,A
32201,A,A,A,A,A,A,A,A,A,A
32202,A,A,A,A,A,A,A,A,A,A
32203,A,A,A,A,A,A,A,A,A,A
32204,A,A,A,A,A,A,A,A,A,A
32205,A,A,A,A,A,A,A,A,A,A
32206,A,A,A,A,A,A,A,A,A,A
32207,A,A,A,A,A,A,A,A,A,A
32208,A,A,A,A,A,A,A,A,A,A
32209,A,A,A,A,A,A,A,A,A,A
32210,A,A,A,A,A,A,A,A,A,A
32211,A,A,A,A,A,A,A,A,A,A
32212,A,A,A,A,A,A,A,A,A,A
32213,A,A,A,A,A,A,A,A,A,A
32214,A,A,A,A,A,A,A,A,A,A
32215,A,A,A,A,A,A,A,A,A,A
32216,A,A,A,A,A,A,A,A,A,A
32217,A,A,A,A,A,A,A,A,A,A
32218,A,A,A,A,A,A,A,A,A,A
32219,A,A,A,A,A,A,A,A,A,A
32220,A,A,A,A,A,A,A,A,A,A
32221,A,A,A,A,A,A,A,A,A,A
32222,A,A,A,A,A,A,A,A,A,A
32223,A,A,A,A,A,A,A,A,A,A
32224,A,A,A,A,A,A,A,A,A,A
32225,A,A,A,A,A,A,A,A,A,A
32226,A,A,A,A,A,A,A,A,A,A
32227,A,A,A,A,A,A,A,A,A,A
32228,A,A,A,A,A,A,A,A,A,A
32229,A,A,A,A,A,A,A,A,A,A
32230,A,A,A,A,A,A,A,A,A,A
32231,A,A,A,A,A,A,A,A,A,A
32232,A,A,A,A,A,A,A,A,A,A
32233,A,A,A,A,A,A,A,A,A,A
32234,A,A,A,A,A,A,A,A,A,A
32235,A,A,A,A,A,A,A,A,A,A
32236,A,A,A,A,A,A,A,A,A,A
32237,A,A,A,A,A,A,A,A,A,A
32238,A,A,A,A,A,A,A,A,A,A
32239,A,A,A,A,A,A,A,A,A,A
32240,A,A,A,A,A,A,A,A,A,A
32241,A,A,A,A,A,A,A,A,A,A
32242,A,A,A,A,A,A,A,A,A,A
32243,A,A,A,A,A,A,A,A,A,A
32244,A,A,A,A,A,A,A,A,A,A
32245,A,A,A,A,A,A,A,A,A,A
32246,A,A,A,A,A,A,A,A,A,A
32247,A,A,A,A,A,A,A,A,A,A
32248,A,A,A,A,A,A,A,A,A,A
32249,A,A,A,A,A,A,A,A,A,A
32250,A,A,A,A,A,A,A,A,A,A
32251,A,A,A,A,A,A,A,A,A,A
32252,A,A,A,A,A,A,A,A,A,A
32253,A,A,A,A,A,A,A,A,A,A
32254,A,A,A,A,A,A,A,A,A,A
32255,A,A,A,A,A,A,A,A,A,A
32256,A,A,A,A,A,A,A,A,A,A
32257,A,A,A,A,A,A,A,A,A,A
32258,A,A,A,A,A,A,A,A,A,A
32259,A,A,A,A,A,A,A,A,A,A
32260,A,A,A,A,A,A,A,A,A,A
32261,A,A,A,A,A,A,A,A,A,A
32262,A,A,A,A,A,A,A,A,A,A
32263,A,A,A,A,A,A,A,A,A,A
32264,A,A,A,A,A,A,A,A,A,A
32265,A,A,A,A,A,A,A,A,A,A
32266,A,A,A,A,A,A,A,A,A,A
32267,A,A,A,A,A,A,A,A,A,A
32268,A,A,A,A,A,A,A,A,A,A
32269,A,A,A,A,A,A,A,A,A,A
32270,A,A,A,A,A,A,A,A,A,A
32271,A,A,A,A,A,A,A,A,A,A
32272,A,A,A,A,A,A,A,A,A,A
32273,A,A,A,A,A,A,A,A,A,A
32274,A,A,A,A,A,A,A,A,A,A
32275,A,A,A,A,A,A,A,A,A,A
32276,A,A,A,A,A,A,A,A,A,A
32277,A,A,A,A,A,A,A,A,A,A
32278,A,A,A,A,A,A,A,A,A,A
32279,A,A,A,A,A,A,A,A,A,A
32280,A,A,A,A,A,A,A,A,A,A
32281,A,A,A,A,A,A,A,A,A,A
32282,A,A,A,A,A,A,A,A,A,A
32283,A,A,A,A,A,A,A,A,A,A
32284,A,A,A,A,A,A,A,A,A,A
32285,A,A,A,A,A,A,A,A,A,A
32286,A,A,A,A,A,A,A,A,A,A
32287,A,A,A,A,A,A,A,A,A,A
32288,A,A,A,A,A,A,A,A,A,A
32289,A,A,A,A,A,A,A,A,A,A
32290,L,L,L,L,L,L,L,L,L,L
32291,A,A,A,A,A,A,A,A,A,A
32292,A,A,A,A,A,A,A,A,A,A
32293,A,A,A,A,A,A,A,A,A,A
32294,A,A,A,A,A,A,A,A,A,A
32295,A,A,A,A,A,A,A,A,A,A
32296,A,A,A,A,A,A,A,A,A,A
32297,A,A,A,A,A,A,A,A,A,A
32298,A,A,A,A,A,A,A,A,A,A
32299,A,A,A,A,A,A,A,A,A,A
32300,A,A,A,A,A,A,A,A,A,A
32301,A,A,A,A,A,A,A,A,A,A
32302,A,A,A,A,A,A,A,A,A,A
32303,A,A,A,A,A,A,A,A,A,A
32304,A,A,A,A,A,A,A,A,A,A
32305,A,A,A,A,A,A,A,A,A,A
32306,A,A,A,A,A,A,A,A,A,A
32307,A,A,A,A,A,A,A,A,A,A
32308,A,A,A,A,A,A,A,A,A,A
32309,A,A,A,A,A,A,A,A,A,A
32310,A,A,A,A,A,A,A,A,A,A
32311,A,A,A,A,A,A,A,A,A,A
32312,A,A,A,A,A,A,A,A,A,A
32313,A,A,A,A,A,A,A,A,A,A
32314,A,A,A,A,A,A,A,A,A,A
32315,A,A,A,A,A,A,A,A,A,A
32316,A,A,A,A,A,A,A,A,A,A
32317,A,A,A,A,A,A,A,A,A,A
32318,A,A,A,A,A,A,A,A,A,A
32319,A,A,A,A,A,A,A,A,A,A
32320,A,A,A,A,A,A,A,A,A,A
32321,A,A,A,A,A,A,A,A,A,A
32322,A,A,A,A,A,A,A,A,A,A
32323,A,A,A,A,A,A,A,A,A,A
32324,A,A,A,A,A,A,A,A,A,A
32325,A,A,A,A,A,A,A,A,A,A
32326,A,A,A,A,A,A,A,A,A,A
32327,A,A,A,A,A,A,A,A,A,A
32328,A,A,A,A,A,A,A,A,A,A
32329,A,A,A,A,A,A,A,A,A,A
32330,A,A,A,A,A,A,A,A,A,A
32331,A,A,A,A,A,A,A,A,A,A
32332,A,A,A,A,A,A,A,A,A,A
32333,A,A,A,A,A,A,A,A,A,A
32334,A,A,A,A,A,A,A,A,A,A
32335,A,A,A,A,A,A,A,A,A,A
32336,A,A,A,A,A,A,A,A,A,A
32337,A,A,A,A,A,A,A,A,A,A
32338,A,A,A,A,A,A,A,A,A,A
32339,A,A,A,A,A,A,A,A,A,A
32340,A,A,A,A,A,A,A,A,A,A
32341,A,A,A,A,A,A,A,A,A,A
32342,A,A,A,A,A,A,A,A,A,A
32343,A,A,A,A,A,A,A,A,A,A
32344,A,A,A,A,A,A,A,A,A,A
32345,A,A,A,A,A,A,A,A,A,A
32346,A,A,A,A,A,A,A,A,A,A
32347,A,A,A,A,A,A,A,A,A,A
32348,A,A,A,A,A,A,A,A,A,A
32349,A,A,A,A,A,A,A,A,A,A
32350,A,A,A,A,A,A,A,A,A,A
32351,A,A,A,A,A,A,A,A,A,A
32352,A,A,A,A,A,A,A,A,A,A
32353,A,A,A,A,A,A,A,A,A,A
32354,A,A,A,A,A,A,A,A,A,A
32355,A,A,A,A,A,A,A,A,A,A
32356,A,A,A,A,A,A,A,A,A,A
32357,A,A,A,A,A,A,A,A,A,A
32358,A,A,A,A,A,A,A,A,A,A
32359,A,A,A,A,A,A,A,A,A,A
32360,A,A,A,A,A,A,A,A,A,A
32361,A,A,A,A,A,A,A,A,A,A
32362,A,A,A,A,A,A,A,A,A,A
32363,A,A,A,A,A,A,A,A,A,A
32364,A,A,A,A,A,A,A,A,A,A
32365,A,A,A,A,A,A,A,A,A,A
32366,A,A,A,A,A,A,A,A,A,A
32367,A,A,A,A,A,A,A,A,A,A
32368,A,A,A,A,A,A,A,A,A,A
32369,A,A,A,A,A,A,A,A,A,A
32370,A,A,A,A,A,A,A,A,A,A
32371,A,A,A,A,A,A,A,A,A,A
32372,A,A,A,A,A,A,A,A,A,A
32373,A,A,A,A,A,A,A,A,A,A
32374,A,A,A,A,A,A,A,A,A,A
32375,A,A,A,A,A,A,A,A,A,A
32376,A,A,A,A,A,A,A,A,A,A
32377,A,A,A,A,A,A,A,A,A,A
32378,A,A,A,A,A,A,A,A,A,A
32379,A,A,A,A,A,A,A,A,A,A
32380,A,A,A,A,A,A,A,A,A,A
32381,A,A,A,A,A,A,A,A,A,A
32382,A,A,A,A,A,A,A,A,A,A
32383,A,A,A,A,A,A,A,A,A,A
32384,A,A,A,A,A,A,A,A,A,A
32385,A,A,A,A,A,A,A,A,A,A
32386,A,A,A,A,A,A,A,A,A,A
32387,A,A,A,A,A,A,A,A,A,A
32388,A,A,A,A,A,A,A,A,A,A
32389,A,A,A,A,A,A,A,A,A,A
32390,A,A,A,A,A,A,A,A,A,A
32391,A,A,A,A,A,A,A,A,A,A
32392,A,A,A,A,A,A,A,A,A,A
32393,A,A,A,A,A,A,A,A,A,A
32394,A,A,A,A,A,A,A,A,A,A
32395,A,A,A,A,A,A,A,A,A,A
32396,A,A,A,A,A,A,A,A,A,A
32397,A,A,A,A,A,A,A,A,A,A
32398,A,A,A,A,A,A,A,A,A,A
32399,A,A,A,A,A,A,A,A,A,A
32400,A,A,A,A,A,A,A,A,A,A
32401,A,A,A,A,A,A,A,A,A,A
32402,A,A,A,A,A,A,A,A,A,A
32403,A,A,A,A,A,A,A,A,A,A
32404,A,A,A,A,A,A,A,A,A,A
32405,A,A,A,A,A,A,A,A,A,A
32406,A,A,A,A,A,A,A,A,A,A
32407,A,A,A,A,A,A,A,A,A,A
32408,A,A,A,A,A,A,A,A,A,A
32409,A,A,A,A,A,A,A,A,A,A
32410,A,A,A,A,A,A,A,A,A,A
32411,A,A,A,A,A,A,A,A,A,A
32412,A,A,A,A,A,A,A,A,A,A
32413,A,A,A,A,A,A,A,A,A,A
32414,A,A,A,A,A,A,A,A,A,A
32415,A,A,A,A,A,A,A,A,A,A
32416,A,A,A,A,A,A,A,A,A,A
32417,A,A,A,A,A,A,A,A,A,A
32418,A,A,A,A,A,A,A,A,A,A
32419,A,A,A,A,A,A,A,A,A,A
32420,A,A,A,A,A,A,A,A,A,A
32421,A,A,A,A,A,A,A,A,A,A
32422,A,A,A,A,A,A,A,A,A,A
32423,A,A,A,A,A,A,A,A,A,A
32424,A,A,A,A,A,A,A,A,A,A
32425,A,A,A,A,A,A,A,A,A,A
32426,A,A,A,A,A,A,A,A,A,A
32427,A,A,A,A,A,A,A,A,A,A
32428,A,A,A,A,A,A,A,A,A,A
32429,A,A,A,A,A,A,A,A,A,A
32430,A,A,A,A,A,A,A,A,A,A
32431,A,A,A,A,A,A,A,A,A,A
32432,A,A,A,A,A,A,A,A,A,A
32433,A,A,A,A,A,A,A,A,A,A
32434,A,A,A,A,A,A,A,A,A,A
32435,A,A,A,A,A,A,A,A,A,A
32436,A,A,A,A,A,A,A,A,A,A
32437,A,A,A,A,A,A,A,A,A,A
32438,A,A,A,A,A,A,A,A,A,A
32439,A,A,A,A,A,A,A,A,A,A
32440,A,A,A,A,A,A,A,A,A,A
32441,A,A,A,A,A,A,A,A,A,A
32442,A,A,A,A,A,A,A,A,A,A
32443,A,A,A,A,A,A,A,A,A,A
32444,A,A,A,A,A,A,A,A,A,A
32445,A,A,A,A,A,A,A,A,A,A
32446,A,A,A,A,A,A,A,A,A,A
32447,A,A,A,A,A,A,A,A,A,A
32448,A,A,A,A,A,A,A,A,A,A
32449,A,A,A,A,A,A,A,A,A,A
32450,A,A,A,A,A,A,A,A,A,A
32451,A,A,A,A,A,A,A,A,A,A
32452,A,A,A,A,A,A,A,A,A,A
32453,A,A,A,A,A,A,A,A,A,A
32454,A,A,A,A,A,A,A,A,A,A
32455,A,A,A,A,A,A,A,A,A,A
32456,A,A,A,A,A,A,A,A,A,A
32457,A,A,A,A,A,A,A,A,A,A
32458,A,A,A,A,A,A,A,A,A,A
32459,A,A,A,A,A,A,A,A,A,A
32460,L,L,L,L,L,L,L,L,L,L
32461,A,A,A,A,A,A,A,A,A,A
32462,A,A,A,A,A,A,A,A,A,A
32463,A,A,A,A,A,A,A,A,A,A
32464,A,A,A,A,A,A,A,A,A,A
32465,A,A,A,A,A,A,A,A,A,A
32466,A,A,A,A,A,A,A,A,A,A
32467,A,A,A,A,A,A,A,A,A,A
32468,A,A,A,A,A,A,A,A,A,A
32469,A,A,A,A,A,A,A,A,A,A
32470,A,A,A,A,A,A,A,A,A,A
32471,A,A,A,A,A,A,A,A,A,A
32472,A,A,A,A,A,A,A,A,A,A
32473,A,A,A,A,A,A,A,A,A,A
32474,A,A,A,A,A,A,A,A,A,A
32475,A,A,A,A,A,A,A,A,A,A
32476,A,A,A,A,A,A,A,A,A,A
32477,A,A,A,A,A,A,A,A,A,A
32478,A,A,A,A,A,A,A,A,A,A
32479,A,A,A,A,A,A,A,A,A,A
32480,A,A,A,A,A,A,A,A,A,A
32481,A,A,A,A,A,A,A,A,A,A
32482,A,A,A,A,A,A,A,A,A,A
32483,A,A,A,A,A,A,A,A,A,A
32484,A,A,A,A,A,A,A,A,A,A
32485,A,A,A,A,A,A,A,A,A,A
32486,A,A,A,A,A,A,A,A,A,A
32487,A,A,A,A,A,A,A,A,A,A
32488,A,A,A,A,A,A,A,A,A,A
32489,A,A,A,A,A,A,A,A,A,A
32490,A,A,A,A,A,A,A,A,A,A
32491,A,A,A,A,A,A,A,A,A,A
32492,A,A,A,A,A,A,A,A,A,A
32493,A,A,A,A,A,A,A,A,A,A
32494,A,A,A,A,A,A,A,A,A,A
32495,A,A,A,A,A,A,A,A,A,A
32496,A,A,A,A,A,A,A,A,A,A
32497,A,A,A,A,A,A,A,A,A,A
32498,A,A,A,A,A,A,A,A,A,A
32499,A,A,A,A,A,A,A,A,A,A
32500,A,A,A,A,A,A,A,A,A,A
32501,A,A,A,A,A,A,A,A,A,A
32502,A,A,A,A,A,A,A,A,A,A
32503,A,A,A,A,A,A,A,A,A,A
32504,A,A,A,A,A,A,A,A,A,A
32505,A,A,A,A,A,A,A,A,A,A
32506,A,A,A,A,A,A,A,A,A,A
32507,A,A,A,A,A,A,A,A,A,A
32508,A,A,A,A,A,A,A,A,A,A
32509,A,A,A,A,A,A,A,A,A,A
32510,A,A,A,A,A,A,A,A,A,A
32511,A,A,A,A,A,A,A,A,A,A
32512,A,A,A,A,A,A,A,A,A,A
32513,A,A,A,A,A,A,A,A,A,A
32514,A,A,A,A,A,A,A,A,A,A
32515,A,A,A,A,A,A,A,A,A,A
32516,A,A,A,A,A,A,A,A,A,A
32517,A,A,A,A,A,A,A,A,A,A
32518,A,A,A,A,A,A,A,A,A,A
32519,A,A,A,A,A,A,A,A,A,A
32520,A,A,A,A,A,A,A,A,A,A
32521,A,A,A,A,A,A,A,A,A,A
32522,A,A,A,A,A,A,A,A,A,A
32523,A,A,A,A,A,A,A,A,A,A
32524,A,A,A,A,A,A,A,A,A,A
32525,A,A,A,A,A,A,A,A,A,A
32526,A,A,A,A,A,A,A,A,A,A
32527,A,A,A,A,A,A,A,A,A,A
32528,A,A,A,A,A,A,A,A,A,A
32529,A,A,A,A,A,A,A,A,A,A
32530,A,A,A,A,A,A,A,A,A,A
32531,A,A,A,A,A,A,A,A,A,A
32532,A,A,A,A,A,A,A,A,A,A
32533,A,A,A,A,A,A,A,A,A,A
32534,A,A,A,A,A,A,A,A,A,A
32535,A,A,A,A,A,A,A,A,A,A
32536,A,A,A,A,A,A,A,A,A,A
32537,A,A,A,A,A,A,A,A,A,A
32538,A,A,A,A,A,A,A,A,A,A
32539,A,A,A,A,A,A,A,A,A,A
32540,A,A,A,A,A,A,A,A,A,A
32541,A,A,A,A,A,A,A,A,A,A
32542,A,A,A,A,A,A,A,A,A,A
32543,A,A,A,A,A,A,A,A,A,A
32544,A,A,A,A,A,A,A,A,A,A
32545,A,A,A,A,A,A,A,A,A,A
32546,A,A,A,A,A,A,A,A,A,A
32547,A,A,A,A,A,A,A,A,A,A
32548,A,A,A,A,A,A,A,A,A,A
32549,A,A,A,A,A,A,A,A,A,A
32550,A,A,A,A,A,A,A,A,A,A
32551,A,A,A,A,A,A,A,A,A,A
32552,A,A,A,A,A,A,A,A,A,A
32553,A,A,A,A,A,A,A,A,A,A
32554,A,A,A,A,A,A,A,A,A,A
32555,A,A,A,A,A,A,A,A,A,A
32556,A,A,A,A,A,A,A,A,A,A
32557,A,A,A,A,A,A,A,A,A,A
32558,A,A,A,A,A,A,A,A,A,A
32559,A,A,A,A,A,A,A,A,A,A
32560,A,A,A,A,A,A,A,A,A,A
32561,L,L,L,L,L,L,L,L,L,L
32562,A,A,A,A,A,A,A,A,A,A
32563,A,A,A,A,A,A,A,A,A,A
32564,A,A,A,A,A,A,A,A,A,A
32565,A,A,A,A,A,A,A,A,A,A
32566,A,A,A,A,A,A,A,A,A,A
32567,A,A,A,A,A,A,A,A,A,A
32568,A,A,A,A,A,A,A,A,A,A
32569,A,A,A,A,A,A,A,A,A,A
32570,A,A,A,A,A,A,A,A,A,A
32571,A,A,A,A,A,A,A,A,A,A
32572,A,A,A,A,A,A,A,A,A,A
32573,A,A,A,A,A,A,A,A,A,A
32574,A,A,A,A,A,A,A,A,A,A
32575,A,A,A,A,A,A,A,A,A,A
32576,A,A,A,A,A,A,A,A,A,A
32577,A,A,A,A,A,A,A,A,A,A
32578,A,A,A,A,A,A,A,A,A,A
32579,A,A,A,A,A,A,A,A,A,A
32580,A,A,A,A,A,A,A,A,A,A
32581,A,A,A,A,A,A,A,A,A,A
32582,A,A,A,A,A,A,A,A,A,A
32583,A,A,A,A,A,A,A,A,A,A
32584,A,A,A,A,A,A,A,A,A,A
32585,A,A,A,A,A,A,A,A,A,A
32586,A,A,A,A,A,A,A,A,A,A
32587,A,A,A,A,A,A,A,A,A,A
32588,A,A,A,A,A,A,A,A,A,A
32589,A,A,A,A,A,A,A,A,A,A
32590,A,A,A,A,A,A,A,A,A,A
32591,A,A,A,A,A,A,A,A,A,A
32592,A,A,A,A,A,A,A,A,A,A
32593,A,A,A,A,A,A,A,A,A,A
32594,A,A,A,A,A,A,A,A,A,A
32595,A,A,A,A,A,A,A,A,A,A
32596,A,A,A,A,A,A,A,A,A,A
32597,A,A,A,A,A,A,A,A,A,A
32598,A,A,A,A,A,A,A,A,A,A
32599,A,A,A,A,A,A,A,A,A,A
32600,A,A,A,A,A,A,A,A,A,A
32601,A,A,A,A,A,A,A,A,A,A
32602,A,A,A,A,A,A,A,A,A,A
32603,A,A,A,A,A,A,A,A,A,A
32604,A,A,A,A,A,A,A,A,A,A
32605,A,A,A,A,A,A,A,A,A,A
32606,A,A,A,A,A,A,A,A,A,A
32607,A,A,A,A,A,A,A,A,A,A
32608,A,A,A,A,A,A,A,A,A,A
32609,A,A,A,A,A,A,A,A,A,A
32610,A,A,A,A,A,A,A,A,A,A
32611,A,A,A,A,A,A,A,A,A,A
32612,A,A,A,A,A,A,A,A,A,A
32613,A,A,A,A,A,A,A,A,A,A
32614,A,A,A,A,A,A,A,A,A,A
32615,A,A,A,A,A,A,A,A,A,A
32616,A,A,A,A,A,A,A,A,A,A
32617,A,A,A,A,A,A,A,A,A,A
32618,A,A,A,A,A,A,A,A,A,A
32619,A,A,A,A,A,A,A,A,A,A
32620,A,A,A,A,A,A,A,A,A,A
32621,A,A,A,A,A,A,A,A,A,A
32622,A,A,A,A,A,A,A,A,A,A
32623,A,A,A,A,A,A,A,A,A,A
32624,A,A,A,A,A,A,A,A,A,A
32625,A,A,A,A,A,A,A,A,A,A
32626,A,A,A,A,A,A,A,A,A,A
32627,A,A,A,A,A,A,A,A,A,A
32628,A,A,A,A,A,A,A,A,A,A
32629,A,A,A,A,A,A,A,A,A,A
32630,A,A,A,A,A,A,A,A,A,A
32631,A,A,A,A,A,A,A,A,A,A
32632,A,A,A,A,A,A,A,A,A,A
32633,A,A,A,A,A,A,A,A,A,A
32634,A,A,A,A,A,A,A,A,A,A
32635,A,A,A,A,A,A,A,A,A,A
32636,A,A,A,A,A,A,A,A,A,A
32637,A,A,A,A,A,A,A,A,A,A
32638,A,A,A,A,A,A,A,A,A,A
32639,A,A,A,A,A,A,A,A,A,A
32640,A,A,A,A,A,A,A,A,A,A
32641,A,A,A,A,A,A,A,A,A,A
32642,A,A,A,A,A,A,A,A,A,A
32643,A,A,A,A,A,A,A,A,A,A
32644,A,A,A,A,A,A,A,A,A,A
32645,A,A,A,A,A,A,A,A,A,A
32646,A,A,A,A,A,A,A,A,A,A
32647,A,A,A,A,A,A,A,A,A,A
32648,A,A,A,A,A,A,A,A,A,A
32649,A,A,A,A,A,A,A,A,A,A
32650,A,A,A,A,A,A,A,A,A,A
32651,A,A,A,A,A,A,A,A,A,A
32652,A,A,A,A,A,A,A,A,A,A
32653,A,A,A,A,A,A,A,A,A,A
32654,A,A,A,A,A,A,A,A,A,A
32655,A,A,A,A,A,A,A,A,A,A
32656,A,A,A,A,A,A,A,A,A,A
32657,A,A,A,A,A,A,A,A,A,A
32658,A,A,A,A,A,A,A,A,A,A
32659,A,A,A,A,A,A,A,A,A,A
32660,A,A,A,A,A,A,A,A,A,A
32661,A,A,A,A,A,A,A,A,A,A
32662,A,A,A,A,A,A,A,A,A,A
32663,A,A,A,A,A,A,A,A,A,A
32664,A,A,A,A,A,A,A,A,A,A
32665,A,A,A,A,A,A,A,A,A,A
32666,A,A,A,A,A,A,A,A,A,A
32667,A,A,A,A,A,A,A,A,A,A
32668,A,A,A,A,A,A,A,A,A,A
32669,A,A,A,A,A,A,A,A,A,A
32670,A,A,A,A,A,A,A,A,A,A
32671,A,A,A,A,A,A,A,A,A,A
32672,A,A,A,A,A,A,A,A,A,A
32673,A,A,A,A,A,A,A,A,A,A
32674,A,A,A,A,A,A,A,A,A,A
32675,A,A,A,A,A,A,A,A,A,A
32676,A,A,A,A,A,A,A,A,A,A
32677,A,A,A,A,A,A,A,A,A,A
32678,A,A,A,A,A,A,A,A,A,A
32679,A,A,A,A,A,A,A,A,A,A
32680,A,A,A,A,A,A,A,A,A,A
32681,A,A,A,A,A,A,A,A,A,A
32682,A,A,A,A,A,A,A,A,A,A
32683,A,A,A,A,A,A,A,A,A,A
32684,A,A,A,A,A,A,A,A,A,A
32685,A,A,A,A,A,A,A,A,A,A
32686,A,A,A,A,A,A,A,A,A,A
32687,A,A,A,A,A,A,A,A,A,A
32688,A,A,A,A,A,A,A,A,A,A
32689,A,A,A,A,A,A,A,A,A,A
32690,A,A,A,A,A,A,A,A,A,A
32691,A,A,A,A,A,A,A,A,A,A
32692,A,A,A,A,A,A,A,A,A,A
32693,A,A,A,A,A,A,A,A,A,A
32694,A,A,A,A,A,A,A,A,A,A
32695,A,A,A,A,A,A,A,A,A,A
32696,A,A,A,A,A,A,A,A,A,A
32697,A,A,A,A,A,A,A,A,A,A
32698,A,A,A,A,A,A,A,A,A,A
32699,A,A,A,A,A,A,A,A,A,A
32700,A,A,A,A,A,A,A,A,A,A
32701,A,A,A,A,A,A,A,A,A,A
32702,A,A,A,A,A,A,A,A,A,A
32703,A,A,A,A,A,A,A,A,A,A
32704,A,A,A,A,A,A,A,A,A,A
32705,A,A,A,A,A,A,A,A,A,A
32706,A,A,A,A,A,A,A,A,A,A
32707,A,A,A,A,A,A,A,A,A,A
32708,A,A,A,A,A,A,A,A,A,A
32709,A,A,A,A,A,A,A,A,A,A
32710,A,A,A,A,A,A,A,A,A,A
32711,A,A,A,A,A,A,A,A,A,A
32712,A,A,A,A,A,A,A,A,A,A
32713,A,A,A,A,A,A,A,A,A,A
32714,A,A,A,A,A,A,A,A,A,A
32715,A,A,A,A,A,A,A,A,A,A
32716,A,A,A,A,A,A,A,A,A,A
32717,A,A,A,A,A,A,A,A,A,A
32718,A,A,A,A,A,A,A,A,A,A
32719,A,A,A,A,A,A,A,A,A,A
32720,A,A,A,A,A,A,A,A,A,A
32721,A,A,A,A,A,A,A,A,A,A
32722,A,A,A,A,A,A,A,A,A,A
32723,A,A,A,A,A,A,A,A,A,A
32724,A,A,A,A,A,A,A,A,A,A
32725,A,A,A,A,A,A,A,A,A,A
32726,A,A,A,A,A,A,A,A,A,A
32727,A,A,A,A,A,A,A,A,A,A
32728,A,A,A,A,A,A,A,A,A,A
32729,A,A,A,A,A,A,A,A,A,A
32730,A,A,A,A,A,A,A,A,A,A
32731,A,A,A,A,A,A,A,A,A,A
32732,A,A,A,A,A,A,A,A,A,A
32733,A,A,A,A,A,A,A,A,A,A
32734,A,A,A,A,A,A,A,A,A,A
32735,A,A,A,A,A,A,A,A,A,A
32736,A,A,A,A,A,A,A,A,A,A
32737,A,A,A,A,A,A,A,A,A,A
32738,A,A,A,A,A,A,A,A,A,A
32739,A,A,A,A,A,A,A,A,A,A
32740,A,A,A,A,A,A,A,A,A,A
32741,A,A,A,A,A,A,A,A,A,A
32742,A,A,A,A,A,A,A,A,A,A
32743,A,A,A,A,A,A,A,A,A,A
32744,A,A,A,A,A,A,A,A,A,A
32745,A,A,A,A,A,A,A,A,A,A
32746,A,A,A,A,A,A,A,A,A,A
32747,A,A,A,A,A,A,A,A,A,A
32748,A,A,A,A,A,A,A,A,A,A
32749,L,L,L,L,L,L,L,L,L,L
32752,A,A,A,A,A,A,A,A,A,A
32753,A,A,A,A,A,A,A,A,A,A
32754,A,A,A,A,A,A,A,A,A,A
32755,A,A,A,A,A,A,A,A,A,A
32756,A,A,A,A,A,A,A,A,A,A
32757,A,A,A,A,A,A,A,A,A,A
32758,A,A,A,A,A,A,A,A,A,A
32759,A,A,A,A,A,A,A,A,A,A
32760,A,A,A,A,A,A,A,A,A,A
32761,A,A,A,A,A,A,A,A,A,A
32762,A,A,A,A,A,A,A,A,A,A
32763,A,A,A,A,A,A,A,A,A,A
32764,A,A,A,A,A,A,A,A,A,A
32765,A,A,A,A,A,A,A,A,A,A
32766,A,A,A,A,A,A,A,A,A,A
32767,A,A,A,A,A,A,A,A,A,A
32768,A,A,A,A,A,A,A,A,A,A
32769,A,A,A,A,A,A,A,A,A,A
32770,A,A,A,A,A,A,A,A,A,A
32771,A,A,A,A,A,A,A,A,A,A
32772,A,A,A,A,A,A,A,A,A,A
32773,A,A,A,A,A,A,A,A,A,A
32774,A,A,A,A,A,A,A,A,A,A
32775,A,A,A,A,A,A,A,A,A,A
32776,A,A,A,A,A,A,A,A,A,A
32777,A,A,A,A,A,A,A,A,A,A
32778,A,A,A,A,A,A,A,A,A,A
32779,A,A,A,A,A,A,A,A,A,A
32780,A,A,A,A,A,A,A,A,A,A
32781,A,A,A,A,A,A,A,A,A,A
32782,A,A,A,A,A,A,A,A,A,A
32783,A,A,A,A,A,A,A,A,A,A
32784,A,A,A,A,A,A,A,A,A,A
32785,A,A,A,A,A,A,A,A,A,A
32786,A,A,A,A,A,A,A,A,A,A
32787,A,A,A,A,A,A,A,A,A,A
32788,A,A,A,A,A,A,A,A,A,A
32789,A,A,A,A,A,A,A,A,A,A
32790,A,A,A,A,A,A,A,A,A,A
32791,A,A,A,A,A,A,A,A,A,A
32792,A,A,A,A,A,A,A,A,A,A
32793,A,A,A,A,A,A,A,A,A,A
32794,A,A,A,A,A,A,A,A,A,A
32795,A,A,A,A,A,A,A,A,A,A
32796,A,A,A,A,A,A,A,A,A,A
32797,A,A,A,A,A,A,A,A,A,A
32798,A,A,A,A,A,A,A,A,A,A
32799,A,A,A,A,A,A,A,A,A,A
32800,A,A,A,A,A,A,A,A,A,A
32801,A,A,A,A,A,A,A,A,A,A
32802,A,A,A,A,A,A,A,A,A,A
32803,A,A,A,A,A,A,A,A,A,A
32804,A,A,A,A,A,A,A,A,A,A
32805,A,A,A,A,A,A,A,A,A,A
32806,A,A,A,A,A,A,A,A,A,A
32807,A,A,A,A,A,A,A,A,A,A
32808,A,A,A,A,A,A,A,A,A,A
32809,A,A,A,A,A,A,A,A,A,A
32810,A,A,A,A,A,A,A,A,A,A
32811,A,A,A,A,A,A,A,A,A,A
32812,A,A,A,A,A,A,A,A,A,A
32813,A,A,A,A,A,A,A,A,A,A
32814,A,A,A,A,A,A,A,A,A,A
32815,A,A,A,A,A,A,A,A,A,A
32816,A,A,A,A,A,A,A,A,A,A
32817,A,A,A,A,A,A,A,A,A,A
32818,A,A,A,A,A,A,A,A,A,A
32819,A,A,A,A,A,A,A,A,A,A
32820,A,A,A,A,A,A,A,A,A,A
32821,A,A,A,A,A,A,A,A,A,A
32822,A,A,A,A,A,A,A,A,A,A
32823,A,A,A,A,A,A,A,A,A,A
32824,A,A,A,A,A,A,A,A,A,A
32825,A,A,A,A,A,A,A,A,A,A
32826,A,A,A,A,A,A,A,A,A,A
32827,A,A,A,A,A,A,A,A,A,A
32828,A,A,A,A,A,A,A,A,A,A
32829,A,A,A,A,A,A,A,A,A,A
32830,A,A,A,A,A,A,A,A,A,A
32831,A,A,A,A,A,A,A,A,A,A
32832,A,A,A,A,A,A,A,A,A,A
32833,A,A,A,A,A,A,A,A,A,A
32834,A,A,A,A,A,A,A,A,A,A
32835,A,A,A,A,A,A,A,A,A,A
32836,A,A,A,A,A,A,A,A,A,A
32837,A,A,A,A,A,A,A,A,A,A
32838,A,A,A,A,A,A,A,A,A,A
32839,A,A,A,A,A,A,A,A,A,A
32840,A,A,A,A,A,A,A,A,A,A
32841,A,A,A,A,A,A,A,A,A,A
32842,A,A,A,A,A,A,A,A,A,A
32843,A,A,A,A,A,A,A,A,A,A
32844,A,A,A,A,A,A,A,A,A,A
32845,A,A,A,A,A,A,A,A,A,A
32846,A,A,A,A,A,A,A,A,A,A
32847,A,A,A,A,A,A,A,A,A,A
32848,A,A,A,A,A,A,A,A,A,A
32849,A,A,A,A,A,A,A,A,A,A
32850,A,A,A,A,A,A,A,A,A,A
32851,A,A,A,A,A,A,A,A,A,A
32852,A,A,A,A,A,A,A,A,A,A
32853,A,A,A,A,A,A,A,A,A,A
32854,A,A,A,A,A,A,A,A,A,A
32855,A,A,A,A,A,A,A,A,A,A
32856,A,A,A,A,A,A,A,A,A,A
32857,A,A,A,A,A,A,A,A,A,A
32858,A,A,A,A,A,A,A,A,A,A
32859,A,A,A,A,A,A,A,A,A,A
32860,A,A,A,A,A,A,A,A,A,A
32861,A,A,A,A,A,A,A,A,A,A
32862,A,A,A,A,A,A,A,A,A,A
32863,A,A,A,A,A,A,A,A,A,A
32864,A,A,A,A,A,A,A,A,A,A
32865,A,A,A,A,A,A,A,A,A,A
32866,A,A,A,A,A,A,A,A,A,A
32867,A,A,A,A,A,A,A,A,A,A
32868,A,A,A,A,A,A,A,A,A,A
32869,A,A,A,A,A,A,A,A,A,A
32870,A,A,A,A,A,A,A,A,A,A
32871,A,A,A,A,A,A,A,A,A,A
32872,A,A,A,A,A,A,A,A,A,A
32873,A,A,A,A,A,A,A,A,A,A
32874,A,A,A,A,A,A,A,A,A,A
32875,A,A,A,A,A,A,A,A,A,A
32876,A,A,A,A,A,A,A,A,A,A
32877,A,A,A,A,A,A,A,A,A,A
32878,A,A,A,A,A,A,A,A,A,A
32879,A,A,A,A,A,A,A,A,A,A
32880,A,A,A,A,A,A,A,A,A,A
32881,A,A,A,A,A,A,A,A,A,A
32882,A,A,A,A,A,A,A,A,A,A
32883,A,A,A,A,A,A,A,A,A,A
32884,A,A,A,A,A,A,A,A,A,A
32885,A,A,A,A,A,A,A,A,A,A
32886,A,A,A,A,A,A,A,A,A,A
32887,A,A,A,A,A,A,A,A,A,A
32888,A,A,A,A,A,A,A,A,A,A
32889,A,A,A,A,A,A,A,A,A,A
32890,A,A,A,A,A,A,A,A,A,A
32891,A,A,A,A,A,A,A,A,A,A
32892,A,A,A,A,A,A,A,A,A,A
32893,A,A,A,A,A,A,A,A,A,A
32894,A,A,A,A,A,A,A,A,A,A
32895,A,A,A,A,A,A,A,A,A,A
32896,A,A,A,A,A,A,A,A,A,A
32897,A,A,A,A,A,A,A,A,A,A
32898,A,A,A,A,A,A,A,A,A,A
32899,A,A,A,A,A,A,A,A,A,A
32900,A,A,A,A,A,A,A,A,A,A
32901,A,A,A,A,A,A,A,A,A,A
32902,A,A,A,A,A,A,A,A,A,A
32903,A,A,A,A,A,A,A,A,A,A
32904,A,A,A,A,A,A,A,A,A,A
32905,A,A,A,A,A,A,A,A,A,A
32906,A,A,A,A,A,A,A,A,A,A
32907,A,A,A,A,A,A,A,A,A,A
32908,A,A,A,A,A,A,A,A,A,A
32909,A,A,A,A,A,A,A,A,A,A
32910,A,A,A,A,A,A,A,A,A,A
32911,A,A,A,A,A,A,A,A,A,A
32912,A,A,A,A,A,A,A,A,A,A
32913,A,A,A,A,A,A,A,A,A,A
32914,A,A,A,A,A,A,A,A,A,A
32915,A,A,A,A,A,A,A,A,A,A
32916,A,A,A,A,A,A,A,A,A,A
32917,A,A,A,A,A,A,A,A,A,A
32918,A,A,A,A,A,A,A,A,A,A
32919,A,A,A,A,A,A,A,A,A,A
32920,A,A,A,A,A,A,A,A,A,A
32921,A,A,A,A,A,A,A,A,A,A
32922,A,A,A,A,A,A,A,A,A,A
32923,A,A,A,A,A,A,A,A,A,A
32924,A,A,A,A,A,A,A,A,A,A
32925,A,A,A,A,A,A,A,A,A,A
32926,A,A,A,A,A,A,A,A,A,A
32927,A,A,A,A,A,A,A,A,A,A
32928,A,A,A,A,A,A,A,A,A,A
32929,A,A,A,A,A,A,A,A,A,A
32930,A,A,A,A,A,A,A,A,A,A
32931,A,A,A,A,A,A,A,A,A,A
32932,A,A,A,A,A,A,A,A,A,A
32933,A,A,A,A,A,A,A,A,A,A
32934,A,A,A,A,A,A,A,A,A,A
32935,A,A,A,A,A,A,A,A,A,A
32936,A,A,A,A,A,A,A,A,A,A
32937,A,A,A,A,A,A,A,A,A,A
32938,A,A,A,A,A,A,A,A,A,A
32939,A,A,A,A,A,A,A,A,A,A
32940,A,A,A,A,A,A,A,A,A,A
32941,A,A,A,A,A,A,A,A,A,A
32942,A,A,A,A,A,A,A,A,A,A
32943,A,A,A,A,A,A,A,A,A,A
32944,A,A,A,A,A,A,A,A,A,A
32945,A,A,A,A,A,A,A,A,A,A
32946,A,A,A,A,A,A,A,A,A,A
32947,A,A,A,A,A,A,A,A,A,A
32948,A,A,A,A,A,A,A,A,A,A
32949,A,A,A,A,A,A,A,A,A,A
32950,A,A,A,A,A,A,A,A,A,A
32951,A,A,A,A,A,A,A,A,A,A
32952,A,A,A,A,A,A,A,A,A,A
32953,A,A,A,A,A,A,A,A,A,A
32954,A,A,A,A,A,A,A,A,A,A
32955,A,A,A,A,A,A,A,A,A,A
32956,A,A,A,A,A,A,A,A,A,A
32957,A,A,A,A,A,A,A,A,A,A
32958,A,A,A,A,A,A,A,A,A,A
32959,A,A,A,A,A,A,A,A,A,A
32960,A,A,A,A,A,A,A,A,A,A
32961,A,A,A,A,A,A,A,A,A,A
32962,A,A,A,A,A,A,A,A,A,A
32963,A,A,A,A,A,A,A,A,A,A
32964,A,A,A,A,A,A,A,A,A,A
32965,A,A,A,A,A,A,A,A,A,A
32966,A,A,A,A,A,A,A,A,A,A
32967,A,A,A,A,A,A,A,A,A,A
32969,A,A,A,A,A,A,A,A,A,A
32970,A,A,A,A,A,A,A,A,A,A
32971,A,A,A,A,A,A,A,A,A,A
32972,A,A,A,A,A,A,A,A,A,A
32973,A,A,A,A,A,A,A,A,A,A
32974,A,A,A,A,A,A,A,A,A,A
32975,A,A,A,A,A,A,A,A,A,A
32976,A,A,A,A,A,A,A,A,A,A
32977,A,A,A,A,A,A,A,A,A,A
32978,A,A,A,A,A,A,A,A,A,A
32979,A,A,A,A,A,A,A,A,A,A
32980,A,A,A,A,A,A,A,A,A,A
32981,A,A,A,A,A,A,A,A,A,A
32982,A,A,A,A,A,A,A,A,A,A
32983,A,A,A,A,A,A,A,A,A,A
32984,A,A,A,A,A,A,A,A,A,A
32985,A,A,A,A,A,A,A,A,A,A
32986,A,A,A,A,A,A,A,A,A,A
32987,A,A,A,A,A,A,A,A,A,A
32988,A,A,A,A,A,A,A,A,A,A
32989,A,A,A,A,A,A,A,A,A,A
32990,A,A,A,A,A,A,A,A,A,A
32991,A,A,A,A,A,A,A,A,A,A
32992,A,A,A,A,A,A,A,A,A,A
32993,A,A,A,A,A,A,A,A,A,A
32994,A,A,A,A,A,A,A,A,A,A
32995,A,A,A,A,A,A,A,A,A,A
32996,A,A,A,A,A,A,A,A,A,A
32997,A,A,A,A,A,A,A,A,A,A
32998,A,A,A,A,A,A,A,A,A,A
32999,A,A,A,A,A,A,A,A,A,A
33001,A,A,A,A,A,A,A,A,A,A
33002,A,A,A,A,A,A,A,A,A,A
33003,A,A,A,A,A,A,A,A,A,A
33004,A,A,A,A,A,A,A,A,A,A
33005,A,A,A,A,A,A,A,A,A,A
33006,A,A,A,A,A,A,A,A,A,A
33007,A,A,A,A,A,A,A,A,A,A
33008,A,A,A,A,A,A,A,A,A,A
33009,A,A,A,A,A,A,A,A,A,A
33010,A,A,A,A,A,A,A,A,A,A
33011,A,A,A,A,A,A,A,A,A,A
33012,A,A,A,A,A,A,A,A,A,A
33013,A,A,A,A,A,A,A,A,A,A
33014,A,A,A,A,A,A,A,A,A,A
33015,A,A,A,A,A,A,A,A,A,A
33016,A,A,A,A,A,A,A,A,A,A
33017,I,I,I,I,I,I,I,I,I,I
33018,A,A,A,A,A,A,A,A,A,A
33019,A,A,A,A,A,A,A,A,A,A
33020,A,A,A,A,A,A,A,A,A,A
33021,A,A,A,A,A,A,A,A,A,A
33022,A,A,A,A,A,A,A,A,A,A
33023,A,A,A,A,A,A,A,A,A,A
33024,A,A,A,A,A,A,A,A,A,A
33025,A,A,A,A,A,A,A,A,A,A
33026,A,A,A,A,A,A,A,A,A,A
33027,A,A,A,A,A,A,A,A,A,A
33028,A,A,A,A,A,A,A,A,A,A
33029,A,A,A,A,A,A,A,A,A,A
33030,A,A,A,A,A,A,A,A,A,A
33031,A,A,A,A,A,A,A,A,A,A
33032,A,A,A,A,A,A,A,A,A,A
33033,A,A,A,A,A,A,A,A,A,A
33034,A,A,A,A,A,A,A,A,A,A
33035,A,A,A,A,A,A,A,A,A,A
33036,A,A,A,A,A,A,A,A,A,A
33037,A,A,A,A,A,A,A,A,A,A
33038,A,A,A,A,A,A,A,A,A,A
33039,A,A,A,A,A,A,A,A,A,A
33040,A,A,A,A,A,A,A,A,A,A
33041,A,A,A,A,A,A,A,A,A,A
33042,A,A,A,A,A,A,A,A,A,A
33043,A,A,A,A,A,A,A,A,A,A
33044,A,A,A,A,A,A,A,A,A,A
33045,A,A,A,A,A,A,A,A,A,A
33046,A,A,A,A,A,A,A,A,A,A
33047,A,A,A,A,A,A,A,A,A,A
33048,A,A,A,A,A,A,A,A,A,A
33049,A,A,A,A,A,A,A,A,A,A
33050,A,A,A,A,A,A,A,A,A,A
33051,A,A,A,A,A,A,A,A,A,A
33052,A,A,A,A,A,A,A,A,A,A
33053,A,A,A,A,A,A,A,A,A,A
33054,A,A,A,A,A,A,A,A,A,A
33055,I,I,I,I,I,I,I,I,I,I
33056,A,A,A,A,A,A,A,A,A,A
33057,A,A,A,A,A,A,A,A,A,A
33058,A,A,A,A,A,A,A,A,A,A
33059,A,A,A,A,A,A,A,A,A,A
33060,A,A,A,A,A,A,A,A,A,A
33061,A,A,A,A,A,A,A,A,A,A
33062,A,A,A,A,A,A,A,A,A,A
33063,A,A,A,A,A,A,A,A,A,A
33064,A,A,A,A,A,A,A,A,A,A
33065,A,A,A,A,A,A,A,A,A,A
33066,A,A,A,A,A,A,A,A,A,A
33067,A,A,A,A,A,A,A,A,A,A
33068,A,A,A,A,A,A,A,A,A,A
33069,A,A,A,A,A,A,A,A,A,A
33070,A,A,A,A,A,A,A,A,A,A
33071,A,A,A,A,A,A,A,A,A,A
33072,A,A,A,A,A,A,A,A,A,A
33073,A,A,A,A,A,A,A,A,A,A
33074,A,A,A,A,A,A,A,A,A,A
33075,A,A,A,A,A,A,A,A,A,A
33076,A,A,A,A,A,A,A,A,A,A
33077,A,A,A,A,A,A,A,A,A,A
33078,A,A,A,A,A,A,A,A,A,A
33079,A,A,A,A,A,A,A,A,A,A
33080,A,A,A,A,A,A,A,A,A,A
33081,A,A,A,A,A,A,A,A,A,A
33082,A,A,A,A,A,A,A,A,A,A
33083,A,A,A,A,A,A,A,A,A,A
33084,A,A,A,A,A,A,A,A,A,A
33085,A,A,A,A,A,A,A,A,A,A
33086,A,A,A,A,A,A,A,A,A,A
33087,A,A,A,A,A,A,A,A,A,A
33088,A,A,A,A,A,A,A,A,A,A
33089,A,A,A,A,A,A,A,A,A,A
33090,A,A,A,A,A,A,A,A,A,A
33091,A,A,A,A,A,A,A,A,A,A
33092,A,A,A,A,A,A,A,A,A,A
33093,A,A,A,A,A,A,A,A,A,A
33094,A,A,A,A,A,A,A,A,A,A
33095,A,A,A,A,A,A,A,A,A,A
33096,A,A,A,A,A,A,A,A,A,A
33097,A,A,A,A,A,A,A,A,A,A
33098,A,A,A,A,A,A,A,A,A,A
33099,A,A,A,A,A,A,A,A,A,A
33100,A,A,A,A,A,A,A,A,A,A
33101,A,A,A,A,A,A,A,A,A,A
33102,A,A,A,A,A,A,A,A,A,A
33103,A,A,A,A,A,A,A,A,A,A
33104,A,A,A,A,A,A,A,A,A,A
33105,I,I,I,I,I,I,I,I,I,I
33106,A,A,A,A,A,A,A,A,A,A
33107,A,A,A,A,A,A,A,A,A,A
33108,A,A,A,A,A,A,A,A,A,A
33109,A,A,A,A,A,A,A,A,A,A
33110,A,A,A,A,A,A,A,A,A,A
33111,A,A,A,A,A,A,A,A,A,A
33112,A,A,A,A,A,A,A,A,A,A
33113,A,A,A,A,A,A,A,A,A,A
33114,A,A,A,A,A,A,A,A,A,A
33115,A,A,A,A,A,A,A,A,A,A
33116,A,A,A,A,A,A,A,A,A,A
33117,A,A,A,A,A,A,A,A,A,A
33118,A,A,A,A,A,A,A,A,A,A
33119,A,A,A,A,A,A,A,A,A,A
33120,A,A,A,A,A,A,A,A,A,A
33121,A,A,A,A,A,A,A,A,A,A
33122,A,A,A,A,A,A,A,A,A,A
33123,A,A,A,A,A,A,A,A,A,A
33124,A,A,A,A,A,A,A,A,A,A
33125,A,A,A,A,A,A,A,A,A,A
33126,A,A,A,A,A,A,A,A,A,A
33127,A,A,A,A,A,A,A,A,A,A
33128,A,A,A,A,A,A,A,A,A,A
33129,A,A,A,A,A,A,A,A,A,A
33130,A,A,A,A,A,A,A,A,A,A
33131,A,A,A,A,A,A,A,A,A,A
33132,I,I,I,I,I,I,I,I,I,I
33133,I,I,I,I,I,I,I,I,I,I
33134,I,I,I,I,I,I,I,I,I,I
33135,I,I,I,I,I,I,I,I,I,I
33136,A,A,A,A,A,A,A,A,A,A
33137,A,A,A,A,A,A,A,A,A,A
33138,A,A,A,A,A,A,A,A,A,A
33139,A,A,A,A,A,A,A,A,A,A
33140,A,A,A,A,A,A,A,A,A,A
33141,A,A,A,A,A,A,A,A,A,A
33142,A,A,A,A,A,A,A,A,A,A
33143,A,A,A,A,A,A,A,A,A,A
33144,A,A,A,A,A,A,A,A,A,A
33145,A,A,A,A,A,A,A,A,A,A
33146,A,A,A,A,A,A,A,A,A,A
33147,A,A,A,A,A,A,A,A,A,A
33148,A,A,A,A,A,A,A,A,A,A
33149,A,A,A,A,A,A,A,A,A,A
33150,A,A,A,A,A,A,A,A,A,A
33151,A,A,A,A,A,A,A,A,A,A
33152,A,A,A,A,A,A,A,A,A,A
33153,A,A,A,A,A,A,A,A,A,A
33154,A,A,A,A,A,A,A,A,A,A
33155,A,A,A,A,A,A,A,A,A,A
33156,A,A,A,A,A,A,A,A,A,A
33157,A,A,A,A,A,A,A,A,A,A
33158,A,A,A,A,A,A,A,A,A,A
33159,A,A,A,A,A,A,A,A,A,A
33160,A,A,A,A,A,A,A,A,A,A
33161,I,I,I,I,I,I,I,I,I,I
33162,A,A,A,A,A,A,A,A,A,A
33163,A,A,A,A,A,A,A,A,A,A
33164,A,A,A,A,A,A,A,A,A,A
33165,L,L,L,L,L,L,L,L,L,L
33166,L,L,L,L,L,L,L,L,L,L
33167,I,I,I,I,I,I,I,I,I,I
33168,L,L,L,L,L,L,L,L,L,L
33169,L,L,L,L,L,L,L,L,L,L
33170,A,A,A,A,A,A,A,A,A,A
33171,A,A,A,A,A,A,A,A,A,A
33172,A,A,A,A,A,A,A,A,A,A
33173,A,A,A,A,A,A,A,A,A,A
33174,A,A,A,A,A,A,A,A,A,A
33175,A,A,A,A,A,A,A,A,A,A
33176,A,A,A,A,A,A,A,A,A,A
33177,A,A,A,A,A,A,A,A,A,A
33178,A,A,A,A,A,A,A,A,A,A
33179,A,A,A,A,A,A,A,A,A,A
33180,A,A,A,A,A,A,A,A,A,A
33181,A,A,A,A,A,A,A,A,A,A
33182,A,A,A,A,A,A,A,A,A,A
33183,A,A,A,A,A,A,A,A,A,A
33184,A,A,A,A,A,A,A,A,A,A
33185,A,A,A,A,A,A,A,A,A,A
33186,A,A,A,A,A,A,A,A,A,A
33187,A,A,A,A,A,A,A,A,A,A
33188,A,A,A,A,A,A,A,A,A,A
33189,A,A,A,A,A,A,A,A,A,A
33190,A,A,A,A,A,A,A,A,A,A
33191,A,A,A,A,A,A,A,A,A,A
33192,A,A,A,A,A,A,A,A,A,A
33193,A,A,A,A,A,A,A,A,A,A
33194,A,A,A,A,A,A,A,A,A,A
33195,A,A,A,A,A,A,A,A,A,A
33196,A,A,A,A,A,A,A,A,A,A
33197,A,A,A,A,A,A,A,A,A,A
33198,A,A,A,A,A,A,A,A,A,A
33199,A,A,A,A,A,A,A,A,A,A
33200,A,A,A,A,A,A,A,A,A,A
33201,A,A,A,A,A,A,A,A,A,A
33202,A,A,A,A,A,A,A,A,A,A
33203,A,A,A,A,A,A,A,A,A,A
33204,A,A,A,A,A,A,A,A,A,A
33205,A,A,A,A,A,A,A,A,A,A
33206,A,A,A,A,A,A,A,A,A,A
33212,A,A,A,A,A,A,A,A,A,A
33213,A,A,A,A,A,A,A,A,A,A
33214,A,A,A,A,A,A,A,A,A,A
33215,I,I,I,I,I,I,I,I,I,I
33216,A,A,A,A,A,A,A,A,A,A
33217,A,A,A,A,A,A,A,A,A,A
33218,A,A,A,A,A,A,A,A,A,A
33219,A,A,A,A,A,A,A,A,A,A
33220,A,A,A,A,A,A,A,A,A,A
33221,A,A,A,A,A,A,A,A,A,A
33222,A,A,A,A,A,A,A,A,A,A
33223,A,A,A,A,A,A,A,A,A,A
33224,A,A,A,A,A,A,A,A,A,A
33225,A,A,A,A,A,A,A,A,A,A
33226,A,A,A,A,A,A,A,A,A,A
33227,A,A,A,A,A,A,A,A,A,A
33228,A,A,A,A,A,A,A,A,A,A
33229,A,A,A,A,A,A,A,A,A,A
33230,A,A,A,A,A,A,A,A,A,A
33231,A,A,A,A,A,A,A,A,A,A
33232,A,A,A,A,A,A,A,A,A,A
33233,A,A,A,A,A,A,A,A,A,A
33234,A,A,A,A,A,A,A,A,A,A
33235,A,A,A,A,A,A,A,A,A,A
33236,A,A,A,A,A,A,A,A,A,A
33237,A,A,A,A,A,A,A,A,A,A
33238,A,A,A,A,A,A,A,A,A,A
33239,A,A,A,A,A,A,A,A,A,A
33240,A,A,A,A,A,A,A,A,A,A
33241,A,A,A,A,A,A,A,A,A,A
33242,A,A,A,A,A,A,A,A,A,A
33243,A,A,A,A,A,A,A,A,A,A
33244,A,A,A,A,A,A,A,A,A,A
33245,A,A,A,A,A,A,A,A,A,A
33246,A,A,A,A,A,A,A,A,A,A
33247,A,A,A,A,A,A,A,A,A,A
33248,A,A,A,A,A,A,A,A,A,A
33249,A,A,A,A,A,A,A,A,A,A
33250,A,A,A,A,A,A,A,A,A,A
33251,A,A,A,A,A,A,A,A,A,A
33252,A,A,A,A,A,A,A,A,A,A
33253,A,A,A,A,A,A,A,A,A,A
33254,A,A,A,A,A,A,A,A,A,A
33255,A,A,A,A,A,A,A,A,A,A
33256,A,A,A,A,A,A,A,A,A,A
33257,A,A,A,A,A,A,A,A,A,A
33258,A,A,A,A,A,A,A,A,A,A
33259,A,A,A,A,A,A,A,A,A,A
33260,A,A,A,A,A,A,A,A,A,A
33261,A,A,A,A,A,A,A,A,A,A
33262,A,A,A,A,A,A,A,A,A,A
33263,A,A,A,A,A,A,A,A,A,A
33264,A,A,A,A,A,A,A,A,A,A
33265,A,A,A,A,A,A,A,A,A,A
33266,A,A,A,A,A,A,A,A,A,A
33267,A,A,A,A,A,A,A,A,A,A
33268,A,A,A,A,A,A,A,A,A,A
33269,A,A,A,A,A,A,A,A,A,A
33270,A,A,A,A,A,A,A,A,A,A
33271,A,A,A,A,A,A,A,A,A,A
33272,A,A,A,A,A,A,A,A,A,A
33273,A,A,A,A,A,A,A,A,A,A
33274,A,A,A,A,A,A,A,A,A,A
33275,A,A,A,A,A,A,A,A,A,A
33276,A,A,A,A,A,A,A,A,A,A
33277,A,A,A,A,A,A,A,A,A,A
33278,A,A,A,A,A,A,A,A,A,A
33279,A,A,A,A,A,A,A,A,A,A
33280,A,A,A,A,A,A,A,A,A,A
33281,A,A,A,A,A,A,A,A,A,A
33282,A,A,A,A,A,A,A,A,A,A
33283,A,A,A,A,A,A,A,A,A,A
33284,A,A,A,A,A,A,A,A,A,A
33285,A,A,A,A,A,A,A,A,A,A
33286,A,A,A,A,A,A,A,A,A,A
33287,A,A,A,A,A,A,A,A,A,A
33288,A,A,A,A,A,A,A,A,A,A
33289,A,A,A,A,A,A,A,A,A,A
33290,A,A,A,A,A,A,A,A,A,A
33291,A,A,A,A,A,A,A,A,A,A
33292,A,A,A,A,A,A,A,A,A,A
33293,A,A,A,A,A,A,A,A,A,A
33294,A,A,A,A,A,A,A,A,A,A
33295,A,A,A,A,A,A,A,A,A,A
33296,A,A,A,A,A,A,A,A,A,A
33297,A,A,A,A,A,A,A,A,A,A
33298,A,A,A,A,A,A,A,A,A,A
33299,A,A,A,A,A,A,A,A,A,A
33300,A,A,A,A,A,A,A,A,A,A
33301,A,A,A,A,A,A,A,A,A,A
33302,A,A,A,A,A,A,A,A,A,A
33303,A,A,A,A,A,A,A,A,A,A
33304,A,A,A,A,A,A,A,A,A,A
33305,A,A,A,A,A,A,A,A,A,A
33306,A,A,A,A,A,A,A,A,A,A
33307,A,#N/A,A,A,#N/A,A,#N/A,A,A,A
33308,A,A,A,A,A,A,A,A,A,A
33309,A,A,A,A,A,A,A,A,A,A
33310,A,A,A,A,A,A,A,A,A,A
33311,A,A,A,A,A,A,A,A,A,A
33312,A,A,A,A,A,A,A,A,A,A
33313,A,A,A,A,A,A,A,A,A,A
33314,A,A,A,A,A,A,A,A,A,A
33316,A,A,A,A,A,A,A,A,A,A
33317,A,A,A,A,A,A,A,A,A,A
33318,L,L,L,L,L,L,L,L,L,L
33319,A,A,A,A,A,A,A,A,A,A
33320,A,A,A,A,A,A,A,A,A,A
33321,A,A,A,A,A,A,A,A,A,A
33322,A,A,A,A,A,A,A,A,A,A
33323,A,A,A,A,A,A,A,A,A,A
33324,A,A,A,A,A,A,A,A,A,A
33325,A,A,A,A,A,A,A,A,A,A
33326,A,A,A,A,A,A,A,A,A,A
33327,A,A,A,A,A,A,A,A,A,A
33328,A,A,A,A,A,A,A,A,A,A
33329,A,A,A,A,A,A,A,A,A,A
33330,C,C,C,C,C,C,C,C,C,C
33331,C,C,C,C,C,C,C,C,C,C
33333,C,C,C,C,C,C,C,C,C,C
33334,C,C,C,C,C,C,C,C,C,C
33335,C,C,C,C,C,C,C,C,C,C
33336,C,C,C,C,C,C,C,C,C,C
33337,C,C,C,C,C,C,C,C,C,C
33338,C,C,C,C,C,C,C,C,C,C
33339,C,C,C,C,C,C,C,C,C,C
33340,C,C,C,C,C,C,C,C,C,C
33341,C,C,C,C,C,C,C,C,C,C
33342,C,C,C,C,C,C,C,C,C,C
33343,C,C,C,C,C,C,C,C,C,C
33344,C,C,C,C,C,C,C,C,C,C
33345,A,A,A,A,A,A,A,A,A,A
33346,A,A,A,A,A,A,A,A,A,A
33347,A,A,A,A,A,A,A,A,A,A
33348,A,A,A,A,A,A,A,A,A,A
33349,A,A,A,A,A,A,A,A,A,A
33350,A,A,A,A,A,A,A,A,A,A
33351,A,A,A,A,A,A,A,A,A,A
33352,A,A,A,A,A,A,A,A,A,A
33353,A,A,A,A,A,A,A,A,A,A
33354,A,A,A,A,A,A,A,A,A,A
33355,A,A,A,A,A,A,A,A,A,A
33356,A,A,A,A,A,A,A,A,A,A
33357,A,A,A,A,A,A,A,A,A,A
33358,A,A,A,A,A,A,A,A,A,A
33359,A,A,A,A,A,A,A,A,A,A
33360,A,A,A,A,A,A,A,A,A,A
33361,A,A,A,A,A,A,A,A,A,A
33362,A,A,A,A,A,A,A,A,A,A
33363,A,A,A,A,A,A,A,A,A,A
33364,A,A,A,A,A,A,A,A,A,A
33365,A,A,A,A,A,A,A,A,A,A
33366,A,A,A,A,A,A,A,A,A,A
33367,A,A,A,A,A,A,A,A,A,A
33368,A,A,A,A,A,A,A,A,A,A
33369,A,A,A,A,A,A,A,A,A,A
33370,A,A,A,A,A,A,A,A,A,A
33371,A,A,A,A,A,A,A,A,A,A
33372,A,A,A,A,A,A,A,A,A,A
33373,A,A,A,A,A,A,A,A,A,A
33374,A,A,A,A,A,A,A,A,A,A
33375,A,A,A,A,A,A,A,A,A,A
33376,A,A,A,A,A,A,A,A,A,A
33377,A,A,A,A,A,A,A,A,A,A
33378,A,A,A,A,A,A,A,A,A,A
33381,A,A,A,A,A,A,A,A,A,A
33384,A,A,A,A,A,A,A,A,A,A
33386,A,A,A,A,A,A,A,A,A,A
33387,A,A,A,A,A,A,A,A,A,A
33388,A,A,A,A,A,A,A,A,A,A
33389,A,A,A,A,A,A,A,A,A,A
33391,A,A,A,A,A,A,A,A,A,A
33396,A,A,A,A,A,A,A,A,A,A
33397,A,A,A,A,A,A,A,A,A,A
33399,A,A,A,A,A,A,A,A,A,A
33400,A,A,A,A,A,A,A,A,A,A
33401,A,A,A,A,A,A,A,A,A,A
33403,A,A,A,A,A,A,A,A,A,A
33406,C,C,C,C,C,C,C,C,C,C
33407,C,C,C,C,C,C,C,C,C,C
33408,C,C,C,C,C,C,C,C,C,C
33409,C,C,C,C,C,C,C,C,C,C
33410,C,C,C,C,C,C,C,C,C,C
33411,C,C,C,C,C,C,C,C,C,C
33412,C,C,C,C,C,C,C,C,C,C
33413,C,C,C,C,C,C,C,C,C,C
33414,C,C,C,C,C,C,C,C,C,C
33415,C,C,C,C,C,C,C,C,C,C
33416,C,C,C,C,C,C,C,C,C,C
33417,C,C,C,C,C,C,C,C,C,C
33418,C,C,C,C,C,C,C,C,C,C
33419,C,C,C,C,C,C,C,C,C,C
145,#N/A,O,O,O,O,O,O,O,O,O
165,#N/A,L,L,L,L,L,L,L,L,L
166,#N/A,L,L,L,L,L,L,L,L,L
167,#N/A,L,L,L,L,L,L,L,L,L
228,#N/A,E,E,E,E,E,E,C,C,C
229,#N/A,E,E,E,E,E,E,E,E,E
231,#N/A,C,C,C,C,C,C,C,C,C
232,#N/A,E,E,E,E,E,E,E,E,E
233,#N/A,E,E,E,E,E,E,E,E,E
237,#N/A,C,C,C,C,C,C,C,C,C
241,#N/A,E,E,E,E,E,E,E,E,E
242,#N/A,E,E,E,E,E,E,E,E,E
243,#N/A,E,E,E,E,E,E,E,E,E
245,#N/A,E,E,E,E,E,E,E,E,E
1204,#N/A,A,A,A,A,A,A,A,A,A
1210,#N/A,A,A,A,A,A,A,A,A,A
1213,#N/A,A,A,A,A,A,A,A,A,A
1214,#N/A,A,A,A,A,A,A,A,A,A
1215,#N/A,A,A,A,A,A,A,A,A,A
1216,#N/A,A,A,A,A,A,A,A,A,A
1217,#N/A,A,A,A,A,A,A,A,A,A
1220,#N/A,A,A,A,A,A,A,A,A,A
1223,#N/A,A,A,A,A,A,A,A,A,A
1225,#N/A,A,A,A,A,A,A,A,A,A
1226,#N/A,A,A,A,A,A,A,A,A,A
1229,#N/A,A,A,A,A,A,A,A,A,A
1230,#N/A,A,A,A,A,A,A,A,A,A
1231,#N/A,A,A,A,A,A,A,A,A,A
1232,#N/A,A,A,A,A,A,A,A,A,A
1234,#N/A,A,A,A,A,A,A,A,A,A
1534,#N/A,L,L,L,L,L,L,L,L,L
1824,#N/A,A,A,A,A,A,A,A,A,A
1826,#N/A,A,A,A,A,A,A,A,A,A
1827,#N/A,A,A,A,A,A,A,A,A,A
1829,#N/A,A,A,A,A,#N/A,I,I,I,I
1888,#N/A,E,E,E,E,E,E,E,E,E
1922,#N/A,C,C,C,C,C,C,C,C,C
1926,#N/A,C,C,C,C,C,C,C,C,C
1927,#N/A,C,C,C,C,C,C,C,C,C
1929,#N/A,L,L,L,L,L,L,L,L,L
1931,#N/A,H,E,E,E,E,E,E,E,E
1935,#N/A,A,A,A,A,A,A,A,A,A
1937,#N/A,E,E,E,E,E,E,E,E,E
1943,#N/A,C,C,C,C,C,C,C,C,C
1972,#N/A,B,B,B,B,B,B,B,B,B
1973,#N/A,B,B,B,B,B,B,B,B,B
1974,#N/A,B,B,B,B,B,B,B,B,B
1975,#N/A,B,B,B,B,B,B,B,B,B
1976,#N/A,B,B,B,B,B,B,B,B,B
1977,#N/A,B,B,B,B,B,B,B,B,B
2960,#N/A,A,A,A,A,A,A,A,A,A
2962,#N/A,A,A,A,A,A,A,A,A,A
2963,#N/A,A,A,A,A,A,A,A,A,A
2965,#N/A,A,A,A,A,A,A,A,A,A
2966,#N/A,A,A,A,A,A,A,A,A,A
2969,#N/A,A,A,A,A,A,A,A,A,A
2971,#N/A,A,A,A,A,A,A,A,A,A
2972,#N/A,A,A,A,A,A,A,A,A,A
2974,#N/A,A,A,A,A,A,A,A,A,A
2975,#N/A,A,A,A,A,A,A,A,A,A
2977,#N/A,A,A,A,A,A,A,A,A,A
2979,#N/A,A,A,A,A,A,A,A,A,A
4311,#N/A,A,A,A,A,A,A,A,A,A
6995,#N/A,O,O,O,O,O,O,O,O,O
8519,#N/A,E,E,E,E,E,E,E,E,E
8520,#N/A,O,O,O,O,O,O,O,O,O
8559,#N/A,E,E,E,E,E,E,E,E,E
8562,#N/A,E,E,E,E,E,E,E,E,E
8563,#N/A,O,O,O,O,O,O,O,O,O
11586,#N/A,A,A,A,A,A,A,A,A,A
11588,#N/A,A,A,A,A,A,A,A,A,A
11590,#N/A,A,A,A,A,A,A,A,A,A
11594,#N/A,A,A,A,A,A,A,A,A,A
11596,#N/A,A,A,A,A,A,A,A,A,A
11598,#N/A,A,A,A,A,A,A,A,A,A
11600,#N/A,A,A,A,A,A,A,A,A,A
11607,#N/A,A,A,A,A,A,A,A,A,A
11609,#N/A,A,A,A,A,A,A,A,A,A
11611,#N/A,A,A,A,A,A,A,A,A,A
11612,#N/A,A,A,A,A,A,A,A,A,A
11613,#N/A,A,A,A,A,A,A,A,A,A
11615,#N/A,A,A,A,A,A,A,A,A,A
11617,#N/A,A,A,A,A,A,A,A,A,A
11628,#N/A,A,A,A,A,A,A,A,A,A
11659,#N/A,A,A,A,A,A,A,A,A,A
11660,#N/A,A,A,A,A,A,A,A,A,A
11661,#N/A,A,A,A,A,A,A,A,A,A
11663,#N/A,A,A,A,A,A,A,A,A,A
11665,#N/A,A,A,A,A,A,A,A,A,A
11668,#N/A,A,A,A,A,A,A,A,A,A
11670,#N/A,A,A,A,A,A,A,A,A,A
11671,#N/A,A,A,A,A,A,A,A,A,A
11678,#N/A,A,A,A,A,A,A,A,A,A
11679,#N/A,A,A,A,A,A,A,A,A,A
11681,#N/A,A,A,A,A,A,A,A,A,A
11682,#N/A,A,A,A,A,A,A,A,A,A
11683,#N/A,A,A,A,A,A,A,A,A,A
11687,#N/A,A,A,A,A,A,A,A,A,A
11688,#N/A,A,A,A,A,A,A,A,A,A
11691,#N/A,A,A,A,A,A,A,A,A,A
11692,#N/A,A,A,A,A,A,A,A,A,A
11694,#N/A,A,A,A,A,A,A,A,A,A
11696,#N/A,A,A,A,A,A,A,A,A,A
11697,#N/A,A,A,A,A,A,A,A,A,A
11700,#N/A,A,A,A,A,A,A,A,A,A
11702,#N/A,A,A,A,A,A,A,A,A,A
11712,#N/A,A,A,A,A,A,A,A,A,A
11731,#N/A,A,A,A,A,A,A,A,A,A
12661,#N/A,B,B,B,B,B,B,B,B,B
12662,#N/A,B,B,B,B,B,B,B,B,B
12663,#N/A,B,B,B,B,B,B,B,B,B
12664,#N/A,B,B,B,B,B,B,B,B,B
12665,#N/A,B,B,B,B,B,B,B,B,B
12667,#N/A,B,B,B,B,B,B,B,B,B
14015,#N/A,I,I,I,I,I,I,I,I,I
18380,#N/A,E,E,E,E,E,E,E,E,E
21329,#N/A,A,A,A,A,A,A,A,A,A
23977,#N/A,A,A,A,A,A,A,A,A,A
23978,#N/A,A,A,A,A,A,A,A,A,A
23981,#N/A,A,A,A,A,A,A,A,A,A
23983,#N/A,A,A,A,A,A,A,A,A,A
23985,#N/A,A,A,A,A,A,A,A,A,A
23989,#N/A,A,A,A,A,A,A,A,A,A
24003,#N/A,A,A,A,A,A,A,A,A,A
24004,#N/A,A,A,A,A,A,A,A,A,A
24006,#N/A,A,A,A,A,A,A,A,A,A
24007,#N/A,A,A,A,A,A,A,A,A,A
24010,#N/A,A,A,A,A,A,A,A,A,A
24021,#N/A,B,B,B,A,A,A,A,A,A
24022,#N/A,A,A,A,A,A,A,A,A,A
24024,#N/A,A,A,A,A,A,A,A,A,A
24025,#N/A,A,A,A,A,A,A,A,A,A
24027,#N/A,A,A,A,A,A,A,A,A,A
24028,#N/A,B,B,B,A,A,A,A,A,A
24030,#N/A,A,A,A,A,A,A,A,A,A
24033,#N/A,A,A,A,A,A,A,A,A,A
24034,#N/A,A,A,A,A,A,A,A,A,A
24036,#N/A,A,A,A,A,A,A,A,A,A
24037,#N/A,A,A,A,A,A,A,A,A,A
24039,#N/A,A,A,A,A,A,A,A,A,A
24040,#N/A,A,A,A,A,A,A,A,A,A
24042,#N/A,A,A,A,A,A,A,A,A,A
24043,#N/A,A,A,A,A,A,A,A,A,A
24046,#N/A,A,A,A,A,A,A,A,A,A
24048,#N/A,A,A,A,A,A,A,A,A,A
24051,#N/A,A,A,A,A,A,A,A,A,A
24052,#N/A,A,A,A,A,A,A,A,A,A
24055,#N/A,A,A,A,A,A,A,A,A,A
24057,#N/A,A,A,A,A,A,A,A,A,A
24058,#N/A,A,A,A,A,A,A,A,A,A
24067,#N/A,A,A,A,A,A,A,A,A,A
24072,#N/A,A,A,A,A,A,A,A,A,A
24075,#N/A,A,A,A,A,A,A,A,A,A
24243,#N/A,B,B,B,B,B,B,B,B,B
24244,#N/A,B,B,B,B,B,B,B,B,B
24252,#N/A,B,B,B,B,B,B,B,B,B
24254,#N/A,B,B,B,B,B,B,B,B,B
24256,#N/A,B,B,B,B,B,B,B,B,B
24260,#N/A,B,B,B,B,B,B,B,B,B
24262,#N/A,B,B,B,B,B,B,B,B,B
24266,#N/A,A,A,A,A,A,A,A,A,A
24267,#N/A,A,A,A,A,A,A,A,A,A
24272,#N/A,A,A,A,A,A,A,A,A,A
24274,#N/A,B,B,B,B,B,B,B,B,B
24275,#N/A,A,A,A,A,A,A,A,A,A
24276,#N/A,B,B,B,B,B,B,B,B,B
24277,#N/A,B,B,B,B,B,B,B,B,B
24278,#N/A,B,B,B,B,B,B,B,B,B
24279,#N/A,B,B,B,B,B,B,B,B,B
24280,#N/A,B,B,B,B,B,B,B,B,B
24281,#N/A,B,B,B,B,B,B,B,B,B
24283,#N/A,B,B,B,B,B,B,B,B,B
24284,#N/A,B,B,B,B,B,B,B,B,B
24285,#N/A,B,B,B,B,B,B,B,B,B
24286,#N/A,B,B,B,B,B,B,B,B,B
24287,#N/A,A,A,A,A,A,A,A,A,A
24288,#N/A,A,A,A,A,A,A,A,A,A
24289,#N/A,A,A,A,A,A,A,A,A,A
24290,#N/A,A,A,A,A,A,A,A,A,A
24815,#N/A,D,D,D,D,D,D,D,D,D
25333,#N/A,A,A,A,A,A,A,A,A,A
25345,#N/A,A,A,A,A,A,A,A,A,A
25350,#N/A,A,A,A,A,A,A,A,A,A
25590,#N/A,A,A,A,A,A,A,A,A,A
25596,#N/A,A,A,A,A,A,A,A,A,A
25598,#N/A,A,A,A,A,A,A,A,A,A
25600,#N/A,A,A,A,A,A,A,A,A,A
25606,#N/A,A,A,A,A,A,A,A,A,A
25608,#N/A,A,A,A,A,A,A,A,A,A
25611,#N/A,A,A,A,A,A,A,A,A,A
25613,#N/A,A,A,A,A,A,A,A,A,A
25614,#N/A,A,A,A,A,A,A,A,A,A
25616,#N/A,A,A,A,A,A,A,A,A,A
25617,#N/A,A,A,A,A,A,A,A,A,A
25619,#N/A,A,A,A,A,A,A,A,A,A
25620,#N/A,A,A,A,A,A,A,A,A,A
25632,#N/A,A,A,A,A,A,A,A,A,A
25633,#N/A,A,A,A,A,A,A,A,A,A
25635,#N/A,A,A,A,A,A,A,A,A,A
25636,#N/A,A,A,A,A,A,A,A,A,A
26414,#N/A,A,A,A,A,A,A,A,A,A
28395,#N/A,C,C,C,C,C,C,C,C,E
28397,#N/A,O,O,O,O,O,O,O,O,O
28400,#N/A,E,E,E,E,E,E,E,E,E
28401,#N/A,E,E,E,E,E,E,E,E,E
28403,#N/A,O,O,O,O,O,O,O,O,O
28413,#N/A,E,E,E,E,E,E,E,E,E
28587,#N/A,E,E,E,E,E,E,E,E,E
28716,#N/A,E,E,E,E,E,E,E,E,E
28718,#N/A,E,E,E,E,E,E,E,E,E
28723,#N/A,E,E,E,E,E,E,E,E,E
28732,#N/A,E,E,E,E,E,E,E,E,E
28741,#N/A,E,E,E,E,E,E,E,E,E
31714,#N/A,A,A,A,A,A,A,A,A,A
31724,#N/A,A,A,A,A,A,A,A,A,A
31726,#N/A,A,A,A,A,A,A,A,A,A
31728,#N/A,A,A,A,A,A,A,A,A,A
31730,#N/A,A,A,A,A,A,A,A,A,A
31732,#N/A,A,A,A,A,A,A,A,A,A
31734,#N/A,A,A,A,A,A,A,A,A,A
31736,#N/A,A,A,A,A,A,A,A,A,A
31738,#N/A,A,A,A,A,A,A,A,A,A
31739,#N/A,A,A,A,A,A,A,A,A,A
31740,#N/A,A,A,A,A,A,A,A,A,A
31741,#N/A,A,A,A,A,A,A,A,A,A
31742,#N/A,A,A,A,A,A,A,A,A,A
31743,#N/A,A,A,A,A,A,A,A,A,A
31744,#N/A,A,A,A,A,A,A,A,A,A
31745,#N/A,A,A,A,A,A,A,A,A,A
31746,#N/A,A,A,A,A,A,A,A,A,A
31747,#N/A,A,A,A,A,A,A,A,A,A
31748,#N/A,A,A,A,A,A,A,A,A,A
31749,#N/A,A,A,A,A,A,A,A,A,A
31750,#N/A,A,A,A,A,A,A,A,A,A
31751,#N/A,A,A,A,A,A,A,A,A,A
31755,#N/A,A,A,A,A,A,A,A,A,A
31758,#N/A,A,A,A,A,A,A,A,A,A
31760,#N/A,A,A,A,A,A,A,A,A,A
31764,#N/A,A,A,A,A,A,A,A,A,A
31766,#N/A,C,C,C,C,C,C,C,C,C
31768,#N/A,C,C,C,C,C,C,C,C,C
31770,#N/A,C,C,C,C,C,C,C,C,C
31771,#N/A,C,C,C,C,C,C,C,C,C
31772,#N/A,C,C,C,C,C,C,C,C,C
31774,#N/A,C,C,C,C,C,C,C,C,C
31776,#N/A,C,C,C,C,C,C,C,C,C
31777,#N/A,C,C,C,C,C,C,C,C,C
32968,#N/A,A,A,A,A,A,A,A,A,A
33379,#N/A,A,A,A,A,A,A,A,A,A
33380,#N/A,A,A,A,A,A,A,A,A,A
33382,#N/A,A,A,A,A,A,A,A,A,A
33385,#N/A,A,A,A,A,A,A,A,A,A
33398,#N/A,A,A,A,A,A,A,A,A,A
184,#N/A,#N/A,E,E,E,E,E,E,E,E
195,#N/A,#N/A,E,E,E,E,E,E,E,E
208,#N/A,#N/A,O,O,O,O,O,O,O,O
209,#N/A,#N/A,E,E,E,E,E,E,E,E
279,#N/A,#N/A,I,O,O,O,O,O,O,O
280,#N/A,#N/A,E,E,E,E,E,E,E,E
282,#N/A,#N/A,I,O,O,O,O,O,O,O
283,#N/A,#N/A,I,O,O,O,O,O,O,O
284,#N/A,#N/A,E,E,E,E,E,E,E,E
346,#N/A,#N/A,E,E,E,E,E,E,E,E
1138,#N/A,#N/A,A,A,A,A,A,A,A,A
1139,#N/A,#N/A,A,A,A,A,A,A,A,A
1146,#N/A,#N/A,A,A,A,A,A,A,A,A
1147,#N/A,#N/A,A,A,A,A,A,A,A,A
1150,#N/A,#N/A,A,A,A,A,A,A,A,A
1202,#N/A,#N/A,A,A,A,A,A,A,A,A
1206,#N/A,#N/A,A,A,A,A,A,A,A,A
1208,#N/A,#N/A,A,A,A,A,A,A,A,A
1218,#N/A,#N/A,A,A,A,A,A,A,A,A
1221,#N/A,#N/A,A,A,A,A,A,A,A,A
1227,#N/A,#N/A,A,A,A,A,A,A,A,A
1228,#N/A,#N/A,A,A,A,A,A,A,A,A
1233,#N/A,#N/A,A,A,A,A,A,A,A,A
1235,#N/A,#N/A,C,C,C,C,C,C,C,C
1236,#N/A,#N/A,I,I,I,I,I,I,I,I
1237,#N/A,#N/A,A,A,A,A,A,A,A,A
1238,#N/A,#N/A,A,A,A,A,A,A,A,A
1239,#N/A,#N/A,A,A,A,A,A,A,A,A
1240,#N/A,#N/A,A,A,A,A,A,A,A,A
1241,#N/A,#N/A,A,A,A,A,A,A,A,A
1242,#N/A,#N/A,A,A,A,A,A,A,A,A
1243,#N/A,#N/A,A,A,A,A,A,A,A,A
1244,#N/A,#N/A,A,A,A,A,A,A,A,A
1538,#N/A,#N/A,L,L,L,L,L,L,L,L
1687,#N/A,#N/A,A,A,A,A,A,A,A,A
1932,#N/A,#N/A,J,J,J,J,J,J,J,J
1934,#N/A,#N/A,J,J,J,J,J,J,J,J
1938,#N/A,#N/A,I,I,I,I,I,I,I,I
1983,#N/A,#N/A,A,A,A,A,A,A,A,A
6201,#N/A,#N/A,L,L,L,L,L,L,L,L
7919,#N/A,#N/A,A,A,A,A,A,A,A,A
7920,#N/A,#N/A,A,A,A,A,A,A,A,A
7921,#N/A,#N/A,A,A,A,A,A,A,A,A
7922,#N/A,#N/A,A,A,A,A,A,A,A,A
7923,#N/A,#N/A,A,A,A,A,A,A,A,A
7925,#N/A,#N/A,A,A,A,A,A,A,A,A
7926,#N/A,#N/A,A,A,A,A,A,A,A,A
7928,#N/A,#N/A,A,A,A,A,A,A,A,A
7929,#N/A,#N/A,A,A,A,A,A,A,A,A
7931,#N/A,#N/A,O,O,O,O,O,O,O,O
8300,#N/A,#N/A,H,H,H,H,H,H,H,H
8537,#N/A,#N/A,E,E,E,E,E,E,E,E
8539,#N/A,#N/A,E,E,E,E,E,E,E,E
8541,#N/A,#N/A,E,E,E,E,E,E,E,E
8567,#N/A,#N/A,O,O,O,O,O,O,O,O
8569,#N/A,#N/A,E,E,E,E,E,E,E,E
8586,#N/A,#N/A,H,H,H,H,H,H,#N/A,M
8603,#N/A,#N/A,E,E,E,E,E,E,E,E
8748,#N/A,#N/A,I,I,I,I,I,I,I,I
9226,#N/A,#N/A,L,L,L,L,L,L,L,L
11563,#N/A,#N/A,C,C,C,C,C,C,C,C
11591,#N/A,#N/A,I,I,I,C,C,C,C,C
11593,#N/A,#N/A,A,A,A,A,A,A,A,A
11595,#N/A,#N/A,A,A,A,A,A,A,A,A
11599,#N/A,#N/A,A,A,A,A,A,A,A,A
11601,#N/A,#N/A,A,A,A,A,A,A,A,A
11603,#N/A,#N/A,A,A,A,A,A,A,A,A
11604,#N/A,#N/A,A,A,A,A,A,A,A,A
11606,#N/A,#N/A,A,A,A,A,A,A,A,A
11618,#N/A,#N/A,A,A,A,A,A,A,A,A
11620,#N/A,#N/A,A,A,A,A,A,A,A,A
11621,#N/A,#N/A,A,A,A,A,A,A,A,A
11622,#N/A,#N/A,A,A,A,A,A,A,A,A
11623,#N/A,#N/A,A,A,A,A,A,A,A,A
11624,#N/A,#N/A,A,A,A,A,A,A,A,A
11627,#N/A,#N/A,A,A,A,A,A,A,A,A
11633,#N/A,#N/A,A,A,A,A,A,A,A,A
11635,#N/A,#N/A,A,A,A,A,A,A,A,A
11638,#N/A,#N/A,A,A,A,A,A,A,A,A
11639,#N/A,#N/A,A,A,A,A,A,A,A,A
11641,#N/A,#N/A,A,A,A,A,A,A,A,A
11645,#N/A,#N/A,A,A,A,A,A,A,A,A
11650,#N/A,#N/A,A,A,A,A,A,A,A,A
11651,#N/A,#N/A,A,A,A,A,A,A,A,A
11652,#N/A,#N/A,A,A,A,A,A,A,A,A
11675,#N/A,#N/A,A,A,A,A,A,A,A,A
11680,#N/A,#N/A,A,A,A,A,A,A,A,A
11684,#N/A,#N/A,A,A,A,A,A,A,A,A
11685,#N/A,#N/A,A,A,A,A,A,A,A,A
11686,#N/A,#N/A,A,A,A,A,A,A,A,A
11689,#N/A,#N/A,A,A,A,A,A,A,A,A
11690,#N/A,#N/A,A,A,A,A,A,A,A,A
11693,#N/A,#N/A,A,A,A,A,A,A,A,A
11695,#N/A,#N/A,A,A,A,A,A,A,A,A
11698,#N/A,#N/A,A,A,A,A,A,A,A,A
11699,#N/A,#N/A,A,A,A,A,A,A,A,A
11701,#N/A,#N/A,A,A,A,A,A,A,A,A
11703,#N/A,#N/A,A,A,A,A,A,A,A,A
11707,#N/A,#N/A,A,A,A,A,A,A,A,A
11729,#N/A,#N/A,A,A,A,A,A,A,A,A
11730,#N/A,#N/A,A,A,A,A,A,A,A,A
11732,#N/A,#N/A,A,A,A,A,A,A,A,A
11733,#N/A,#N/A,A,A,A,A,A,A,A,A
11734,#N/A,#N/A,A,A,A,A,A,A,A,A
11735,#N/A,#N/A,A,A,A,A,A,A,A,A
11736,#N/A,#N/A,A,A,A,A,A,A,A,A
11737,#N/A,#N/A,A,A,A,A,A,A,A,A
11741,#N/A,#N/A,A,A,A,A,A,A,A,A
11764,#N/A,#N/A,A,A,A,A,A,A,A,A
14120,#N/A,#N/A,E,E,E,E,E,E,E,E
14121,#N/A,#N/A,O,O,O,O,O,O,O,O
18362,#N/A,#N/A,O,O,O,O,O,O,O,O
18384,#N/A,#N/A,E,E,E,E,E,E,E,E
21332,#N/A,#N/A,A,A,A,A,A,A,A,A
23875,#N/A,#N/A,B,B,B,B,B,B,B,B
23877,#N/A,#N/A,B,B,B,B,B,B,B,B
23878,#N/A,#N/A,B,B,B,B,B,B,B,B
23986,#N/A,#N/A,A,A,A,A,A,A,A,A
23994,#N/A,#N/A,A,A,A,A,A,A,A,A
24013,#N/A,#N/A,A,A,A,A,A,A,A,A
24015,#N/A,#N/A,A,A,A,A,A,A,A,A
24016,#N/A,#N/A,A,A,A,A,A,A,A,A
24018,#N/A,#N/A,A,A,A,A,A,A,A,A
24019,#N/A,#N/A,A,A,A,A,A,A,A,A
24045,#N/A,#N/A,A,A,A,A,A,A,A,A
24049,#N/A,#N/A,A,A,A,A,A,A,A,A
24054,#N/A,#N/A,A,A,A,A,A,A,A,A
24061,#N/A,#N/A,A,A,A,A,A,A,A,A
24063,#N/A,#N/A,A,A,A,A,A,A,A,A
24064,#N/A,#N/A,A,A,A,A,A,A,A,A
24066,#N/A,#N/A,A,A,A,A,A,A,A,A
24069,#N/A,#N/A,A,A,A,A,A,A,A,A
24070,#N/A,#N/A,A,A,A,A,A,A,A,A
24073,#N/A,#N/A,A,A,A,A,A,A,A,A
24076,#N/A,#N/A,B,B,B,B,B,B,B,B
24078,#N/A,#N/A,B,B,B,B,B,B,B,B
24079,#N/A,#N/A,B,B,B,B,B,B,B,B
24081,#N/A,#N/A,B,B,B,B,B,B,B,B
24085,#N/A,#N/A,A,A,A,A,A,A,A,A
24087,#N/A,#N/A,A,A,A,A,A,A,A,A
24088,#N/A,#N/A,A,A,A,A,A,A,A,A
24090,#N/A,#N/A,A,A,A,A,A,A,A,A
24091,#N/A,#N/A,A,A,A,A,A,A,A,A
24111,#N/A,#N/A,A,A,A,A,A,A,A,A
24114,#N/A,#N/A,A,A,A,A,A,A,A,A
24115,#N/A,#N/A,B,B,B,B,B,B,B,B
24124,#N/A,#N/A,A,A,A,A,A,A,A,A
24223,#N/A,#N/A,B,B,B,B,B,B,B,B
24225,#N/A,#N/A,B,B,B,B,B,B,B,B
24226,#N/A,#N/A,B,B,B,B,B,B,B,B
24227,#N/A,#N/A,B,B,B,B,B,B,B,B
24230,#N/A,#N/A,B,B,B,B,B,B,B,B
24231,#N/A,#N/A,B,B,B,B,B,B,B,B
24233,#N/A,#N/A,B,B,B,B,B,B,B,B
24234,#N/A,#N/A,B,B,B,B,B,B,B,B
24236,#N/A,#N/A,B,B,B,B,B,B,B,B
24237,#N/A,#N/A,B,B,B,B,B,B,B,B
24238,#N/A,#N/A,B,B,B,B,B,B,B,B
24239,#N/A,#N/A,B,B,B,B,B,B,B,B
24240,#N/A,#N/A,B,B,B,B,B,B,B,B
24241,#N/A,#N/A,B,B,B,B,B,B,B,B
24242,#N/A,#N/A,B,B,B,B,B,B,B,B
24245,#N/A,#N/A,B,B,B,B,B,B,B,B
24246,#N/A,#N/A,A,A,A,A,A,A,A,B
24247,#N/A,#N/A,B,B,B,B,B,B,B,B
24248,#N/A,#N/A,B,B,B,B,B,B,B,B
24249,#N/A,#N/A,B,B,B,B,B,B,B,B
24250,#N/A,#N/A,B,B,B,B,B,B,B,B
24251,#N/A,#N/A,A,A,A,A,A,A,A,A
24255,#N/A,#N/A,B,B,B,B,B,B,B,B
24258,#N/A,#N/A,B,B,B,B,B,B,B,B
24259,#N/A,#N/A,B,B,B,B,B,B,B,B
24261,#N/A,#N/A,B,B,B,B,B,B,B,B
24263,#N/A,#N/A,B,B,B,B,B,B,B,B
24264,#N/A,#N/A,B,B,B,B,B,B,B,B
24265,#N/A,#N/A,B,B,B,B,B,B,B,B
24268,#N/A,#N/A,A,A,A,A,A,A,A,A
24269,#N/A,#N/A,B,B,B,B,B,B,B,B
24270,#N/A,#N/A,A,A,A,A,A,A,A,B
24271,#N/A,#N/A,A,A,A,A,A,A,A,A
24273,#N/A,#N/A,A,A,A,A,A,A,A,A
24282,#N/A,#N/A,A,A,A,A,A,A,A,A
24291,#N/A,#N/A,A,A,A,A,A,A,A,A
25158,#N/A,#N/A,A,A,A,A,A,A,A,A
25334,#N/A,#N/A,A,A,A,A,A,A,A,A
25335,#N/A,#N/A,A,A,A,A,A,A,A,A
25336,#N/A,#N/A,A,A,A,A,A,A,A,A
25589,#N/A,#N/A,A,A,A,A,A,A,A,A
25591,#N/A,#N/A,A,A,A,A,A,A,A,A
25592,#N/A,#N/A,A,A,A,A,A,A,A,A
25593,#N/A,#N/A,A,A,A,A,A,A,A,A
25594,#N/A,#N/A,A,A,A,A,A,A,A,A
25595,#N/A,#N/A,A,A,A,A,A,A,A,A
25597,#N/A,#N/A,A,A,A,A,A,A,A,A
25599,#N/A,#N/A,A,A,A,A,A,A,A,A
25601,#N/A,#N/A,A,A,A,A,A,A,A,A
25602,#N/A,#N/A,A,A,A,A,A,A,A,A
25603,#N/A,#N/A,A,A,A,A,A,A,A,A
25604,#N/A,#N/A,A,A,A,A,A,A,A,A
25605,#N/A,#N/A,A,A,A,A,A,A,A,A
25607,#N/A,#N/A,A,A,A,A,A,A,A,A
25609,#N/A,#N/A,A,A,A,A,A,A,A,A
25610,#N/A,#N/A,A,A,A,A,A,A,A,A
25612,#N/A,#N/A,A,A,A,A,A,A,A,A
25615,#N/A,#N/A,A,A,A,A,A,A,A,A
25618,#N/A,#N/A,A,A,A,A,A,A,A,A
25621,#N/A,#N/A,A,A,A,A,A,A,A,A
25622,#N/A,#N/A,A,A,A,A,A,A,A,A
25623,#N/A,#N/A,A,A,A,A,A,A,A,A
25625,#N/A,#N/A,A,A,A,A,A,A,A,A
25626,#N/A,#N/A,A,A,A,A,A,A,A,A
25627,#N/A,#N/A,A,A,A,A,A,A,A,A
25628,#N/A,#N/A,A,A,A,A,A,A,A,A
25629,#N/A,#N/A,A,A,A,A,A,A,A,A
25631,#N/A,#N/A,A,A,A,A,A,A,A,A
25634,#N/A,#N/A,A,A,A,A,A,A,A,A
26065,#N/A,#N/A,C,C,C,C,C,C,C,C
26067,#N/A,#N/A,D,D,D,D,D,D,D,D
26068,#N/A,#N/A,C,C,C,C,C,C,C,C
26070,#N/A,#N/A,D,D,D,D,D,D,D,D
26071,#N/A,#N/A,D,D,D,D,D,D,D,D
26073,#N/A,#N/A,D,D,D,D,D,D,D,D
26074,#N/A,#N/A,D,D,D,D,D,D,D,D
26076,#N/A,#N/A,D,D,D,D,D,D,D,D
26080,#N/A,#N/A,E,E,E,E,E,E,E,E
26240,#N/A,#N/A,C,C,C,C,C,C,C,C
26242,#N/A,#N/A,C,C,C,C,C,C,C,C
26243,#N/A,#N/A,C,C,C,C,C,C,C,C
26245,#N/A,#N/A,C,C,C,C,C,C,C,C
26246,#N/A,#N/A,C,C,C,C,C,C,C,C
26248,#N/A,#N/A,C,C,C,C,C,C,C,C
26250,#N/A,#N/A,C,C,C,C,C,C,C,C
26251,#N/A,#N/A,C,C,C,C,C,C,C,C
26253,#N/A,#N/A,C,C,C,C,C,C,C,C
26256,#N/A,#N/A,C,C,C,C,C,C,C,C
26257,#N/A,#N/A,C,C,C,C,C,C,C,C
26259,#N/A,#N/A,C,C,C,C,C,C,C,C
26261,#N/A,#N/A,C,C,C,C,C,C,C,C
26952,#N/A,#N/A,L,L,L,L,L,L,L,L
28399,#N/A,#N/A,E,E,E,E,E,E,E,E
28407,#N/A,#N/A,J,J,J,J,J,J,J,J
28433,#N/A,#N/A,E,E,E,E,E,E,E,E
28434,#N/A,#N/A,E,E,E,E,E,E,E,E
28531,#N/A,#N/A,I,O,O,O,O,O,O,O
28549,#N/A,#N/A,C,C,C,C,C,C,C,C
28556,#N/A,#N/A,C,C,C,C,C,C,C,C
28686,#N/A,#N/A,E,E,E,E,E,E,E,E
28700,#N/A,#N/A,E,E,E,E,E,E,E,E
28721,#N/A,#N/A,E,E,E,E,E,E,E,E
28725,#N/A,#N/A,E,E,E,E,E,E,E,E
28726,#N/A,#N/A,E,E,E,E,E,E,E,E
28745,#N/A,#N/A,E,E,E,E,E,E,E,E
31079,#N/A,#N/A,E,E,E,E,E,E,E,E
31270,#N/A,#N/A,A,A,A,A,A,A,A,A
31272,#N/A,#N/A,A,A,A,A,A,A,A,A
31274,#N/A,#N/A,A,A,A,A,A,A,A,A
31276,#N/A,#N/A,A,A,A,A,A,A,A,A
31278,#N/A,#N/A,A,A,A,A,A,A,A,A
31280,#N/A,#N/A,A,A,A,A,A,A,A,A
31735,#N/A,#N/A,A,A,A,A,A,A,A,A
31737,#N/A,#N/A,A,A,A,A,A,A,A,A
31753,#N/A,#N/A,A,A,A,A,A,A,A,A
31754,#N/A,#N/A,A,A,A,A,A,A,A,A
31756,#N/A,#N/A,A,A,A,A,A,A,A,A
31757,#N/A,#N/A,A,A,A,A,A,A,A,A
31759,#N/A,#N/A,A,A,A,A,A,A,A,A
31761,#N/A,#N/A,A,A,A,A,A,A,A,A
31762,#N/A,#N/A,A,A,A,A,A,A,A,A
31763,#N/A,#N/A,A,A,A,A,A,A,A,A
31765,#N/A,#N/A,A,A,A,A,A,A,A,A
31773,#N/A,#N/A,A,A,A,A,A,A,A,A
31775,#N/A,#N/A,A,A,A,A,A,A,A,A
31778,#N/A,#N/A,A,A,A,A,A,A,A,A
31779,#N/A,#N/A,A,A,A,A,A,A,A,A
31780,#N/A,#N/A,A,A,A,A,A,A,A,A
31781,#N/A,#N/A,A,A,A,A,A,A,A,A
31782,#N/A,#N/A,A,A,A,A,A,A,A,A
31783,#N/A,#N/A,A,A,A,A,A,A,A,A
31784,#N/A,#N/A,A,A,A,A,A,A,A,A
31785,#N/A,#N/A,A,A,A,A,A,A,A,A
31786,#N/A,#N/A,A,A,A,A,A,A,A,A
31787,#N/A,#N/A,A,A,A,A,A,A,A,A
31788,#N/A,#N/A,A,A,A,A,A,A,A,A
31789,#N/A,#N/A,A,A,A,A,A,A,A,A
31790,#N/A,#N/A,A,A,A,A,A,A,A,A
31791,#N/A,#N/A,A,A,A,A,A,A,A,A
31792,#N/A,#N/A,A,A,A,A,A,A,A,A
31793,#N/A,#N/A,A,A,A,A,A,A,A,A
31794,#N/A,#N/A,A,A,A,A,A,A,A,A
31795,#N/A,#N/A,A,A,A,A,A,A,A,A
31796,#N/A,#N/A,A,A,A,A,A,A,A,A
31797,#N/A,#N/A,A,A,A,A,A,A,A,A
31798,#N/A,#N/A,A,A,A,A,A,A,A,A
33000,#N/A,#N/A,A,A,A,A,A,A,A,A
33383,#N/A,#N/A,A,A,A,A,A,A,A,A
147,#N/A,#N/A,#N/A,A,A,A,A,A,A,A
281,#N/A,#N/A,#N/A,I,I,I,I,I,I,I
295,#N/A,#N/A,#N/A,O,O,O,O,O,O,O
2980,#N/A,#N/A,#N/A,O,O,O,O,O,O,O
7932,#N/A,#N/A,#N/A,A,A,A,A,A,A,A
7934,#N/A,#N/A,#N/A,A,A,A,A,A,A,A
7935,#N/A,#N/A,#N/A,A,A,A,A,A,A,A
7937,#N/A,#N/A,#N/A,A,A,A,A,A,A,A
7938,#N/A,#N/A,#N/A,A,A,A,A,A,A,A
7940,#N/A,#N/A,#N/A,A,A,A,A,A,A,A
7941,#N/A,#N/A,#N/A,A,A,A,A,A,A,A
7943,#N/A,#N/A,#N/A,A,A,A,A,A,A,A
7944,#N/A,#N/A,#N/A,A,A,A,A,A,A,A
7946,#N/A,#N/A,#N/A,A,A,A,A,A,A,A
7947,#N/A,#N/A,#N/A,A,A,A,A,A,A,A
7949,#N/A,#N/A,#N/A,A,A,A,A,A,A,A
7952,#N/A,#N/A,#N/A,A,A,A,A,A,A,A
7953,#N/A,#N/A,#N/A,A,A,A,A,A,A,A
7955,#N/A,#N/A,#N/A,A,A,A,A,A,A,A
7956,#N/A,#N/A,#N/A,A,A,A,A,A,A,A
7958,#N/A,#N/A,#N/A,A,A,A,A,A,A,A
7959,#N/A,#N/A,#N/A,A,A,A,A,A,A,A
7960,#N/A,#N/A,#N/A,A,A,A,A,A,A,A
7961,#N/A,#N/A,#N/A,A,A,A,A,A,A,A
7962,#N/A,#N/A,#N/A,A,A,A,A,A,A,A
7964,#N/A,#N/A,#N/A,A,A,A,A,A,A,A
7965,#N/A,#N/A,#N/A,A,A,A,A,A,A,A
7966,#N/A,#N/A,#N/A,A,A,A,A,A,A,A
7967,#N/A,#N/A,#N/A,A,A,A,A,A,A,A
7968,#N/A,#N/A,#N/A,A,A,A,A,A,A,A
7969,#N/A,#N/A,#N/A,A,A,A,A,A,A,A
7970,#N/A,#N/A,#N/A,A,A,A,A,A,A,A
7971,#N/A,#N/A,#N/A,A,A,A,A,A,A,A
7974,#N/A,#N/A,#N/A,A,A,A,A,A,A,A
7975,#N/A,#N/A,#N/A,A,A,A,A,A,A,A
8350,#N/A,#N/A,#N/A,O,O,O,O,O,O,O
8553,#N/A,#N/A,#N/A,E,E,E,E,E,E,E
8554,#N/A,#N/A,#N/A,O,O,O,O,O,O,O
8784,#N/A,#N/A,#N/A,E,E,E,E,E,E,E
9092,#N/A,#N/A,#N/A,L,L,L,L,L,L,L
9093,#N/A,#N/A,#N/A,L,L,L,L,L,L,L
9228,#N/A,#N/A,#N/A,H,H,H,H,H,H,H
9500,#N/A,#N/A,#N/A,A,A,A,A,A,A,A
11465,#N/A,#N/A,#N/A,A,A,A,A,A,A,A
11474,#N/A,#N/A,#N/A,A,A,A,A,A,A,A
11564,#N/A,#N/A,#N/A,A,A,A,A,A,A,A
11565,#N/A,#N/A,#N/A,A,A,A,A,A,A,A
11573,#N/A,#N/A,#N/A,Z,Z,Z,Z,Z,Z,Z
11574,#N/A,#N/A,#N/A,A,A,A,A,A,A,A
11575,#N/A,#N/A,#N/A,A,A,A,A,A,A,A
11576,#N/A,#N/A,#N/A,A,A,A,A,A,A,A
11577,#N/A,#N/A,#N/A,A,A,A,A,A,A,A
11578,#N/A,#N/A,#N/A,B,B,B,B,B,B,B
11579,#N/A,#N/A,#N/A,B,B,B,B,B,B,B
11580,#N/A,#N/A,#N/A,B,B,B,B,B,B,B
11581,#N/A,#N/A,#N/A,B,B,B,B,B,B,B
11582,#N/A,#N/A,#N/A,B,B,B,B,B,B,B
11583,#N/A,#N/A,#N/A,B,B,B,B,B,B,B
11584,#N/A,#N/A,#N/A,B,B,B,B,B,B,B
11585,#N/A,#N/A,#N/A,B,B,B,B,B,B,B
11587,#N/A,#N/A,#N/A,B,B,B,B,B,B,B
11589,#N/A,#N/A,#N/A,B,B,B,B,B,B,B
11605,#N/A,#N/A,#N/A,A,A,A,A,A,A,A
11608,#N/A,#N/A,#N/A,B,B,B,B,B,B,B
11610,#N/A,#N/A,#N/A,B,B,B,B,B,B,B
11614,#N/A,#N/A,#N/A,B,B,B,B,B,B,B
11616,#N/A,#N/A,#N/A,B,B,B,B,B,B,B
11619,#N/A,#N/A,#N/A,B,B,B,B,B,B,B
11625,#N/A,#N/A,#N/A,A,A,A,A,A,A,A
11626,#N/A,#N/A,#N/A,B,B,B,B,B,B,B
11629,#N/A,#N/A,#N/A,A,A,A,A,A,A,A
11630,#N/A,#N/A,#N/A,A,A,A,A,A,A,A
11631,#N/A,#N/A,#N/A,A,A,A,A,A,A,A
11636,#N/A,#N/A,#N/A,A,A,A,A,A,A,A
11647,#N/A,#N/A,#N/A,C,C,C,C,C,C,C
11704,#N/A,#N/A,#N/A,A,A,A,A,A,A,A
11705,#N/A,#N/A,#N/A,A,A,A,A,A,A,A
11706,#N/A,#N/A,#N/A,A,A,A,A,A,A,A
11708,#N/A,#N/A,#N/A,A,A,A,A,A,A,A
11709,#N/A,#N/A,#N/A,A,A,A,A,A,A,A
11710,#N/A,#N/A,#N/A,A,A,A,A,A,A,A
11711,#N/A,#N/A,#N/A,A,A,A,A,A,A,A
11713,#N/A,#N/A,#N/A,A,A,A,A,A,A,A
11714,#N/A,#N/A,#N/A,A,A,A,A,A,A,A
11715,#N/A,#N/A,#N/A,A,A,A,A,A,A,A
11716,#N/A,#N/A,#N/A,A,A,A,A,A,A,A
11717,#N/A,#N/A,#N/A,A,A,A,A,A,A,A
11718,#N/A,#N/A,#N/A,A,A,A,A,A,A,A
11719,#N/A,#N/A,#N/A,A,A,A,A,A,A,A
11726,#N/A,#N/A,#N/A,A,A,A,A,A,A,A
11728,#N/A,#N/A,#N/A,A,A,A,A,A,A,A
11738,#N/A,#N/A,#N/A,A,A,A,A,A,A,A
11739,#N/A,#N/A,#N/A,A,A,A,A,A,A,A
11740,#N/A,#N/A,#N/A,A,A,A,A,A,A,A
11742,#N/A,#N/A,#N/A,A,A,A,A,A,A,A
11743,#N/A,#N/A,#N/A,A,A,A,A,A,A,A
11744,#N/A,#N/A,#N/A,A,A,A,A,A,A,A
11745,#N/A,#N/A,#N/A,A,A,A,A,A,A,A
13781,#N/A,#N/A,#N/A,A,A,A,A,A,A,A
14019,#N/A,#N/A,#N/A,A,A,A,A,A,A,A
14122,#N/A,#N/A,#N/A,E,E,E,E,E,E,E
14124,#N/A,#N/A,#N/A,I,O,O,O,O,O,O
14255,#N/A,#N/A,#N/A,A,A,A,A,A,A,A
14256,#N/A,#N/A,#N/A,A,A,A,A,A,A,A
14296,#N/A,#N/A,#N/A,A,A,A,A,A,A,A
14297,#N/A,#N/A,#N/A,A,A,A,A,A,A,A
14299,#N/A,#N/A,#N/A,A,A,A,A,A,A,A
14300,#N/A,#N/A,#N/A,A,A,A,A,A,A,A
14302,#N/A,#N/A,#N/A,A,A,A,A,A,A,A
14555,#N/A,#N/A,#N/A,E,E,E,E,E,E,E
18253,#N/A,#N/A,#N/A,C,C,C,C,C,C,C
24060,#N/A,#N/A,#N/A,A,A,A,A,A,A,A
24082,#N/A,#N/A,#N/A,B,B,B,B,B,B,B
24084,#N/A,#N/A,#N/A,A,A,A,A,A,A,A
24112,#N/A,#N/A,#N/A,B,B,B,B,B,B,B
24228,#N/A,#N/A,#N/A,B,B,B,B,B,B,B
24229,#N/A,#N/A,#N/A,B,B,B,B,B,B,B
24253,#N/A,#N/A,#N/A,B,B,B,B,B,B,B
24257,#N/A,#N/A,#N/A,A,A,A,A,A,A,B
25630,#N/A,#N/A,#N/A,A,A,A,A,A,A,A
26077,#N/A,#N/A,#N/A,O,O,O,O,O,O,O
26079,#N/A,#N/A,#N/A,O,O,O,O,O,O,O
28376,#N/A,#N/A,#N/A,C,C,C,C,C,C,C
28378,#N/A,#N/A,#N/A,C,C,C,C,C,C,C
28379,#N/A,#N/A,#N/A,C,C,C,C,C,C,C
28380,#N/A,#N/A,#N/A,C,C,C,C,C,C,C
28381,#N/A,#N/A,#N/A,C,C,C,C,C,C,C
28382,#N/A,#N/A,#N/A,C,C,C,C,C,C,C
28383,#N/A,#N/A,#N/A,C,C,C,C,C,C,C
28546,#N/A,#N/A,#N/A,C,C,C,C,C,C,C
28548,#N/A,#N/A,#N/A,C,C,C,C,C,C,C
28551,#N/A,#N/A,#N/A,C,C,C,C,C,C,C
28552,#N/A,#N/A,#N/A,C,C,C,C,C,C,C
28553,#N/A,#N/A,#N/A,C,C,C,C,C,C,C
28554,#N/A,#N/A,#N/A,C,C,C,C,C,C,C
28555,#N/A,#N/A,#N/A,C,C,C,C,C,C,C
28580,#N/A,#N/A,#N/A,E,E,E,E,E,E,E
28594,#N/A,#N/A,#N/A,E,E,E,E,E,E,E
28693,#N/A,#N/A,#N/A,E,E,E,E,E,E,E
28714,#N/A,#N/A,#N/A,O,O,O,O,O,O,O
30093,#N/A,#N/A,#N/A,E,E,E,E,E,E,E
30094,#N/A,#N/A,#N/A,E,E,E,E,E,E,E
30632,#N/A,#N/A,#N/A,E,E,E,E,E,E,E
30633,#N/A,#N/A,#N/A,E,E,E,E,E,E,E
31080,#N/A,#N/A,#N/A,E,E,E,E,E,E,E
31266,#N/A,#N/A,#N/A,A,A,A,A,A,A,A
31267,#N/A,#N/A,#N/A,A,A,A,A,A,A,A
31268,#N/A,#N/A,#N/A,A,A,A,A,A,A,A
31269,#N/A,#N/A,#N/A,A,A,A,A,A,A,A
31271,#N/A,#N/A,#N/A,A,A,A,A,A,A,A
31273,#N/A,#N/A,#N/A,A,A,A,A,A,A,A
31275,#N/A,#N/A,#N/A,A,A,A,A,A,A,A
31277,#N/A,#N/A,#N/A,A,A,A,A,A,A,A
31279,#N/A,#N/A,#N/A,A,A,A,A,A,A,A
31281,#N/A,#N/A,#N/A,A,A,A,A,A,A,A
31282,#N/A,#N/A,#N/A,A,A,A,A,A,A,A
31284,#N/A,#N/A,#N/A,A,A,A,A,A,A,A
31799,#N/A,#N/A,#N/A,A,A,A,A,A,A,A
31800,#N/A,#N/A,#N/A,A,A,A,A,A,A,A
31801,#N/A,#N/A,#N/A,A,A,A,A,A,A,A
31802,#N/A,#N/A,#N/A,A,A,A,A,A,A,A
31803,#N/A,#N/A,#N/A,A,A,A,A,A,A,A
31806,#N/A,#N/A,#N/A,A,A,A,A,A,A,A
31818,#N/A,#N/A,#N/A,A,A,A,A,A,A,A
32110,#N/A,#N/A,#N/A,A,A,A,A,A,A,A
32131,#N/A,#N/A,#N/A,A,A,A,A,A,A,A
33209,#N/A,#N/A,#N/A,O,O,O,O,O,O,O
33211,#N/A,#N/A,#N/A,A,A,A,A,A,A,A
33390,#N/A,#N/A,#N/A,A,A,A,A,A,A,A
33640,#N/A,#N/A,#N/A,Q,Q,Q,Q,Q,Q,Q
33641,#N/A,#N/A,#N/A,Q,#N/A,Q,Q,Q,Q,Q
33642,#N/A,#N/A,#N/A,Q,Q,#N/A,#N/A,Q,Q,Q
33643,#N/A,#N/A,#N/A,Q,Q,Q,Q,#N/A,#N/A,Q
33644,#N/A,#N/A,#N/A,Q,Q,#N/A,#N/A,#N/A,#N/A,Q
33645,#N/A,#N/A,#N/A,Q,#N/A,Q,Q,#N/A,#N/A,Q
33646,#N/A,#N/A,#N/A,Q,Q,Q,Q,#N/A,#N/A,Q
33647,#N/A,#N/A,#N/A,Q,Q,Q,Q,#N/A,#N/A,Q
33648,#N/A,#N/A,#N/A,Q,Q,Q,Q,Q,Q,Q
33649,#N/A,#N/A,#N/A,Q,Q,#N/A,Q,#N/A,#N/A,Q
33651,#N/A,#N/A,#N/A,Q,Q,#N/A,#N/A,#N/A,#N/A,Q
33652,#N/A,#N/A,#N/A,Q,#N/A,Q,Q,Q,Q,Q
33653,#N/A,#N/A,#N/A,Q,Q,Q,Q,Q,Q,Q
33654,#N/A,#N/A,#N/A,Q,Q,Q,Q,Q,Q,Q
33655,#N/A,#N/A,#N/A,Q,Q,#N/A,#N/A,#N/A,#N/A,Q
33656,#N/A,#N/A,#N/A,Q,Q,Q,Q,Q,Q,Q
33657,#N/A,#N/A,#N/A,Q,Q,#N/A,Q,#N/A,#N/A,Q
33658,#N/A,#N/A,#N/A,Q,Q,Q,Q,Q,Q,Q
33659,#N/A,#N/A,#N/A,Q,#N/A,Q,Q,Q,Q,Q
33660,#N/A,#N/A,#N/A,Q,Q,Q,Q,#N/A,#N/A,Q
33661,#N/A,#N/A,#N/A,Q,Q,Q,Q,Q,Q,Q
33662,#N/A,#N/A,#N/A,Q,Q,#N/A,#N/A,#N/A,#N/A,Q
33663,#N/A,#N/A,#N/A,Q,Q,Q,Q,Q,Q,Q
33664,#N/A,#N/A,#N/A,Q,Q,Q,Q,Q,Q,Q
33665,#N/A,#N/A,#N/A,Q,Q,#N/A,Q,#N/A,#N/A,Q
33666,#N/A,#N/A,#N/A,Q,Q,#N/A,Q,Q,Q,Q
149,#N/A,#N/A,#N/A,#N/A,A,A,A,A,A,A
150,#N/A,#N/A,#N/A,#N/A,A,A,A,A,A,A
152,#N/A,#N/A,#N/A,#N/A,A,A,A,A,A,A
171,#N/A,#N/A,#N/A,#N/A,L,L,L,L,L,L
213,#N/A,#N/A,#N/A,#N/A,E,E,E,E,E,E
7918,#N/A,#N/A,#N/A,#N/A,A,A,A,A,A,A
7950,#N/A,#N/A,#N/A,#N/A,A,A,A,A,A,A
7972,#N/A,#N/A,#N/A,#N/A,A,A,A,A,A,A
7973,#N/A,#N/A,#N/A,#N/A,A,A,A,A,A,A
7976,#N/A,#N/A,#N/A,#N/A,A,A,A,A,A,A
7978,#N/A,#N/A,#N/A,#N/A,A,A,A,A,A,A
7979,#N/A,#N/A,#N/A,#N/A,A,A,A,A,A,A
7980,#N/A,#N/A,#N/A,#N/A,A,A,A,A,A,A
7981,#N/A,#N/A,#N/A,#N/A,A,A,A,A,A,A
7982,#N/A,#N/A,#N/A,#N/A,A,A,A,A,A,A
7984,#N/A,#N/A,#N/A,#N/A,A,A,A,A,A,A
7985,#N/A,#N/A,#N/A,#N/A,A,A,A,A,A,A
7987,#N/A,#N/A,#N/A,#N/A,A,A,A,A,A,A
7988,#N/A,#N/A,#N/A,#N/A,A,A,A,A,A,A
7990,#N/A,#N/A,#N/A,#N/A,A,A,A,A,A,A
7991,#N/A,#N/A,#N/A,#N/A,A,A,A,A,A,A
7993,#N/A,#N/A,#N/A,#N/A,A,A,A,A,A,A
7994,#N/A,#N/A,#N/A,#N/A,A,A,A,A,A,A
7996,#N/A,#N/A,#N/A,#N/A,A,A,A,A,A,A
8289,#N/A,#N/A,#N/A,#N/A,E,E,E,E,E,E
8291,#N/A,#N/A,#N/A,#N/A,E,E,E,E,E,E
8292,#N/A,#N/A,#N/A,#N/A,C,C,C,C,C,C
8301,#N/A,#N/A,#N/A,#N/A,L,L,L,L,L,L
8320,#N/A,#N/A,#N/A,#N/A,L,L,L,L,L,L
9230,#N/A,#N/A,#N/A,#N/A,C,C,C,C,C,C
9419,#N/A,#N/A,#N/A,#N/A,A,A,A,A,A,A
9421,#N/A,#N/A,#N/A,#N/A,A,A,A,A,A,A
9422,#N/A,#N/A,#N/A,#N/A,A,A,A,A,A,A
9424,#N/A,#N/A,#N/A,#N/A,A,A,A,A,A,A
9427,#N/A,#N/A,#N/A,#N/A,A,A,A,A,A,A
9428,#N/A,#N/A,#N/A,#N/A,A,A,A,A,A,A
9430,#N/A,#N/A,#N/A,#N/A,A,A,A,A,A,A
9431,#N/A,#N/A,#N/A,#N/A,B,B,B,B,B,B
9440,#N/A,#N/A,#N/A,#N/A,A,A,A,A,A,A
9443,#N/A,#N/A,#N/A,#N/A,A,A,A,A,A,A
9445,#N/A,#N/A,#N/A,#N/A,A,A,A,A,A,A
9524,#N/A,#N/A,#N/A,#N/A,A,A,A,A,A,A
11571,#N/A,#N/A,#N/A,#N/A,Z,Z,Z,Z,Z,Z
11572,#N/A,#N/A,#N/A,#N/A,Z,Z,Z,Z,Z,Z
11720,#N/A,#N/A,#N/A,#N/A,B,B,B,B,B,B
11721,#N/A,#N/A,#N/A,#N/A,B,B,B,B,B,B
11722,#N/A,#N/A,#N/A,#N/A,B,B,B,B,B,B
11723,#N/A,#N/A,#N/A,#N/A,B,B,B,B,B,B
11724,#N/A,#N/A,#N/A,#N/A,B,B,B,B,B,B
11725,#N/A,#N/A,#N/A,#N/A,B,B,B,B,B,B
11727,#N/A,#N/A,#N/A,#N/A,A,A,A,A,A,A
11746,#N/A,#N/A,#N/A,#N/A,B,B,B,B,B,B
11747,#N/A,#N/A,#N/A,#N/A,B,B,B,B,B,B
11748,#N/A,#N/A,#N/A,#N/A,B,B,B,B,B,B
11749,#N/A,#N/A,#N/A,#N/A,B,B,B,B,B,B
11750,#N/A,#N/A,#N/A,#N/A,B,B,B,B,B,B
11751,#N/A,#N/A,#N/A,#N/A,B,B,B,B,B,B
11752,#N/A,#N/A,#N/A,#N/A,B,B,B,B,B,B
11753,#N/A,#N/A,#N/A,#N/A,B,B,B,B,B,B
11756,#N/A,#N/A,#N/A,#N/A,A,A,A,A,A,A
14123,#N/A,#N/A,#N/A,#N/A,E,E,E,E,E,E
14125,#N/A,#N/A,#N/A,#N/A,I,I,I,I,I,I
14130,#N/A,#N/A,#N/A,#N/A,A,A,A,A,A,A
14177,#N/A,#N/A,#N/A,#N/A,A,A,A,A,A,A
14213,#N/A,#N/A,#N/A,#N/A,O,O,O,I,I,I
14258,#N/A,#N/A,#N/A,#N/A,A,A,A,A,A,A
14259,#N/A,#N/A,#N/A,#N/A,A,A,A,A,A,A
14261,#N/A,#N/A,#N/A,#N/A,A,A,A,A,A,A
14262,#N/A,#N/A,#N/A,#N/A,A,A,A,A,A,A
14294,#N/A,#N/A,#N/A,#N/A,A,A,A,A,A,A
14303,#N/A,#N/A,#N/A,#N/A,O,O,O,I,I,I
14305,#N/A,#N/A,#N/A,#N/A,A,A,A,A,A,A
14306,#N/A,#N/A,#N/A,#N/A,A,A,A,A,A,A
14308,#N/A,#N/A,#N/A,#N/A,A,A,A,A,A,A
14309,#N/A,#N/A,#N/A,#N/A,A,A,A,A,A,A
14311,#N/A,#N/A,#N/A,#N/A,A,A,A,A,A,A
14312,#N/A,#N/A,#N/A,#N/A,A,A,A,A,A,A
14314,#N/A,#N/A,#N/A,#N/A,A,A,A,A,A,A
14315,#N/A,#N/A,#N/A,#N/A,B,B,B,B,B,B
14317,#N/A,#N/A,#N/A,#N/A,A,A,A,A,A,A
14318,#N/A,#N/A,#N/A,#N/A,A,A,A,A,A,A
14320,#N/A,#N/A,#N/A,#N/A,A,A,A,A,A,A
14321,#N/A,#N/A,#N/A,#N/A,A,A,A,A,A,A
14324,#N/A,#N/A,#N/A,#N/A,A,A,A,A,A,A
14326,#N/A,#N/A,#N/A,#N/A,A,A,A,A,A,A
14327,#N/A,#N/A,#N/A,#N/A,A,A,A,A,A,A
14329,#N/A,#N/A,#N/A,#N/A,A,A,A,A,A,A
14342,#N/A,#N/A,#N/A,#N/A,A,A,A,A,A,A
18251,#N/A,#N/A,#N/A,#N/A,I,I,I,I,I,I
22556,#N/A,#N/A,#N/A,#N/A,I,I,I,I,I,I
23973,#N/A,#N/A,#N/A,#N/A,C,C,C,C,C,C
23974,#N/A,#N/A,#N/A,#N/A,C,C,C,C,C,C
24998,#N/A,#N/A,#N/A,#N/A,A,A,A,A,A,A
28574,#N/A,#N/A,#N/A,#N/A,A,A,A,A,A,A
28575,#N/A,#N/A,#N/A,#N/A,A,A,A,A,A,A
28576,#N/A,#N/A,#N/A,#N/A,A,A,A,A,A,A
28702,#N/A,#N/A,#N/A,#N/A,E,E,E,E,E,E
28739,#N/A,#N/A,#N/A,#N/A,E,E,E,E,E,E
29224,#N/A,#N/A,#N/A,#N/A,A,A,A,A,A,A
31283,#N/A,#N/A,#N/A,#N/A,A,A,A,A,A,A
31285,#N/A,#N/A,#N/A,#N/A,A,A,A,A,A,A
31286,#N/A,#N/A,#N/A,#N/A,A,A,A,A,A,A
31287,#N/A,#N/A,#N/A,#N/A,A,A,A,A,A,A
31288,#N/A,#N/A,#N/A,#N/A,A,A,A,A,A,A
31289,#N/A,#N/A,#N/A,#N/A,A,A,A,A,A,A
31804,#N/A,#N/A,#N/A,#N/A,A,A,A,A,A,A
31805,#N/A,#N/A,#N/A,#N/A,A,A,A,A,A,A
31807,#N/A,#N/A,#N/A,#N/A,A,A,A,A,A,A
31808,#N/A,#N/A,#N/A,#N/A,C,C,C,C,C,C
31809,#N/A,#N/A,#N/A,#N/A,A,A,A,A,A,A
32099,#N/A,#N/A,#N/A,#N/A,A,A,A,A,A,A
32105,#N/A,#N/A,#N/A,#N/A,A,A,A,A,A,A
32128,#N/A,#N/A,#N/A,#N/A,A,A,A,A,A,A
32129,#N/A,#N/A,#N/A,#N/A,A,A,A,A,A,A
32130,#N/A,#N/A,#N/A,#N/A,A,A,A,A,A,A
32143,#N/A,#N/A,#N/A,#N/A,A,A,A,A,A,A
32144,#N/A,#N/A,#N/A,#N/A,A,A,A,A,A,A
33207,#N/A,#N/A,#N/A,#N/A,A,A,A,A,A,A
33392,#N/A,#N/A,#N/A,#N/A,A,A,A,A,A,A
33667,#N/A,#N/A,#N/A,#N/A,Q,Q,Q,Q,Q,Q
33669,#N/A,#N/A,#N/A,#N/A,Q,Q,Q,Q,Q,Q
33670,#N/A,#N/A,#N/A,#N/A,Q,Q,Q,Q,Q,Q
33671,#N/A,#N/A,#N/A,#N/A,Q,Q,Q,#N/A,#N/A,Q
33672,#N/A,#N/A,#N/A,#N/A,Q,Q,Q,Q,Q,Q
33673,#N/A,#N/A,#N/A,#N/A,Q,Q,Q,Q,Q,Q
33674,#N/A,#N/A,#N/A,#N/A,Q,#N/A,Q,Q,Q,Q
33675,#N/A,#N/A,#N/A,#N/A,Q,Q,Q,#N/A,#N/A,Q
33676,#N/A,#N/A,#N/A,#N/A,Q,#N/A,#N/A,#N/A,#N/A,Q
289,#N/A,#N/A,#N/A,#N/A,#N/A,I,I,I,I,I
290,#N/A,#N/A,#N/A,#N/A,#N/A,E,E,E,E,E
1955,#N/A,#N/A,#N/A,#N/A,#N/A,A,A,A,A,A
1956,#N/A,#N/A,#N/A,#N/A,#N/A,A,A,A,A,A
1960,#N/A,#N/A,#N/A,#N/A,#N/A,B,B,B,B,B
1962,#N/A,#N/A,#N/A,#N/A,#N/A,B,B,B,B,B
1964,#N/A,#N/A,#N/A,#N/A,#N/A,B,B,B,B,B
1966,#N/A,#N/A,#N/A,#N/A,#N/A,B,B,B,B,B
1968,#N/A,#N/A,#N/A,#N/A,#N/A,B,B,B,B,B
1970,#N/A,#N/A,#N/A,#N/A,#N/A,B,B,B,B,B
1971,#N/A,#N/A,#N/A,#N/A,#N/A,B,B,B,B,B
1978,#N/A,#N/A,#N/A,#N/A,#N/A,B,B,B,B,B
1979,#N/A,#N/A,#N/A,#N/A,#N/A,B,B,B,B,B
1980,#N/A,#N/A,#N/A,#N/A,#N/A,B,B,B,B,B
1981,#N/A,#N/A,#N/A,#N/A,#N/A,B,B,B,B,B
1982,#N/A,#N/A,#N/A,#N/A,#N/A,B,B,B,B,B
1984,#N/A,#N/A,#N/A,#N/A,#N/A,B,B,B,B,B
1985,#N/A,#N/A,#N/A,#N/A,#N/A,B,B,B,B,B
3663,#N/A,#N/A,#N/A,#N/A,#N/A,A,A,A,A,A
8138,#N/A,#N/A,#N/A,#N/A,#N/A,I,I,I,I,I
8185,#N/A,#N/A,#N/A,#N/A,#N/A,B,B,B,B,B
8187,#N/A,#N/A,#N/A,#N/A,#N/A,B,B,B,B,B
8188,#N/A,#N/A,#N/A,#N/A,#N/A,B,B,B,B,B
8190,#N/A,#N/A,#N/A,#N/A,#N/A,B,B,B,B,B
8191,#N/A,#N/A,#N/A,#N/A,#N/A,B,B,B,B,B
8193,#N/A,#N/A,#N/A,#N/A,#N/A,B,B,B,B,B
8194,#N/A,#N/A,#N/A,#N/A,#N/A,B,B,B,B,B
8196,#N/A,#N/A,#N/A,#N/A,#N/A,B,B,B,B,B
8197,#N/A,#N/A,#N/A,#N/A,#N/A,B,B,B,B,B
8199,#N/A,#N/A,#N/A,#N/A,#N/A,B,B,B,B,B
8293,#N/A,#N/A,#N/A,#N/A,#N/A,I,I,I,I,I
8294,#N/A,#N/A,#N/A,#N/A,#N/A,E,E,E,E,E
8296,#N/A,#N/A,#N/A,#N/A,#N/A,L,L,L,L,L
8354,#N/A,#N/A,#N/A,#N/A,#N/A,E,E,E,E,E
8593,#N/A,#N/A,#N/A,#N/A,#N/A,O,O,O,O,O
8600,#N/A,#N/A,#N/A,#N/A,#N/A,E,E,E,E,E
8613,#N/A,#N/A,#N/A,#N/A,#N/A,O,O,O,O,O
8615,#N/A,#N/A,#N/A,#N/A,#N/A,C,E,E,E,E
8762,#N/A,#N/A,#N/A,#N/A,#N/A,O,O,O,O,O
8774,#N/A,#N/A,#N/A,#N/A,#N/A,E,E,E,E,E
9229,#N/A,#N/A,#N/A,#N/A,#N/A,E,E,E,E,E
9425,#N/A,#N/A,#N/A,#N/A,#N/A,B,B,B,B,B
9433,#N/A,#N/A,#N/A,#N/A,#N/A,B,B,B,B,B
9434,#N/A,#N/A,#N/A,#N/A,#N/A,B,B,B,B,B
9436,#N/A,#N/A,#N/A,#N/A,#N/A,B,B,B,B,B
9437,#N/A,#N/A,#N/A,#N/A,#N/A,B,B,B,B,B
9439,#N/A,#N/A,#N/A,#N/A,#N/A,B,B,B,B,B
11476,#N/A,#N/A,#N/A,#N/A,#N/A,B,B,B,B,B
11487,#N/A,#N/A,#N/A,#N/A,#N/A,B,B,B,B,B
11508,#N/A,#N/A,#N/A,#N/A,#N/A,B,B,B,B,B
11524,#N/A,#N/A,#N/A,#N/A,#N/A,B,B,B,B,B
11537,#N/A,#N/A,#N/A,#N/A,#N/A,B,B,B,B,B
11562,#N/A,#N/A,#N/A,#N/A,#N/A,B,B,B,B,B
11566,#N/A,#N/A,#N/A,#N/A,#N/A,B,B,B,B,B
11567,#N/A,#N/A,#N/A,#N/A,#N/A,B,B,B,B,B
11568,#N/A,#N/A,#N/A,#N/A,#N/A,B,B,B,B,B
11569,#N/A,#N/A,#N/A,#N/A,#N/A,B,B,B,B,B
11570,#N/A,#N/A,#N/A,#N/A,#N/A,B,B,B,B,B
11754,#N/A,#N/A,#N/A,#N/A,#N/A,B,B,B,B,B
11755,#N/A,#N/A,#N/A,#N/A,#N/A,B,B,B,B,B
11757,#N/A,#N/A,#N/A,#N/A,#N/A,B,B,B,B,B
11758,#N/A,#N/A,#N/A,#N/A,#N/A,B,B,B,B,B
11759,#N/A,#N/A,#N/A,#N/A,#N/A,B,B,B,B,B
11760,#N/A,#N/A,#N/A,#N/A,#N/A,B,B,B,B,B
11761,#N/A,#N/A,#N/A,#N/A,#N/A,Z,Z,Z,Z,Z
11762,#N/A,#N/A,#N/A,#N/A,#N/A,Z,Z,Z,Z,Z
14077,#N/A,#N/A,#N/A,#N/A,#N/A,A,A,A,A,A
14215,#N/A,#N/A,#N/A,#N/A,#N/A,A,A,A,A,A
14216,#N/A,#N/A,#N/A,#N/A,#N/A,A,A,A,A,A
14218,#N/A,#N/A,#N/A,#N/A,#N/A,A,A,A,A,A
14219,#N/A,#N/A,#N/A,#N/A,#N/A,A,A,A,A,A
14221,#N/A,#N/A,#N/A,#N/A,#N/A,A,A,A,A,A
14222,#N/A,#N/A,#N/A,#N/A,#N/A,A,A,A,A,A
14224,#N/A,#N/A,#N/A,#N/A,#N/A,A,A,A,A,A
14330,#N/A,#N/A,#N/A,#N/A,#N/A,A,A,A,A,A
14332,#N/A,#N/A,#N/A,#N/A,#N/A,A,A,A,A,A
14333,#N/A,#N/A,#N/A,#N/A,#N/A,A,A,A,A,A
14335,#N/A,#N/A,#N/A,#N/A,#N/A,A,A,A,A,A
14336,#N/A,#N/A,#N/A,#N/A,#N/A,A,A,A,A,A
14338,#N/A,#N/A,#N/A,#N/A,#N/A,A,A,A,A,A
14339,#N/A,#N/A,#N/A,#N/A,#N/A,A,A,A,A,A
14341,#N/A,#N/A,#N/A,#N/A,#N/A,A,A,A,A,A
14344,#N/A,#N/A,#N/A,#N/A,#N/A,A,A,A,A,A
14345,#N/A,#N/A,#N/A,#N/A,#N/A,A,A,A,A,A
14347,#N/A,#N/A,#N/A,#N/A,#N/A,A,A,A,A,A
14348,#N/A,#N/A,#N/A,#N/A,#N/A,A,A,A,A,A
14350,#N/A,#N/A,#N/A,#N/A,#N/A,A,A,A,A,A
14351,#N/A,#N/A,#N/A,#N/A,#N/A,A,A,A,A,A
14353,#N/A,#N/A,#N/A,#N/A,#N/A,A,A,A,A,A
14354,#N/A,#N/A,#N/A,#N/A,#N/A,A,A,A,A,A
14356,#N/A,#N/A,#N/A,#N/A,#N/A,A,A,A,A,A
14357,#N/A,#N/A,#N/A,#N/A,#N/A,A,A,A,A,A
14359,#N/A,#N/A,#N/A,#N/A,#N/A,A,A,A,A,A
14360,#N/A,#N/A,#N/A,#N/A,#N/A,A,A,A,A,A
14362,#N/A,#N/A,#N/A,#N/A,#N/A,A,A,A,A,A
14363,#N/A,#N/A,#N/A,#N/A,#N/A,A,A,A,A,A
14364,#N/A,#N/A,#N/A,#N/A,#N/A,A,A,A,A,A
14365,#N/A,#N/A,#N/A,#N/A,#N/A,A,A,A,A,A
14367,#N/A,#N/A,#N/A,#N/A,#N/A,A,A,A,A,A
14368,#N/A,#N/A,#N/A,#N/A,#N/A,A,A,A,A,A
14553,#N/A,#N/A,#N/A,#N/A,#N/A,E,E,E,E,E
18121,#N/A,#N/A,#N/A,#N/A,#N/A,E,E,E,E,E
18123,#N/A,#N/A,#N/A,#N/A,#N/A,I,I,I,I,I
18250,#N/A,#N/A,#N/A,#N/A,#N/A,O,O,O,O,O
18364,#N/A,#N/A,#N/A,#N/A,#N/A,C,C,C,C,C
20011,#N/A,#N/A,#N/A,#N/A,#N/A,C,C,C,C,C
20012,#N/A,#N/A,#N/A,#N/A,#N/A,C,C,C,C,C
20013,#N/A,#N/A,#N/A,#N/A,#N/A,C,C,C,C,C
20019,#N/A,#N/A,#N/A,#N/A,#N/A,O,O,O,O,O
28447,#N/A,#N/A,#N/A,#N/A,#N/A,E,E,E,E,E
28448,#N/A,#N/A,#N/A,#N/A,#N/A,E,E,E,E,E
28763,#N/A,#N/A,#N/A,#N/A,#N/A,E,E,E,E,E
28768,#N/A,#N/A,#N/A,#N/A,#N/A,E,E,E,E,E
28770,#N/A,#N/A,#N/A,#N/A,#N/A,O,O,O,O,O
28977,#N/A,#N/A,#N/A,#N/A,#N/A,A,A,A,A,A
28978,#N/A,#N/A,#N/A,#N/A,#N/A,A,A,A,A,A
31082,#N/A,#N/A,#N/A,#N/A,#N/A,E,E,E,E,E
31290,#N/A,#N/A,#N/A,#N/A,#N/A,A,A,A,A,A
31291,#N/A,#N/A,#N/A,#N/A,#N/A,A,A,A,A,A
31292,#N/A,#N/A,#N/A,#N/A,#N/A,A,A,A,A,A
31293,#N/A,#N/A,#N/A,#N/A,#N/A,A,A,A,A,A
31294,#N/A,#N/A,#N/A,#N/A,#N/A,A,A,A,A,A
31295,#N/A,#N/A,#N/A,#N/A,#N/A,A,A,A,A,A
31296,#N/A,#N/A,#N/A,#N/A,#N/A,A,A,A,A,A
31297,#N/A,#N/A,#N/A,#N/A,#N/A,A,A,A,A,A
31298,#N/A,#N/A,#N/A,#N/A,#N/A,A,A,A,A,A
31299,#N/A,#N/A,#N/A,#N/A,#N/A,A,A,A,A,A
31300,#N/A,#N/A,#N/A,#N/A,#N/A,A,A,A,A,A
31301,#N/A,#N/A,#N/A,#N/A,#N/A,A,A,A,A,A
31302,#N/A,#N/A,#N/A,#N/A,#N/A,A,A,A,A,A
31303,#N/A,#N/A,#N/A,#N/A,#N/A,A,A,A,A,A
31304,#N/A,#N/A,#N/A,#N/A,#N/A,A,A,A,A,A
31305,#N/A,#N/A,#N/A,#N/A,#N/A,A,A,A,A,A
31306,#N/A,#N/A,#N/A,#N/A,#N/A,A,A,A,A,A
31307,#N/A,#N/A,#N/A,#N/A,#N/A,A,A,A,A,A
31308,#N/A,#N/A,#N/A,#N/A,#N/A,A,A,A,A,A
31309,#N/A,#N/A,#N/A,#N/A,#N/A,A,A,A,A,A
31310,#N/A,#N/A,#N/A,#N/A,#N/A,A,A,A,A,A
31311,#N/A,#N/A,#N/A,#N/A,#N/A,A,A,A,A,A
31312,#N/A,#N/A,#N/A,#N/A,#N/A,A,A,A,A,A
31314,#N/A,#N/A,#N/A,#N/A,#N/A,A,A,A,A,A
31315,#N/A,#N/A,#N/A,#N/A,#N/A,A,A,A,A,A
31316,#N/A,#N/A,#N/A,#N/A,#N/A,A,A,A,A,A
31317,#N/A,#N/A,#N/A,#N/A,#N/A,A,A,A,A,A
31318,#N/A,#N/A,#N/A,#N/A,#N/A,A,A,A,A,A
31319,#N/A,#N/A,#N/A,#N/A,#N/A,A,A,A,A,A
31320,#N/A,#N/A,#N/A,#N/A,#N/A,A,A,A,A,A
31321,#N/A,#N/A,#N/A,#N/A,#N/A,A,A,A,A,A
31322,#N/A,#N/A,#N/A,#N/A,#N/A,A,A,A,A,A
31323,#N/A,#N/A,#N/A,#N/A,#N/A,A,A,A,A,A
31324,#N/A,#N/A,#N/A,#N/A,#N/A,A,A,A,A,A
31325,#N/A,#N/A,#N/A,#N/A,#N/A,A,A,A,A,A
32142,#N/A,#N/A,#N/A,#N/A,#N/A,A,A,A,A,A
32145,#N/A,#N/A,#N/A,#N/A,#N/A,A,A,A,A,A
32146,#N/A,#N/A,#N/A,#N/A,#N/A,A,A,A,A,A
32147,#N/A,#N/A,#N/A,#N/A,#N/A,A,A,A,A,A
32148,#N/A,#N/A,#N/A,#N/A,#N/A,A,A,A,A,A
32149,#N/A,#N/A,#N/A,#N/A,#N/A,A,A,A,A,A
32150,#N/A,#N/A,#N/A,#N/A,#N/A,A,A,A,A,A
32151,#N/A,#N/A,#N/A,#N/A,#N/A,A,A,A,A,A
32152,#N/A,#N/A,#N/A,#N/A,#N/A,A,A,A,A,A
32153,#N/A,#N/A,#N/A,#N/A,#N/A,A,A,A,A,A
32154,#N/A,#N/A,#N/A,#N/A,#N/A,A,A,A,A,A
32155,#N/A,#N/A,#N/A,#N/A,#N/A,A,A,A,A,A
32156,#N/A,#N/A,#N/A,#N/A,#N/A,A,A,A,A,A
32157,#N/A,#N/A,#N/A,#N/A,#N/A,A,A,A,A,A
32158,#N/A,#N/A,#N/A,#N/A,#N/A,A,A,A,A,A
33208,#N/A,#N/A,#N/A,#N/A,#N/A,A,A,A,A,A
33421,#N/A,#N/A,#N/A,#N/A,#N/A,C,C,C,C,C
33422,#N/A,#N/A,#N/A,#N/A,#N/A,C,C,C,C,C
33428,#N/A,#N/A,#N/A,#N/A,#N/A,A,A,A,A,A
402,#N/A,#N/A,#N/A,#N/A,#N/A,#N/A,A,A,A,A
718,#N/A,#N/A,#N/A,#N/A,#N/A,#N/A,J,J,J,J
720,#N/A,#N/A,#N/A,#N/A,#N/A,#N/A,I,I,I,I
1136,#N/A,#N/A,#N/A,#N/A,#N/A,#N/A,A,A,A,A
1539,#N/A,#N/A,#N/A,#N/A,#N/A,#N/A,L,L,L,L
1986,#N/A,#N/A,#N/A,#N/A,#N/A,#N/A,B,B,B,B
1987,#N/A,#N/A,#N/A,#N/A,#N/A,#N/A,B,B,B,B
1988,#N/A,#N/A,#N/A,#N/A,#N/A,#N/A,B,B,B,B
1989,#N/A,#N/A,#N/A,#N/A,#N/A,#N/A,B,B,B,B
1990,#N/A,#N/A,#N/A,#N/A,#N/A,#N/A,B,B,B,B
8201,#N/A,#N/A,#N/A,#N/A,#N/A,#N/A,B,B,B,B
8203,#N/A,#N/A,#N/A,#N/A,#N/A,#N/A,B,B,B,B
8205,#N/A,#N/A,#N/A,#N/A,#N/A,#N/A,B,B,B,B
8207,#N/A,#N/A,#N/A,#N/A,#N/A,#N/A,B,B,B,B
8208,#N/A,#N/A,#N/A,#N/A,#N/A,#N/A,B,B,B,B
8210,#N/A,#N/A,#N/A,#N/A,#N/A,#N/A,B,B,B,B
8211,#N/A,#N/A,#N/A,#N/A,#N/A,#N/A,B,B,B,B
8213,#N/A,#N/A,#N/A,#N/A,#N/A,#N/A,B,B,B,B
8214,#N/A,#N/A,#N/A,#N/A,#N/A,#N/A,,B,B,B
8216,#N/A,#N/A,#N/A,#N/A,#N/A,#N/A,B,B,B,B
8217,#N/A,#N/A,#N/A,#N/A,#N/A,#N/A,B,B,B,B
8219,#N/A,#N/A,#N/A,#N/A,#N/A,#N/A,B,B,B,B
8220,#N/A,#N/A,#N/A,#N/A,#N/A,#N/A,B,B,B,B
8222,#N/A,#N/A,#N/A,#N/A,#N/A,#N/A,B,B,B,B
8223,#N/A,#N/A,#N/A,#N/A,#N/A,#N/A,B,B,B,B
8225,#N/A,#N/A,#N/A,#N/A,#N/A,#N/A,B,B,B,B
8226,#N/A,#N/A,#N/A,#N/A,#N/A,#N/A,B,B,B,B
8228,#N/A,#N/A,#N/A,#N/A,#N/A,#N/A,B,B,B,B
8229,#N/A,#N/A,#N/A,#N/A,#N/A,#N/A,B,B,B,B
8231,#N/A,#N/A,#N/A,#N/A,#N/A,#N/A,B,B,B,B
8232,#N/A,#N/A,#N/A,#N/A,#N/A,#N/A,B,B,B,B
8234,#N/A,#N/A,#N/A,#N/A,#N/A,#N/A,B,B,B,B
8235,#N/A,#N/A,#N/A,#N/A,#N/A,#N/A,B,B,B,B
8237,#N/A,#N/A,#N/A,#N/A,#N/A,#N/A,B,B,B,B
8238,#N/A,#N/A,#N/A,#N/A,#N/A,#N/A,B,B,B,B
8240,#N/A,#N/A,#N/A,#N/A,#N/A,#N/A,B,B,B,B
8241,#N/A,#N/A,#N/A,#N/A,#N/A,#N/A,B,B,B,B
8243,#N/A,#N/A,#N/A,#N/A,#N/A,#N/A,B,B,B,B
8244,#N/A,#N/A,#N/A,#N/A,#N/A,#N/A,B,B,B,B
8246,#N/A,#N/A,#N/A,#N/A,#N/A,#N/A,B,B,B,B
8247,#N/A,#N/A,#N/A,#N/A,#N/A,#N/A,B,B,B,B
8249,#N/A,#N/A,#N/A,#N/A,#N/A,#N/A,B,B,B,B
8250,#N/A,#N/A,#N/A,#N/A,#N/A,#N/A,B,B,B,B
8252,#N/A,#N/A,#N/A,#N/A,#N/A,#N/A,,B,B,B
8304,#N/A,#N/A,#N/A,#N/A,#N/A,#N/A,E,E,E,C
8305,#N/A,#N/A,#N/A,#N/A,#N/A,#N/A,E,E,E,E
8359,#N/A,#N/A,#N/A,#N/A,#N/A,#N/A,C,C,C,C
8495,#N/A,#N/A,#N/A,#N/A,#N/A,#N/A,C,C,C,C
8497,#N/A,#N/A,#N/A,#N/A,#N/A,#N/A,C,C,C,C
8498,#N/A,#N/A,#N/A,#N/A,#N/A,#N/A,C,C,C,C
8500,#N/A,#N/A,#N/A,#N/A,#N/A,#N/A,C,C,C,C
8501,#N/A,#N/A,#N/A,#N/A,#N/A,#N/A,C,C,C,C
8504,#N/A,#N/A,#N/A,#N/A,#N/A,#N/A,I,I,I,I
8604,#N/A,#N/A,#N/A,#N/A,#N/A,#N/A,E,E,E,E
9090,#N/A,#N/A,#N/A,#N/A,#N/A,#N/A,C,C,C,C
9095,#N/A,#N/A,#N/A,#N/A,#N/A,#N/A,E,E,E,E
11763,#N/A,#N/A,#N/A,#N/A,#N/A,#N/A,Z,Z,Z,Z
18115,#N/A,#N/A,#N/A,#N/A,#N/A,#N/A,O,O,O,O
18363,#N/A,#N/A,#N/A,#N/A,#N/A,#N/A,I,I,I,I
20014,#N/A,#N/A,#N/A,#N/A,#N/A,#N/A,C,C,C,C
20015,#N/A,#N/A,#N/A,#N/A,#N/A,#N/A,C,C,C,C
20016,#N/A,#N/A,#N/A,#N/A,#N/A,#N/A,C,C,C,C
20017,#N/A,#N/A,#N/A,#N/A,#N/A,#N/A,C,C,C,C
20018,#N/A,#N/A,#N/A,#N/A,#N/A,#N/A,C,C,C,C
26281,#N/A,#N/A,#N/A,#N/A,#N/A,#N/A,C,C,C,C
28446,#N/A,#N/A,#N/A,#N/A,#N/A,#N/A,E,E,E,E
28679,#N/A,#N/A,#N/A,#N/A,#N/A,#N/A,C,C,C,C
28728,#N/A,#N/A,#N/A,#N/A,#N/A,#N/A,E,E,E,E
31313,#N/A,#N/A,#N/A,#N/A,#N/A,#N/A,A,A,A,A
31326,#N/A,#N/A,#N/A,#N/A,#N/A,#N/A,A,A,A,A
31327,#N/A,#N/A,#N/A,#N/A,#N/A,#N/A,A,A,A,A
31328,#N/A,#N/A,#N/A,#N/A,#N/A,#N/A,A,A,A,A
31329,#N/A,#N/A,#N/A,#N/A,#N/A,#N/A,A,A,A,A
31330,#N/A,#N/A,#N/A,#N/A,#N/A,#N/A,A,A,A,A
31331,#N/A,#N/A,#N/A,#N/A,#N/A,#N/A,A,A,A,A
31332,#N/A,#N/A,#N/A,#N/A,#N/A,#N/A,A,A,A,A
31333,#N/A,#N/A,#N/A,#N/A,#N/A,#N/A,A,A,A,A
31334,#N/A,#N/A,#N/A,#N/A,#N/A,#N/A,A,A,A,A
31335,#N/A,#N/A,#N/A,#N/A,#N/A,#N/A,A,A,A,A
31336,#N/A,#N/A,#N/A,#N/A,#N/A,#N/A,A,A,A,A
31337,#N/A,#N/A,#N/A,#N/A,#N/A,#N/A,A,A,A,A
31338,#N/A,#N/A,#N/A,#N/A,#N/A,#N/A,A,A,A,A
31339,#N/A,#N/A,#N/A,#N/A,#N/A,#N/A,A,A,A,A
31340,#N/A,#N/A,#N/A,#N/A,#N/A,#N/A,A,A,A,A
31341,#N/A,#N/A,#N/A,#N/A,#N/A,#N/A,A,A,A,A
31342,#N/A,#N/A,#N/A,#N/A,#N/A,#N/A,A,A,A,A
31343,#N/A,#N/A,#N/A,#N/A,#N/A,#N/A,A,A,A,A
31344,#N/A,#N/A,#N/A,#N/A,#N/A,#N/A,A,A,A,A
31345,#N/A,#N/A,#N/A,#N/A,#N/A,#N/A,A,A,A,A
31346,#N/A,#N/A,#N/A,#N/A,#N/A,#N/A,A,A,A,A
31347,#N/A,#N/A,#N/A,#N/A,#N/A,#N/A,A,A,A,A
31348,#N/A,#N/A,#N/A,#N/A,#N/A,#N/A,A,A,A,A
31349,#N/A,#N/A,#N/A,#N/A,#N/A,#N/A,A,A,A,A
31350,#N/A,#N/A,#N/A,#N/A,#N/A,#N/A,A,A,A,A
31351,#N/A,#N/A,#N/A,#N/A,#N/A,#N/A,A,A,A,A
31352,#N/A,#N/A,#N/A,#N/A,#N/A,#N/A,A,A,A,A
31353,#N/A,#N/A,#N/A,#N/A,#N/A,#N/A,A,A,A,A
32111,#N/A,#N/A,#N/A,#N/A,#N/A,#N/A,A,A,A,A
32159,#N/A,#N/A,#N/A,#N/A,#N/A,#N/A,A,A,A,A
32160,#N/A,#N/A,#N/A,#N/A,#N/A,#N/A,A,A,A,A
32161,#N/A,#N/A,#N/A,#N/A,#N/A,#N/A,A,A,A,A
32162,#N/A,#N/A,#N/A,#N/A,#N/A,#N/A,A,A,A,A
32163,#N/A,#N/A,#N/A,#N/A,#N/A,#N/A,A,A,A,A
32164,#N/A,#N/A,#N/A,#N/A,#N/A,#N/A,A,A,A,A
32165,#N/A,#N/A,#N/A,#N/A,#N/A,#N/A,A,A,A,A
32166,#N/A,#N/A,#N/A,#N/A,#N/A,#N/A,A,A,A,A
32167,#N/A,#N/A,#N/A,#N/A,#N/A,#N/A,A,A,A,A
32168,#N/A,#N/A,#N/A,#N/A,#N/A,#N/A,A,A,A,A
32169,#N/A,#N/A,#N/A,#N/A,#N/A,#N/A,A,A,A,A
32170,#N/A,#N/A,#N/A,#N/A,#N/A,#N/A,A,A,A,A
32174,#N/A,#N/A,#N/A,#N/A,#N/A,#N/A,A,A,A,A
32750,#N/A,#N/A,#N/A,#N/A,#N/A,#N/A,A,A,A,A
32751,#N/A,#N/A,#N/A,#N/A,#N/A,#N/A,A,A,A,A
33393,#N/A,#N/A,#N/A,#N/A,#N/A,#N/A,A,A,A,A
33394,#N/A,#N/A,#N/A,#N/A,#N/A,#N/A,A,A,A,A
33395,#N/A,#N/A,#N/A,#N/A,#N/A,#N/A,A,A,A,A
33404,#N/A,#N/A,#N/A,#N/A,#N/A,#N/A,A,A,A,A
33423,#N/A,#N/A,#N/A,#N/A,#N/A,#N/A,C,C,C,C
33424,#N/A,#N/A,#N/A,#N/A,#N/A,#N/A,C,C,C,C
33426,#N/A,#N/A,#N/A,#N/A,#N/A,#N/A,C,C,C,C
33427,#N/A,#N/A,#N/A,#N/A,#N/A,#N/A,C,C,C,C
33430,#N/A,#N/A,#N/A,#N/A,#N/A,#N/A,E,E,E,E
33431,#N/A,#N/A,#N/A,#N/A,#N/A,#N/A,C,C,C,C
33432,#N/A,#N/A,#N/A,#N/A,#N/A,#N/A,A,A,A,A
33435,#N/A,#N/A,#N/A,#N/A,#N/A,#N/A,O,O,O,O
33438,#N/A,#N/A,#N/A,#N/A,#N/A,#N/A,B,B,B,B
33439,#N/A,#N/A,#N/A,#N/A,#N/A,#N/A,B,B,B,B
33515,#N/A,#N/A,#N/A,#N/A,#N/A,#N/A,C,C,C,C
2,#N/A,#N/A,#N/A,#N/A,#N/A,#N/A,#N/A,O,O,O
1950,#N/A,#N/A,#N/A,#N/A,#N/A,#N/A,#N/A,E,E,E
1991,#N/A,#N/A,#N/A,#N/A,#N/A,#N/A,#N/A,B,B,B
1992,#N/A,#N/A,#N/A,#N/A,#N/A,#N/A,#N/A,B,B,B
1993,#N/A,#N/A,#N/A,#N/A,#N/A,#N/A,#N/A,B,B,B
1994,#N/A,#N/A,#N/A,#N/A,#N/A,#N/A,#N/A,B,B,B
1995,#N/A,#N/A,#N/A,#N/A,#N/A,#N/A,#N/A,B,B,B
23064,#N/A,#N/A,#N/A,#N/A,#N/A,#N/A,#N/A,A,A,A
28445,#N/A,#N/A,#N/A,#N/A,#N/A,#N/A,#N/A,I,I,I
28743,#N/A,#N/A,#N/A,#N/A,#N/A,#N/A,#N/A,E,E,E
32171,#N/A,#N/A,#N/A,#N/A,#N/A,#N/A,#N/A,A,A,A
32172,#N/A,#N/A,#N/A,#N/A,#N/A,#N/A,#N/A,A,A,A
32173,#N/A,#N/A,#N/A,#N/A,#N/A,#N/A,#N/A,A,A,A
32175,#N/A,#N/A,#N/A,#N/A,#N/A,#N/A,#N/A,A,A,A
32176,#N/A,#N/A,#N/A,#N/A,#N/A,#N/A,#N/A,A,A,A
32177,#N/A,#N/A,#N/A,#N/A,#N/A,#N/A,#N/A,A,A,A
32178,#N/A,#N/A,#N/A,#N/A,#N/A,#N/A,#N/A,A,A,A
32179,#N/A,#N/A,#N/A,#N/A,#N/A,#N/A,#N/A,A,A,A
33433,#N/A,#N/A,#N/A,#N/A,#N/A,#N/A,#N/A,A,A,A
33434,#N/A,#N/A,#N/A,#N/A,#N/A,#N/A,#N/A,A,A,A
33436,#N/A,#N/A,#N/A,#N/A,#N/A,#N/A,#N/A,B,B,B
33437,#N/A,#N/A,#N/A,#N/A,#N/A,#N/A,#N/A,B,B,B
33440,#N/A,#N/A,#N/A,#N/A,#N/A,#N/A,#N/A,A,A,A
33441,#N/A,#N/A,#N/A,#N/A,#N/A,#N/A,#N/A,A,A,A
33442,#N/A,#N/A,#N/A,#N/A,#N/A,#N/A,#N/A,B,B,B
33443,#N/A,#N/A,#N/A,#N/A,#N/A,#N/A,#N/A,B,B,B
33444,#N/A,#N/A,#N/A,#N/A,#N/A,#N/A,#N/A,B,B,B
33445,#N/A,#N/A,#N/A,#N/A,#N/A,#N/A,#N/A,B,B,B
33446,#N/A,#N/A,#N/A,#N/A,#N/A,#N/A,#N/A,A,A,A
33447,#N/A,#N/A,#N/A,#N/A,#N/A,#N/A,#N/A,A,A,A
33448,#N/A,#N/A,#N/A,#N/A,#N/A,#N/A,#N/A,A,A,A
33449,#N/A,#N/A,#N/A,#N/A,#N/A,#N/A,#N/A,A,A,A
33450,#N/A,#N/A,#N/A,#N/A,#N/A,#N/A,#N/A,A,A,A
33451,#N/A,#N/A,#N/A,#N/A,#N/A,#N/A,#N/A,A,A,A
33452,#N/A,#N/A,#N/A,#N/A,#N/A,#N/A,#N/A,B,B,B
33453,#N/A,#N/A,#N/A,#N/A,#N/A,#N/A,#N/A,B,B,B
33454,#N/A,#N/A,#N/A,#N/A,#N/A,#N/A,#N/A,B,B,B
33455,#N/A,#N/A,#N/A,#N/A,#N/A,#N/A,#N/A,B,B,B
33456,#N/A,#N/A,#N/A,#N/A,#N/A,#N/A,#N/A,A,A,A
33457,#N/A,#N/A,#N/A,#N/A,#N/A,#N/A,#N/A,A,A,A
33459,#N/A,#N/A,#N/A,#N/A,#N/A,#N/A,#N/A,B,B,B
33460,#N/A,#N/A,#N/A,#N/A,#N/A,#N/A,#N/A,B,B,B
33461,#N/A,#N/A,#N/A,#N/A,#N/A,#N/A,#N/A,B,B,B
33462,#N/A,#N/A,#N/A,#N/A,#N/A,#N/A,#N/A,B,B,B
33463,#N/A,#N/A,#N/A,#N/A,#N/A,#N/A,#N/A,B,B,B
33464,#N/A,#N/A,#N/A,#N/A,#N/A,#N/A,#N/A,B,B,B
33465,#N/A,#N/A,#N/A,#N/A,#N/A,#N/A,#N/A,B,B,B
33466,#N/A,#N/A,#N/A,#N/A,#N/A,#N/A,#N/A,B,B,B
33467,#N/A,#N/A,#N/A,#N/A,#N/A,#N/A,#N/A,B,B,B
33468,#N/A,#N/A,#N/A,#N/A,#N/A,#N/A,#N/A,B,B,B
33469,#N/A,#N/A,#N/A,#N/A,#N/A,#N/A,#N/A,B,B,B
33470,#N/A,#N/A,#N/A,#N/A,#N/A,#N/A,#N/A,O,O,O
33471,#N/A,#N/A,#N/A,#N/A,#N/A,#N/A,#N/A,A,A,A
33472,#N/A,#N/A,#N/A,#N/A,#N/A,#N/A,#N/A,A,A,A
33473,#N/A,#N/A,#N/A,#N/A,#N/A,#N/A,#N/A,B,B,B
33474,#N/A,#N/A,#N/A,#N/A,#N/A,#N/A,#N/A,B,B,B
33475,#N/A,#N/A,#N/A,#N/A,#N/A,#N/A,#N/A,B,B,B
33476,#N/A,#N/A,#N/A,#N/A,#N/A,#N/A,#N/A,B,B,B
33477,#N/A,#N/A,#N/A,#N/A,#N/A,#N/A,#N/A,B,B,B
33478,#N/A,#N/A,#N/A,#N/A,#N/A,#N/A,#N/A,B,B,B
33479,#N/A,#N/A,#N/A,#N/A,#N/A,#N/A,#N/A,E,E,E
33480,#N/A,#N/A,#N/A,#N/A,#N/A,#N/A,#N/A,A,A,A
33481,#N/A,#N/A,#N/A,#N/A,#N/A,#N/A,#N/A,A,A,A
33482,#N/A,#N/A,#N/A,#N/A,#N/A,#N/A,#N/A,A,A,A
33483,#N/A,#N/A,#N/A,#N/A,#N/A,#N/A,#N/A,B,B,B
33484,#N/A,#N/A,#N/A,#N/A,#N/A,#N/A,#N/A,B,B,B
33485,#N/A,#N/A,#N/A,#N/A,#N/A,#N/A,#N/A,B,B,B
33486,#N/A,#N/A,#N/A,#N/A,#N/A,#N/A,#N/A,B,B,B
33487,#N/A,#N/A,#N/A,#N/A,#N/A,#N/A,#N/A,B,B,B
33488,#N/A,#N/A,#N/A,#N/A,#N/A,#N/A,#N/A,B,B,B
33489,#N/A,#N/A,#N/A,#N/A,#N/A,#N/A,#N/A,A,A,A
33490,#N/A,#N/A,#N/A,#N/A,#N/A,#N/A,#N/A,A,A,A
33491,#N/A,#N/A,#N/A,#N/A,#N/A,#N/A,#N/A,A,A,A
33492,#N/A,#N/A,#N/A,#N/A,#N/A,#N/A,#N/A,A,A,A
33493,#N/A,#N/A,#N/A,#N/A,#N/A,#N/A,#N/A,A,A,A
33494,#N/A,#N/A,#N/A,#N/A,#N/A,#N/A,#N/A,A,A,A
33495,#N/A,#N/A,#N/A,#N/A,#N/A,#N/A,#N/A,A,A,A
33496,#N/A,#N/A,#N/A,#N/A,#N/A,#N/A,#N/A,A,A,A
33497,#N/A,#N/A,#N/A,#N/A,#N/A,#N/A,#N/A,A,A,A
33498,#N/A,#N/A,#N/A,#N/A,#N/A,#N/A,#N/A,A,A,A
33499,#N/A,#N/A,#N/A,#N/A,#N/A,#N/A,#N/A,A,A,A
33500,#N/A,#N/A,#N/A,#N/A,#N/A,#N/A,#N/A,B,B,B
33501,#N/A,#N/A,#N/A,#N/A,#N/A,#N/A,#N/A,B,B,B
33502,#N/A,#N/A,#N/A,#N/A,#N/A,#N/A,#N/A,B,B,B
33503,#N/A,#N/A,#N/A,#N/A,#N/A,#N/A,#N/A,B,B,B
33504,#N/A,#N/A,#N/A,#N/A,#N/A,#N/A,#N/A,B,B,B
33505,#N/A,#N/A,#N/A,#N/A,#N/A,#N/A,#N/A,B,B,B
33506,#N/A,#N/A,#N/A,#N/A,#N/A,#N/A,#N/A,B,B,B
33507,#N/A,#N/A,#N/A,#N/A,#N/A,#N/A,#N/A,B,B,B
33508,#N/A,#N/A,#N/A,#N/A,#N/A,#N/A,#N/A,A,A,A
33509,#N/A,#N/A,#N/A,#N/A,#N/A,#N/A,#N/A,A,A,A
33510,#N/A,#N/A,#N/A,#N/A,#N/A,#N/A,#N/A,A,A,A
33511,#N/A,#N/A,#N/A,#N/A,#N/A,#N/A,#N/A,A,A,A
33512,#N/A,#N/A,#N/A,#N/A,#N/A,#N/A,#N/A,A,A,A
33513,#N/A,#N/A,#N/A,#N/A,#N/A,#N/A,#N/A,A,A,A
33514,#N/A,#N/A,#N/A,#N/A,#N/A,#N/A,#N/A,A,A,A
33516,#N/A,#N/A,#N/A,#N/A,#N/A,#N/A,#N/A,B,B,B
33518,#N/A,#N/A,#N/A,#N/A,#N/A,#N/A,#N/A,B,B,B
33519,#N/A,#N/A,#N/A,#N/A,#N/A,#N/A,#N/A,B,B,B
33520,#N/A,#N/A,#N/A,#N/A,#N/A,#N/A,#N/A,B,B,B
33521,#N/A,#N/A,#N/A,#N/A,#N/A,#N/A,#N/A,A,A,A
33522,#N/A,#N/A,#N/A,#N/A,#N/A,#N/A,#N/A,A,A,A
33523,#N/A,#N/A,#N/A,#N/A,#N/A,#N/A,#N/A,A,A,A
33524,#N/A,#N/A,#N/A,#N/A,#N/A,#N/A,#N/A,A,A,A
33525,#N/A,#N/A,#N/A,#N/A,#N/A,#N/A,#N/A,A,A,A
33526,#N/A,#N/A,#N/A,#N/A,#N/A,#N/A,#N/A,A,A,A
33527,#N/A,#N/A,#N/A,#N/A,#N/A,#N/A,#N/A,C,C,C
33528,#N/A,#N/A,#N/A,#N/A,#N/A,#N/A,#N/A,C,C,C
33529,#N/A,#N/A,#N/A,#N/A,#N/A,#N/A,#N/A,C,C,C
33530,#N/A,#N/A,#N/A,#N/A,#N/A,#N/A,#N/A,C,C,C
33531,#N/A,#N/A,#N/A,#N/A,#N/A,#N/A,#N/A,C,C,C
33532,#N/A,#N/A,#N/A,#N/A,#N/A,#N/A,#N/A,A,A,A
33533,#N/A,#N/A,#N/A,#N/A,#N/A,#N/A,#N/A,A,A,A
33534,#N/A,#N/A,#N/A,#N/A,#N/A,#N/A,#N/A,A,A,A
33535,#N/A,#N/A,#N/A,#N/A,#N/A,#N/A,#N/A,A,A,A
33536,#N/A,#N/A,#N/A,#N/A,#N/A,#N/A,#N/A,A,A,A
33537,#N/A,#N/A,#N/A,#N/A,#N/A,#N/A,#N/A,A,A,A
33538,#N/A,#N/A,#N/A,#N/A,#N/A,#N/A,#N/A,O,O,O
33539,#N/A,#N/A,#N/A,#N/A,#N/A,#N/A,#N/A,A,A,A
33540,#N/A,#N/A,#N/A,#N/A,#N/A,#N/A,#N/A,A,A,A
33541,#N/A,#N/A,#N/A,#N/A,#N/A,#N/A,#N/A,A,A,A
33542,#N/A,#N/A,#N/A,#N/A,#N/A,#N/A,#N/A,A,A,A
33543,#N/A,#N/A,#N/A,#N/A,#N/A,#N/A,#N/A,A,A,A
33544,#N/A,#N/A,#N/A,#N/A,#N/A,#N/A,#N/A,A,A,A
33545,#N/A,#N/A,#N/A,#N/A,#N/A,#N/A,#N/A,I,I,I
33546,#N/A,#N/A,#N/A,#N/A,#N/A,#N/A,#N/A,A,A,A
33548,#N/A,#N/A,#N/A,#N/A,#N/A,#N/A,#N/A,A,A,A
33550,#N/A,#N/A,#N/A,#N/A,#N/A,#N/A,#N/A,A,A,A
33553,#N/A,#N/A,#N/A,#N/A,#N/A,#N/A,#N/A,A,A,A
33554,#N/A,#N/A,#N/A,#N/A,#N/A,#N/A,#N/A,A,A,A
33555,#N/A,#N/A,#N/A,#N/A,#N/A,#N/A,#N/A,A,A,A
33556,#N/A,#N/A,#N/A,#N/A,#N/A,#N/A,#N/A,E,E,E
33558,#N/A,#N/A,#N/A,#N/A,#N/A,#N/A,#N/A,I,I,I
33563,#N/A,#N/A,#N/A,#N/A,#N/A,#N/A,#N/A,I,I,I
4657,#N/A,#N/A,#N/A,#N/A,#N/A,#N/A,#N/A,#N/A,#N/A,A
8403,#N/A,#N/A,#N/A,#N/A,#N/A,#N/A,#N/A,#N/A,#N/A,K
8555,#N/A,#N/A,#N/A,#N/A,#N/A,#N/A,#N/A,#N/A,#N/A,K
8561,#N/A,#N/A,#N/A,#N/A,#N/A,#N/A,#N/A,#N/A,#N/A,K
8773,#N/A,#N/A,#N/A,#N/A,#N/A,#N/A,#N/A,#N/A,#N/A,K
8787,#N/A,#N/A,#N/A,#N/A,#N/A,#N/A,#N/A,#N/A,#N/A,K
8788,#N/A,#N/A,#N/A,#N/A,#N/A,#N/A,#N/A,#N/A,#N/A,K
8790,#N/A,#N/A,#N/A,#N/A,#N/A,#N/A,#N/A,#N/A,#N/A,K
11662,#N/A,#N/A,#N/A,#N/A,#N/A,#N/A,#N/A,#N/A,#N/A,K
13961,#N/A,#N/A,#N/A,#N/A,#N/A,#N/A,#N/A,#N/A,#N/A,K
14554,#N/A,#N/A,#N/A,#N/A,#N/A,#N/A,#N/A,#N/A,#N/A,K
14884,#N/A,#N/A,#N/A,#N/A,#N/A,#N/A,#N/A,#N/A,#N/A,K
14885,#N/A,#N/A,#N/A,#N/A,#N/A,#N/A,#N/A,#N/A,#N/A,K
14894,#N/A,#N/A,#N/A,#N/A,#N/A,#N/A,#N/A,#N/A,#N/A,K
18095,#N/A,#N/A,#N/A,#N/A,#N/A,#N/A,#N/A,#N/A,#N/A,K
18131,#N/A,#N/A,#N/A,#N/A,#N/A,#N/A,#N/A,#N/A,#N/A,K
18193,#N/A,#N/A,#N/A,#N/A,#N/A,#N/A,#N/A,#N/A,#N/A,M
18195,#N/A,#N/A,#N/A,#N/A,#N/A,#N/A,#N/A,#N/A,#N/A,K
18245,#N/A,#N/A,#N/A,#N/A,#N/A,#N/A,#N/A,#N/A,#N/A,M
18382,#N/A,#N/A,#N/A,#N/A,#N/A,#N/A,#N/A,#N/A,#N/A,K
18383,#N/A,#N/A,#N/A,#N/A,#N/A,#N/A,#N/A,#N/A,#N/A,K
18387,#N/A,#N/A,#N/A,#N/A,#N/A,#N/A,#N/A,#N/A,#N/A,K
18392,#N/A,#N/A,#N/A,#N/A,#N/A,#N/A,#N/A,#N/A,#N/A,K
18397,#N/A,#N/A,#N/A,#N/A,#N/A,#N/A,#N/A,#N/A,#N/A,K
18398,#N/A,#N/A,#N/A,#N/A,#N/A,#N/A,#N/A,#N/A,#N/A,K
18404,#N/A,#N/A,#N/A,#N/A,#N/A,#N/A,#N/A,#N/A,#N/A,M
18409,#N/A,#N/A,#N/A,#N/A,#N/A,#N/A,#N/A,#N/A,#N/A,K
22339,#N/A,#N/A,#N/A,#N/A,#N/A,#N/A,#N/A,#N/A,#N/A,K
22340,#N/A,#N/A,#N/A,#N/A,#N/A,#N/A,#N/A,#N/A,#N/A,K
22341,#N/A,#N/A,#N/A,#N/A,#N/A,#N/A,#N/A,#N/A,#N/A,K
22400,#N/A,#N/A,#N/A,#N/A,#N/A,#N/A,#N/A,#N/A,#N/A,K
22401,#N/A,#N/A,#N/A,#N/A,#N/A,#N/A,#N/A,#N/A,#N/A,K
22427,#N/A,#N/A,#N/A,#N/A,#N/A,#N/A,#N/A,#N/A,#N/A,K
22523,#N/A,#N/A,#N/A,#N/A,#N/A,#N/A,#N/A,#N/A,#N/A,K
22600,#N/A,#N/A,#N/A,#N/A,#N/A,#N/A,#N/A,#N/A,#N/A,K
22604,#N/A,#N/A,#N/A,#N/A,#N/A,#N/A,#N/A,#N/A,#N/A,K
22731,#N/A,#N/A,#N/A,#N/A,#N/A,#N/A,#N/A,#N/A,#N/A,K
22732,#N/A,#N/A,#N/A,#N/A,#N/A,#N/A,#N/A,#N/A,#N/A,K
23159,#N/A,#N/A,#N/A,#N/A,#N/A,#N/A,#N/A,#N/A,#N/A,K
23899,#N/A,#N/A,#N/A,#N/A,#N/A,#N/A,#N/A,#N/A,#N/A,K
24222,#N/A,#N/A,#N/A,#N/A,#N/A,#N/A,#N/A,#N/A,#N/A,K
24298,#N/A,#N/A,#N/A,#N/A,#N/A,#N/A,#N/A,#N/A,#N/A,M
24806,#N/A,#N/A,#N/A,#N/A,#N/A,#N/A,#N/A,#N/A,#N/A,M
24809,#N/A,#N/A,#N/A,#N/A,#N/A,#N/A,#N/A,#N/A,#N/A,K
24816,#N/A,#N/A,#N/A,#N/A,#N/A,#N/A,#N/A,#N/A,#N/A,K
24858,#N/A,#N/A,#N/A,#N/A,#N/A,#N/A,#N/A,#N/A,#N/A,K
25038,#N/A,#N/A,#N/A,#N/A,#N/A,#N/A,#N/A,#N/A,#N/A,K
25459,#N/A,#N/A,#N/A,#N/A,#N/A,#N/A,#N/A,#N/A,#N/A,K
26064,#N/A,#N/A,#N/A,#N/A,#N/A,#N/A,#N/A,#N/A,#N/A,K
27305,#N/A,#N/A,#N/A,#N/A,#N/A,#N/A,#N/A,#N/A,#N/A,K
27995,#N/A,#N/A,#N/A,#N/A,#N/A,#N/A,#N/A,#N/A,#N/A,K
27996,#N/A,#N/A,#N/A,#N/A,#N/A,#N/A,#N/A,#N/A,#N/A,K
27998,#N/A,#N/A,#N/A,#N/A,#N/A,#N/A,#N/A,#N/A,#N/A,K
28185,#N/A,#N/A,#N/A,#N/A,#N/A,#N/A,#N/A,#N/A,#N/A,K
28186,#N/A,#N/A,#N/A,#N/A,#N/A,#N/A,#N/A,#N/A,#N/A,K
28233,#N/A,#N/A,#N/A,#N/A,#N/A,#N/A,#N/A,#N/A,#N/A,M
28312,#N/A,#N/A,#N/A,#N/A,#N/A,#N/A,#N/A,#N/A,#N/A,K
28332,#N/A,#N/A,#N/A,#N/A,#N/A,#N/A,#N/A,#N/A,#N/A,K
28355,#N/A,#N/A,#N/A,#N/A,#N/A,#N/A,#N/A,#N/A,#N/A,K
28359,#N/A,#N/A,#N/A,#N/A,#N/A,#N/A,#N/A,#N/A,#N/A,M
28387,#N/A,#N/A,#N/A,#N/A,#N/A,#N/A,#N/A,#N/A,#N/A,K
28390,#N/A,#N/A,#N/A,#N/A,#N/A,#N/A,#N/A,#N/A,#N/A,I
28406,#N/A,#N/A,#N/A,#N/A,#N/A,#N/A,#N/A,#N/A,#N/A,K
28409,#N/A,#N/A,#N/A,#N/A,#N/A,#N/A,#N/A,#N/A,#N/A,K
28427,#N/A,#N/A,#N/A,#N/A,#N/A,#N/A,#N/A,#N/A,#N/A,K
28436,#N/A,#N/A,#N/A,#N/A,#N/A,#N/A,#N/A,#N/A,#N/A,K
28439,#N/A,#N/A,#N/A,#N/A,#N/A,#N/A,#N/A,#N/A,#N/A,K
28529,#N/A,#N/A,#N/A,#N/A,#N/A,#N/A,#N/A,#N/A,#N/A,K
28530,#N/A,#N/A,#N/A,#N/A,#N/A,#N/A,#N/A,#N/A,#N/A,K
28537,#N/A,#N/A,#N/A,#N/A,#N/A,#N/A,#N/A,#N/A,#N/A,K
28543,#N/A,#N/A,#N/A,#N/A,#N/A,#N/A,#N/A,#N/A,#N/A,K
28544,#N/A,#N/A,#N/A,#N/A,#N/A,#N/A,#N/A,#N/A,#N/A,M
28545,#N/A,#N/A,#N/A,#N/A,#N/A,#N/A,#N/A,#N/A,#N/A,K
28547,#N/A,#N/A,#N/A,#N/A,#N/A,#N/A,#N/A,#N/A,#N/A,K
28571,#N/A,#N/A,#N/A,#N/A,#N/A,#N/A,#N/A,#N/A,#N/A,K
28577,#N/A,#N/A,#N/A,#N/A,#N/A,#N/A,#N/A,#N/A,#N/A,K
28578,#N/A,#N/A,#N/A,#N/A,#N/A,#N/A,#N/A,#N/A,#N/A,K
28579,#N/A,#N/A,#N/A,#N/A,#N/A,#N/A,#N/A,#N/A,#N/A,K
28582,#N/A,#N/A,#N/A,#N/A,#N/A,#N/A,#N/A,#N/A,#N/A,K
28583,#N/A,#N/A,#N/A,#N/A,#N/A,#N/A,#N/A,#N/A,#N/A,K
28618,#N/A,#N/A,#N/A,#N/A,#N/A,#N/A,#N/A,#N/A,#N/A,K
28644,#N/A,#N/A,#N/A,#N/A,#N/A,#N/A,#N/A,#N/A,#N/A,K
28676,#N/A,#N/A,#N/A,#N/A,#N/A,#N/A,#N/A,#N/A,#N/A,K
28677,#N/A,#N/A,#N/A,#N/A,#N/A,#N/A,#N/A,#N/A,#N/A,K
28678,#N/A,#N/A,#N/A,#N/A,#N/A,#N/A,#N/A,#N/A,#N/A,K
28682,#N/A,#N/A,#N/A,#N/A,#N/A,#N/A,#N/A,#N/A,#N/A,K
28683,#N/A,#N/A,#N/A,#N/A,#N/A,#N/A,#N/A,#N/A,#N/A,K
28684,#N/A,#N/A,#N/A,#N/A,#N/A,#N/A,#N/A,#N/A,#N/A,K
28685,#N/A,#N/A,#N/A,#N/A,#N/A,#N/A,#N/A,#N/A,#N/A,K
28687,#N/A,#N/A,#N/A,#N/A,#N/A,#N/A,#N/A,#N/A,#N/A,K
28688,#N/A,#N/A,#N/A,#N/A,#N/A,#N/A,#N/A,#N/A,#N/A,K
28689,#N/A,#N/A,#N/A,#N/A,#N/A,#N/A,#N/A,#N/A,#N/A,K
28690,#N/A,#N/A,#N/A,#N/A,#N/A,#N/A,#N/A,#N/A,#N/A,K
28697,#N/A,#N/A,#N/A,#N/A,#N/A,#N/A,#N/A,#N/A,#N/A,K
28698,#N/A,#N/A,#N/A,#N/A,#N/A,#N/A,#N/A,#N/A,#N/A,K
28703,#N/A,#N/A,#N/A,#N/A,#N/A,#N/A,#N/A,#N/A,#N/A,K
28704,#N/A,#N/A,#N/A,#N/A,#N/A,#N/A,#N/A,#N/A,#N/A,K
28705,#N/A,#N/A,#N/A,#N/A,#N/A,#N/A,#N/A,#N/A,#N/A,K
28706,#N/A,#N/A,#N/A,#N/A,#N/A,#N/A,#N/A,#N/A,#N/A,K
28707,#N/A,#N/A,#N/A,#N/A,#N/A,#N/A,#N/A,#N/A,#N/A,K
28712,#N/A,#N/A,#N/A,#N/A,#N/A,#N/A,#N/A,#N/A,#N/A,K
28717,#N/A,#N/A,#N/A,#N/A,#N/A,#N/A,#N/A,#N/A,#N/A,M
28719,#N/A,#N/A,#N/A,#N/A,#N/A,#N/A,#N/A,#N/A,#N/A,M
28720,#N/A,#N/A,#N/A,#N/A,#N/A,#N/A,#N/A,#N/A,#N/A,K
28722,#N/A,#N/A,#N/A,#N/A,#N/A,#N/A,#N/A,#N/A,#N/A,K
28724,#N/A,#N/A,#N/A,#N/A,#N/A,#N/A,#N/A,#N/A,#N/A,K
28727,#N/A,#N/A,#N/A,#N/A,#N/A,#N/A,#N/A,#N/A,#N/A,K
28729,#N/A,#N/A,#N/A,#N/A,#N/A,#N/A,#N/A,#N/A,#N/A,K
28730,#N/A,#N/A,#N/A,#N/A,#N/A,#N/A,#N/A,#N/A,#N/A,K
28731,#N/A,#N/A,#N/A,#N/A,#N/A,#N/A,#N/A,#N/A,#N/A,M
28737,#N/A,#N/A,#N/A,#N/A,#N/A,#N/A,#N/A,#N/A,#N/A,K
28758,#N/A,#N/A,#N/A,#N/A,#N/A,#N/A,#N/A,#N/A,#N/A,K
28767,#N/A,#N/A,#N/A,#N/A,#N/A,#N/A,#N/A,#N/A,#N/A,K
28771,#N/A,#N/A,#N/A,#N/A,#N/A,#N/A,#N/A,#N/A,#N/A,K
28772,#N/A,#N/A,#N/A,#N/A,#N/A,#N/A,#N/A,#N/A,#N/A,K
28773,#N/A,#N/A,#N/A,#N/A,#N/A,#N/A,#N/A,#N/A,#N/A,K
28778,#N/A,#N/A,#N/A,#N/A,#N/A,#N/A,#N/A,#N/A,#N/A,M
29217,#N/A,#N/A,#N/A,#N/A,#N/A,#N/A,#N/A,#N/A,#N/A,K
29603,#N/A,#N/A,#N/A,#N/A,#N/A,#N/A,#N/A,#N/A,#N/A,K
30096,#N/A,#N/A,#N/A,#N/A,#N/A,#N/A,#N/A,#N/A,#N/A,K
30334,#N/A,#N/A,#N/A,#N/A,#N/A,#N/A,#N/A,#N/A,#N/A,K
30336,#N/A,#N/A,#N/A,#N/A,#N/A,#N/A,#N/A,#N/A,#N/A,K
30532,#N/A,#N/A,#N/A,#N/A,#N/A,#N/A,#N/A,#N/A,#N/A,K
30537,#N/A,#N/A,#N/A,#N/A,#N/A,#N/A,#N/A,#N/A,#N/A,K
30581,#N/A,#N/A,#N/A,#N/A,#N/A,#N/A,#N/A,#N/A,#N/A,K
30582,#N/A,#N/A,#N/A,#N/A,#N/A,#N/A,#N/A,#N/A,#N/A,K
30585,#N/A,#N/A,#N/A,#N/A,#N/A,#N/A,#N/A,#N/A,#N/A,K
30587,#N/A,#N/A,#N/A,#N/A,#N/A,#N/A,#N/A,#N/A,#N/A,K
30611,#N/A,#N/A,#N/A,#N/A,#N/A,#N/A,#N/A,#N/A,#N/A,K
31358,#N/A,#N/A,#N/A,#N/A,#N/A,#N/A,#N/A,#N/A,#N/A,M
31359,#N/A,#N/A,#N/A,#N/A,#N/A,#N/A,#N/A,#N/A,#N/A,M
31360,#N/A,#N/A,#N/A,#N/A,#N/A,#N/A,#N/A,#N/A,#N/A,K
31476,#N/A,#N/A,#N/A,#N/A,#N/A,#N/A,#N/A,#N/A,#N/A,K
31479,#N/A,#N/A,#N/A,#N/A,#N/A,#N/A,#N/A,#N/A,#N/A,K
31666,#N/A,#N/A,#N/A,#N/A,#N/A,#N/A,#N/A,#N/A,#N/A,K
31767,#N/A,#N/A,#N/A,#N/A,#N/A,#N/A,#N/A,#N/A,#N/A,K
31769,#N/A,#N/A,#N/A,#N/A,#N/A,#N/A,#N/A,#N/A,#N/A,K
33210,#N/A,#N/A,#N/A,#N/A,#N/A,#N/A,#N/A,#N/A,#N/A,K
33315,#N/A,#N/A,#N/A,#N/A,#N/A,#N/A,#N/A,#N/A,#N/A,K
33332,#N/A,#N/A,#N/A,#N/A,#N/A,#N/A,#N/A,#N/A,#N/A,K
33402,#N/A,#N/A,#N/A,#N/A,#N/A,#N/A,#N/A,#N/A,#N/A,K
33405,#N/A,#N/A,#N/A,#N/A,#N/A,#N/A,#N/A,#N/A,#N/A,K
33420,#N/A,#N/A,#N/A,#N/A,#N/A,#N/A,#N/A,#N/A,#N/A,K
33425,#N/A,#N/A,#N/A,#N/A,#N/A,#N/A,#N/A,#N/A,#N/A,K
33429,#N/A,#N/A,#N/A,#N/A,#N/A,#N/A,#N/A,#N/A,#N/A,A
33458,#N/A,#N/A,#N/A,#N/A,#N/A,#N/A,#N/A,#N/A,#N/A,C
33517,#N/A,#N/A,#N/A,#N/A,#N/A,#N/A,#N/A,#N/A,#N/A,B
33547,#N/A,#N/A,#N/A,#N/A,#N/A,#N/A,#N/A,#N/A,#N/A,A
33549,#N/A,#N/A,#N/A,#N/A,#N/A,#N/A,#N/A,#N/A,#N/A,A
33551,#N/A,#N/A,#N/A,#N/A,#N/A,#N/A,#N/A,#N/A,#N/A,A
33552,#N/A,#N/A,#N/A,#N/A,#N/A,#N/A,#N/A,#N/A,#N/A,A
33557,#N/A,#N/A,#N/A,#N/A,#N/A,#N/A,#N/A,#N/A,#N/A,I
33559,#N/A,#N/A,#N/A,#N/A,#N/A,#N/A,#N/A,#N/A,#N/A,A
33560,#N/A,#N/A,#N/A,#N/A,#N/A,#N/A,#N/A,#N/A,#N/A,K
33561,#N/A,#N/A,#N/A,#N/A,#N/A,#N/A,#N/A,#N/A,#N/A,O
33562,#N/A,#N/A,#N/A,#N/A,#N/A,#N/A,#N/A,#N/A,#N/A,A
33564,#N/A,#N/A,#N/A,#N/A,#N/A,#N/A,#N/A,#N/A,#N/A,A
33565,#N/A,#N/A,#N/A,#N/A,#N/A,#N/A,#N/A,#N/A,#N/A,O
33566,#N/A,#N/A,#N/A,#N/A,#N/A,#N/A,#N/A,#N/A,#N/A,A
33567,#N/A,#N/A,#N/A,#N/A,#N/A,#N/A,#N/A,#N/A,#N/A,E
33568,#N/A,#N/A,#N/A,#N/A,#N/A,#N/A,#N/A,#N/A,#N/A,A
33569,#N/A,#N/A,#N/A,#N/A,#N/A,#N/A,#N/A,#N/A,#N/A,B
33570,#N/A,#N/A,#N/A,#N/A,#N/A,#N/A,#N/A,#N/A,#N/A,B
33571,#N/A,#N/A,#N/A,#N/A,#N/A,#N/A,#N/A,#N/A,#N/A,B
33572,#N/A,#N/A,#N/A,#N/A,#N/A,#N/A,#N/A,#N/A,#N/A,B
33573,#N/A,#N/A,#N/A,#N/A,#N/A,#N/A,#N/A,#N/A,#N/A,B
33574,#N/A,#N/A,#N/A,#N/A,#N/A,#N/A,#N/A,#N/A,#N/A,B
33575,#N/A,#N/A,#N/A,#N/A,#N/A,#N/A,#N/A,#N/A,#N/A,B
33576,#N/A,#N/A,#N/A,#N/A,#N/A,#N/A,#N/A,#N/A,#N/A,B
33577,#N/A,#N/A,#N/A,#N/A,#N/A,#N/A,#N/A,#N/A,#N/A,B
33578,#N/A,#N/A,#N/A,#N/A,#N/A,#N/A,#N/A,#N/A,#N/A,B
33579,#N/A,#N/A,#N/A,#N/A,#N/A,#N/A,#N/A,#N/A,#N/A,I
33580,#N/A,#N/A,#N/A,#N/A,#N/A,#N/A,#N/A,#N/A,#N/A,J
33581,#N/A,#N/A,#N/A,#N/A,#N/A,#N/A,#N/A,#N/A,#N/A,A
33582,#N/A,#N/A,#N/A,#N/A,#N/A,#N/A,#N/A,#N/A,#N/A,L
33583,#N/A,#N/A,#N/A,#N/A,#N/A,#N/A,#N/A,#N/A,#N/A,A
33584,#N/A,#N/A,#N/A,#N/A,#N/A,#N/A,#N/A,#N/A,#N/A,A
33585,#N/A,#N/A,#N/A,#N/A,#N/A,#N/A,#N/A,#N/A,#N/A,O
33586,#N/A,#N/A,#N/A,#N/A,#N/A,#N/A,#N/A,#N/A,#N/A,E
33587,#N/A,#N/A,#N/A,#N/A,#N/A,#N/A,#N/A,#N/A,#N/A,J
33588,#N/A,#N/A,#N/A,#N/A,#N/A,#N/A,#N/A,#N/A,#N/A,A
33589,#N/A,#N/A,#N/A,#N/A,#N/A,#N/A,#N/A,#N/A,#N/A,E
33590,#N/A,#N/A,#N/A,#N/A,#N/A,#N/A,#N/A,#N/A,#N/A,E
33591,#N/A,#N/A,#N/A,#N/A,#N/A,#N/A,#N/A,#N/A,#N/A,A
33592,#N/A,#N/A,#N/A,#N/A,#N/A,#N/A,#N/A,#N/A,#N/A,O
33593,#N/A,#N/A,#N/A,#N/A,#N/A,#N/A,#N/A,#N/A,#N/A,E
33594,#N/A,#N/A,#N/A,#N/A,#N/A,#N/A,#N/A,#N/A,#N/A,A
33595,#N/A,#N/A,#N/A,#N/A,#N/A,#N/A,#N/A,#N/A,#N/A,B
33596,#N/A,#N/A,#N/A,#N/A,#N/A,#N/A,#N/A,#N/A,#N/A,B
33597,#N/A,#N/A,#N/A,#N/A,#N/A,#N/A,#N/A,#N/A,#N/A,B
33598,#N/A,#N/A,#N/A,#N/A,#N/A,#N/A,#N/A,#N/A,#N/A,E
33599,#N/A,#N/A,#N/A,#N/A,#N/A,#N/A,#N/A,#N/A,#N/A,B
33600,#N/A,#N/A,#N/A,#N/A,#N/A,#N/A,#N/A,#N/A,#N/A,E
33601,#N/A,#N/A,#N/A,#N/A,#N/A,#N/A,#N/A,#N/A,#N/A,B
33602,#N/A,#N/A,#N/A,#N/A,#N/A,#N/A,#N/A,#N/A,#N/A,B
33603,#N/A,#N/A,#N/A,#N/A,#N/A,#N/A,#N/A,#N/A,#N/A,B
33604,#N/A,#N/A,#N/A,#N/A,#N/A,#N/A,#N/A,#N/A,#N/A,B
33605,#N/A,#N/A,#N/A,#N/A,#N/A,#N/A,#N/A,#N/A,#N/A,A
33606,#N/A,#N/A,#N/A,#N/A,#N/A,#N/A,#N/A,#N/A,#N/A,B
33607,#N/A,#N/A,#N/A,#N/A,#N/A,#N/A,#N/A,#N/A,#N/A,B
33608,#N/A,#N/A,#N/A,#N/A,#N/A,#N/A,#N/A,#N/A,#N/A,B
33609,#N/A,#N/A,#N/A,#N/A,#N/A,#N/A,#N/A,#N/A,#N/A,B
33610,#N/A,#N/A,#N/A,#N/A,#N/A,#N/A,#N/A,#N/A,#N/A,B
33611,#N/A,#N/A,#N/A,#N/A,#N/A,#N/A,#N/A,#N/A,#N/A,B
33612,#N/A,#N/A,#N/A,#N/A,#N/A,#N/A,#N/A,#N/A,#N/A,B
33613,#N/A,#N/A,#N/A,#N/A,#N/A,#N/A,#N/A,#N/A,#N/A,B
33614,#N/A,#N/A,#N/A,#N/A,#N/A,#N/A,#N/A,#N/A,#N/A,B
33615,#N/A,#N/A,#N/A,#N/A,#N/A,#N/A,#N/A,#N/A,#N/A,B
33616,#N/A,#N/A,#N/A,#N/A,#N/A,#N/A,#N/A,#N/A,#N/A,B
33617,#N/A,#N/A,#N/A,#N/A,#N/A,#N/A,#N/A,#N/A,#N/A,B
33618,#N/A,#N/A,#N/A,#N/A,#N/A,#N/A,#N/A,#N/A,#N/A,B
33619,#N/A,#N/A,#N/A,#N/A,#N/A,#N/A,#N/A,#N/A,#N/A,B
33620,#N/A,#N/A,#N/A,#N/A,#N/A,#N/A,#N/A,#N/A,#N/A,L
33621,#N/A,#N/A,#N/A,#N/A,#N/A,#N/A,#N/A,#N/A,#N/A,B
33622,#N/A,#N/A,#N/A,#N/A,#N/A,#N/A,#N/A,#N/A,#N/A,B
33623,#N/A,#N/A,#N/A,#N/A,#N/A,#N/A,#N/A,#N/A,#N/A,B
33624,#N/A,#N/A,#N/A,#N/A,#N/A,#N/A,#N/A,#N/A,#N/A,B
33625,#N/A,#N/A,#N/A,#N/A,#N/A,#N/A,#N/A,#N/A,#N/A,B
33626,#N/A,#N/A,#N/A,#N/A,#N/A,#N/A,#N/A,#N/A,#N/A,B
33627,#N/A,#N/A,#N/A,#N/A,#N/A,#N/A,#N/A,#N/A,#N/A,B
33628,#N/A,#N/A,#N/A,#N/A,#N/A,#N/A,#N/A,#N/A,#N/A,B
33629,#N/A,#N/A,#N/A,#N/A,#N/A,#N/A,#N/A,#N/A,#N/A,B
33630,#N/A,#N/A,#N/A,#N/A,#N/A,#N/A,#N/A,#N/A,#N/A,B
33631,#N/A,#N/A,#N/A,#N/A,#N/A,#N/A,#N/A,#N/A,#N/A,K
33632,#N/A,#N/A,#N/A,#N/A,#N/A,#N/A,#N/A,#N/A,#N/A,E
33633,#N/A,#N/A,#N/A,#N/A,#N/A,#N/A,#N/A,#N/A,#N/A,L
33634,#N/A,#N/A,#N/A,#N/A,#N/A,#N/A,#N/A,#N/A,#N/A,B
33635,#N/A,#N/A,#N/A,#N/A,#N/A,#N/A,#N/A,#N/A,#N/A,B
33636,#N/A,#N/A,#N/A,#N/A,#N/A,#N/A,#N/A,#N/A,#N/A,B
33637,#N/A,#N/A,#N/A,#N/A,#N/A,#N/A,#N/A,#N/A,#N/A,B
33638,#N/A,#N/A,#N/A,#N/A,#N/A,#N/A,#N/A,#N/A,#N/A,B
33639,#N/A,#N/A,#N/A,#N/A,#N/A,#N/A,#N/A,#N/A,#N/A,A
33650,#N/A,#N/A,#N/A,#N/A,#N/A,#N/A,#N/A,#N/A,#N/A,Q
33668,#N/A,#N/A,#N/A,#N/A,#N/A,#N/A,#N/A,#N/A,#N/A,Q
33677,#N/A,#N/A,#N/A,#N/A,#N/A,#N/A,#N/A,#N/A,#N/A,M
33678,#N/A,#N/A,#N/A,#N/A,#N/A,#N/A,#N/A,#N/A,#N/A,M
33679,#N/A,#N/A,#N/A,#N/A,#N/A,#N/A,#N/A,#N/A,#N/A,M
33680,#N/A,#N/A,#N/A,#N/A,#N/A,#N/A,#N/A,#N/A,#N/A,M
33681,#N/A,#N/A,#N/A,#N/A,#N/A,#N/A,#N/A,#N/A,#N/A,M
33682,#N/A,#N/A,#N/A,#N/A,#N/A,#N/A,#N/A,#N/A,#N/A,M
33683,#N/A,#N/A,#N/A,#N/A,#N/A,#N/A,#N/A,#N/A,#N/A,M
33684,#N/A,#N/A,#N/A,#N/A,#N/A,#N/A,#N/A,#N/A,#N/A,K
33685,#N/A,#N/A,#N/A,#N/A,#N/A,#N/A,#N/A,#N/A,#N/A,K
33686,#N/A,#N/A,#N/A,#N/A,#N/A,#N/A,#N/A,#N/A,#N/A,K
33687,#N/A,#N/A,#N/A,#N/A,#N/A,#N/A,#N/A,#N/A,#N/A,M
